retailer,promo_group,manufacturer,brand,segment,week_ending,units,value_sales,avg_price,base_price,tpr_discount,catalogue,display,si
Freshway,BITES_BUTTONS_POUCH,CRESTLINE,Happy Buttons,Bitesize Pouch,2021-01-04,7252,36260.0,5.0,5.0,0.0,0,0,1.159
Freshway,BITES_BUTTONS_POUCH,CRESTLINE,Happy Buttons,Bitesize Pouch,2021-01-11,6865,34325.0,5.0,5.0,0.0,0,0,1.155
Freshway,BITES_BUTTONS_POUCH,CRESTLINE,Happy Buttons,Bitesize Pouch,2021-01-18,7504,37520.0,5.0,5.0,0.0,0,0,1.15
Freshway,BITES_BUTTONS_POUCH,CRESTLINE,Happy Buttons,Bitesize Pouch,2021-01-25,7904,39520.0,5.0,5.0,0.0,0,0,1.142
Freshway,BITES_BUTTONS_POUCH,CRESTLINE,Happy Buttons,Bitesize Pouch,2021-02-01,7411,37055.0,5.0,5.0,0.0,0,0,1.132
Freshway,BITES_BUTTONS_POUCH,CRESTLINE,Happy Buttons,Bitesize Pouch,2021-02-08,6150,30750.0,5.0,5.0,0.0,0,0,1.12
Freshway,BITES_BUTTONS_POUCH,CRESTLINE,Happy Buttons,Bitesize Pouch,2021-02-15,7132,35660.0,5.0,5.0,0.0,0,0,1.106
Freshway,BITES_BUTTONS_POUCH,CRESTLINE,Happy Buttons,Bitesize Pouch,2021-02-22,16029,72130.5,4.5,5.0,10.0,1,0,1.091
Freshway,BITES_BUTTONS_POUCH,CRESTLINE,Happy Buttons,Bitesize Pouch,2021-03-01,5697,28485.0,5.0,5.0,0.0,0,0,1.074
Freshway,BITES_BUTTONS_POUCH,CRESTLINE,Happy Buttons,Bitesize Pouch,2021-03-08,5808,29040.0,5.0,5.0,0.0,0,0,1.057
Freshway,BITES_BUTTONS_POUCH,CRESTLINE,Happy Buttons,Bitesize Pouch,2021-03-15,9149,34308.75,3.75,5.0,25.0,0,0,1.038
Freshway,BITES_BUTTONS_POUCH,CRESTLINE,Happy Buttons,Bitesize Pouch,2021-03-22,4599,22995.0,5.0,5.0,0.0,0,0,1.019
Freshway,BITES_BUTTONS_POUCH,CRESTLINE,Happy Buttons,Bitesize Pouch,2021-03-29,8714,37034.5,4.25,5.0,15.0,0,0,1.0
Freshway,BITES_BUTTONS_POUCH,CRESTLINE,Happy Buttons,Bitesize Pouch,2021-04-05,16731,66924.0,4.0,5.0,20.0,1,0,1.081
Freshway,BITES_BUTTONS_POUCH,CRESTLINE,Happy Buttons,Bitesize Pouch,2021-04-12,5455,27275.0,5.0,5.0,0.0,0,0,1.062
Freshway,BITES_BUTTONS_POUCH,CRESTLINE,Happy Buttons,Bitesize Pouch,2021-04-19,6299,31495.0,5.0,5.0,0.0,0,0,1.043
Freshway,BITES_BUTTONS_POUCH,CRESTLINE,Happy Buttons,Bitesize Pouch,2021-04-26,5287,26435.0,5.0,5.0,0.0,0,0,1.026
Freshway,BITES_BUTTONS_POUCH,CRESTLINE,Happy Buttons,Bitesize Pouch,2021-05-03,6064,30320.0,5.0,5.0,0.0,0,0,0.909
Freshway,BITES_BUTTONS_POUCH,CRESTLINE,Happy Buttons,Bitesize Pouch,2021-05-10,5534,27670.0,5.0,5.0,0.0,0,0,0.894
Freshway,BITES_BUTTONS_POUCH,CRESTLINE,Happy Buttons,Bitesize Pouch,2021-05-17,27637,96729.5,3.5,5.0,30.0,1,1,0.88
Freshway,BITES_BUTTONS_POUCH,CRESTLINE,Happy Buttons,Bitesize Pouch,2021-05-24,4265,21325.0,5.0,5.0,0.0,0,0,0.868
Freshway,BITES_BUTTONS_POUCH,CRESTLINE,Happy Buttons,Bitesize Pouch,2021-05-31,11994,41979.0,3.5,5.0,30.0,0,0,0.858
Freshway,BITES_BUTTONS_POUCH,CRESTLINE,Happy Buttons,Bitesize Pouch,2021-06-07,4230,21150.0,5.0,5.0,0.0,0,0,0.85
Freshway,BITES_BUTTONS_POUCH,CRESTLINE,Happy Buttons,Bitesize Pouch,2021-06-14,6207,31035.0,5.0,5.0,0.0,0,0,0.845
Freshway,BITES_BUTTONS_POUCH,CRESTLINE,Happy Buttons,Bitesize Pouch,2021-06-21,4653,23265.0,5.0,5.0,0.0,0,0,0.841
Freshway,BITES_BUTTONS_POUCH,CRESTLINE,Happy Buttons,Bitesize Pouch,2021-06-28,6286,26715.5,4.25,5.0,15.0,0,0,0.84
Freshway,BITES_BUTTONS_POUCH,CRESTLINE,Happy Buttons,Bitesize Pouch,2021-07-05,4294,21470.0,5.0,5.0,0.0,0,0,0.841
Freshway,BITES_BUTTONS_POUCH,CRESTLINE,Happy Buttons,Bitesize Pouch,2021-07-12,5959,29795.0,5.0,5.0,0.0,0,0,0.845
Freshway,BITES_BUTTONS_POUCH,CRESTLINE,Happy Buttons,Bitesize Pouch,2021-07-19,8000,32000.0,4.0,5.0,20.0,0,0,0.85
Freshway,BITES_BUTTONS_POUCH,CRESTLINE,Happy Buttons,Bitesize Pouch,2021-07-26,4186,20930.0,5.0,5.0,0.0,0,0,0.858
Freshway,BITES_BUTTONS_POUCH,CRESTLINE,Happy Buttons,Bitesize Pouch,2021-08-02,5757,28785.0,5.0,5.0,0.0,0,0,0.868
Freshway,BITES_BUTTONS_POUCH,CRESTLINE,Happy Buttons,Bitesize Pouch,2021-08-09,7851,33366.75,4.25,5.0,15.0,0,0,0.88
Freshway,BITES_BUTTONS_POUCH,CRESTLINE,Happy Buttons,Bitesize Pouch,2021-08-16,3627,18135.0,5.0,5.0,0.0,0,0,0.894
Freshway,BITES_BUTTONS_POUCH,CRESTLINE,Happy Buttons,Bitesize Pouch,2021-08-23,6176,30880.0,5.0,5.0,0.0,0,0,0.909
Freshway,BITES_BUTTONS_POUCH,CRESTLINE,Happy Buttons,Bitesize Pouch,2021-08-30,6020,30100.0,5.0,5.0,0.0,0,0,0.926
Freshway,BITES_BUTTONS_POUCH,CRESTLINE,Happy Buttons,Bitesize Pouch,2021-09-06,22128,82980.0,3.75,5.0,25.0,1,0,0.943
Freshway,BITES_BUTTONS_POUCH,CRESTLINE,Happy Buttons,Bitesize Pouch,2021-09-13,5129,25645.0,5.0,5.0,0.0,0,0,0.962
Freshway,BITES_BUTTONS_POUCH,CRESTLINE,Happy Buttons,Bitesize Pouch,2021-09-20,12906,54850.5,4.25,5.0,15.0,0,1,0.981
Freshway,BITES_BUTTONS_POUCH,CRESTLINE,Happy Buttons,Bitesize Pouch,2021-09-27,20680,72380.0,3.5,5.0,30.0,1,0,1.0
Freshway,BITES_BUTTONS_POUCH,CRESTLINE,Happy Buttons,Bitesize Pouch,2021-10-04,5193,25965.0,5.0,5.0,0.0,0,0,1.019
Freshway,BITES_BUTTONS_POUCH,CRESTLINE,Happy Buttons,Bitesize Pouch,2021-10-11,11621,52294.5,4.5,5.0,10.0,0,1,1.038
Freshway,BITES_BUTTONS_POUCH,CRESTLINE,Happy Buttons,Bitesize Pouch,2021-10-18,6159,30795.0,5.0,5.0,0.0,0,0,1.057
Freshway,BITES_BUTTONS_POUCH,CRESTLINE,Happy Buttons,Bitesize Pouch,2021-10-25,5375,26875.0,5.0,5.0,0.0,0,0,1.074
Freshway,BITES_BUTTONS_POUCH,CRESTLINE,Happy Buttons,Bitesize Pouch,2021-11-01,6893,34465.0,5.0,5.0,0.0,0,0,1.091
Freshway,BITES_BUTTONS_POUCH,CRESTLINE,Happy Buttons,Bitesize Pouch,2021-11-08,7213,36065.0,5.0,5.0,0.0,0,0,1.106
Freshway,BITES_BUTTONS_POUCH,CRESTLINE,Happy Buttons,Bitesize Pouch,2021-11-15,11699,46796.0,4.0,5.0,20.0,0,0,1.12
Freshway,BITES_BUTTONS_POUCH,CRESTLINE,Happy Buttons,Bitesize Pouch,2021-11-22,7912,33626.0,4.25,5.0,15.0,0,0,1.132
Freshway,BITES_BUTTONS_POUCH,CRESTLINE,Happy Buttons,Bitesize Pouch,2021-11-29,5466,27330.0,5.0,5.0,0.0,0,0,1.142
Freshway,BITES_BUTTONS_POUCH,CRESTLINE,Happy Buttons,Bitesize Pouch,2021-12-06,6768,33840.0,5.0,5.0,0.0,0,0,1.15
Freshway,BITES_BUTTONS_POUCH,CRESTLINE,Happy Buttons,Bitesize Pouch,2021-12-13,7499,37495.0,5.0,5.0,0.0,0,0,1.155
Freshway,BITES_BUTTONS_POUCH,CRESTLINE,Happy Buttons,Bitesize Pouch,2021-12-20,6558,32790.0,5.0,5.0,0.0,0,0,1.159
Freshway,BITES_BUTTONS_POUCH,CRESTLINE,Happy Buttons,Bitesize Pouch,2021-12-27,8556,42780.0,5.0,5.0,0.0,0,0,1.16
Freshway,BITES_BUTTONS_POUCH,CRESTLINE,Happy Buttons,Bitesize Pouch,2022-01-03,6560,32800.0,5.0,5.0,0.0,0,0,1.159
Freshway,BITES_BUTTONS_POUCH,CRESTLINE,Happy Buttons,Bitesize Pouch,2022-01-10,7912,39560.0,5.0,5.0,0.0,0,0,1.155
Freshway,BITES_BUTTONS_POUCH,CRESTLINE,Happy Buttons,Bitesize Pouch,2022-01-17,5493,27465.0,5.0,5.0,0.0,0,0,1.15
Freshway,BITES_BUTTONS_POUCH,CRESTLINE,Happy Buttons,Bitesize Pouch,2022-01-24,7096,35480.0,5.0,5.0,0.0,0,0,1.142
Freshway,BITES_BUTTONS_POUCH,CRESTLINE,Happy Buttons,Bitesize Pouch,2022-01-31,6770,33850.0,5.0,5.0,0.0,0,0,1.132
Freshway,BITES_BUTTONS_POUCH,CRESTLINE,Happy Buttons,Bitesize Pouch,2022-02-07,7070,35350.0,5.0,5.0,0.0,0,0,1.12
Freshway,BITES_BUTTONS_POUCH,CRESTLINE,Happy Buttons,Bitesize Pouch,2022-02-14,8400,42000.0,5.0,5.0,0.0,0,0,1.106
Freshway,BITES_BUTTONS_POUCH,CRESTLINE,Happy Buttons,Bitesize Pouch,2022-02-21,7604,38020.0,5.0,5.0,0.0,0,0,1.091
Freshway,BITES_BUTTONS_POUCH,CRESTLINE,Happy Buttons,Bitesize Pouch,2022-02-28,7569,37845.0,5.0,5.0,0.0,0,0,1.074
Freshway,BITES_BUTTONS_POUCH,CRESTLINE,Happy Buttons,Bitesize Pouch,2022-03-07,16062,72279.0,4.5,5.0,10.0,1,0,1.057
Freshway,BITES_BUTTONS_POUCH,CRESTLINE,Happy Buttons,Bitesize Pouch,2022-03-14,10913,35467.25,3.25,5.0,35.0,0,0,1.038
Freshway,BITES_BUTTONS_POUCH,CRESTLINE,Happy Buttons,Bitesize Pouch,2022-03-21,4377,21885.0,5.0,5.0,0.0,0,0,1.019
Freshway,BITES_BUTTONS_POUCH,CRESTLINE,Happy Buttons,Bitesize Pouch,2022-03-28,6917,34585.0,5.0,5.0,0.0,0,0,1.0
Freshway,BITES_BUTTONS_POUCH,CRESTLINE,Happy Buttons,Bitesize Pouch,2022-04-04,6447,32235.0,5.0,5.0,0.0,0,0,1.081
Freshway,BITES_BUTTONS_POUCH,CRESTLINE,Happy Buttons,Bitesize Pouch,2022-04-11,6273,31365.0,5.0,5.0,0.0,0,0,1.062
Freshway,BITES_BUTTONS_POUCH,CRESTLINE,Happy Buttons,Bitesize Pouch,2022-04-18,31108,116655.0,3.75,5.0,25.0,1,1,1.043
Freshway,BITES_BUTTONS_POUCH,CRESTLINE,Happy Buttons,Bitesize Pouch,2022-04-25,4996,24980.0,5.0,5.0,0.0,0,0,1.026
Freshway,BITES_BUTTONS_POUCH,CRESTLINE,Happy Buttons,Bitesize Pouch,2022-05-02,21267,74434.5,3.5,5.0,30.0,0,1,0.909
Freshway,BITES_BUTTONS_POUCH,CRESTLINE,Happy Buttons,Bitesize Pouch,2022-05-09,3998,19990.0,5.0,5.0,0.0,0,0,0.894
Freshway,BITES_BUTTONS_POUCH,CRESTLINE,Happy Buttons,Bitesize Pouch,2022-05-16,4719,23595.0,5.0,5.0,0.0,0,0,0.88
Freshway,BITES_BUTTONS_POUCH,CRESTLINE,Happy Buttons,Bitesize Pouch,2022-05-23,5621,28105.0,5.0,5.0,0.0,0,0,0.868
Freshway,BITES_BUTTONS_POUCH,CRESTLINE,Happy Buttons,Bitesize Pouch,2022-05-30,6837,30766.5,4.5,5.0,10.0,0,0,0.858
Freshway,BITES_BUTTONS_POUCH,CRESTLINE,Happy Buttons,Bitesize Pouch,2022-06-06,4862,24310.0,5.0,5.0,0.0,0,0,0.85
Freshway,BITES_BUTTONS_POUCH,CRESTLINE,Happy Buttons,Bitesize Pouch,2022-06-13,3965,19825.0,5.0,5.0,0.0,0,0,0.845
Freshway,BITES_BUTTONS_POUCH,CRESTLINE,Happy Buttons,Bitesize Pouch,2022-06-20,20871,93919.5,4.5,5.0,10.0,1,1,0.841
Freshway,BITES_BUTTONS_POUCH,CRESTLINE,Happy Buttons,Bitesize Pouch,2022-06-27,4934,24670.0,5.0,5.0,0.0,0,0,0.84
Freshway,BITES_BUTTONS_POUCH,CRESTLINE,Happy Buttons,Bitesize Pouch,2022-07-04,5596,27980.0,5.0,5.0,0.0,0,0,0.841
Freshway,BITES_BUTTONS_POUCH,CRESTLINE,Happy Buttons,Bitesize Pouch,2022-07-11,5582,27910.0,5.0,5.0,0.0,0,0,0.845
Freshway,BITES_BUTTONS_POUCH,CRESTLINE,Happy Buttons,Bitesize Pouch,2022-07-18,5396,26980.0,5.0,5.0,0.0,0,0,0.85
Freshway,BITES_BUTTONS_POUCH,CRESTLINE,Happy Buttons,Bitesize Pouch,2022-07-25,4832,24160.0,5.0,5.0,0.0,0,0,0.858
Freshway,BITES_BUTTONS_POUCH,CRESTLINE,Happy Buttons,Bitesize Pouch,2022-08-01,9214,34552.5,3.75,5.0,25.0,0,0,0.868
Freshway,BITES_BUTTONS_POUCH,CRESTLINE,Happy Buttons,Bitesize Pouch,2022-08-08,4538,22690.0,5.0,5.0,0.0,0,0,0.88
Freshway,BITES_BUTTONS_POUCH,CRESTLINE,Happy Buttons,Bitesize Pouch,2022-08-15,6059,30295.0,5.0,5.0,0.0,0,0,0.894
Freshway,BITES_BUTTONS_POUCH,CRESTLINE,Happy Buttons,Bitesize Pouch,2022-08-22,14916,48477.0,3.25,5.0,35.0,0,0,0.909
Freshway,BITES_BUTTONS_POUCH,CRESTLINE,Happy Buttons,Bitesize Pouch,2022-08-29,4441,22205.0,5.0,5.0,0.0,0,0,0.926
Freshway,BITES_BUTTONS_POUCH,CRESTLINE,Happy Buttons,Bitesize Pouch,2022-09-05,6494,32470.0,5.0,5.0,0.0,0,0,0.943
Freshway,BITES_BUTTONS_POUCH,CRESTLINE,Happy Buttons,Bitesize Pouch,2022-09-12,6127,30635.0,5.0,5.0,0.0,0,0,0.962
Freshway,BITES_BUTTONS_POUCH,CRESTLINE,Happy Buttons,Bitesize Pouch,2022-09-19,14009,45529.25,3.25,5.0,35.0,0,0,0.981
Freshway,BITES_BUTTONS_POUCH,CRESTLINE,Happy Buttons,Bitesize Pouch,2022-09-26,15010,52535.0,3.5,5.0,30.0,0,1,1.0
Freshway,BITES_BUTTONS_POUCH,CRESTLINE,Happy Buttons,Bitesize Pouch,2022-10-03,6257,31285.0,5.0,5.0,0.0,0,0,1.019
Freshway,BITES_BUTTONS_POUCH,CRESTLINE,Happy Buttons,Bitesize Pouch,2022-10-10,6505,32525.0,5.0,5.0,0.0,0,0,1.038
Freshway,BITES_BUTTONS_POUCH,CRESTLINE,Happy Buttons,Bitesize Pouch,2022-10-17,6433,32165.0,5.0,5.0,0.0,0,0,1.057
Freshway,BITES_BUTTONS_POUCH,CRESTLINE,Happy Buttons,Bitesize Pouch,2022-10-24,13496,47236.0,3.5,5.0,30.0,0,0,1.074
Freshway,BITES_BUTTONS_POUCH,CRESTLINE,Happy Buttons,Bitesize Pouch,2022-10-31,5159,25795.0,5.0,5.0,0.0,0,0,1.091
Freshway,BITES_BUTTONS_POUCH,CRESTLINE,Happy Buttons,Bitesize Pouch,2022-11-07,27136,88192.0,3.25,5.0,35.0,1,0,1.106
Freshway,BITES_BUTTONS_POUCH,CRESTLINE,Happy Buttons,Bitesize Pouch,2022-11-14,5601,28005.0,5.0,5.0,0.0,0,0,1.12
Freshway,BITES_BUTTONS_POUCH,CRESTLINE,Happy Buttons,Bitesize Pouch,2022-11-21,12574,47152.5,3.75,5.0,25.0,0,0,1.132
Freshway,BITES_BUTTONS_POUCH,CRESTLINE,Happy Buttons,Bitesize Pouch,2022-11-28,6063,30315.0,5.0,5.0,0.0,0,0,1.142
Freshway,BITES_BUTTONS_POUCH,CRESTLINE,Happy Buttons,Bitesize Pouch,2022-12-05,8622,43110.0,5.0,5.0,0.0,0,0,1.15
Freshway,BITES_BUTTONS_POUCH,CRESTLINE,Happy Buttons,Bitesize Pouch,2022-12-12,7130,35650.0,5.0,5.0,0.0,0,0,1.155
Freshway,BITES_BUTTONS_POUCH,CRESTLINE,Happy Buttons,Bitesize Pouch,2022-12-19,25685,96318.75,3.75,5.0,25.0,1,0,1.159
Freshway,BITES_BUTTONS_POUCH,CRESTLINE,Happy Buttons,Bitesize Pouch,2022-12-26,10615,39806.25,3.75,5.0,25.0,0,0,1.16
Freshway,BITES_BUTTONS_POUCH,CRESTLINE,Happy Buttons,Bitesize Pouch,2023-01-02,10111,37916.25,3.75,5.0,25.0,0,0,1.159
Freshway,BITES_BUTTONS_POUCH,CRESTLINE,Happy Buttons,Bitesize Pouch,2023-01-09,6253,31265.0,5.0,5.0,0.0,0,0,1.155
Freshway,BITES_BUTTONS_POUCH,CRESTLINE,Happy Buttons,Bitesize Pouch,2023-01-16,7250,36250.0,5.0,5.0,0.0,0,0,1.15
Freshway,BITES_BUTTONS_POUCH,CRESTLINE,Happy Buttons,Bitesize Pouch,2023-01-23,28684,100394.0,3.5,5.0,30.0,1,0,1.142
Freshway,BITES_BUTTONS_POUCH,CRESTLINE,Happy Buttons,Bitesize Pouch,2023-01-30,4490,22450.0,5.0,5.0,0.0,0,0,1.132
Freshway,BITES_BUTTONS_POUCH,CRESTLINE,Happy Buttons,Bitesize Pouch,2023-02-06,6911,34555.0,5.0,5.0,0.0,0,0,1.12
Freshway,BITES_BUTTONS_POUCH,CRESTLINE,Happy Buttons,Bitesize Pouch,2023-02-13,16956,67824.0,4.0,5.0,20.0,0,1,1.106
Freshway,BITES_BUTTONS_POUCH,CRESTLINE,Happy Buttons,Bitesize Pouch,2023-02-20,9441,35403.75,3.75,5.0,25.0,0,0,1.091
Freshway,BITES_BUTTONS_POUCH,CRESTLINE,Happy Buttons,Bitesize Pouch,2023-02-27,17240,68960.0,4.0,5.0,20.0,1,0,1.074
Freshway,BITES_BUTTONS_POUCH,CRESTLINE,Happy Buttons,Bitesize Pouch,2023-03-06,5336,26680.0,5.0,5.0,0.0,0,0,1.057
Freshway,BITES_BUTTONS_POUCH,CRESTLINE,Happy Buttons,Bitesize Pouch,2023-03-13,10424,41696.0,4.0,5.0,20.0,0,0,1.038
Freshway,BITES_BUTTONS_POUCH,CRESTLINE,Happy Buttons,Bitesize Pouch,2023-03-20,6105,30525.0,5.0,5.0,0.0,0,0,1.019
Freshway,BITES_BUTTONS_POUCH,CRESTLINE,Happy Buttons,Bitesize Pouch,2023-03-27,14285,49997.5,3.5,5.0,30.0,0,0,1.0
Freshway,BITES_BUTTONS_POUCH,CRESTLINE,Happy Buttons,Bitesize Pouch,2023-04-03,6033,30165.0,5.0,5.0,0.0,0,0,1.081
Freshway,BITES_BUTTONS_POUCH,CRESTLINE,Happy Buttons,Bitesize Pouch,2023-04-10,6598,32990.0,5.0,5.0,0.0,0,0,1.062
Freshway,BITES_BUTTONS_POUCH,CRESTLINE,Happy Buttons,Bitesize Pouch,2023-04-17,6391,31955.0,5.0,5.0,0.0,0,0,1.043
Freshway,BITES_BUTTONS_POUCH,CRESTLINE,Happy Buttons,Bitesize Pouch,2023-04-24,5463,27315.0,5.0,5.0,0.0,0,0,1.026
Freshway,BITES_BUTTONS_POUCH,CRESTLINE,Happy Buttons,Bitesize Pouch,2023-05-01,6449,32245.0,5.0,5.0,0.0,0,0,0.909
Freshway,BITES_BUTTONS_POUCH,CRESTLINE,Happy Buttons,Bitesize Pouch,2023-05-08,6936,34680.0,5.0,5.0,0.0,0,0,0.894
Freshway,BITES_BUTTONS_POUCH,CRESTLINE,Happy Buttons,Bitesize Pouch,2023-05-15,5985,29925.0,5.0,5.0,0.0,0,0,0.88
Freshway,BITES_BUTTONS_POUCH,CRESTLINE,Happy Buttons,Bitesize Pouch,2023-05-22,5861,29305.0,5.0,5.0,0.0,0,0,0.868
Freshway,BITES_BUTTONS_POUCH,CRESTLINE,Happy Buttons,Bitesize Pouch,2023-05-29,6177,30885.0,5.0,5.0,0.0,0,0,0.858
Freshway,BITES_BUTTONS_POUCH,CRESTLINE,Happy Buttons,Bitesize Pouch,2023-06-05,5687,28435.0,5.0,5.0,0.0,0,0,0.85
Freshway,BITES_BUTTONS_POUCH,CRESTLINE,Happy Buttons,Bitesize Pouch,2023-06-12,12202,39656.5,3.25,5.0,35.0,0,0,0.845
Freshway,BITES_BUTTONS_POUCH,CRESTLINE,Happy Buttons,Bitesize Pouch,2023-06-19,4267,21335.0,5.0,5.0,0.0,0,0,0.841
Freshway,BITES_BUTTONS_POUCH,CRESTLINE,Happy Buttons,Bitesize Pouch,2023-06-26,12922,41996.5,3.25,5.0,35.0,0,0,0.84
Freshway,BITES_BUTTONS_POUCH,CRESTLINE,Happy Buttons,Bitesize Pouch,2023-07-03,3948,19740.0,5.0,5.0,0.0,0,0,0.841
Freshway,BITES_BUTTONS_POUCH,CRESTLINE,Happy Buttons,Bitesize Pouch,2023-07-10,4809,24045.0,5.0,5.0,0.0,0,0,0.845
Freshway,BITES_BUTTONS_POUCH,CRESTLINE,Happy Buttons,Bitesize Pouch,2023-07-17,5788,28940.0,5.0,5.0,0.0,0,0,0.85
Freshway,BITES_BUTTONS_POUCH,CRESTLINE,Happy Buttons,Bitesize Pouch,2023-07-24,5262,26310.0,5.0,5.0,0.0,0,0,0.858
Freshway,BITES_BUTTONS_POUCH,CRESTLINE,Happy Buttons,Bitesize Pouch,2023-07-31,5503,27515.0,5.0,5.0,0.0,0,0,0.868
Freshway,BITES_BUTTONS_POUCH,CRESTLINE,Happy Buttons,Bitesize Pouch,2023-08-07,4910,24550.0,5.0,5.0,0.0,0,0,0.88
Freshway,BITES_BUTTONS_POUCH,CRESTLINE,Happy Buttons,Bitesize Pouch,2023-08-14,7185,35925.0,5.0,5.0,0.0,0,0,0.894
Freshway,BITES_BUTTONS_POUCH,CRESTLINE,Happy Buttons,Bitesize Pouch,2023-08-21,5883,29415.0,5.0,5.0,0.0,0,0,0.909
Freshway,BITES_BUTTONS_POUCH,CRESTLINE,Happy Buttons,Bitesize Pouch,2023-08-28,5868,29340.0,5.0,5.0,0.0,0,0,0.926
Freshway,BITES_BUTTONS_POUCH,CRESTLINE,Happy Buttons,Bitesize Pouch,2023-09-04,6499,32495.0,5.0,5.0,0.0,0,0,0.943
Freshway,BITES_BUTTONS_POUCH,CRESTLINE,Happy Buttons,Bitesize Pouch,2023-09-11,7134,35670.0,5.0,5.0,0.0,0,0,0.962
Freshway,BITES_BUTTONS_POUCH,CRESTLINE,Happy Buttons,Bitesize Pouch,2023-09-18,13622,61299.0,4.5,5.0,10.0,1,0,0.981
Freshway,BITES_BUTTONS_POUCH,CRESTLINE,Happy Buttons,Bitesize Pouch,2023-09-25,13593,47575.5,3.5,5.0,30.0,0,0,1.0
Freshway,BITES_BUTTONS_POUCH,CRESTLINE,Happy Buttons,Bitesize Pouch,2023-10-02,4992,24960.0,5.0,5.0,0.0,0,0,1.019
Freshway,BITES_BUTTONS_POUCH,CRESTLINE,Happy Buttons,Bitesize Pouch,2023-10-09,6074,30370.0,5.0,5.0,0.0,0,0,1.038
Freshway,BITES_BUTTONS_POUCH,CRESTLINE,Happy Buttons,Bitesize Pouch,2023-10-16,7408,37040.0,5.0,5.0,0.0,0,0,1.057
Freshway,BITES_BUTTONS_POUCH,CRESTLINE,Happy Buttons,Bitesize Pouch,2023-10-23,9101,45505.0,5.0,5.0,0.0,0,0,1.074
Freshway,BITES_BUTTONS_POUCH,CRESTLINE,Happy Buttons,Bitesize Pouch,2023-10-30,7478,37390.0,5.0,5.0,0.0,0,0,1.091
Freshway,BITES_BUTTONS_POUCH,CRESTLINE,Happy Buttons,Bitesize Pouch,2023-11-06,9787,44041.5,4.5,5.0,10.0,0,0,1.106
Freshway,BITES_BUTTONS_POUCH,CRESTLINE,Happy Buttons,Bitesize Pouch,2023-11-13,7105,35525.0,5.0,5.0,0.0,0,0,1.12
Freshway,BITES_BUTTONS_POUCH,CRESTLINE,Happy Buttons,Bitesize Pouch,2023-11-20,6621,33105.0,5.0,5.0,0.0,0,0,1.132
Freshway,BITES_BUTTONS_POUCH,CRESTLINE,Happy Buttons,Bitesize Pouch,2023-11-27,30683,107390.5,3.5,5.0,30.0,1,0,1.142
Freshway,BITES_BUTTONS_POUCH,CRESTLINE,Happy Buttons,Bitesize Pouch,2023-12-04,6346,28557.0,4.5,5.0,10.0,0,0,1.15
Freshway,BITES_BUTTONS_POUCH,CRESTLINE,Happy Buttons,Bitesize Pouch,2023-12-11,7722,38610.0,5.0,5.0,0.0,0,0,1.155
Freshway,BITES_BUTTONS_POUCH,CRESTLINE,Happy Buttons,Bitesize Pouch,2023-12-18,7179,35895.0,5.0,5.0,0.0,0,0,1.159
Freshway,BITES_BUTTONS_POUCH,CRESTLINE,Happy Buttons,Bitesize Pouch,2023-12-25,7559,37795.0,5.0,5.0,0.0,0,0,1.16
Freshway,BITES_MALT_POUCH,CRESTLINE,Golden Malt,Bitesize Pouch,2021-01-04,7246,39853.0,5.5,5.5,0.0,0,0,1.159
Freshway,BITES_MALT_POUCH,CRESTLINE,Golden Malt,Bitesize Pouch,2021-01-11,6144,33792.0,5.5,5.5,0.0,0,0,1.155
Freshway,BITES_MALT_POUCH,CRESTLINE,Golden Malt,Bitesize Pouch,2021-01-18,6449,35469.5,5.5,5.5,0.0,0,0,1.15
Freshway,BITES_MALT_POUCH,CRESTLINE,Golden Malt,Bitesize Pouch,2021-01-25,5971,32840.5,5.5,5.5,0.0,0,0,1.142
Freshway,BITES_MALT_POUCH,CRESTLINE,Golden Malt,Bitesize Pouch,2021-02-01,9788,45807.84,4.68,5.5,15.0,0,0,1.132
Freshway,BITES_MALT_POUCH,CRESTLINE,Golden Malt,Bitesize Pouch,2021-02-08,6030,33165.0,5.5,5.5,0.0,0,0,1.12
Freshway,BITES_MALT_POUCH,CRESTLINE,Golden Malt,Bitesize Pouch,2021-02-15,6722,36971.0,5.5,5.5,0.0,0,0,1.106
Freshway,BITES_MALT_POUCH,CRESTLINE,Golden Malt,Bitesize Pouch,2021-02-22,5865,32257.5,5.5,5.5,0.0,0,0,1.091
Freshway,BITES_MALT_POUCH,CRESTLINE,Golden Malt,Bitesize Pouch,2021-03-01,6908,37994.0,5.5,5.5,0.0,0,0,1.074
Freshway,BITES_MALT_POUCH,CRESTLINE,Golden Malt,Bitesize Pouch,2021-03-08,7232,39776.0,5.5,5.5,0.0,0,0,1.057
Freshway,BITES_MALT_POUCH,CRESTLINE,Golden Malt,Bitesize Pouch,2021-03-15,20519,78998.15,3.85,5.5,30.0,1,0,1.038
Freshway,BITES_MALT_POUCH,CRESTLINE,Golden Malt,Bitesize Pouch,2021-03-22,4306,23683.0,5.5,5.5,0.0,0,0,1.019
Freshway,BITES_MALT_POUCH,CRESTLINE,Golden Malt,Bitesize Pouch,2021-03-29,5351,29430.5,5.5,5.5,0.0,0,0,1.0
Freshway,BITES_MALT_POUCH,CRESTLINE,Golden Malt,Bitesize Pouch,2021-04-05,7154,39347.0,5.5,5.5,0.0,0,0,1.081
Freshway,BITES_MALT_POUCH,CRESTLINE,Golden Malt,Bitesize Pouch,2021-04-12,6449,35469.5,5.5,5.5,0.0,0,0,1.062
Freshway,BITES_MALT_POUCH,CRESTLINE,Golden Malt,Bitesize Pouch,2021-04-19,5665,31157.5,5.5,5.5,0.0,0,0,1.043
Freshway,BITES_MALT_POUCH,CRESTLINE,Golden Malt,Bitesize Pouch,2021-04-26,14798,52976.84,3.58,5.5,35.0,0,0,1.026
Freshway,BITES_MALT_POUCH,CRESTLINE,Golden Malt,Bitesize Pouch,2021-05-03,4000,22000.0,5.5,5.5,0.0,0,0,0.909
Freshway,BITES_MALT_POUCH,CRESTLINE,Golden Malt,Bitesize Pouch,2021-05-10,5424,29832.0,5.5,5.5,0.0,0,0,0.894
Freshway,BITES_MALT_POUCH,CRESTLINE,Golden Malt,Bitesize Pouch,2021-05-17,17770,68414.5,3.85,5.5,30.0,1,0,0.88
Freshway,BITES_MALT_POUCH,CRESTLINE,Golden Malt,Bitesize Pouch,2021-05-24,3274,18007.0,5.5,5.5,0.0,0,0,0.868
Freshway,BITES_MALT_POUCH,CRESTLINE,Golden Malt,Bitesize Pouch,2021-05-31,5186,28523.0,5.5,5.5,0.0,0,0,0.858
Freshway,BITES_MALT_POUCH,CRESTLINE,Golden Malt,Bitesize Pouch,2021-06-07,5304,29172.0,5.5,5.5,0.0,0,0,0.85
Freshway,BITES_MALT_POUCH,CRESTLINE,Golden Malt,Bitesize Pouch,2021-06-14,5650,31075.0,5.5,5.5,0.0,0,0,0.845
Freshway,BITES_MALT_POUCH,CRESTLINE,Golden Malt,Bitesize Pouch,2021-06-21,5187,28528.5,5.5,5.5,0.0,0,0,0.841
Freshway,BITES_MALT_POUCH,CRESTLINE,Golden Malt,Bitesize Pouch,2021-06-28,14288,62867.2,4.4,5.5,20.0,1,0,0.84
Freshway,BITES_MALT_POUCH,CRESTLINE,Golden Malt,Bitesize Pouch,2021-07-05,4244,23342.0,5.5,5.5,0.0,0,0,0.841
Freshway,BITES_MALT_POUCH,CRESTLINE,Golden Malt,Bitesize Pouch,2021-07-12,4414,24277.0,5.5,5.5,0.0,0,0,0.845
Freshway,BITES_MALT_POUCH,CRESTLINE,Golden Malt,Bitesize Pouch,2021-07-19,4806,26433.0,5.5,5.5,0.0,0,0,0.85
Freshway,BITES_MALT_POUCH,CRESTLINE,Golden Malt,Bitesize Pouch,2021-07-26,11594,44636.9,3.85,5.5,30.0,0,0,0.858
Freshway,BITES_MALT_POUCH,CRESTLINE,Golden Malt,Bitesize Pouch,2021-08-02,3691,20300.5,5.5,5.5,0.0,0,0,0.868
Freshway,BITES_MALT_POUCH,CRESTLINE,Golden Malt,Bitesize Pouch,2021-08-09,6043,29912.85,4.95,5.5,10.0,0,0,0.88
Freshway,BITES_MALT_POUCH,CRESTLINE,Golden Malt,Bitesize Pouch,2021-08-16,12680,45394.4,3.58,5.5,35.0,0,0,0.894
Freshway,BITES_MALT_POUCH,CRESTLINE,Golden Malt,Bitesize Pouch,2021-08-23,3937,21653.5,5.5,5.5,0.0,0,0,0.909
Freshway,BITES_MALT_POUCH,CRESTLINE,Golden Malt,Bitesize Pouch,2021-08-30,5608,30844.0,5.5,5.5,0.0,0,0,0.926
Freshway,BITES_MALT_POUCH,CRESTLINE,Golden Malt,Bitesize Pouch,2021-09-06,5387,29628.5,5.5,5.5,0.0,0,0,0.943
Freshway,BITES_MALT_POUCH,CRESTLINE,Golden Malt,Bitesize Pouch,2021-09-13,6606,36333.0,5.5,5.5,0.0,0,0,0.962
Freshway,BITES_MALT_POUCH,CRESTLINE,Golden Malt,Bitesize Pouch,2021-09-20,12152,46785.2,3.85,5.5,30.0,0,0,0.981
Freshway,BITES_MALT_POUCH,CRESTLINE,Golden Malt,Bitesize Pouch,2021-09-27,3867,21268.5,5.5,5.5,0.0,0,0,1.0
Freshway,BITES_MALT_POUCH,CRESTLINE,Golden Malt,Bitesize Pouch,2021-10-04,9330,43664.4,4.68,5.5,15.0,0,0,1.019
Freshway,BITES_MALT_POUCH,CRESTLINE,Golden Malt,Bitesize Pouch,2021-10-11,4829,26559.5,5.5,5.5,0.0,0,0,1.038
Freshway,BITES_MALT_POUCH,CRESTLINE,Golden Malt,Bitesize Pouch,2021-10-18,5756,31658.0,5.5,5.5,0.0,0,0,1.057
Freshway,BITES_MALT_POUCH,CRESTLINE,Golden Malt,Bitesize Pouch,2021-10-25,6766,37213.0,5.5,5.5,0.0,0,0,1.074
Freshway,BITES_MALT_POUCH,CRESTLINE,Golden Malt,Bitesize Pouch,2021-11-01,6569,36129.5,5.5,5.5,0.0,0,0,1.091
Freshway,BITES_MALT_POUCH,CRESTLINE,Golden Malt,Bitesize Pouch,2021-11-08,6751,37130.5,5.5,5.5,0.0,0,0,1.106
Freshway,BITES_MALT_POUCH,CRESTLINE,Golden Malt,Bitesize Pouch,2021-11-15,14334,67083.12,4.68,5.5,15.0,0,1,1.12
Freshway,BITES_MALT_POUCH,CRESTLINE,Golden Malt,Bitesize Pouch,2021-11-22,5766,31713.0,5.5,5.5,0.0,0,0,1.132
Freshway,BITES_MALT_POUCH,CRESTLINE,Golden Malt,Bitesize Pouch,2021-11-29,7442,40931.0,5.5,5.5,0.0,0,0,1.142
Freshway,BITES_MALT_POUCH,CRESTLINE,Golden Malt,Bitesize Pouch,2021-12-06,7363,40496.5,5.5,5.5,0.0,0,0,1.15
Freshway,BITES_MALT_POUCH,CRESTLINE,Golden Malt,Bitesize Pouch,2021-12-13,6528,35904.0,5.5,5.5,0.0,0,0,1.155
Freshway,BITES_MALT_POUCH,CRESTLINE,Golden Malt,Bitesize Pouch,2021-12-20,6041,33225.5,5.5,5.5,0.0,0,0,1.159
Freshway,BITES_MALT_POUCH,CRESTLINE,Golden Malt,Bitesize Pouch,2021-12-27,7110,39105.0,5.5,5.5,0.0,0,0,1.16
Freshway,BITES_MALT_POUCH,CRESTLINE,Golden Malt,Bitesize Pouch,2022-01-03,24435,87477.3,3.58,5.5,35.0,0,1,1.159
Freshway,BITES_MALT_POUCH,CRESTLINE,Golden Malt,Bitesize Pouch,2022-01-10,4590,25245.0,5.5,5.5,0.0,0,0,1.155
Freshway,BITES_MALT_POUCH,CRESTLINE,Golden Malt,Bitesize Pouch,2022-01-17,14111,58137.32,4.12,5.5,25.0,0,0,1.15
Freshway,BITES_MALT_POUCH,CRESTLINE,Golden Malt,Bitesize Pouch,2022-01-24,5444,29942.0,5.5,5.5,0.0,0,0,1.142
Freshway,BITES_MALT_POUCH,CRESTLINE,Golden Malt,Bitesize Pouch,2022-01-31,18497,66219.26,3.58,5.5,35.0,0,0,1.132
Freshway,BITES_MALT_POUCH,CRESTLINE,Golden Malt,Bitesize Pouch,2022-02-07,8747,36037.64,4.12,5.5,25.0,0,0,1.12
Freshway,BITES_MALT_POUCH,CRESTLINE,Golden Malt,Bitesize Pouch,2022-02-14,5467,30068.5,5.5,5.5,0.0,0,0,1.106
Freshway,BITES_MALT_POUCH,CRESTLINE,Golden Malt,Bitesize Pouch,2022-02-21,6244,34342.0,5.5,5.5,0.0,0,0,1.091
Freshway,BITES_MALT_POUCH,CRESTLINE,Golden Malt,Bitesize Pouch,2022-02-28,6247,34358.5,5.5,5.5,0.0,0,0,1.074
Freshway,BITES_MALT_POUCH,CRESTLINE,Golden Malt,Bitesize Pouch,2022-03-07,6059,33324.5,5.5,5.5,0.0,0,0,1.057
Freshway,BITES_MALT_POUCH,CRESTLINE,Golden Malt,Bitesize Pouch,2022-03-14,5372,29546.0,5.5,5.5,0.0,0,0,1.038
Freshway,BITES_MALT_POUCH,CRESTLINE,Golden Malt,Bitesize Pouch,2022-03-21,5569,30629.5,5.5,5.5,0.0,0,0,1.019
Freshway,BITES_MALT_POUCH,CRESTLINE,Golden Malt,Bitesize Pouch,2022-03-28,5805,31927.5,5.5,5.5,0.0,0,0,1.0
Freshway,BITES_MALT_POUCH,CRESTLINE,Golden Malt,Bitesize Pouch,2022-04-04,10900,47960.0,4.4,5.5,20.0,0,0,1.081
Freshway,BITES_MALT_POUCH,CRESTLINE,Golden Malt,Bitesize Pouch,2022-04-11,4828,26554.0,5.5,5.5,0.0,0,0,1.062
Freshway,BITES_MALT_POUCH,CRESTLINE,Golden Malt,Bitesize Pouch,2022-04-18,6584,36212.0,5.5,5.5,0.0,0,0,1.043
Freshway,BITES_MALT_POUCH,CRESTLINE,Golden Malt,Bitesize Pouch,2022-04-25,6094,33517.0,5.5,5.5,0.0,0,0,1.026
Freshway,BITES_MALT_POUCH,CRESTLINE,Golden Malt,Bitesize Pouch,2022-05-02,4424,24332.0,5.5,5.5,0.0,0,0,0.909
Freshway,BITES_MALT_POUCH,CRESTLINE,Golden Malt,Bitesize Pouch,2022-05-09,5946,32703.0,5.5,5.5,0.0,0,0,0.894
Freshway,BITES_MALT_POUCH,CRESTLINE,Golden Malt,Bitesize Pouch,2022-05-16,13641,63839.88,4.68,5.5,15.0,1,0,0.88
Freshway,BITES_MALT_POUCH,CRESTLINE,Golden Malt,Bitesize Pouch,2022-05-23,4154,22847.0,5.5,5.5,0.0,0,0,0.868
Freshway,BITES_MALT_POUCH,CRESTLINE,Golden Malt,Bitesize Pouch,2022-05-30,4851,26680.5,5.5,5.5,0.0,0,0,0.858
Freshway,BITES_MALT_POUCH,CRESTLINE,Golden Malt,Bitesize Pouch,2022-06-06,4901,26955.5,5.5,5.5,0.0,0,0,0.85
Freshway,BITES_MALT_POUCH,CRESTLINE,Golden Malt,Bitesize Pouch,2022-06-13,13115,54033.8,4.12,5.5,25.0,0,1,0.845
Freshway,BITES_MALT_POUCH,CRESTLINE,Golden Malt,Bitesize Pouch,2022-06-20,3575,19662.5,5.5,5.5,0.0,0,0,0.841
Freshway,BITES_MALT_POUCH,CRESTLINE,Golden Malt,Bitesize Pouch,2022-06-27,5586,30723.0,5.5,5.5,0.0,0,0,0.84
Freshway,BITES_MALT_POUCH,CRESTLINE,Golden Malt,Bitesize Pouch,2022-07-04,5201,28605.5,5.5,5.5,0.0,0,0,0.841
Freshway,BITES_MALT_POUCH,CRESTLINE,Golden Malt,Bitesize Pouch,2022-07-11,5142,28281.0,5.5,5.5,0.0,0,0,0.845
Freshway,BITES_MALT_POUCH,CRESTLINE,Golden Malt,Bitesize Pouch,2022-07-18,4677,25723.5,5.5,5.5,0.0,0,0,0.85
Freshway,BITES_MALT_POUCH,CRESTLINE,Golden Malt,Bitesize Pouch,2022-07-25,9195,40458.0,4.4,5.5,20.0,0,0,0.858
Freshway,BITES_MALT_POUCH,CRESTLINE,Golden Malt,Bitesize Pouch,2022-08-01,3775,20762.5,5.5,5.5,0.0,0,0,0.868
Freshway,BITES_MALT_POUCH,CRESTLINE,Golden Malt,Bitesize Pouch,2022-08-08,9491,46980.45,4.95,5.5,10.0,0,1,0.88
Freshway,BITES_MALT_POUCH,CRESTLINE,Golden Malt,Bitesize Pouch,2022-08-15,4354,23947.0,5.5,5.5,0.0,0,0,0.894
Freshway,BITES_MALT_POUCH,CRESTLINE,Golden Malt,Bitesize Pouch,2022-08-22,4986,27423.0,5.5,5.5,0.0,0,0,0.909
Freshway,BITES_MALT_POUCH,CRESTLINE,Golden Malt,Bitesize Pouch,2022-08-29,5438,29909.0,5.5,5.5,0.0,0,0,0.926
Freshway,BITES_MALT_POUCH,CRESTLINE,Golden Malt,Bitesize Pouch,2022-09-05,5888,32384.0,5.5,5.5,0.0,0,0,0.943
Freshway,BITES_MALT_POUCH,CRESTLINE,Golden Malt,Bitesize Pouch,2022-09-12,5608,30844.0,5.5,5.5,0.0,0,0,0.962
Freshway,BITES_MALT_POUCH,CRESTLINE,Golden Malt,Bitesize Pouch,2022-09-19,7860,36784.8,4.68,5.5,15.0,0,0,0.981
Freshway,BITES_MALT_POUCH,CRESTLINE,Golden Malt,Bitesize Pouch,2022-09-26,5155,28352.5,5.5,5.5,0.0,0,0,1.0
Freshway,BITES_MALT_POUCH,CRESTLINE,Golden Malt,Bitesize Pouch,2022-10-03,6233,34281.5,5.5,5.5,0.0,0,0,1.019
Freshway,BITES_MALT_POUCH,CRESTLINE,Golden Malt,Bitesize Pouch,2022-10-10,9331,41056.4,4.4,5.5,20.0,0,0,1.038
Freshway,BITES_MALT_POUCH,CRESTLINE,Golden Malt,Bitesize Pouch,2022-10-17,5052,27786.0,5.5,5.5,0.0,0,0,1.057
Freshway,BITES_MALT_POUCH,CRESTLINE,Golden Malt,Bitesize Pouch,2022-10-24,5464,30052.0,5.5,5.5,0.0,0,0,1.074
Freshway,BITES_MALT_POUCH,CRESTLINE,Golden Malt,Bitesize Pouch,2022-10-31,7033,38681.5,5.5,5.5,0.0,0,0,1.091
Freshway,BITES_MALT_POUCH,CRESTLINE,Golden Malt,Bitesize Pouch,2022-11-07,5713,31421.5,5.5,5.5,0.0,0,0,1.106
Freshway,BITES_MALT_POUCH,CRESTLINE,Golden Malt,Bitesize Pouch,2022-11-14,7367,40518.5,5.5,5.5,0.0,0,0,1.12
Freshway,BITES_MALT_POUCH,CRESTLINE,Golden Malt,Bitesize Pouch,2022-11-21,6208,34144.0,5.5,5.5,0.0,0,0,1.132
Freshway,BITES_MALT_POUCH,CRESTLINE,Golden Malt,Bitesize Pouch,2022-11-28,7164,39402.0,5.5,5.5,0.0,0,0,1.142
Freshway,BITES_MALT_POUCH,CRESTLINE,Golden Malt,Bitesize Pouch,2022-12-05,16928,65172.8,3.85,5.5,30.0,0,0,1.15
Freshway,BITES_MALT_POUCH,CRESTLINE,Golden Malt,Bitesize Pouch,2022-12-12,7507,35132.76,4.68,5.5,15.0,0,0,1.155
Freshway,BITES_MALT_POUCH,CRESTLINE,Golden Malt,Bitesize Pouch,2022-12-19,5776,31768.0,5.5,5.5,0.0,0,0,1.159
Freshway,BITES_MALT_POUCH,CRESTLINE,Golden Malt,Bitesize Pouch,2022-12-26,6630,36465.0,5.5,5.5,0.0,0,0,1.16
Freshway,BITES_MALT_POUCH,CRESTLINE,Golden Malt,Bitesize Pouch,2023-01-02,9347,43743.96,4.68,5.5,15.0,0,0,1.159
Freshway,BITES_MALT_POUCH,CRESTLINE,Golden Malt,Bitesize Pouch,2023-01-09,6945,38197.5,5.5,5.5,0.0,0,0,1.155
Freshway,BITES_MALT_POUCH,CRESTLINE,Golden Malt,Bitesize Pouch,2023-01-16,6623,36426.5,5.5,5.5,0.0,0,0,1.15
Freshway,BITES_MALT_POUCH,CRESTLINE,Golden Malt,Bitesize Pouch,2023-01-23,6322,34771.0,5.5,5.5,0.0,0,0,1.142
Freshway,BITES_MALT_POUCH,CRESTLINE,Golden Malt,Bitesize Pouch,2023-01-30,7992,43956.0,5.5,5.5,0.0,0,0,1.132
Freshway,BITES_MALT_POUCH,CRESTLINE,Golden Malt,Bitesize Pouch,2023-02-06,6637,36503.5,5.5,5.5,0.0,0,0,1.12
Freshway,BITES_MALT_POUCH,CRESTLINE,Golden Malt,Bitesize Pouch,2023-02-13,6279,34534.5,5.5,5.5,0.0,0,0,1.106
Freshway,BITES_MALT_POUCH,CRESTLINE,Golden Malt,Bitesize Pouch,2023-02-20,21954,90450.48,4.12,5.5,25.0,1,0,1.091
Freshway,BITES_MALT_POUCH,CRESTLINE,Golden Malt,Bitesize Pouch,2023-02-27,4614,25377.0,5.5,5.5,0.0,0,0,1.074
Freshway,BITES_MALT_POUCH,CRESTLINE,Golden Malt,Bitesize Pouch,2023-03-06,6592,36256.0,5.5,5.5,0.0,0,0,1.057
Freshway,BITES_MALT_POUCH,CRESTLINE,Golden Malt,Bitesize Pouch,2023-03-13,6700,36850.0,5.5,5.5,0.0,0,0,1.038
Freshway,BITES_MALT_POUCH,CRESTLINE,Golden Malt,Bitesize Pouch,2023-03-20,6259,34424.5,5.5,5.5,0.0,0,0,1.019
Freshway,BITES_MALT_POUCH,CRESTLINE,Golden Malt,Bitesize Pouch,2023-03-27,5362,29491.0,5.5,5.5,0.0,0,0,1.0
Freshway,BITES_MALT_POUCH,CRESTLINE,Golden Malt,Bitesize Pouch,2023-04-03,6625,36437.5,5.5,5.5,0.0,0,0,1.081
Freshway,BITES_MALT_POUCH,CRESTLINE,Golden Malt,Bitesize Pouch,2023-04-10,7709,42399.5,5.5,5.5,0.0,0,0,1.062
Freshway,BITES_MALT_POUCH,CRESTLINE,Golden Malt,Bitesize Pouch,2023-04-17,6555,36052.5,5.5,5.5,0.0,0,0,1.043
Freshway,BITES_MALT_POUCH,CRESTLINE,Golden Malt,Bitesize Pouch,2023-04-24,13849,53318.65,3.85,5.5,30.0,0,0,1.026
Freshway,BITES_MALT_POUCH,CRESTLINE,Golden Malt,Bitesize Pouch,2023-05-01,18203,65166.74,3.58,5.5,35.0,1,0,0.909
Freshway,BITES_MALT_POUCH,CRESTLINE,Golden Malt,Bitesize Pouch,2023-05-08,4524,24882.0,5.5,5.5,0.0,0,0,0.894
Freshway,BITES_MALT_POUCH,CRESTLINE,Golden Malt,Bitesize Pouch,2023-05-15,5278,29029.0,5.5,5.5,0.0,0,0,0.88
Freshway,BITES_MALT_POUCH,CRESTLINE,Golden Malt,Bitesize Pouch,2023-05-22,19044,78461.28,4.12,5.5,25.0,1,0,0.868
Freshway,BITES_MALT_POUCH,CRESTLINE,Golden Malt,Bitesize Pouch,2023-05-29,3918,21549.0,5.5,5.5,0.0,0,0,0.858
Freshway,BITES_MALT_POUCH,CRESTLINE,Golden Malt,Bitesize Pouch,2023-06-05,5115,28132.5,5.5,5.5,0.0,0,0,0.85
Freshway,BITES_MALT_POUCH,CRESTLINE,Golden Malt,Bitesize Pouch,2023-06-12,5084,27962.0,5.5,5.5,0.0,0,0,0.845
Freshway,BITES_MALT_POUCH,CRESTLINE,Golden Malt,Bitesize Pouch,2023-06-19,5230,28765.0,5.5,5.5,0.0,0,0,0.841
Freshway,BITES_MALT_POUCH,CRESTLINE,Golden Malt,Bitesize Pouch,2023-06-26,5009,27549.5,5.5,5.5,0.0,0,0,0.84
Freshway,BITES_MALT_POUCH,CRESTLINE,Golden Malt,Bitesize Pouch,2023-07-03,5041,27725.5,5.5,5.5,0.0,0,0,0.841
Freshway,BITES_MALT_POUCH,CRESTLINE,Golden Malt,Bitesize Pouch,2023-07-10,4913,27021.5,5.5,5.5,0.0,0,0,0.845
Freshway,BITES_MALT_POUCH,CRESTLINE,Golden Malt,Bitesize Pouch,2023-07-17,5344,29392.0,5.5,5.5,0.0,0,0,0.85
Freshway,BITES_MALT_POUCH,CRESTLINE,Golden Malt,Bitesize Pouch,2023-07-24,18691,77006.92,4.12,5.5,25.0,1,0,0.858
Freshway,BITES_MALT_POUCH,CRESTLINE,Golden Malt,Bitesize Pouch,2023-07-31,8901,36672.12,4.12,5.5,25.0,0,0,0.868
Freshway,BITES_MALT_POUCH,CRESTLINE,Golden Malt,Bitesize Pouch,2023-08-07,4419,24304.5,5.5,5.5,0.0,0,0,0.88
Freshway,BITES_MALT_POUCH,CRESTLINE,Golden Malt,Bitesize Pouch,2023-08-14,5377,29573.5,5.5,5.5,0.0,0,0,0.894
Freshway,BITES_MALT_POUCH,CRESTLINE,Golden Malt,Bitesize Pouch,2023-08-21,5695,31322.5,5.5,5.5,0.0,0,0,0.909
Freshway,BITES_MALT_POUCH,CRESTLINE,Golden Malt,Bitesize Pouch,2023-08-28,7960,39402.0,4.95,5.5,10.0,0,0,0.926
Freshway,BITES_MALT_POUCH,CRESTLINE,Golden Malt,Bitesize Pouch,2023-09-04,5689,31289.5,5.5,5.5,0.0,0,0,0.943
Freshway,BITES_MALT_POUCH,CRESTLINE,Golden Malt,Bitesize Pouch,2023-09-11,18510,76261.2,4.12,5.5,25.0,1,0,0.962
Freshway,BITES_MALT_POUCH,CRESTLINE,Golden Malt,Bitesize Pouch,2023-09-18,4391,24150.5,5.5,5.5,0.0,0,0,0.981
Freshway,BITES_MALT_POUCH,CRESTLINE,Golden Malt,Bitesize Pouch,2023-09-25,6005,33027.5,5.5,5.5,0.0,0,0,1.0
Freshway,BITES_MALT_POUCH,CRESTLINE,Golden Malt,Bitesize Pouch,2023-10-02,44736,160154.88,3.58,5.5,35.0,1,1,1.019
Freshway,BITES_MALT_POUCH,CRESTLINE,Golden Malt,Bitesize Pouch,2023-10-09,9708,37375.8,3.85,5.5,30.0,0,0,1.038
Freshway,BITES_MALT_POUCH,CRESTLINE,Golden Malt,Bitesize Pouch,2023-10-16,5740,31570.0,5.5,5.5,0.0,0,0,1.057
Freshway,BITES_MALT_POUCH,CRESTLINE,Golden Malt,Bitesize Pouch,2023-10-23,6229,34259.5,5.5,5.5,0.0,0,0,1.074
Freshway,BITES_MALT_POUCH,CRESTLINE,Golden Malt,Bitesize Pouch,2023-10-30,6659,36624.5,5.5,5.5,0.0,0,0,1.091
Freshway,BITES_MALT_POUCH,CRESTLINE,Golden Malt,Bitesize Pouch,2023-11-06,6327,34798.5,5.5,5.5,0.0,0,0,1.106
Freshway,BITES_MALT_POUCH,CRESTLINE,Golden Malt,Bitesize Pouch,2023-11-13,6497,35733.5,5.5,5.5,0.0,0,0,1.12
Freshway,BITES_MALT_POUCH,CRESTLINE,Golden Malt,Bitesize Pouch,2023-11-20,16120,62062.0,3.85,5.5,30.0,0,0,1.132
Freshway,BITES_MALT_POUCH,CRESTLINE,Golden Malt,Bitesize Pouch,2023-11-27,5064,27852.0,5.5,5.5,0.0,0,0,1.142
Freshway,BITES_MALT_POUCH,CRESTLINE,Golden Malt,Bitesize Pouch,2023-12-04,6455,35502.5,5.5,5.5,0.0,0,0,1.15
Freshway,BITES_MALT_POUCH,CRESTLINE,Golden Malt,Bitesize Pouch,2023-12-11,6315,34732.5,5.5,5.5,0.0,0,0,1.155
Freshway,BITES_MALT_POUCH,CRESTLINE,Golden Malt,Bitesize Pouch,2023-12-18,7774,42757.0,5.5,5.5,0.0,0,0,1.159
Freshway,BITES_MALT_POUCH,CRESTLINE,Golden Malt,Bitesize Pouch,2023-12-25,9135,45218.25,4.95,5.5,10.0,0,0,1.16
Freshway,CLASSIC_DAIRY_BLOCK,HARTWELL,Hartwell Dairy,Block,2021-01-04,12625,50500.0,4.0,4.0,0.0,0,0,1.159
Freshway,CLASSIC_DAIRY_BLOCK,HARTWELL,Hartwell Dairy,Block,2021-01-11,24220,77504.0,3.2,4.0,20.0,0,0,1.155
Freshway,CLASSIC_DAIRY_BLOCK,HARTWELL,Hartwell Dairy,Block,2021-01-18,10693,42772.0,4.0,4.0,0.0,0,0,1.15
Freshway,CLASSIC_DAIRY_BLOCK,HARTWELL,Hartwell Dairy,Block,2021-01-25,12118,48472.0,4.0,4.0,0.0,0,0,1.142
Freshway,CLASSIC_DAIRY_BLOCK,HARTWELL,Hartwell Dairy,Block,2021-02-01,12798,51192.0,4.0,4.0,0.0,0,0,1.132
Freshway,CLASSIC_DAIRY_BLOCK,HARTWELL,Hartwell Dairy,Block,2021-02-08,12574,50296.0,4.0,4.0,0.0,0,0,1.12
Freshway,CLASSIC_DAIRY_BLOCK,HARTWELL,Hartwell Dairy,Block,2021-02-15,13484,53936.0,4.0,4.0,0.0,0,0,1.106
Freshway,CLASSIC_DAIRY_BLOCK,HARTWELL,Hartwell Dairy,Block,2021-02-22,12785,51140.0,4.0,4.0,0.0,0,0,1.091
Freshway,CLASSIC_DAIRY_BLOCK,HARTWELL,Hartwell Dairy,Block,2021-03-01,12219,48876.0,4.0,4.0,0.0,0,0,1.074
Freshway,CLASSIC_DAIRY_BLOCK,HARTWELL,Hartwell Dairy,Block,2021-03-08,31187,87323.6,2.8,4.0,30.0,0,0,1.057
Freshway,CLASSIC_DAIRY_BLOCK,HARTWELL,Hartwell Dairy,Block,2021-03-15,8841,35364.0,4.0,4.0,0.0,0,0,1.038
Freshway,CLASSIC_DAIRY_BLOCK,HARTWELL,Hartwell Dairy,Block,2021-03-22,33314,93279.2,2.8,4.0,30.0,0,0,1.019
Freshway,CLASSIC_DAIRY_BLOCK,HARTWELL,Hartwell Dairy,Block,2021-03-29,20259,56725.2,2.8,4.0,30.0,0,0,1.0
Freshway,CLASSIC_DAIRY_BLOCK,HARTWELL,Hartwell Dairy,Block,2021-04-05,9379,37516.0,4.0,4.0,0.0,0,0,1.081
Freshway,CLASSIC_DAIRY_BLOCK,HARTWELL,Hartwell Dairy,Block,2021-04-12,11797,47188.0,4.0,4.0,0.0,0,0,1.062
Freshway,CLASSIC_DAIRY_BLOCK,HARTWELL,Hartwell Dairy,Block,2021-04-19,12402,49608.0,4.0,4.0,0.0,0,0,1.043
Freshway,CLASSIC_DAIRY_BLOCK,HARTWELL,Hartwell Dairy,Block,2021-04-26,36958,118265.6,3.2,4.0,20.0,1,0,1.026
Freshway,CLASSIC_DAIRY_BLOCK,HARTWELL,Hartwell Dairy,Block,2021-05-03,8335,33340.0,4.0,4.0,0.0,0,0,0.909
Freshway,CLASSIC_DAIRY_BLOCK,HARTWELL,Hartwell Dairy,Block,2021-05-10,25675,77025.0,3.0,4.0,25.0,0,0,0.894
Freshway,CLASSIC_DAIRY_BLOCK,HARTWELL,Hartwell Dairy,Block,2021-05-17,8136,32544.0,4.0,4.0,0.0,0,0,0.88
Freshway,CLASSIC_DAIRY_BLOCK,HARTWELL,Hartwell Dairy,Block,2021-05-24,24046,76947.2,3.2,4.0,20.0,0,1,0.868
Freshway,CLASSIC_DAIRY_BLOCK,HARTWELL,Hartwell Dairy,Block,2021-05-31,8468,33872.0,4.0,4.0,0.0,0,0,0.858
Freshway,CLASSIC_DAIRY_BLOCK,HARTWELL,Hartwell Dairy,Block,2021-06-07,10300,41200.0,4.0,4.0,0.0,0,0,0.85
Freshway,CLASSIC_DAIRY_BLOCK,HARTWELL,Hartwell Dairy,Block,2021-06-14,10122,40488.0,4.0,4.0,0.0,0,0,0.845
Freshway,CLASSIC_DAIRY_BLOCK,HARTWELL,Hartwell Dairy,Block,2021-06-21,10187,40748.0,4.0,4.0,0.0,0,0,0.841
Freshway,CLASSIC_DAIRY_BLOCK,HARTWELL,Hartwell Dairy,Block,2021-06-28,10369,41476.0,4.0,4.0,0.0,0,0,0.84
Freshway,CLASSIC_DAIRY_BLOCK,HARTWELL,Hartwell Dairy,Block,2021-07-05,13644,46389.6,3.4,4.0,15.0,0,0,0.841
Freshway,CLASSIC_DAIRY_BLOCK,HARTWELL,Hartwell Dairy,Block,2021-07-12,8708,34832.0,4.0,4.0,0.0,0,0,0.845
Freshway,CLASSIC_DAIRY_BLOCK,HARTWELL,Hartwell Dairy,Block,2021-07-19,9119,36476.0,4.0,4.0,0.0,0,0,0.85
Freshway,CLASSIC_DAIRY_BLOCK,HARTWELL,Hartwell Dairy,Block,2021-07-26,11168,44672.0,4.0,4.0,0.0,0,0,0.858
Freshway,CLASSIC_DAIRY_BLOCK,HARTWELL,Hartwell Dairy,Block,2021-08-02,10564,42256.0,4.0,4.0,0.0,0,0,0.868
Freshway,CLASSIC_DAIRY_BLOCK,HARTWELL,Hartwell Dairy,Block,2021-08-09,10321,41284.0,4.0,4.0,0.0,0,0,0.88
Freshway,CLASSIC_DAIRY_BLOCK,HARTWELL,Hartwell Dairy,Block,2021-08-16,49592,128939.2,2.6,4.0,35.0,1,0,0.894
Freshway,CLASSIC_DAIRY_BLOCK,HARTWELL,Hartwell Dairy,Block,2021-08-23,8135,32540.0,4.0,4.0,0.0,0,0,0.909
Freshway,CLASSIC_DAIRY_BLOCK,HARTWELL,Hartwell Dairy,Block,2021-08-30,10453,41812.0,4.0,4.0,0.0,0,0,0.926
Freshway,CLASSIC_DAIRY_BLOCK,HARTWELL,Hartwell Dairy,Block,2021-09-06,11927,47708.0,4.0,4.0,0.0,0,0,0.943
Freshway,CLASSIC_DAIRY_BLOCK,HARTWELL,Hartwell Dairy,Block,2021-09-13,18230,61982.0,3.4,4.0,15.0,0,0,0.962
Freshway,CLASSIC_DAIRY_BLOCK,HARTWELL,Hartwell Dairy,Block,2021-09-20,10076,40304.0,4.0,4.0,0.0,0,0,0.981
Freshway,CLASSIC_DAIRY_BLOCK,HARTWELL,Hartwell Dairy,Block,2021-09-27,12354,49416.0,4.0,4.0,0.0,0,0,1.0
Freshway,CLASSIC_DAIRY_BLOCK,HARTWELL,Hartwell Dairy,Block,2021-10-04,11539,46156.0,4.0,4.0,0.0,0,0,1.019
Freshway,CLASSIC_DAIRY_BLOCK,HARTWELL,Hartwell Dairy,Block,2021-10-11,30804,98572.8,3.2,4.0,20.0,0,1,1.038
Freshway,CLASSIC_DAIRY_BLOCK,HARTWELL,Hartwell Dairy,Block,2021-10-18,14470,49198.0,3.4,4.0,15.0,0,0,1.057
Freshway,CLASSIC_DAIRY_BLOCK,HARTWELL,Hartwell Dairy,Block,2021-10-25,45717,118864.2,2.6,4.0,35.0,0,1,1.074
Freshway,CLASSIC_DAIRY_BLOCK,HARTWELL,Hartwell Dairy,Block,2021-11-01,8696,34784.0,4.0,4.0,0.0,0,0,1.091
Freshway,CLASSIC_DAIRY_BLOCK,HARTWELL,Hartwell Dairy,Block,2021-11-08,12049,48196.0,4.0,4.0,0.0,0,0,1.106
Freshway,CLASSIC_DAIRY_BLOCK,HARTWELL,Hartwell Dairy,Block,2021-11-15,11566,46264.0,4.0,4.0,0.0,0,0,1.12
Freshway,CLASSIC_DAIRY_BLOCK,HARTWELL,Hartwell Dairy,Block,2021-11-22,41910,125730.0,3.0,4.0,25.0,1,0,1.132
Freshway,CLASSIC_DAIRY_BLOCK,HARTWELL,Hartwell Dairy,Block,2021-11-29,53292,138559.2,2.6,4.0,35.0,1,0,1.142
Freshway,CLASSIC_DAIRY_BLOCK,HARTWELL,Hartwell Dairy,Block,2021-12-06,9765,39060.0,4.0,4.0,0.0,0,0,1.15
Freshway,CLASSIC_DAIRY_BLOCK,HARTWELL,Hartwell Dairy,Block,2021-12-13,12015,48060.0,4.0,4.0,0.0,0,0,1.155
Freshway,CLASSIC_DAIRY_BLOCK,HARTWELL,Hartwell Dairy,Block,2021-12-20,28572,85716.0,3.0,4.0,25.0,0,0,1.159
Freshway,CLASSIC_DAIRY_BLOCK,HARTWELL,Hartwell Dairy,Block,2021-12-27,10804,43216.0,4.0,4.0,0.0,0,0,1.16
Freshway,CLASSIC_DAIRY_BLOCK,HARTWELL,Hartwell Dairy,Block,2022-01-03,15217,60868.0,4.0,4.0,0.0,0,0,1.159
Freshway,CLASSIC_DAIRY_BLOCK,HARTWELL,Hartwell Dairy,Block,2022-01-10,12742,50968.0,4.0,4.0,0.0,0,0,1.155
Freshway,CLASSIC_DAIRY_BLOCK,HARTWELL,Hartwell Dairy,Block,2022-01-17,86044,223714.4,2.6,4.0,35.0,1,1,1.15
Freshway,CLASSIC_DAIRY_BLOCK,HARTWELL,Hartwell Dairy,Block,2022-01-24,10234,40936.0,4.0,4.0,0.0,0,0,1.142
Freshway,CLASSIC_DAIRY_BLOCK,HARTWELL,Hartwell Dairy,Block,2022-01-31,14870,59480.0,4.0,4.0,0.0,0,0,1.132
Freshway,CLASSIC_DAIRY_BLOCK,HARTWELL,Hartwell Dairy,Block,2022-02-07,13148,52592.0,4.0,4.0,0.0,0,0,1.12
Freshway,CLASSIC_DAIRY_BLOCK,HARTWELL,Hartwell Dairy,Block,2022-02-14,13340,53360.0,4.0,4.0,0.0,0,0,1.106
Freshway,CLASSIC_DAIRY_BLOCK,HARTWELL,Hartwell Dairy,Block,2022-02-21,12170,48680.0,4.0,4.0,0.0,0,0,1.091
Freshway,CLASSIC_DAIRY_BLOCK,HARTWELL,Hartwell Dairy,Block,2022-02-28,11978,47912.0,4.0,4.0,0.0,0,0,1.074
Freshway,CLASSIC_DAIRY_BLOCK,HARTWELL,Hartwell Dairy,Block,2022-03-07,20783,70662.2,3.4,4.0,15.0,0,0,1.057
Freshway,CLASSIC_DAIRY_BLOCK,HARTWELL,Hartwell Dairy,Block,2022-03-14,32301,83982.6,2.6,4.0,35.0,0,0,1.038
Freshway,CLASSIC_DAIRY_BLOCK,HARTWELL,Hartwell Dairy,Block,2022-03-21,7846,31384.0,4.0,4.0,0.0,0,0,1.019
Freshway,CLASSIC_DAIRY_BLOCK,HARTWELL,Hartwell Dairy,Block,2022-03-28,11088,44352.0,4.0,4.0,0.0,0,0,1.0
Freshway,CLASSIC_DAIRY_BLOCK,HARTWELL,Hartwell Dairy,Block,2022-04-04,11217,44868.0,4.0,4.0,0.0,0,0,1.081
Freshway,CLASSIC_DAIRY_BLOCK,HARTWELL,Hartwell Dairy,Block,2022-04-11,13055,52220.0,4.0,4.0,0.0,0,0,1.062
Freshway,CLASSIC_DAIRY_BLOCK,HARTWELL,Hartwell Dairy,Block,2022-04-18,13145,52580.0,4.0,4.0,0.0,0,0,1.043
Freshway,CLASSIC_DAIRY_BLOCK,HARTWELL,Hartwell Dairy,Block,2022-04-25,13416,53664.0,4.0,4.0,0.0,0,0,1.026
Freshway,CLASSIC_DAIRY_BLOCK,HARTWELL,Hartwell Dairy,Block,2022-05-02,10854,43416.0,4.0,4.0,0.0,0,0,0.909
Freshway,CLASSIC_DAIRY_BLOCK,HARTWELL,Hartwell Dairy,Block,2022-05-09,11098,44392.0,4.0,4.0,0.0,0,0,0.894
Freshway,CLASSIC_DAIRY_BLOCK,HARTWELL,Hartwell Dairy,Block,2022-05-16,36158,115705.6,3.2,4.0,20.0,1,1,0.88
Freshway,CLASSIC_DAIRY_BLOCK,HARTWELL,Hartwell Dairy,Block,2022-05-23,9058,36232.0,4.0,4.0,0.0,0,0,0.868
Freshway,CLASSIC_DAIRY_BLOCK,HARTWELL,Hartwell Dairy,Block,2022-05-30,9283,37132.0,4.0,4.0,0.0,0,0,0.858
Freshway,CLASSIC_DAIRY_BLOCK,HARTWELL,Hartwell Dairy,Block,2022-06-06,10825,43300.0,4.0,4.0,0.0,0,0,0.85
Freshway,CLASSIC_DAIRY_BLOCK,HARTWELL,Hartwell Dairy,Block,2022-06-13,27027,70270.2,2.6,4.0,35.0,0,0,0.845
Freshway,CLASSIC_DAIRY_BLOCK,HARTWELL,Hartwell Dairy,Block,2022-06-20,7179,28716.0,4.0,4.0,0.0,0,0,0.841
Freshway,CLASSIC_DAIRY_BLOCK,HARTWELL,Hartwell Dairy,Block,2022-06-27,10668,42672.0,4.0,4.0,0.0,0,0,0.84
Freshway,CLASSIC_DAIRY_BLOCK,HARTWELL,Hartwell Dairy,Block,2022-07-04,10287,41148.0,4.0,4.0,0.0,0,0,0.841
Freshway,CLASSIC_DAIRY_BLOCK,HARTWELL,Hartwell Dairy,Block,2022-07-11,10145,40580.0,4.0,4.0,0.0,0,0,0.845
Freshway,CLASSIC_DAIRY_BLOCK,HARTWELL,Hartwell Dairy,Block,2022-07-18,11337,45348.0,4.0,4.0,0.0,0,0,0.85
Freshway,CLASSIC_DAIRY_BLOCK,HARTWELL,Hartwell Dairy,Block,2022-07-25,25247,70691.6,2.8,4.0,30.0,0,0,0.858
Freshway,CLASSIC_DAIRY_BLOCK,HARTWELL,Hartwell Dairy,Block,2022-08-01,8132,32528.0,4.0,4.0,0.0,0,0,0.868
Freshway,CLASSIC_DAIRY_BLOCK,HARTWELL,Hartwell Dairy,Block,2022-08-08,9935,39740.0,4.0,4.0,0.0,0,0,0.88
Freshway,CLASSIC_DAIRY_BLOCK,HARTWELL,Hartwell Dairy,Block,2022-08-15,10735,42940.0,4.0,4.0,0.0,0,0,0.894
Freshway,CLASSIC_DAIRY_BLOCK,HARTWELL,Hartwell Dairy,Block,2022-08-22,10127,40508.0,4.0,4.0,0.0,0,0,0.909
Freshway,CLASSIC_DAIRY_BLOCK,HARTWELL,Hartwell Dairy,Block,2022-08-29,11937,47748.0,4.0,4.0,0.0,0,0,0.926
Freshway,CLASSIC_DAIRY_BLOCK,HARTWELL,Hartwell Dairy,Block,2022-09-05,11397,45588.0,4.0,4.0,0.0,0,0,0.943
Freshway,CLASSIC_DAIRY_BLOCK,HARTWELL,Hartwell Dairy,Block,2022-09-12,19262,61638.4,3.2,4.0,20.0,0,0,0.962
Freshway,CLASSIC_DAIRY_BLOCK,HARTWELL,Hartwell Dairy,Block,2022-09-19,23181,78815.4,3.4,4.0,15.0,1,0,0.981
Freshway,CLASSIC_DAIRY_BLOCK,HARTWELL,Hartwell Dairy,Block,2022-09-26,11552,46208.0,4.0,4.0,0.0,0,0,1.0
Freshway,CLASSIC_DAIRY_BLOCK,HARTWELL,Hartwell Dairy,Block,2022-10-03,13142,52568.0,4.0,4.0,0.0,0,0,1.019
Freshway,CLASSIC_DAIRY_BLOCK,HARTWELL,Hartwell Dairy,Block,2022-10-10,12512,50048.0,4.0,4.0,0.0,0,0,1.038
Freshway,CLASSIC_DAIRY_BLOCK,HARTWELL,Hartwell Dairy,Block,2022-10-17,13378,53512.0,4.0,4.0,0.0,0,0,1.057
Freshway,CLASSIC_DAIRY_BLOCK,HARTWELL,Hartwell Dairy,Block,2022-10-24,14180,56720.0,4.0,4.0,0.0,0,0,1.074
Freshway,CLASSIC_DAIRY_BLOCK,HARTWELL,Hartwell Dairy,Block,2022-10-31,40721,130307.2,3.2,4.0,20.0,1,0,1.091
Freshway,CLASSIC_DAIRY_BLOCK,HARTWELL,Hartwell Dairy,Block,2022-11-07,19404,62092.8,3.2,4.0,20.0,0,0,1.106
Freshway,CLASSIC_DAIRY_BLOCK,HARTWELL,Hartwell Dairy,Block,2022-11-14,11134,44536.0,4.0,4.0,0.0,0,0,1.12
Freshway,CLASSIC_DAIRY_BLOCK,HARTWELL,Hartwell Dairy,Block,2022-11-21,15241,60964.0,4.0,4.0,0.0,0,0,1.132
Freshway,CLASSIC_DAIRY_BLOCK,HARTWELL,Hartwell Dairy,Block,2022-11-28,13950,55800.0,4.0,4.0,0.0,0,0,1.142
Freshway,CLASSIC_DAIRY_BLOCK,HARTWELL,Hartwell Dairy,Block,2022-12-05,15041,60164.0,4.0,4.0,0.0,0,0,1.15
Freshway,CLASSIC_DAIRY_BLOCK,HARTWELL,Hartwell Dairy,Block,2022-12-12,33414,93559.2,2.8,4.0,30.0,0,0,1.155
Freshway,CLASSIC_DAIRY_BLOCK,HARTWELL,Hartwell Dairy,Block,2022-12-19,28172,95784.8,3.4,4.0,15.0,1,0,1.159
Freshway,CLASSIC_DAIRY_BLOCK,HARTWELL,Hartwell Dairy,Block,2022-12-26,12060,48240.0,4.0,4.0,0.0,0,0,1.16
Freshway,CLASSIC_DAIRY_BLOCK,HARTWELL,Hartwell Dairy,Block,2023-01-02,13541,54164.0,4.0,4.0,0.0,0,0,1.159
Freshway,CLASSIC_DAIRY_BLOCK,HARTWELL,Hartwell Dairy,Block,2023-01-09,15191,60764.0,4.0,4.0,0.0,0,0,1.155
Freshway,CLASSIC_DAIRY_BLOCK,HARTWELL,Hartwell Dairy,Block,2023-01-16,12106,48424.0,4.0,4.0,0.0,0,0,1.15
Freshway,CLASSIC_DAIRY_BLOCK,HARTWELL,Hartwell Dairy,Block,2023-01-23,12990,51960.0,4.0,4.0,0.0,0,0,1.142
Freshway,CLASSIC_DAIRY_BLOCK,HARTWELL,Hartwell Dairy,Block,2023-01-30,56974,148132.4,2.6,4.0,35.0,0,1,1.132
Freshway,CLASSIC_DAIRY_BLOCK,HARTWELL,Hartwell Dairy,Block,2023-02-06,32165,96495.0,3.0,4.0,25.0,1,0,1.12
Freshway,CLASSIC_DAIRY_BLOCK,HARTWELL,Hartwell Dairy,Block,2023-02-13,10451,41804.0,4.0,4.0,0.0,0,0,1.106
Freshway,CLASSIC_DAIRY_BLOCK,HARTWELL,Hartwell Dairy,Block,2023-02-20,28094,84282.0,3.0,4.0,25.0,0,0,1.091
Freshway,CLASSIC_DAIRY_BLOCK,HARTWELL,Hartwell Dairy,Block,2023-02-27,10379,41516.0,4.0,4.0,0.0,0,0,1.074
Freshway,CLASSIC_DAIRY_BLOCK,HARTWELL,Hartwell Dairy,Block,2023-03-06,39069,101579.4,2.6,4.0,35.0,0,0,1.057
Freshway,CLASSIC_DAIRY_BLOCK,HARTWELL,Hartwell Dairy,Block,2023-03-13,8341,33364.0,4.0,4.0,0.0,0,0,1.038
Freshway,CLASSIC_DAIRY_BLOCK,HARTWELL,Hartwell Dairy,Block,2023-03-20,12752,51008.0,4.0,4.0,0.0,0,0,1.019
Freshway,CLASSIC_DAIRY_BLOCK,HARTWELL,Hartwell Dairy,Block,2023-03-27,11496,45984.0,4.0,4.0,0.0,0,0,1.0
Freshway,CLASSIC_DAIRY_BLOCK,HARTWELL,Hartwell Dairy,Block,2023-04-03,12285,49140.0,4.0,4.0,0.0,0,0,1.081
Freshway,CLASSIC_DAIRY_BLOCK,HARTWELL,Hartwell Dairy,Block,2023-04-10,43104,137932.8,3.2,4.0,20.0,1,0,1.062
Freshway,CLASSIC_DAIRY_BLOCK,HARTWELL,Hartwell Dairy,Block,2023-04-17,66158,172010.8,2.6,4.0,35.0,1,1,1.043
Freshway,CLASSIC_DAIRY_BLOCK,HARTWELL,Hartwell Dairy,Block,2023-04-24,23544,65923.2,2.8,4.0,30.0,0,0,1.026
Freshway,CLASSIC_DAIRY_BLOCK,HARTWELL,Hartwell Dairy,Block,2023-05-01,8176,32704.0,4.0,4.0,0.0,0,0,0.909
Freshway,CLASSIC_DAIRY_BLOCK,HARTWELL,Hartwell Dairy,Block,2023-05-08,12062,48248.0,4.0,4.0,0.0,0,0,0.894
Freshway,CLASSIC_DAIRY_BLOCK,HARTWELL,Hartwell Dairy,Block,2023-05-15,9836,39344.0,4.0,4.0,0.0,0,0,0.88
Freshway,CLASSIC_DAIRY_BLOCK,HARTWELL,Hartwell Dairy,Block,2023-05-22,11177,44708.0,4.0,4.0,0.0,0,0,0.868
Freshway,CLASSIC_DAIRY_BLOCK,HARTWELL,Hartwell Dairy,Block,2023-05-29,10870,43480.0,4.0,4.0,0.0,0,0,0.858
Freshway,CLASSIC_DAIRY_BLOCK,HARTWELL,Hartwell Dairy,Block,2023-06-05,11032,44128.0,4.0,4.0,0.0,0,0,0.85
Freshway,CLASSIC_DAIRY_BLOCK,HARTWELL,Hartwell Dairy,Block,2023-06-12,11604,46416.0,4.0,4.0,0.0,0,0,0.845
Freshway,CLASSIC_DAIRY_BLOCK,HARTWELL,Hartwell Dairy,Block,2023-06-19,10293,41172.0,4.0,4.0,0.0,0,0,0.841
Freshway,CLASSIC_DAIRY_BLOCK,HARTWELL,Hartwell Dairy,Block,2023-06-26,11791,47164.0,4.0,4.0,0.0,0,0,0.84
Freshway,CLASSIC_DAIRY_BLOCK,HARTWELL,Hartwell Dairy,Block,2023-07-03,10104,40416.0,4.0,4.0,0.0,0,0,0.841
Freshway,CLASSIC_DAIRY_BLOCK,HARTWELL,Hartwell Dairy,Block,2023-07-10,18126,58003.2,3.2,4.0,20.0,0,0,0.845
Freshway,CLASSIC_DAIRY_BLOCK,HARTWELL,Hartwell Dairy,Block,2023-07-17,8991,35964.0,4.0,4.0,0.0,0,0,0.85
Freshway,CLASSIC_DAIRY_BLOCK,HARTWELL,Hartwell Dairy,Block,2023-07-24,10270,41080.0,4.0,4.0,0.0,0,0,0.858
Freshway,CLASSIC_DAIRY_BLOCK,HARTWELL,Hartwell Dairy,Block,2023-07-31,9748,38992.0,4.0,4.0,0.0,0,0,0.868
Freshway,CLASSIC_DAIRY_BLOCK,HARTWELL,Hartwell Dairy,Block,2023-08-07,40586,113640.8,2.8,4.0,30.0,0,1,0.88
Freshway,CLASSIC_DAIRY_BLOCK,HARTWELL,Hartwell Dairy,Block,2023-08-14,7804,31216.0,4.0,4.0,0.0,0,0,0.894
Freshway,CLASSIC_DAIRY_BLOCK,HARTWELL,Hartwell Dairy,Block,2023-08-21,48646,136208.8,2.8,4.0,30.0,1,0,0.909
Freshway,CLASSIC_DAIRY_BLOCK,HARTWELL,Hartwell Dairy,Block,2023-08-28,8669,34676.0,4.0,4.0,0.0,0,0,0.926
Freshway,CLASSIC_DAIRY_BLOCK,HARTWELL,Hartwell Dairy,Block,2023-09-04,13112,52448.0,4.0,4.0,0.0,0,0,0.943
Freshway,CLASSIC_DAIRY_BLOCK,HARTWELL,Hartwell Dairy,Block,2023-09-11,12751,51004.0,4.0,4.0,0.0,0,0,0.962
Freshway,CLASSIC_DAIRY_BLOCK,HARTWELL,Hartwell Dairy,Block,2023-09-18,46974,122132.4,2.6,4.0,35.0,0,1,0.981
Freshway,CLASSIC_DAIRY_BLOCK,HARTWELL,Hartwell Dairy,Block,2023-09-25,9942,39768.0,4.0,4.0,0.0,0,0,1.0
Freshway,CLASSIC_DAIRY_BLOCK,HARTWELL,Hartwell Dairy,Block,2023-10-02,14362,57448.0,4.0,4.0,0.0,0,0,1.019
Freshway,CLASSIC_DAIRY_BLOCK,HARTWELL,Hartwell Dairy,Block,2023-10-09,14578,58312.0,4.0,4.0,0.0,0,0,1.038
Freshway,CLASSIC_DAIRY_BLOCK,HARTWELL,Hartwell Dairy,Block,2023-10-16,14648,58592.0,4.0,4.0,0.0,0,0,1.057
Freshway,CLASSIC_DAIRY_BLOCK,HARTWELL,Hartwell Dairy,Block,2023-10-23,13580,54320.0,4.0,4.0,0.0,0,0,1.074
Freshway,CLASSIC_DAIRY_BLOCK,HARTWELL,Hartwell Dairy,Block,2023-10-30,13729,54916.0,4.0,4.0,0.0,0,0,1.091
Freshway,CLASSIC_DAIRY_BLOCK,HARTWELL,Hartwell Dairy,Block,2023-11-06,14401,57604.0,4.0,4.0,0.0,0,0,1.106
Freshway,CLASSIC_DAIRY_BLOCK,HARTWELL,Hartwell Dairy,Block,2023-11-13,14916,59664.0,4.0,4.0,0.0,0,0,1.12
Freshway,CLASSIC_DAIRY_BLOCK,HARTWELL,Hartwell Dairy,Block,2023-11-20,20572,74059.2,3.6,4.0,10.0,0,0,1.132
Freshway,CLASSIC_DAIRY_BLOCK,HARTWELL,Hartwell Dairy,Block,2023-11-27,12660,50640.0,4.0,4.0,0.0,0,0,1.142
Freshway,CLASSIC_DAIRY_BLOCK,HARTWELL,Hartwell Dairy,Block,2023-12-04,15073,60292.0,4.0,4.0,0.0,0,0,1.15
Freshway,CLASSIC_DAIRY_BLOCK,HARTWELL,Hartwell Dairy,Block,2023-12-11,14990,59960.0,4.0,4.0,0.0,0,0,1.155
Freshway,CLASSIC_DAIRY_BLOCK,HARTWELL,Hartwell Dairy,Block,2023-12-18,14359,57436.0,4.0,4.0,0.0,0,0,1.159
Freshway,CLASSIC_DAIRY_BLOCK,HARTWELL,Hartwell Dairy,Block,2023-12-25,24645,83793.0,3.4,4.0,15.0,0,0,1.16
Freshway,DARK_ORCHARD_BLOCK,ORCHARD,Orchard Dark,Block,2021-01-04,3841,19205.0,5.0,5.0,0.0,0,0,1.159
Freshway,DARK_ORCHARD_BLOCK,ORCHARD,Orchard Dark,Block,2021-01-11,3958,19790.0,5.0,5.0,0.0,0,0,1.155
Freshway,DARK_ORCHARD_BLOCK,ORCHARD,Orchard Dark,Block,2021-01-18,3868,19340.0,5.0,5.0,0.0,0,0,1.15
Freshway,DARK_ORCHARD_BLOCK,ORCHARD,Orchard Dark,Block,2021-01-25,3984,19920.0,5.0,5.0,0.0,0,0,1.142
Freshway,DARK_ORCHARD_BLOCK,ORCHARD,Orchard Dark,Block,2021-02-01,8501,34004.0,4.0,5.0,20.0,1,0,1.132
Freshway,DARK_ORCHARD_BLOCK,ORCHARD,Orchard Dark,Block,2021-02-08,3071,15355.0,5.0,5.0,0.0,0,0,1.12
Freshway,DARK_ORCHARD_BLOCK,ORCHARD,Orchard Dark,Block,2021-02-15,4316,19422.0,4.5,5.0,10.0,0,0,1.106
Freshway,DARK_ORCHARD_BLOCK,ORCHARD,Orchard Dark,Block,2021-02-22,3543,17715.0,5.0,5.0,0.0,0,0,1.091
Freshway,DARK_ORCHARD_BLOCK,ORCHARD,Orchard Dark,Block,2021-03-01,3434,17170.0,5.0,5.0,0.0,0,0,1.074
Freshway,DARK_ORCHARD_BLOCK,ORCHARD,Orchard Dark,Block,2021-03-08,3382,16910.0,5.0,5.0,0.0,0,0,1.057
Freshway,DARK_ORCHARD_BLOCK,ORCHARD,Orchard Dark,Block,2021-03-15,10722,34846.5,3.25,5.0,35.0,0,1,1.038
Freshway,DARK_ORCHARD_BLOCK,ORCHARD,Orchard Dark,Block,2021-03-22,3654,14616.0,4.0,5.0,20.0,0,0,1.019
Freshway,DARK_ORCHARD_BLOCK,ORCHARD,Orchard Dark,Block,2021-03-29,5742,18661.5,3.25,5.0,35.0,0,0,1.0
Freshway,DARK_ORCHARD_BLOCK,ORCHARD,Orchard Dark,Block,2021-04-05,2319,11595.0,5.0,5.0,0.0,0,0,1.081
Freshway,DARK_ORCHARD_BLOCK,ORCHARD,Orchard Dark,Block,2021-04-12,3372,16860.0,5.0,5.0,0.0,0,0,1.062
Freshway,DARK_ORCHARD_BLOCK,ORCHARD,Orchard Dark,Block,2021-04-19,6568,24630.0,3.75,5.0,25.0,0,0,1.043
Freshway,DARK_ORCHARD_BLOCK,ORCHARD,Orchard Dark,Block,2021-04-26,2964,14820.0,5.0,5.0,0.0,0,0,1.026
Freshway,DARK_ORCHARD_BLOCK,ORCHARD,Orchard Dark,Block,2021-05-03,4405,17620.0,4.0,5.0,20.0,0,0,0.909
Freshway,DARK_ORCHARD_BLOCK,ORCHARD,Orchard Dark,Block,2021-05-10,2511,12555.0,5.0,5.0,0.0,0,0,0.894
Freshway,DARK_ORCHARD_BLOCK,ORCHARD,Orchard Dark,Block,2021-05-17,7694,28852.5,3.75,5.0,25.0,1,0,0.88
Freshway,DARK_ORCHARD_BLOCK,ORCHARD,Orchard Dark,Block,2021-05-24,2038,10190.0,5.0,5.0,0.0,0,0,0.868
Freshway,DARK_ORCHARD_BLOCK,ORCHARD,Orchard Dark,Block,2021-05-31,3938,16736.5,4.25,5.0,15.0,0,0,0.858
Freshway,DARK_ORCHARD_BLOCK,ORCHARD,Orchard Dark,Block,2021-06-07,2180,10900.0,5.0,5.0,0.0,0,0,0.85
Freshway,DARK_ORCHARD_BLOCK,ORCHARD,Orchard Dark,Block,2021-06-14,5611,19638.5,3.5,5.0,30.0,0,0,0.845
Freshway,DARK_ORCHARD_BLOCK,ORCHARD,Orchard Dark,Block,2021-06-21,2203,11015.0,5.0,5.0,0.0,0,0,0.841
Freshway,DARK_ORCHARD_BLOCK,ORCHARD,Orchard Dark,Block,2021-06-28,2797,13985.0,5.0,5.0,0.0,0,0,0.84
Freshway,DARK_ORCHARD_BLOCK,ORCHARD,Orchard Dark,Block,2021-07-05,2783,13915.0,5.0,5.0,0.0,0,0,0.841
Freshway,DARK_ORCHARD_BLOCK,ORCHARD,Orchard Dark,Block,2021-07-12,2762,13810.0,5.0,5.0,0.0,0,0,0.845
Freshway,DARK_ORCHARD_BLOCK,ORCHARD,Orchard Dark,Block,2021-07-19,5277,18469.5,3.5,5.0,30.0,0,0,0.85
Freshway,DARK_ORCHARD_BLOCK,ORCHARD,Orchard Dark,Block,2021-07-26,2195,10975.0,5.0,5.0,0.0,0,0,0.858
Freshway,DARK_ORCHARD_BLOCK,ORCHARD,Orchard Dark,Block,2021-08-02,2747,13735.0,5.0,5.0,0.0,0,0,0.868
Freshway,DARK_ORCHARD_BLOCK,ORCHARD,Orchard Dark,Block,2021-08-09,5619,21071.25,3.75,5.0,25.0,0,0,0.88
Freshway,DARK_ORCHARD_BLOCK,ORCHARD,Orchard Dark,Block,2021-08-16,2391,11955.0,5.0,5.0,0.0,0,0,0.894
Freshway,DARK_ORCHARD_BLOCK,ORCHARD,Orchard Dark,Block,2021-08-23,3182,15910.0,5.0,5.0,0.0,0,0,0.909
Freshway,DARK_ORCHARD_BLOCK,ORCHARD,Orchard Dark,Block,2021-08-30,2859,14295.0,5.0,5.0,0.0,0,0,0.926
Freshway,DARK_ORCHARD_BLOCK,ORCHARD,Orchard Dark,Block,2021-09-06,2858,14290.0,5.0,5.0,0.0,0,0,0.943
Freshway,DARK_ORCHARD_BLOCK,ORCHARD,Orchard Dark,Block,2021-09-13,3003,15015.0,5.0,5.0,0.0,0,0,0.962
Freshway,DARK_ORCHARD_BLOCK,ORCHARD,Orchard Dark,Block,2021-09-20,3080,15400.0,5.0,5.0,0.0,0,0,0.981
Freshway,DARK_ORCHARD_BLOCK,ORCHARD,Orchard Dark,Block,2021-09-27,6717,26868.0,4.0,5.0,20.0,0,1,1.0
Freshway,DARK_ORCHARD_BLOCK,ORCHARD,Orchard Dark,Block,2021-10-04,2739,13695.0,5.0,5.0,0.0,0,0,1.019
Freshway,DARK_ORCHARD_BLOCK,ORCHARD,Orchard Dark,Block,2021-10-11,3431,17155.0,5.0,5.0,0.0,0,0,1.038
Freshway,DARK_ORCHARD_BLOCK,ORCHARD,Orchard Dark,Block,2021-10-18,3349,16745.0,5.0,5.0,0.0,0,0,1.057
Freshway,DARK_ORCHARD_BLOCK,ORCHARD,Orchard Dark,Block,2021-10-25,3028,15140.0,5.0,5.0,0.0,0,0,1.074
Freshway,DARK_ORCHARD_BLOCK,ORCHARD,Orchard Dark,Block,2021-11-01,3460,17300.0,5.0,5.0,0.0,0,0,1.091
Freshway,DARK_ORCHARD_BLOCK,ORCHARD,Orchard Dark,Block,2021-11-08,3648,18240.0,5.0,5.0,0.0,0,0,1.106
Freshway,DARK_ORCHARD_BLOCK,ORCHARD,Orchard Dark,Block,2021-11-15,4259,21295.0,5.0,5.0,0.0,0,0,1.12
Freshway,DARK_ORCHARD_BLOCK,ORCHARD,Orchard Dark,Block,2021-11-22,3646,18230.0,5.0,5.0,0.0,0,0,1.132
Freshway,DARK_ORCHARD_BLOCK,ORCHARD,Orchard Dark,Block,2021-11-29,3457,17285.0,5.0,5.0,0.0,0,0,1.142
Freshway,DARK_ORCHARD_BLOCK,ORCHARD,Orchard Dark,Block,2021-12-06,3497,17485.0,5.0,5.0,0.0,0,0,1.15
Freshway,DARK_ORCHARD_BLOCK,ORCHARD,Orchard Dark,Block,2021-12-13,3863,19315.0,5.0,5.0,0.0,0,0,1.155
Freshway,DARK_ORCHARD_BLOCK,ORCHARD,Orchard Dark,Block,2021-12-20,3652,18260.0,5.0,5.0,0.0,0,0,1.159
Freshway,DARK_ORCHARD_BLOCK,ORCHARD,Orchard Dark,Block,2021-12-27,3923,19615.0,5.0,5.0,0.0,0,0,1.16
Freshway,DARK_ORCHARD_BLOCK,ORCHARD,Orchard Dark,Block,2022-01-03,3789,18945.0,5.0,5.0,0.0,0,0,1.159
Freshway,DARK_ORCHARD_BLOCK,ORCHARD,Orchard Dark,Block,2022-01-10,5772,23088.0,4.0,5.0,20.0,0,0,1.155
Freshway,DARK_ORCHARD_BLOCK,ORCHARD,Orchard Dark,Block,2022-01-17,3042,15210.0,5.0,5.0,0.0,0,0,1.15
Freshway,DARK_ORCHARD_BLOCK,ORCHARD,Orchard Dark,Block,2022-01-24,7619,26666.5,3.5,5.0,30.0,0,0,1.142
Freshway,DARK_ORCHARD_BLOCK,ORCHARD,Orchard Dark,Block,2022-01-31,6372,25488.0,4.0,5.0,20.0,1,0,1.132
Freshway,DARK_ORCHARD_BLOCK,ORCHARD,Orchard Dark,Block,2022-02-07,3193,15965.0,5.0,5.0,0.0,0,0,1.12
Freshway,DARK_ORCHARD_BLOCK,ORCHARD,Orchard Dark,Block,2022-02-14,3784,18920.0,5.0,5.0,0.0,0,0,1.106
Freshway,DARK_ORCHARD_BLOCK,ORCHARD,Orchard Dark,Block,2022-02-21,4310,21550.0,5.0,5.0,0.0,0,0,1.091
Freshway,DARK_ORCHARD_BLOCK,ORCHARD,Orchard Dark,Block,2022-02-28,3654,18270.0,5.0,5.0,0.0,0,0,1.074
Freshway,DARK_ORCHARD_BLOCK,ORCHARD,Orchard Dark,Block,2022-03-07,3704,18520.0,5.0,5.0,0.0,0,0,1.057
Freshway,DARK_ORCHARD_BLOCK,ORCHARD,Orchard Dark,Block,2022-03-14,5712,21420.0,3.75,5.0,25.0,0,0,1.038
Freshway,DARK_ORCHARD_BLOCK,ORCHARD,Orchard Dark,Block,2022-03-21,2905,14525.0,5.0,5.0,0.0,0,0,1.019
Freshway,DARK_ORCHARD_BLOCK,ORCHARD,Orchard Dark,Block,2022-03-28,3831,19155.0,5.0,5.0,0.0,0,0,1.0
Freshway,DARK_ORCHARD_BLOCK,ORCHARD,Orchard Dark,Block,2022-04-04,5669,22676.0,4.0,5.0,20.0,0,0,1.081
Freshway,DARK_ORCHARD_BLOCK,ORCHARD,Orchard Dark,Block,2022-04-11,6324,20553.0,3.25,5.0,35.0,0,0,1.062
Freshway,DARK_ORCHARD_BLOCK,ORCHARD,Orchard Dark,Block,2022-04-18,8987,29207.75,3.25,5.0,35.0,0,1,1.043
Freshway,DARK_ORCHARD_BLOCK,ORCHARD,Orchard Dark,Block,2022-04-25,2446,12230.0,5.0,5.0,0.0,0,0,1.026
Freshway,DARK_ORCHARD_BLOCK,ORCHARD,Orchard Dark,Block,2022-05-02,3705,15746.25,4.25,5.0,15.0,0,0,0.909
Freshway,DARK_ORCHARD_BLOCK,ORCHARD,Orchard Dark,Block,2022-05-09,2671,13355.0,5.0,5.0,0.0,0,0,0.894
Freshway,DARK_ORCHARD_BLOCK,ORCHARD,Orchard Dark,Block,2022-05-16,2891,14455.0,5.0,5.0,0.0,0,0,0.88
Freshway,DARK_ORCHARD_BLOCK,ORCHARD,Orchard Dark,Block,2022-05-23,2804,14020.0,5.0,5.0,0.0,0,0,0.868
Freshway,DARK_ORCHARD_BLOCK,ORCHARD,Orchard Dark,Block,2022-05-30,2933,14665.0,5.0,5.0,0.0,0,0,0.858
Freshway,DARK_ORCHARD_BLOCK,ORCHARD,Orchard Dark,Block,2022-06-06,4485,19061.25,4.25,5.0,15.0,0,0,0.85
Freshway,DARK_ORCHARD_BLOCK,ORCHARD,Orchard Dark,Block,2022-06-13,2203,11015.0,5.0,5.0,0.0,0,0,0.845
Freshway,DARK_ORCHARD_BLOCK,ORCHARD,Orchard Dark,Block,2022-06-20,2567,12835.0,5.0,5.0,0.0,0,0,0.841
Freshway,DARK_ORCHARD_BLOCK,ORCHARD,Orchard Dark,Block,2022-06-27,2898,14490.0,5.0,5.0,0.0,0,0,0.84
Freshway,DARK_ORCHARD_BLOCK,ORCHARD,Orchard Dark,Block,2022-07-04,4800,20400.0,4.25,5.0,15.0,0,0,0.841
Freshway,DARK_ORCHARD_BLOCK,ORCHARD,Orchard Dark,Block,2022-07-11,2368,11840.0,5.0,5.0,0.0,0,0,0.845
Freshway,DARK_ORCHARD_BLOCK,ORCHARD,Orchard Dark,Block,2022-07-18,2747,13735.0,5.0,5.0,0.0,0,0,0.85
Freshway,DARK_ORCHARD_BLOCK,ORCHARD,Orchard Dark,Block,2022-07-25,2956,14780.0,5.0,5.0,0.0,0,0,0.858
Freshway,DARK_ORCHARD_BLOCK,ORCHARD,Orchard Dark,Block,2022-08-01,2868,14340.0,5.0,5.0,0.0,0,0,0.868
Freshway,DARK_ORCHARD_BLOCK,ORCHARD,Orchard Dark,Block,2022-08-08,3123,15615.0,5.0,5.0,0.0,0,0,0.88
Freshway,DARK_ORCHARD_BLOCK,ORCHARD,Orchard Dark,Block,2022-08-15,5214,19552.5,3.75,5.0,25.0,0,0,0.894
Freshway,DARK_ORCHARD_BLOCK,ORCHARD,Orchard Dark,Block,2022-08-22,6310,23662.5,3.75,5.0,25.0,1,0,0.909
Freshway,DARK_ORCHARD_BLOCK,ORCHARD,Orchard Dark,Block,2022-08-29,2312,11560.0,5.0,5.0,0.0,0,0,0.926
Freshway,DARK_ORCHARD_BLOCK,ORCHARD,Orchard Dark,Block,2022-09-05,7521,30084.0,4.0,5.0,20.0,1,0,0.943
Freshway,DARK_ORCHARD_BLOCK,ORCHARD,Orchard Dark,Block,2022-09-12,2752,13760.0,5.0,5.0,0.0,0,0,0.962
Freshway,DARK_ORCHARD_BLOCK,ORCHARD,Orchard Dark,Block,2022-09-19,3255,16275.0,5.0,5.0,0.0,0,0,0.981
Freshway,DARK_ORCHARD_BLOCK,ORCHARD,Orchard Dark,Block,2022-09-26,3666,18330.0,5.0,5.0,0.0,0,0,1.0
Freshway,DARK_ORCHARD_BLOCK,ORCHARD,Orchard Dark,Block,2022-10-03,3533,17665.0,5.0,5.0,0.0,0,0,1.019
Freshway,DARK_ORCHARD_BLOCK,ORCHARD,Orchard Dark,Block,2022-10-10,3883,19415.0,5.0,5.0,0.0,0,0,1.038
Freshway,DARK_ORCHARD_BLOCK,ORCHARD,Orchard Dark,Block,2022-10-17,3636,18180.0,5.0,5.0,0.0,0,0,1.057
Freshway,DARK_ORCHARD_BLOCK,ORCHARD,Orchard Dark,Block,2022-10-24,3372,16860.0,5.0,5.0,0.0,0,0,1.074
Freshway,DARK_ORCHARD_BLOCK,ORCHARD,Orchard Dark,Block,2022-10-31,3624,18120.0,5.0,5.0,0.0,0,0,1.091
Freshway,DARK_ORCHARD_BLOCK,ORCHARD,Orchard Dark,Block,2022-11-07,3847,19235.0,5.0,5.0,0.0,0,0,1.106
Freshway,DARK_ORCHARD_BLOCK,ORCHARD,Orchard Dark,Block,2022-11-14,7149,25021.5,3.5,5.0,30.0,0,0,1.12
Freshway,DARK_ORCHARD_BLOCK,ORCHARD,Orchard Dark,Block,2022-11-21,3167,15835.0,5.0,5.0,0.0,0,0,1.132
Freshway,DARK_ORCHARD_BLOCK,ORCHARD,Orchard Dark,Block,2022-11-28,3694,18470.0,5.0,5.0,0.0,0,0,1.142
Freshway,DARK_ORCHARD_BLOCK,ORCHARD,Orchard Dark,Block,2022-12-05,8171,28598.5,3.5,5.0,30.0,0,0,1.15
Freshway,DARK_ORCHARD_BLOCK,ORCHARD,Orchard Dark,Block,2022-12-12,2933,14665.0,5.0,5.0,0.0,0,0,1.155
Freshway,DARK_ORCHARD_BLOCK,ORCHARD,Orchard Dark,Block,2022-12-19,4107,20535.0,5.0,5.0,0.0,0,0,1.159
Freshway,DARK_ORCHARD_BLOCK,ORCHARD,Orchard Dark,Block,2022-12-26,3666,18330.0,5.0,5.0,0.0,0,0,1.16
Freshway,DARK_ORCHARD_BLOCK,ORCHARD,Orchard Dark,Block,2023-01-02,4759,23795.0,5.0,5.0,0.0,0,0,1.159
Freshway,DARK_ORCHARD_BLOCK,ORCHARD,Orchard Dark,Block,2023-01-09,3751,18755.0,5.0,5.0,0.0,0,0,1.155
Freshway,DARK_ORCHARD_BLOCK,ORCHARD,Orchard Dark,Block,2023-01-16,7476,26166.0,3.5,5.0,30.0,0,0,1.15
Freshway,DARK_ORCHARD_BLOCK,ORCHARD,Orchard Dark,Block,2023-01-23,2754,13770.0,5.0,5.0,0.0,0,0,1.142
Freshway,DARK_ORCHARD_BLOCK,ORCHARD,Orchard Dark,Block,2023-01-30,4262,21310.0,5.0,5.0,0.0,0,0,1.132
Freshway,DARK_ORCHARD_BLOCK,ORCHARD,Orchard Dark,Block,2023-02-06,4007,20035.0,5.0,5.0,0.0,0,0,1.12
Freshway,DARK_ORCHARD_BLOCK,ORCHARD,Orchard Dark,Block,2023-02-13,4958,22311.0,4.5,5.0,10.0,0,0,1.106
Freshway,DARK_ORCHARD_BLOCK,ORCHARD,Orchard Dark,Block,2023-02-20,4457,18942.25,4.25,5.0,15.0,0,0,1.091
Freshway,DARK_ORCHARD_BLOCK,ORCHARD,Orchard Dark,Block,2023-02-27,3129,15645.0,5.0,5.0,0.0,0,0,1.074
Freshway,DARK_ORCHARD_BLOCK,ORCHARD,Orchard Dark,Block,2023-03-06,4036,20180.0,5.0,5.0,0.0,0,0,1.057
Freshway,DARK_ORCHARD_BLOCK,ORCHARD,Orchard Dark,Block,2023-03-13,3103,15515.0,5.0,5.0,0.0,0,0,1.038
Freshway,DARK_ORCHARD_BLOCK,ORCHARD,Orchard Dark,Block,2023-03-20,11686,37979.5,3.25,5.0,35.0,1,0,1.019
Freshway,DARK_ORCHARD_BLOCK,ORCHARD,Orchard Dark,Block,2023-03-27,7091,23045.75,3.25,5.0,35.0,1,0,1.0
Freshway,DARK_ORCHARD_BLOCK,ORCHARD,Orchard Dark,Block,2023-04-03,2412,12060.0,5.0,5.0,0.0,0,0,1.081
Freshway,DARK_ORCHARD_BLOCK,ORCHARD,Orchard Dark,Block,2023-04-10,3602,18010.0,5.0,5.0,0.0,0,0,1.062
Freshway,DARK_ORCHARD_BLOCK,ORCHARD,Orchard Dark,Block,2023-04-17,5178,23301.0,4.5,5.0,10.0,0,1,1.043
Freshway,DARK_ORCHARD_BLOCK,ORCHARD,Orchard Dark,Block,2023-04-24,3191,15955.0,5.0,5.0,0.0,0,0,1.026
Freshway,DARK_ORCHARD_BLOCK,ORCHARD,Orchard Dark,Block,2023-05-01,4966,19864.0,4.0,5.0,20.0,0,0,0.909
Freshway,DARK_ORCHARD_BLOCK,ORCHARD,Orchard Dark,Block,2023-05-08,2520,12600.0,5.0,5.0,0.0,0,0,0.894
Freshway,DARK_ORCHARD_BLOCK,ORCHARD,Orchard Dark,Block,2023-05-15,4593,18372.0,4.0,5.0,20.0,0,0,0.88
Freshway,DARK_ORCHARD_BLOCK,ORCHARD,Orchard Dark,Block,2023-05-22,2424,12120.0,5.0,5.0,0.0,0,0,0.868
Freshway,DARK_ORCHARD_BLOCK,ORCHARD,Orchard Dark,Block,2023-05-29,2541,12705.0,5.0,5.0,0.0,0,0,0.858
Freshway,DARK_ORCHARD_BLOCK,ORCHARD,Orchard Dark,Block,2023-06-05,4250,18062.5,4.25,5.0,15.0,0,0,0.85
Freshway,DARK_ORCHARD_BLOCK,ORCHARD,Orchard Dark,Block,2023-06-12,2654,13270.0,5.0,5.0,0.0,0,0,0.845
Freshway,DARK_ORCHARD_BLOCK,ORCHARD,Orchard Dark,Block,2023-06-19,3276,16380.0,5.0,5.0,0.0,0,0,0.841
Freshway,DARK_ORCHARD_BLOCK,ORCHARD,Orchard Dark,Block,2023-06-26,2903,14515.0,5.0,5.0,0.0,0,0,0.84
Freshway,DARK_ORCHARD_BLOCK,ORCHARD,Orchard Dark,Block,2023-07-03,6037,21129.5,3.5,5.0,30.0,0,0,0.841
Freshway,DARK_ORCHARD_BLOCK,ORCHARD,Orchard Dark,Block,2023-07-10,2758,12411.0,4.5,5.0,10.0,0,0,0.845
Freshway,DARK_ORCHARD_BLOCK,ORCHARD,Orchard Dark,Block,2023-07-17,4468,16755.0,3.75,5.0,25.0,0,0,0.85
Freshway,DARK_ORCHARD_BLOCK,ORCHARD,Orchard Dark,Block,2023-07-24,2357,11785.0,5.0,5.0,0.0,0,0,0.858
Freshway,DARK_ORCHARD_BLOCK,ORCHARD,Orchard Dark,Block,2023-07-31,5077,20308.0,4.0,5.0,20.0,0,0,0.868
Freshway,DARK_ORCHARD_BLOCK,ORCHARD,Orchard Dark,Block,2023-08-07,4629,17358.75,3.75,5.0,25.0,0,0,0.88
Freshway,DARK_ORCHARD_BLOCK,ORCHARD,Orchard Dark,Block,2023-08-14,2140,10700.0,5.0,5.0,0.0,0,0,0.894
Freshway,DARK_ORCHARD_BLOCK,ORCHARD,Orchard Dark,Block,2023-08-21,3354,16770.0,5.0,5.0,0.0,0,0,0.909
Freshway,DARK_ORCHARD_BLOCK,ORCHARD,Orchard Dark,Block,2023-08-28,3206,16030.0,5.0,5.0,0.0,0,0,0.926
Freshway,DARK_ORCHARD_BLOCK,ORCHARD,Orchard Dark,Block,2023-09-04,3189,15945.0,5.0,5.0,0.0,0,0,0.943
Freshway,DARK_ORCHARD_BLOCK,ORCHARD,Orchard Dark,Block,2023-09-11,5544,20790.0,3.75,5.0,25.0,0,0,0.962
Freshway,DARK_ORCHARD_BLOCK,ORCHARD,Orchard Dark,Block,2023-09-18,2991,14955.0,5.0,5.0,0.0,0,0,0.981
Freshway,DARK_ORCHARD_BLOCK,ORCHARD,Orchard Dark,Block,2023-09-25,3016,15080.0,5.0,5.0,0.0,0,0,1.0
Freshway,DARK_ORCHARD_BLOCK,ORCHARD,Orchard Dark,Block,2023-10-02,3366,16830.0,5.0,5.0,0.0,0,0,1.019
Freshway,DARK_ORCHARD_BLOCK,ORCHARD,Orchard Dark,Block,2023-10-09,3652,18260.0,5.0,5.0,0.0,0,0,1.038
Freshway,DARK_ORCHARD_BLOCK,ORCHARD,Orchard Dark,Block,2023-10-16,5478,21912.0,4.0,5.0,20.0,0,0,1.057
Freshway,DARK_ORCHARD_BLOCK,ORCHARD,Orchard Dark,Block,2023-10-23,3560,17800.0,5.0,5.0,0.0,0,0,1.074
Freshway,DARK_ORCHARD_BLOCK,ORCHARD,Orchard Dark,Block,2023-10-30,3716,18580.0,5.0,5.0,0.0,0,0,1.091
Freshway,DARK_ORCHARD_BLOCK,ORCHARD,Orchard Dark,Block,2023-11-06,3511,17555.0,5.0,5.0,0.0,0,0,1.106
Freshway,DARK_ORCHARD_BLOCK,ORCHARD,Orchard Dark,Block,2023-11-13,8538,27748.5,3.25,5.0,35.0,0,0,1.12
Freshway,DARK_ORCHARD_BLOCK,ORCHARD,Orchard Dark,Block,2023-11-20,4973,22378.5,4.5,5.0,10.0,1,0,1.132
Freshway,DARK_ORCHARD_BLOCK,ORCHARD,Orchard Dark,Block,2023-11-27,3256,16280.0,5.0,5.0,0.0,0,0,1.142
Freshway,DARK_ORCHARD_BLOCK,ORCHARD,Orchard Dark,Block,2023-12-04,3918,19590.0,5.0,5.0,0.0,0,0,1.15
Freshway,DARK_ORCHARD_BLOCK,ORCHARD,Orchard Dark,Block,2023-12-11,4405,19822.5,4.5,5.0,10.0,0,0,1.155
Freshway,DARK_ORCHARD_BLOCK,ORCHARD,Orchard Dark,Block,2023-12-18,7608,24726.0,3.25,5.0,35.0,0,0,1.159
Freshway,DARK_ORCHARD_BLOCK,ORCHARD,Orchard Dark,Block,2023-12-25,3222,16110.0,5.0,5.0,0.0,0,0,1.16
Freshway,GOLDEN_MALT_BLOCK,CRESTLINE,Golden Malt,Block,2021-01-04,6449,23216.4,3.6,4.5,20.0,0,0,1.159
Freshway,GOLDEN_MALT_BLOCK,CRESTLINE,Golden Malt,Block,2021-01-11,3173,14278.5,4.5,4.5,0.0,0,0,1.155
Freshway,GOLDEN_MALT_BLOCK,CRESTLINE,Golden Malt,Block,2021-01-18,9283,29241.45,3.15,4.5,30.0,0,0,1.15
Freshway,GOLDEN_MALT_BLOCK,CRESTLINE,Golden Malt,Block,2021-01-25,5390,18218.2,3.38,4.5,25.0,0,0,1.142
Freshway,GOLDEN_MALT_BLOCK,CRESTLINE,Golden Malt,Block,2021-02-01,3293,14818.5,4.5,4.5,0.0,0,0,1.132
Freshway,GOLDEN_MALT_BLOCK,CRESTLINE,Golden Malt,Block,2021-02-08,17308,50539.36,2.92,4.5,35.0,1,0,1.12
Freshway,GOLDEN_MALT_BLOCK,CRESTLINE,Golden Malt,Block,2021-02-15,3285,14782.5,4.5,4.5,0.0,0,0,1.106
Freshway,GOLDEN_MALT_BLOCK,CRESTLINE,Golden Malt,Block,2021-02-22,3872,17424.0,4.5,4.5,0.0,0,0,1.091
Freshway,GOLDEN_MALT_BLOCK,CRESTLINE,Golden Malt,Block,2021-03-01,3984,17928.0,4.5,4.5,0.0,0,0,1.074
Freshway,GOLDEN_MALT_BLOCK,CRESTLINE,Golden Malt,Block,2021-03-08,9797,35269.2,3.6,4.5,20.0,1,0,1.057
Freshway,GOLDEN_MALT_BLOCK,CRESTLINE,Golden Malt,Block,2021-03-15,7161,29002.05,4.05,4.5,10.0,1,0,1.038
Freshway,GOLDEN_MALT_BLOCK,CRESTLINE,Golden Malt,Block,2021-03-22,2973,13378.5,4.5,4.5,0.0,0,0,1.019
Freshway,GOLDEN_MALT_BLOCK,CRESTLINE,Golden Malt,Block,2021-03-29,3186,14337.0,4.5,4.5,0.0,0,0,1.0
Freshway,GOLDEN_MALT_BLOCK,CRESTLINE,Golden Malt,Block,2021-04-05,4189,18850.5,4.5,4.5,0.0,0,0,1.081
Freshway,GOLDEN_MALT_BLOCK,CRESTLINE,Golden Malt,Block,2021-04-12,3748,16866.0,4.5,4.5,0.0,0,0,1.062
Freshway,GOLDEN_MALT_BLOCK,CRESTLINE,Golden Malt,Block,2021-04-19,4031,18139.5,4.5,4.5,0.0,0,0,1.043
Freshway,GOLDEN_MALT_BLOCK,CRESTLINE,Golden Malt,Block,2021-04-26,3640,16380.0,4.5,4.5,0.0,0,0,1.026
Freshway,GOLDEN_MALT_BLOCK,CRESTLINE,Golden Malt,Block,2021-05-03,3645,16402.5,4.5,4.5,0.0,0,0,0.909
Freshway,GOLDEN_MALT_BLOCK,CRESTLINE,Golden Malt,Block,2021-05-10,4791,17247.6,3.6,4.5,20.0,0,0,0.894
Freshway,GOLDEN_MALT_BLOCK,CRESTLINE,Golden Malt,Block,2021-05-17,2723,12253.5,4.5,4.5,0.0,0,0,0.88
Freshway,GOLDEN_MALT_BLOCK,CRESTLINE,Golden Malt,Block,2021-05-24,2848,12816.0,4.5,4.5,0.0,0,0,0.868
Freshway,GOLDEN_MALT_BLOCK,CRESTLINE,Golden Malt,Block,2021-05-31,8976,26209.92,2.92,4.5,35.0,0,0,0.858
Freshway,GOLDEN_MALT_BLOCK,CRESTLINE,Golden Malt,Block,2021-06-07,3973,14302.8,3.6,4.5,20.0,0,0,0.85
Freshway,GOLDEN_MALT_BLOCK,CRESTLINE,Golden Malt,Block,2021-06-14,2716,12222.0,4.5,4.5,0.0,0,0,0.845
Freshway,GOLDEN_MALT_BLOCK,CRESTLINE,Golden Malt,Block,2021-06-21,3341,15034.5,4.5,4.5,0.0,0,0,0.841
Freshway,GOLDEN_MALT_BLOCK,CRESTLINE,Golden Malt,Block,2021-06-28,3114,14013.0,4.5,4.5,0.0,0,0,0.84
Freshway,GOLDEN_MALT_BLOCK,CRESTLINE,Golden Malt,Block,2021-07-05,2869,12910.5,4.5,4.5,0.0,0,0,0.841
Freshway,GOLDEN_MALT_BLOCK,CRESTLINE,Golden Malt,Block,2021-07-12,2723,12253.5,4.5,4.5,0.0,0,0,0.845
Freshway,GOLDEN_MALT_BLOCK,CRESTLINE,Golden Malt,Block,2021-07-19,3070,13815.0,4.5,4.5,0.0,0,0,0.85
Freshway,GOLDEN_MALT_BLOCK,CRESTLINE,Golden Malt,Block,2021-07-26,7074,22283.1,3.15,4.5,30.0,0,0,0.858
Freshway,GOLDEN_MALT_BLOCK,CRESTLINE,Golden Malt,Block,2021-08-02,2476,11142.0,4.5,4.5,0.0,0,0,0.868
Freshway,GOLDEN_MALT_BLOCK,CRESTLINE,Golden Malt,Block,2021-08-09,4603,16570.8,3.6,4.5,20.0,0,0,0.88
Freshway,GOLDEN_MALT_BLOCK,CRESTLINE,Golden Malt,Block,2021-08-16,2312,10404.0,4.5,4.5,0.0,0,0,0.894
Freshway,GOLDEN_MALT_BLOCK,CRESTLINE,Golden Malt,Block,2021-08-23,5998,21592.8,3.6,4.5,20.0,0,0,0.909
Freshway,GOLDEN_MALT_BLOCK,CRESTLINE,Golden Malt,Block,2021-08-30,3014,13563.0,4.5,4.5,0.0,0,0,0.926
Freshway,GOLDEN_MALT_BLOCK,CRESTLINE,Golden Malt,Block,2021-09-06,3376,15192.0,4.5,4.5,0.0,0,0,0.943
Freshway,GOLDEN_MALT_BLOCK,CRESTLINE,Golden Malt,Block,2021-09-13,3629,16330.5,4.5,4.5,0.0,0,0,0.962
Freshway,GOLDEN_MALT_BLOCK,CRESTLINE,Golden Malt,Block,2021-09-20,3401,15304.5,4.5,4.5,0.0,0,0,0.981
Freshway,GOLDEN_MALT_BLOCK,CRESTLINE,Golden Malt,Block,2021-09-27,4042,18189.0,4.5,4.5,0.0,0,0,1.0
Freshway,GOLDEN_MALT_BLOCK,CRESTLINE,Golden Malt,Block,2021-10-04,4335,19507.5,4.5,4.5,0.0,0,0,1.019
Freshway,GOLDEN_MALT_BLOCK,CRESTLINE,Golden Malt,Block,2021-10-11,3416,15372.0,4.5,4.5,0.0,0,0,1.038
Freshway,GOLDEN_MALT_BLOCK,CRESTLINE,Golden Malt,Block,2021-10-18,4242,19089.0,4.5,4.5,0.0,0,0,1.057
Freshway,GOLDEN_MALT_BLOCK,CRESTLINE,Golden Malt,Block,2021-10-25,4265,17273.25,4.05,4.5,10.0,0,0,1.074
Freshway,GOLDEN_MALT_BLOCK,CRESTLINE,Golden Malt,Block,2021-11-01,3633,16348.5,4.5,4.5,0.0,0,0,1.091
Freshway,GOLDEN_MALT_BLOCK,CRESTLINE,Golden Malt,Block,2021-11-08,3855,17347.5,4.5,4.5,0.0,0,0,1.106
Freshway,GOLDEN_MALT_BLOCK,CRESTLINE,Golden Malt,Block,2021-11-15,4824,21708.0,4.5,4.5,0.0,0,0,1.12
Freshway,GOLDEN_MALT_BLOCK,CRESTLINE,Golden Malt,Block,2021-11-22,3870,17415.0,4.5,4.5,0.0,0,0,1.132
Freshway,GOLDEN_MALT_BLOCK,CRESTLINE,Golden Malt,Block,2021-11-29,17005,53565.75,3.15,4.5,30.0,1,1,1.142
Freshway,GOLDEN_MALT_BLOCK,CRESTLINE,Golden Malt,Block,2021-12-06,3006,13527.0,4.5,4.5,0.0,0,0,1.15
Freshway,GOLDEN_MALT_BLOCK,CRESTLINE,Golden Malt,Block,2021-12-13,3755,16897.5,4.5,4.5,0.0,0,0,1.155
Freshway,GOLDEN_MALT_BLOCK,CRESTLINE,Golden Malt,Block,2021-12-20,4232,19044.0,4.5,4.5,0.0,0,0,1.159
Freshway,GOLDEN_MALT_BLOCK,CRESTLINE,Golden Malt,Block,2021-12-27,4557,20506.5,4.5,4.5,0.0,0,0,1.16
Freshway,GOLDEN_MALT_BLOCK,CRESTLINE,Golden Malt,Block,2022-01-03,8128,27472.64,3.38,4.5,25.0,0,0,1.159
Freshway,GOLDEN_MALT_BLOCK,CRESTLINE,Golden Malt,Block,2022-01-10,8267,24139.64,2.92,4.5,35.0,0,0,1.155
Freshway,GOLDEN_MALT_BLOCK,CRESTLINE,Golden Malt,Block,2022-01-17,2773,12478.5,4.5,4.5,0.0,0,0,1.15
Freshway,GOLDEN_MALT_BLOCK,CRESTLINE,Golden Malt,Block,2022-01-24,3998,17991.0,4.5,4.5,0.0,0,0,1.142
Freshway,GOLDEN_MALT_BLOCK,CRESTLINE,Golden Malt,Block,2022-01-31,4319,19435.5,4.5,4.5,0.0,0,0,1.132
Freshway,GOLDEN_MALT_BLOCK,CRESTLINE,Golden Malt,Block,2022-02-07,9071,30659.98,3.38,4.5,25.0,0,0,1.12
Freshway,GOLDEN_MALT_BLOCK,CRESTLINE,Golden Malt,Block,2022-02-14,3374,15183.0,4.5,4.5,0.0,0,0,1.106
Freshway,GOLDEN_MALT_BLOCK,CRESTLINE,Golden Malt,Block,2022-02-21,7708,31217.4,4.05,4.5,10.0,0,1,1.091
Freshway,GOLDEN_MALT_BLOCK,CRESTLINE,Golden Malt,Block,2022-02-28,7884,26647.92,3.38,4.5,25.0,0,0,1.074
Freshway,GOLDEN_MALT_BLOCK,CRESTLINE,Golden Malt,Block,2022-03-07,3324,14958.0,4.5,4.5,0.0,0,0,1.057
Freshway,GOLDEN_MALT_BLOCK,CRESTLINE,Golden Malt,Block,2022-03-14,6385,20112.75,3.15,4.5,30.0,0,0,1.038
Freshway,GOLDEN_MALT_BLOCK,CRESTLINE,Golden Malt,Block,2022-03-21,10702,31249.84,2.92,4.5,35.0,1,0,1.019
Freshway,GOLDEN_MALT_BLOCK,CRESTLINE,Golden Malt,Block,2022-03-28,3157,14206.5,4.5,4.5,0.0,0,0,1.0
Freshway,GOLDEN_MALT_BLOCK,CRESTLINE,Golden Malt,Block,2022-04-04,4406,19827.0,4.5,4.5,0.0,0,0,1.081
Freshway,GOLDEN_MALT_BLOCK,CRESTLINE,Golden Malt,Block,2022-04-11,3463,15583.5,4.5,4.5,0.0,0,0,1.062
Freshway,GOLDEN_MALT_BLOCK,CRESTLINE,Golden Malt,Block,2022-04-18,4031,18139.5,4.5,4.5,0.0,0,0,1.043
Freshway,GOLDEN_MALT_BLOCK,CRESTLINE,Golden Malt,Block,2022-04-25,4458,20061.0,4.5,4.5,0.0,0,0,1.026
Freshway,GOLDEN_MALT_BLOCK,CRESTLINE,Golden Malt,Block,2022-05-02,3365,15142.5,4.5,4.5,0.0,0,0,0.909
Freshway,GOLDEN_MALT_BLOCK,CRESTLINE,Golden Malt,Block,2022-05-09,3002,13509.0,4.5,4.5,0.0,0,0,0.894
Freshway,GOLDEN_MALT_BLOCK,CRESTLINE,Golden Malt,Block,2022-05-16,2983,13423.5,4.5,4.5,0.0,0,0,0.88
Freshway,GOLDEN_MALT_BLOCK,CRESTLINE,Golden Malt,Block,2022-05-23,7478,28565.96,3.82,4.5,15.0,1,0,0.868
Freshway,GOLDEN_MALT_BLOCK,CRESTLINE,Golden Malt,Block,2022-05-30,2975,13387.5,4.5,4.5,0.0,0,0,0.858
Freshway,GOLDEN_MALT_BLOCK,CRESTLINE,Golden Malt,Block,2022-06-06,3278,14751.0,4.5,4.5,0.0,0,0,0.85
Freshway,GOLDEN_MALT_BLOCK,CRESTLINE,Golden Malt,Block,2022-06-13,3043,13693.5,4.5,4.5,0.0,0,0,0.845
Freshway,GOLDEN_MALT_BLOCK,CRESTLINE,Golden Malt,Block,2022-06-20,3606,16227.0,4.5,4.5,0.0,0,0,0.841
Freshway,GOLDEN_MALT_BLOCK,CRESTLINE,Golden Malt,Block,2022-06-27,5711,21816.02,3.82,4.5,15.0,0,0,0.84
Freshway,GOLDEN_MALT_BLOCK,CRESTLINE,Golden Malt,Block,2022-07-04,2792,12564.0,4.5,4.5,0.0,0,0,0.841
Freshway,GOLDEN_MALT_BLOCK,CRESTLINE,Golden Malt,Block,2022-07-11,3262,14679.0,4.5,4.5,0.0,0,0,0.845
Freshway,GOLDEN_MALT_BLOCK,CRESTLINE,Golden Malt,Block,2022-07-18,3421,15394.5,4.5,4.5,0.0,0,0,0.85
Freshway,GOLDEN_MALT_BLOCK,CRESTLINE,Golden Malt,Block,2022-07-25,2663,11983.5,4.5,4.5,0.0,0,0,0.858
Freshway,GOLDEN_MALT_BLOCK,CRESTLINE,Golden Malt,Block,2022-08-01,3475,15637.5,4.5,4.5,0.0,0,0,0.868
Freshway,GOLDEN_MALT_BLOCK,CRESTLINE,Golden Malt,Block,2022-08-08,3615,16267.5,4.5,4.5,0.0,0,0,0.88
Freshway,GOLDEN_MALT_BLOCK,CRESTLINE,Golden Malt,Block,2022-08-15,6356,21483.28,3.38,4.5,25.0,0,0,0.894
Freshway,GOLDEN_MALT_BLOCK,CRESTLINE,Golden Malt,Block,2022-08-22,2968,13356.0,4.5,4.5,0.0,0,0,0.909
Freshway,GOLDEN_MALT_BLOCK,CRESTLINE,Golden Malt,Block,2022-08-29,3327,14971.5,4.5,4.5,0.0,0,0,0.926
Freshway,GOLDEN_MALT_BLOCK,CRESTLINE,Golden Malt,Block,2022-09-05,6930,23423.4,3.38,4.5,25.0,0,0,0.943
Freshway,GOLDEN_MALT_BLOCK,CRESTLINE,Golden Malt,Block,2022-09-12,2666,11997.0,4.5,4.5,0.0,0,0,0.962
Freshway,GOLDEN_MALT_BLOCK,CRESTLINE,Golden Malt,Block,2022-09-19,3841,17284.5,4.5,4.5,0.0,0,0,0.981
Freshway,GOLDEN_MALT_BLOCK,CRESTLINE,Golden Malt,Block,2022-09-26,3985,17932.5,4.5,4.5,0.0,0,0,1.0
Freshway,GOLDEN_MALT_BLOCK,CRESTLINE,Golden Malt,Block,2022-10-03,8076,25439.4,3.15,4.5,30.0,0,0,1.019
Freshway,GOLDEN_MALT_BLOCK,CRESTLINE,Golden Malt,Block,2022-10-10,4843,17434.8,3.6,4.5,20.0,0,0,1.038
Freshway,GOLDEN_MALT_BLOCK,CRESTLINE,Golden Malt,Block,2022-10-17,5644,20318.4,3.6,4.5,20.0,0,0,1.057
Freshway,GOLDEN_MALT_BLOCK,CRESTLINE,Golden Malt,Block,2022-10-24,3755,16897.5,4.5,4.5,0.0,0,0,1.074
Freshway,GOLDEN_MALT_BLOCK,CRESTLINE,Golden Malt,Block,2022-10-31,3747,16861.5,4.5,4.5,0.0,0,0,1.091
Freshway,GOLDEN_MALT_BLOCK,CRESTLINE,Golden Malt,Block,2022-11-07,7936,32140.8,4.05,4.5,10.0,1,0,1.106
Freshway,GOLDEN_MALT_BLOCK,CRESTLINE,Golden Malt,Block,2022-11-14,3926,17667.0,4.5,4.5,0.0,0,0,1.12
Freshway,GOLDEN_MALT_BLOCK,CRESTLINE,Golden Malt,Block,2022-11-21,8373,26374.95,3.15,4.5,30.0,0,0,1.132
Freshway,GOLDEN_MALT_BLOCK,CRESTLINE,Golden Malt,Block,2022-11-28,3629,16330.5,4.5,4.5,0.0,0,0,1.142
Freshway,GOLDEN_MALT_BLOCK,CRESTLINE,Golden Malt,Block,2022-12-05,4674,21033.0,4.5,4.5,0.0,0,0,1.15
Freshway,GOLDEN_MALT_BLOCK,CRESTLINE,Golden Malt,Block,2022-12-12,4457,20056.5,4.5,4.5,0.0,0,0,1.155
Freshway,GOLDEN_MALT_BLOCK,CRESTLINE,Golden Malt,Block,2022-12-19,4131,18589.5,4.5,4.5,0.0,0,0,1.159
Freshway,GOLDEN_MALT_BLOCK,CRESTLINE,Golden Malt,Block,2022-12-26,17142,65482.44,3.82,4.5,15.0,1,1,1.16
Freshway,GOLDEN_MALT_BLOCK,CRESTLINE,Golden Malt,Block,2023-01-02,3605,16222.5,4.5,4.5,0.0,0,0,1.159
Freshway,GOLDEN_MALT_BLOCK,CRESTLINE,Golden Malt,Block,2023-01-09,4897,22036.5,4.5,4.5,0.0,0,0,1.155
Freshway,GOLDEN_MALT_BLOCK,CRESTLINE,Golden Malt,Block,2023-01-16,4837,21766.5,4.5,4.5,0.0,0,0,1.15
Freshway,GOLDEN_MALT_BLOCK,CRESTLINE,Golden Malt,Block,2023-01-23,5023,22603.5,4.5,4.5,0.0,0,0,1.142
Freshway,GOLDEN_MALT_BLOCK,CRESTLINE,Golden Malt,Block,2023-01-30,3610,16245.0,4.5,4.5,0.0,0,0,1.132
Freshway,GOLDEN_MALT_BLOCK,CRESTLINE,Golden Malt,Block,2023-02-06,3529,15880.5,4.5,4.5,0.0,0,0,1.12
Freshway,GOLDEN_MALT_BLOCK,CRESTLINE,Golden Malt,Block,2023-02-13,3621,16294.5,4.5,4.5,0.0,0,0,1.106
Freshway,GOLDEN_MALT_BLOCK,CRESTLINE,Golden Malt,Block,2023-02-20,10852,31687.84,2.92,4.5,35.0,0,0,1.091
Freshway,GOLDEN_MALT_BLOCK,CRESTLINE,Golden Malt,Block,2023-02-27,3061,13774.5,4.5,4.5,0.0,0,0,1.074
Freshway,GOLDEN_MALT_BLOCK,CRESTLINE,Golden Malt,Block,2023-03-06,10520,35557.6,3.38,4.5,25.0,1,0,1.057
Freshway,GOLDEN_MALT_BLOCK,CRESTLINE,Golden Malt,Block,2023-03-13,3151,14179.5,4.5,4.5,0.0,0,0,1.038
Freshway,GOLDEN_MALT_BLOCK,CRESTLINE,Golden Malt,Block,2023-03-20,3857,17356.5,4.5,4.5,0.0,0,0,1.019
Freshway,GOLDEN_MALT_BLOCK,CRESTLINE,Golden Malt,Block,2023-03-27,3940,17730.0,4.5,4.5,0.0,0,0,1.0
Freshway,GOLDEN_MALT_BLOCK,CRESTLINE,Golden Malt,Block,2023-04-03,4418,19881.0,4.5,4.5,0.0,0,0,1.081
Freshway,GOLDEN_MALT_BLOCK,CRESTLINE,Golden Malt,Block,2023-04-10,10367,30271.64,2.92,4.5,35.0,0,0,1.062
Freshway,GOLDEN_MALT_BLOCK,CRESTLINE,Golden Malt,Block,2023-04-17,3031,12275.55,4.05,4.5,10.0,0,0,1.043
Freshway,GOLDEN_MALT_BLOCK,CRESTLINE,Golden Malt,Block,2023-04-24,6362,25766.1,4.05,4.5,10.0,0,1,1.026
Freshway,GOLDEN_MALT_BLOCK,CRESTLINE,Golden Malt,Block,2023-05-01,3279,14755.5,4.5,4.5,0.0,0,0,0.909
Freshway,GOLDEN_MALT_BLOCK,CRESTLINE,Golden Malt,Block,2023-05-08,6116,20672.08,3.38,4.5,25.0,0,0,0.894
Freshway,GOLDEN_MALT_BLOCK,CRESTLINE,Golden Malt,Block,2023-05-15,3129,14080.5,4.5,4.5,0.0,0,0,0.88
Freshway,GOLDEN_MALT_BLOCK,CRESTLINE,Golden Malt,Block,2023-05-22,5049,19287.18,3.82,4.5,15.0,0,0,0.868
Freshway,GOLDEN_MALT_BLOCK,CRESTLINE,Golden Malt,Block,2023-05-29,3458,14004.9,4.05,4.5,10.0,0,0,0.858
Freshway,GOLDEN_MALT_BLOCK,CRESTLINE,Golden Malt,Block,2023-06-05,2680,12060.0,4.5,4.5,0.0,0,0,0.85
Freshway,GOLDEN_MALT_BLOCK,CRESTLINE,Golden Malt,Block,2023-06-12,7512,23662.8,3.15,4.5,30.0,0,0,0.845
Freshway,GOLDEN_MALT_BLOCK,CRESTLINE,Golden Malt,Block,2023-06-19,2519,10201.95,4.05,4.5,10.0,0,0,0.841
Freshway,GOLDEN_MALT_BLOCK,CRESTLINE,Golden Malt,Block,2023-06-26,3616,16272.0,4.5,4.5,0.0,0,0,0.84
Freshway,GOLDEN_MALT_BLOCK,CRESTLINE,Golden Malt,Block,2023-07-03,13338,38946.96,2.92,4.5,35.0,1,0,0.841
Freshway,GOLDEN_MALT_BLOCK,CRESTLINE,Golden Malt,Block,2023-07-10,2565,11542.5,4.5,4.5,0.0,0,0,0.845
Freshway,GOLDEN_MALT_BLOCK,CRESTLINE,Golden Malt,Block,2023-07-17,3478,15651.0,4.5,4.5,0.0,0,0,0.85
Freshway,GOLDEN_MALT_BLOCK,CRESTLINE,Golden Malt,Block,2023-07-24,3597,16186.5,4.5,4.5,0.0,0,0,0.858
Freshway,GOLDEN_MALT_BLOCK,CRESTLINE,Golden Malt,Block,2023-07-31,3500,15750.0,4.5,4.5,0.0,0,0,0.868
Freshway,GOLDEN_MALT_BLOCK,CRESTLINE,Golden Malt,Block,2023-08-07,3299,14845.5,4.5,4.5,0.0,0,0,0.88
Freshway,GOLDEN_MALT_BLOCK,CRESTLINE,Golden Malt,Block,2023-08-14,5925,22633.5,3.82,4.5,15.0,0,0,0.894
Freshway,GOLDEN_MALT_BLOCK,CRESTLINE,Golden Malt,Block,2023-08-21,5856,19793.28,3.38,4.5,25.0,0,0,0.909
Freshway,GOLDEN_MALT_BLOCK,CRESTLINE,Golden Malt,Block,2023-08-28,2984,13428.0,4.5,4.5,0.0,0,0,0.926
Freshway,GOLDEN_MALT_BLOCK,CRESTLINE,Golden Malt,Block,2023-09-04,3809,17140.5,4.5,4.5,0.0,0,0,0.943
Freshway,GOLDEN_MALT_BLOCK,CRESTLINE,Golden Malt,Block,2023-09-11,3724,16758.0,4.5,4.5,0.0,0,0,0.962
Freshway,GOLDEN_MALT_BLOCK,CRESTLINE,Golden Malt,Block,2023-09-18,6979,21983.85,3.15,4.5,30.0,0,0,0.981
Freshway,GOLDEN_MALT_BLOCK,CRESTLINE,Golden Malt,Block,2023-09-25,2768,12456.0,4.5,4.5,0.0,0,0,1.0
Freshway,GOLDEN_MALT_BLOCK,CRESTLINE,Golden Malt,Block,2023-10-02,10929,36940.02,3.38,4.5,25.0,0,1,1.019
Freshway,GOLDEN_MALT_BLOCK,CRESTLINE,Golden Malt,Block,2023-10-09,3375,15187.5,4.5,4.5,0.0,0,0,1.038
Freshway,GOLDEN_MALT_BLOCK,CRESTLINE,Golden Malt,Block,2023-10-16,4153,18688.5,4.5,4.5,0.0,0,0,1.057
Freshway,GOLDEN_MALT_BLOCK,CRESTLINE,Golden Malt,Block,2023-10-23,4867,21901.5,4.5,4.5,0.0,0,0,1.074
Freshway,GOLDEN_MALT_BLOCK,CRESTLINE,Golden Malt,Block,2023-10-30,8520,26838.0,3.15,4.5,30.0,0,0,1.091
Freshway,GOLDEN_MALT_BLOCK,CRESTLINE,Golden Malt,Block,2023-11-06,11453,38711.14,3.38,4.5,25.0,1,0,1.106
Freshway,GOLDEN_MALT_BLOCK,CRESTLINE,Golden Malt,Block,2023-11-13,3263,14683.5,4.5,4.5,0.0,0,0,1.12
Freshway,GOLDEN_MALT_BLOCK,CRESTLINE,Golden Malt,Block,2023-11-20,9405,35927.1,3.82,4.5,15.0,0,1,1.132
Freshway,GOLDEN_MALT_BLOCK,CRESTLINE,Golden Malt,Block,2023-11-27,4527,20371.5,4.5,4.5,0.0,0,0,1.142
Freshway,GOLDEN_MALT_BLOCK,CRESTLINE,Golden Malt,Block,2023-12-04,3926,17667.0,4.5,4.5,0.0,0,0,1.15
Freshway,GOLDEN_MALT_BLOCK,CRESTLINE,Golden Malt,Block,2023-12-11,4550,20475.0,4.5,4.5,0.0,0,0,1.155
Freshway,GOLDEN_MALT_BLOCK,CRESTLINE,Golden Malt,Block,2023-12-18,4618,20781.0,4.5,4.5,0.0,0,0,1.159
Freshway,GOLDEN_MALT_BLOCK,CRESTLINE,Golden Malt,Block,2023-12-25,4370,19665.0,4.5,4.5,0.0,0,0,1.16
Freshway,HONEY_NOUGAT_SINGLE,CRESTLINE,Honey Nougat,Single,2021-01-04,10975,21950.0,2.0,2.0,0.0,0,0,1.159
Freshway,HONEY_NOUGAT_SINGLE,CRESTLINE,Honey Nougat,Single,2021-01-11,9828,19656.0,2.0,2.0,0.0,0,0,1.155
Freshway,HONEY_NOUGAT_SINGLE,CRESTLINE,Honey Nougat,Single,2021-01-18,64158,83405.4,1.3,2.0,35.0,1,1,1.15
Freshway,HONEY_NOUGAT_SINGLE,CRESTLINE,Honey Nougat,Single,2021-01-25,7338,14676.0,2.0,2.0,0.0,0,0,1.142
Freshway,HONEY_NOUGAT_SINGLE,CRESTLINE,Honey Nougat,Single,2021-02-01,15862,25379.2,1.6,2.0,20.0,0,0,1.132
Freshway,HONEY_NOUGAT_SINGLE,CRESTLINE,Honey Nougat,Single,2021-02-08,9351,16831.8,1.8,2.0,10.0,0,0,1.12
Freshway,HONEY_NOUGAT_SINGLE,CRESTLINE,Honey Nougat,Single,2021-02-15,8021,16042.0,2.0,2.0,0.0,0,0,1.106
Freshway,HONEY_NOUGAT_SINGLE,CRESTLINE,Honey Nougat,Single,2021-02-22,9151,18302.0,2.0,2.0,0.0,0,0,1.091
Freshway,HONEY_NOUGAT_SINGLE,CRESTLINE,Honey Nougat,Single,2021-03-01,13514,22973.8,1.7,2.0,15.0,0,0,1.074
Freshway,HONEY_NOUGAT_SINGLE,CRESTLINE,Honey Nougat,Single,2021-03-08,7260,14520.0,2.0,2.0,0.0,0,0,1.057
Freshway,HONEY_NOUGAT_SINGLE,CRESTLINE,Honey Nougat,Single,2021-03-15,9067,18134.0,2.0,2.0,0.0,0,0,1.038
Freshway,HONEY_NOUGAT_SINGLE,CRESTLINE,Honey Nougat,Single,2021-03-22,9088,18176.0,2.0,2.0,0.0,0,0,1.019
Freshway,HONEY_NOUGAT_SINGLE,CRESTLINE,Honey Nougat,Single,2021-03-29,8838,17676.0,2.0,2.0,0.0,0,0,1.0
Freshway,HONEY_NOUGAT_SINGLE,CRESTLINE,Honey Nougat,Single,2021-04-05,9349,18698.0,2.0,2.0,0.0,0,0,1.081
Freshway,HONEY_NOUGAT_SINGLE,CRESTLINE,Honey Nougat,Single,2021-04-12,8901,17802.0,2.0,2.0,0.0,0,0,1.062
Freshway,HONEY_NOUGAT_SINGLE,CRESTLINE,Honey Nougat,Single,2021-04-19,9850,19700.0,2.0,2.0,0.0,0,0,1.043
Freshway,HONEY_NOUGAT_SINGLE,CRESTLINE,Honey Nougat,Single,2021-04-26,18144,25401.6,1.4,2.0,30.0,0,0,1.026
Freshway,HONEY_NOUGAT_SINGLE,CRESTLINE,Honey Nougat,Single,2021-05-03,16054,20870.2,1.3,2.0,35.0,0,0,0.909
Freshway,HONEY_NOUGAT_SINGLE,CRESTLINE,Honey Nougat,Single,2021-05-10,5737,11474.0,2.0,2.0,0.0,0,0,0.894
Freshway,HONEY_NOUGAT_SINGLE,CRESTLINE,Honey Nougat,Single,2021-05-17,11249,19123.3,1.7,2.0,15.0,0,0,0.88
Freshway,HONEY_NOUGAT_SINGLE,CRESTLINE,Honey Nougat,Single,2021-05-24,6842,13684.0,2.0,2.0,0.0,0,0,0.868
Freshway,HONEY_NOUGAT_SINGLE,CRESTLINE,Honey Nougat,Single,2021-05-31,8247,16494.0,2.0,2.0,0.0,0,0,0.858
Freshway,HONEY_NOUGAT_SINGLE,CRESTLINE,Honey Nougat,Single,2021-06-07,7288,14576.0,2.0,2.0,0.0,0,0,0.85
Freshway,HONEY_NOUGAT_SINGLE,CRESTLINE,Honey Nougat,Single,2021-06-14,14471,23153.6,1.6,2.0,20.0,0,0,0.845
Freshway,HONEY_NOUGAT_SINGLE,CRESTLINE,Honey Nougat,Single,2021-06-21,5755,11510.0,2.0,2.0,0.0,0,0,0.841
Freshway,HONEY_NOUGAT_SINGLE,CRESTLINE,Honey Nougat,Single,2021-06-28,6971,13942.0,2.0,2.0,0.0,0,0,0.84
Freshway,HONEY_NOUGAT_SINGLE,CRESTLINE,Honey Nougat,Single,2021-07-05,6736,13472.0,2.0,2.0,0.0,0,0,0.841
Freshway,HONEY_NOUGAT_SINGLE,CRESTLINE,Honey Nougat,Single,2021-07-12,21842,39315.6,1.8,2.0,10.0,1,1,0.845
Freshway,HONEY_NOUGAT_SINGLE,CRESTLINE,Honey Nougat,Single,2021-07-19,19600,31360.0,1.6,2.0,20.0,1,0,0.85
Freshway,HONEY_NOUGAT_SINGLE,CRESTLINE,Honey Nougat,Single,2021-07-26,6020,12040.0,2.0,2.0,0.0,0,0,0.858
Freshway,HONEY_NOUGAT_SINGLE,CRESTLINE,Honey Nougat,Single,2021-08-02,7336,14672.0,2.0,2.0,0.0,0,0,0.868
Freshway,HONEY_NOUGAT_SINGLE,CRESTLINE,Honey Nougat,Single,2021-08-09,7619,15238.0,2.0,2.0,0.0,0,0,0.88
Freshway,HONEY_NOUGAT_SINGLE,CRESTLINE,Honey Nougat,Single,2021-08-16,7419,14838.0,2.0,2.0,0.0,0,0,0.894
Freshway,HONEY_NOUGAT_SINGLE,CRESTLINE,Honey Nougat,Single,2021-08-23,16185,24277.5,1.5,2.0,25.0,0,0,0.909
Freshway,HONEY_NOUGAT_SINGLE,CRESTLINE,Honey Nougat,Single,2021-08-30,6436,12872.0,2.0,2.0,0.0,0,0,0.926
Freshway,HONEY_NOUGAT_SINGLE,CRESTLINE,Honey Nougat,Single,2021-09-06,23356,30362.8,1.3,2.0,35.0,0,0,0.943
Freshway,HONEY_NOUGAT_SINGLE,CRESTLINE,Honey Nougat,Single,2021-09-13,5863,11726.0,2.0,2.0,0.0,0,0,0.962
Freshway,HONEY_NOUGAT_SINGLE,CRESTLINE,Honey Nougat,Single,2021-09-20,22596,40672.8,1.8,2.0,10.0,1,1,0.981
Freshway,HONEY_NOUGAT_SINGLE,CRESTLINE,Honey Nougat,Single,2021-09-27,8456,16912.0,2.0,2.0,0.0,0,0,1.0
Freshway,HONEY_NOUGAT_SINGLE,CRESTLINE,Honey Nougat,Single,2021-10-04,7947,15894.0,2.0,2.0,0.0,0,0,1.019
Freshway,HONEY_NOUGAT_SINGLE,CRESTLINE,Honey Nougat,Single,2021-10-11,19873,27822.2,1.4,2.0,30.0,0,0,1.038
Freshway,HONEY_NOUGAT_SINGLE,CRESTLINE,Honey Nougat,Single,2021-10-18,6368,12736.0,2.0,2.0,0.0,0,0,1.057
Freshway,HONEY_NOUGAT_SINGLE,CRESTLINE,Honey Nougat,Single,2021-10-25,7687,15374.0,2.0,2.0,0.0,0,0,1.074
Freshway,HONEY_NOUGAT_SINGLE,CRESTLINE,Honey Nougat,Single,2021-11-01,10139,20278.0,2.0,2.0,0.0,0,0,1.091
Freshway,HONEY_NOUGAT_SINGLE,CRESTLINE,Honey Nougat,Single,2021-11-08,10764,21528.0,2.0,2.0,0.0,0,0,1.106
Freshway,HONEY_NOUGAT_SINGLE,CRESTLINE,Honey Nougat,Single,2021-11-15,9333,18666.0,2.0,2.0,0.0,0,0,1.12
Freshway,HONEY_NOUGAT_SINGLE,CRESTLINE,Honey Nougat,Single,2021-11-22,9456,18912.0,2.0,2.0,0.0,0,0,1.132
Freshway,HONEY_NOUGAT_SINGLE,CRESTLINE,Honey Nougat,Single,2021-11-29,23910,31083.0,1.3,2.0,35.0,0,0,1.142
Freshway,HONEY_NOUGAT_SINGLE,CRESTLINE,Honey Nougat,Single,2021-12-06,8802,15843.6,1.8,2.0,10.0,0,0,1.15
Freshway,HONEY_NOUGAT_SINGLE,CRESTLINE,Honey Nougat,Single,2021-12-13,9614,19228.0,2.0,2.0,0.0,0,0,1.155
Freshway,HONEY_NOUGAT_SINGLE,CRESTLINE,Honey Nougat,Single,2021-12-20,10122,20244.0,2.0,2.0,0.0,0,0,1.159
Freshway,HONEY_NOUGAT_SINGLE,CRESTLINE,Honey Nougat,Single,2021-12-27,9195,18390.0,2.0,2.0,0.0,0,0,1.16
Freshway,HONEY_NOUGAT_SINGLE,CRESTLINE,Honey Nougat,Single,2022-01-03,11239,22478.0,2.0,2.0,0.0,0,0,1.159
Freshway,HONEY_NOUGAT_SINGLE,CRESTLINE,Honey Nougat,Single,2022-01-10,10882,21764.0,2.0,2.0,0.0,0,0,1.155
Freshway,HONEY_NOUGAT_SINGLE,CRESTLINE,Honey Nougat,Single,2022-01-17,8345,16690.0,2.0,2.0,0.0,0,0,1.15
Freshway,HONEY_NOUGAT_SINGLE,CRESTLINE,Honey Nougat,Single,2022-01-24,10111,20222.0,2.0,2.0,0.0,0,0,1.142
Freshway,HONEY_NOUGAT_SINGLE,CRESTLINE,Honey Nougat,Single,2022-01-31,10954,21908.0,2.0,2.0,0.0,0,0,1.132
Freshway,HONEY_NOUGAT_SINGLE,CRESTLINE,Honey Nougat,Single,2022-02-07,10327,20654.0,2.0,2.0,0.0,0,0,1.12
Freshway,HONEY_NOUGAT_SINGLE,CRESTLINE,Honey Nougat,Single,2022-02-14,11780,23560.0,2.0,2.0,0.0,0,0,1.106
Freshway,HONEY_NOUGAT_SINGLE,CRESTLINE,Honey Nougat,Single,2022-02-21,15678,25084.8,1.6,2.0,20.0,0,0,1.091
Freshway,HONEY_NOUGAT_SINGLE,CRESTLINE,Honey Nougat,Single,2022-02-28,7800,15600.0,2.0,2.0,0.0,0,0,1.074
Freshway,HONEY_NOUGAT_SINGLE,CRESTLINE,Honey Nougat,Single,2022-03-07,9561,19122.0,2.0,2.0,0.0,0,0,1.057
Freshway,HONEY_NOUGAT_SINGLE,CRESTLINE,Honey Nougat,Single,2022-03-14,7743,15486.0,2.0,2.0,0.0,0,0,1.038
Freshway,HONEY_NOUGAT_SINGLE,CRESTLINE,Honey Nougat,Single,2022-03-21,26839,34890.7,1.3,2.0,35.0,0,0,1.019
Freshway,HONEY_NOUGAT_SINGLE,CRESTLINE,Honey Nougat,Single,2022-03-28,6511,13022.0,2.0,2.0,0.0,0,0,1.0
Freshway,HONEY_NOUGAT_SINGLE,CRESTLINE,Honey Nougat,Single,2022-04-04,10545,21090.0,2.0,2.0,0.0,0,0,1.081
Freshway,HONEY_NOUGAT_SINGLE,CRESTLINE,Honey Nougat,Single,2022-04-11,27409,35631.7,1.3,2.0,35.0,0,0,1.062
Freshway,HONEY_NOUGAT_SINGLE,CRESTLINE,Honey Nougat,Single,2022-04-18,6578,13156.0,2.0,2.0,0.0,0,0,1.043
Freshway,HONEY_NOUGAT_SINGLE,CRESTLINE,Honey Nougat,Single,2022-04-25,9268,18536.0,2.0,2.0,0.0,0,0,1.026
Freshway,HONEY_NOUGAT_SINGLE,CRESTLINE,Honey Nougat,Single,2022-05-02,8715,17430.0,2.0,2.0,0.0,0,0,0.909
Freshway,HONEY_NOUGAT_SINGLE,CRESTLINE,Honey Nougat,Single,2022-05-09,12511,21268.7,1.7,2.0,15.0,0,0,0.894
Freshway,HONEY_NOUGAT_SINGLE,CRESTLINE,Honey Nougat,Single,2022-05-16,16834,25251.0,1.5,2.0,25.0,0,1,0.88
Freshway,HONEY_NOUGAT_SINGLE,CRESTLINE,Honey Nougat,Single,2022-05-23,8222,14799.6,1.8,2.0,10.0,0,0,0.868
Freshway,HONEY_NOUGAT_SINGLE,CRESTLINE,Honey Nougat,Single,2022-05-30,7298,14596.0,2.0,2.0,0.0,0,0,0.858
Freshway,HONEY_NOUGAT_SINGLE,CRESTLINE,Honey Nougat,Single,2022-06-06,14606,23369.6,1.6,2.0,20.0,0,0,0.85
Freshway,HONEY_NOUGAT_SINGLE,CRESTLINE,Honey Nougat,Single,2022-06-13,5182,10364.0,2.0,2.0,0.0,0,0,0.845
Freshway,HONEY_NOUGAT_SINGLE,CRESTLINE,Honey Nougat,Single,2022-06-20,28939,40514.6,1.4,2.0,30.0,1,0,0.841
Freshway,HONEY_NOUGAT_SINGLE,CRESTLINE,Honey Nougat,Single,2022-06-27,6350,12700.0,2.0,2.0,0.0,0,0,0.84
Freshway,HONEY_NOUGAT_SINGLE,CRESTLINE,Honey Nougat,Single,2022-07-04,7449,14898.0,2.0,2.0,0.0,0,0,0.841
Freshway,HONEY_NOUGAT_SINGLE,CRESTLINE,Honey Nougat,Single,2022-07-11,17013,28922.1,1.7,2.0,15.0,0,1,0.845
Freshway,HONEY_NOUGAT_SINGLE,CRESTLINE,Honey Nougat,Single,2022-07-18,15319,21446.6,1.4,2.0,30.0,0,0,0.85
Freshway,HONEY_NOUGAT_SINGLE,CRESTLINE,Honey Nougat,Single,2022-07-25,4844,9688.0,2.0,2.0,0.0,0,0,0.858
Freshway,HONEY_NOUGAT_SINGLE,CRESTLINE,Honey Nougat,Single,2022-08-01,33562,43630.6,1.3,2.0,35.0,0,1,0.868
Freshway,HONEY_NOUGAT_SINGLE,CRESTLINE,Honey Nougat,Single,2022-08-08,6480,12960.0,2.0,2.0,0.0,0,0,0.88
Freshway,HONEY_NOUGAT_SINGLE,CRESTLINE,Honey Nougat,Single,2022-08-15,11910,20247.0,1.7,2.0,15.0,0,0,0.894
Freshway,HONEY_NOUGAT_SINGLE,CRESTLINE,Honey Nougat,Single,2022-08-22,6558,13116.0,2.0,2.0,0.0,0,0,0.909
Freshway,HONEY_NOUGAT_SINGLE,CRESTLINE,Honey Nougat,Single,2022-08-29,8646,17292.0,2.0,2.0,0.0,0,0,0.926
Freshway,HONEY_NOUGAT_SINGLE,CRESTLINE,Honey Nougat,Single,2022-09-05,8328,16656.0,2.0,2.0,0.0,0,0,0.943
Freshway,HONEY_NOUGAT_SINGLE,CRESTLINE,Honey Nougat,Single,2022-09-12,35147,45691.1,1.3,2.0,35.0,1,0,0.962
Freshway,HONEY_NOUGAT_SINGLE,CRESTLINE,Honey Nougat,Single,2022-09-19,6144,12288.0,2.0,2.0,0.0,0,0,0.981
Freshway,HONEY_NOUGAT_SINGLE,CRESTLINE,Honey Nougat,Single,2022-09-26,9194,18388.0,2.0,2.0,0.0,0,0,1.0
Freshway,HONEY_NOUGAT_SINGLE,CRESTLINE,Honey Nougat,Single,2022-10-03,38929,54500.6,1.4,2.0,30.0,0,1,1.019
Freshway,HONEY_NOUGAT_SINGLE,CRESTLINE,Honey Nougat,Single,2022-10-10,20567,37020.6,1.8,2.0,10.0,1,1,1.038
Freshway,HONEY_NOUGAT_SINGLE,CRESTLINE,Honey Nougat,Single,2022-10-17,9011,18022.0,2.0,2.0,0.0,0,0,1.057
Freshway,HONEY_NOUGAT_SINGLE,CRESTLINE,Honey Nougat,Single,2022-10-24,10428,20856.0,2.0,2.0,0.0,0,0,1.074
Freshway,HONEY_NOUGAT_SINGLE,CRESTLINE,Honey Nougat,Single,2022-10-31,9919,19838.0,2.0,2.0,0.0,0,0,1.091
Freshway,HONEY_NOUGAT_SINGLE,CRESTLINE,Honey Nougat,Single,2022-11-07,9545,19090.0,2.0,2.0,0.0,0,0,1.106
Freshway,HONEY_NOUGAT_SINGLE,CRESTLINE,Honey Nougat,Single,2022-11-14,11771,23542.0,2.0,2.0,0.0,0,0,1.12
Freshway,HONEY_NOUGAT_SINGLE,CRESTLINE,Honey Nougat,Single,2022-11-21,23263,34894.5,1.5,2.0,25.0,0,0,1.132
Freshway,HONEY_NOUGAT_SINGLE,CRESTLINE,Honey Nougat,Single,2022-11-28,18290,27435.0,1.5,2.0,25.0,0,0,1.142
Freshway,HONEY_NOUGAT_SINGLE,CRESTLINE,Honey Nougat,Single,2022-12-05,9832,19664.0,2.0,2.0,0.0,0,0,1.15
Freshway,HONEY_NOUGAT_SINGLE,CRESTLINE,Honey Nougat,Single,2022-12-12,9188,18376.0,2.0,2.0,0.0,0,0,1.155
Freshway,HONEY_NOUGAT_SINGLE,CRESTLINE,Honey Nougat,Single,2022-12-19,17597,28155.2,1.6,2.0,20.0,0,0,1.159
Freshway,HONEY_NOUGAT_SINGLE,CRESTLINE,Honey Nougat,Single,2022-12-26,10323,20646.0,2.0,2.0,0.0,0,0,1.16
Freshway,HONEY_NOUGAT_SINGLE,CRESTLINE,Honey Nougat,Single,2023-01-02,10739,21478.0,2.0,2.0,0.0,0,0,1.159
Freshway,HONEY_NOUGAT_SINGLE,CRESTLINE,Honey Nougat,Single,2023-01-09,11509,23018.0,2.0,2.0,0.0,0,0,1.155
Freshway,HONEY_NOUGAT_SINGLE,CRESTLINE,Honey Nougat,Single,2023-01-16,42201,59081.4,1.4,2.0,30.0,1,0,1.15
Freshway,HONEY_NOUGAT_SINGLE,CRESTLINE,Honey Nougat,Single,2023-01-23,7993,15986.0,2.0,2.0,0.0,0,0,1.142
Freshway,HONEY_NOUGAT_SINGLE,CRESTLINE,Honey Nougat,Single,2023-01-30,8978,17956.0,2.0,2.0,0.0,0,0,1.132
Freshway,HONEY_NOUGAT_SINGLE,CRESTLINE,Honey Nougat,Single,2023-02-06,17398,26097.0,1.5,2.0,25.0,0,0,1.12
Freshway,HONEY_NOUGAT_SINGLE,CRESTLINE,Honey Nougat,Single,2023-02-13,8090,16180.0,2.0,2.0,0.0,0,0,1.106
Freshway,HONEY_NOUGAT_SINGLE,CRESTLINE,Honey Nougat,Single,2023-02-20,13309,22625.3,1.7,2.0,15.0,0,0,1.091
Freshway,HONEY_NOUGAT_SINGLE,CRESTLINE,Honey Nougat,Single,2023-02-27,7946,15892.0,2.0,2.0,0.0,0,0,1.074
Freshway,HONEY_NOUGAT_SINGLE,CRESTLINE,Honey Nougat,Single,2023-03-06,11718,21092.4,1.8,2.0,10.0,0,0,1.057
Freshway,HONEY_NOUGAT_SINGLE,CRESTLINE,Honey Nougat,Single,2023-03-13,9212,18424.0,2.0,2.0,0.0,0,0,1.038
Freshway,HONEY_NOUGAT_SINGLE,CRESTLINE,Honey Nougat,Single,2023-03-20,10384,20768.0,2.0,2.0,0.0,0,0,1.019
Freshway,HONEY_NOUGAT_SINGLE,CRESTLINE,Honey Nougat,Single,2023-03-27,9712,19424.0,2.0,2.0,0.0,0,0,1.0
Freshway,HONEY_NOUGAT_SINGLE,CRESTLINE,Honey Nougat,Single,2023-04-03,24622,39395.2,1.6,2.0,20.0,0,1,1.081
Freshway,HONEY_NOUGAT_SINGLE,CRESTLINE,Honey Nougat,Single,2023-04-10,8290,16580.0,2.0,2.0,0.0,0,0,1.062
Freshway,HONEY_NOUGAT_SINGLE,CRESTLINE,Honey Nougat,Single,2023-04-17,8275,16550.0,2.0,2.0,0.0,0,0,1.043
Freshway,HONEY_NOUGAT_SINGLE,CRESTLINE,Honey Nougat,Single,2023-04-24,40135,60202.5,1.5,2.0,25.0,1,1,1.026
Freshway,HONEY_NOUGAT_SINGLE,CRESTLINE,Honey Nougat,Single,2023-05-01,6430,12860.0,2.0,2.0,0.0,0,0,0.909
Freshway,HONEY_NOUGAT_SINGLE,CRESTLINE,Honey Nougat,Single,2023-05-08,13382,22749.4,1.7,2.0,15.0,0,0,0.894
Freshway,HONEY_NOUGAT_SINGLE,CRESTLINE,Honey Nougat,Single,2023-05-15,7592,15184.0,2.0,2.0,0.0,0,0,0.88
Freshway,HONEY_NOUGAT_SINGLE,CRESTLINE,Honey Nougat,Single,2023-05-22,21831,37112.7,1.7,2.0,15.0,1,0,0.868
Freshway,HONEY_NOUGAT_SINGLE,CRESTLINE,Honey Nougat,Single,2023-05-29,10860,18462.0,1.7,2.0,15.0,0,0,0.858
Freshway,HONEY_NOUGAT_SINGLE,CRESTLINE,Honey Nougat,Single,2023-06-05,7686,15372.0,2.0,2.0,0.0,0,0,0.85
Freshway,HONEY_NOUGAT_SINGLE,CRESTLINE,Honey Nougat,Single,2023-06-12,8505,17010.0,2.0,2.0,0.0,0,0,0.845
Freshway,HONEY_NOUGAT_SINGLE,CRESTLINE,Honey Nougat,Single,2023-06-19,7863,15726.0,2.0,2.0,0.0,0,0,0.841
Freshway,HONEY_NOUGAT_SINGLE,CRESTLINE,Honey Nougat,Single,2023-06-26,8439,16878.0,2.0,2.0,0.0,0,0,0.84
Freshway,HONEY_NOUGAT_SINGLE,CRESTLINE,Honey Nougat,Single,2023-07-03,7440,14880.0,2.0,2.0,0.0,0,0,0.841
Freshway,HONEY_NOUGAT_SINGLE,CRESTLINE,Honey Nougat,Single,2023-07-10,6159,12318.0,2.0,2.0,0.0,0,0,0.845
Freshway,HONEY_NOUGAT_SINGLE,CRESTLINE,Honey Nougat,Single,2023-07-17,8762,17524.0,2.0,2.0,0.0,0,0,0.85
Freshway,HONEY_NOUGAT_SINGLE,CRESTLINE,Honey Nougat,Single,2023-07-24,23364,35046.0,1.5,2.0,25.0,0,1,0.858
Freshway,HONEY_NOUGAT_SINGLE,CRESTLINE,Honey Nougat,Single,2023-07-31,14746,20644.4,1.4,2.0,30.0,0,0,0.868
Freshway,HONEY_NOUGAT_SINGLE,CRESTLINE,Honey Nougat,Single,2023-08-07,5576,11152.0,2.0,2.0,0.0,0,0,0.88
Freshway,HONEY_NOUGAT_SINGLE,CRESTLINE,Honey Nougat,Single,2023-08-14,8952,17904.0,2.0,2.0,0.0,0,0,0.894
Freshway,HONEY_NOUGAT_SINGLE,CRESTLINE,Honey Nougat,Single,2023-08-21,13299,23938.2,1.8,2.0,10.0,0,1,0.909
Freshway,HONEY_NOUGAT_SINGLE,CRESTLINE,Honey Nougat,Single,2023-08-28,7674,15348.0,2.0,2.0,0.0,0,0,0.926
Freshway,HONEY_NOUGAT_SINGLE,CRESTLINE,Honey Nougat,Single,2023-09-04,9157,18314.0,2.0,2.0,0.0,0,0,0.943
Freshway,HONEY_NOUGAT_SINGLE,CRESTLINE,Honey Nougat,Single,2023-09-11,8634,17268.0,2.0,2.0,0.0,0,0,0.962
Freshway,HONEY_NOUGAT_SINGLE,CRESTLINE,Honey Nougat,Single,2023-09-18,45763,64068.2,1.4,2.0,30.0,1,1,0.981
Freshway,HONEY_NOUGAT_SINGLE,CRESTLINE,Honey Nougat,Single,2023-09-25,7519,15038.0,2.0,2.0,0.0,0,0,1.0
Freshway,HONEY_NOUGAT_SINGLE,CRESTLINE,Honey Nougat,Single,2023-10-02,11014,22028.0,2.0,2.0,0.0,0,0,1.019
Freshway,HONEY_NOUGAT_SINGLE,CRESTLINE,Honey Nougat,Single,2023-10-09,17688,31838.4,1.8,2.0,10.0,1,0,1.038
Freshway,HONEY_NOUGAT_SINGLE,CRESTLINE,Honey Nougat,Single,2023-10-16,11377,20478.6,1.8,2.0,10.0,0,0,1.057
Freshway,HONEY_NOUGAT_SINGLE,CRESTLINE,Honey Nougat,Single,2023-10-23,8432,16864.0,2.0,2.0,0.0,0,0,1.074
Freshway,HONEY_NOUGAT_SINGLE,CRESTLINE,Honey Nougat,Single,2023-10-30,28873,51971.4,1.8,2.0,10.0,1,1,1.091
Freshway,HONEY_NOUGAT_SINGLE,CRESTLINE,Honey Nougat,Single,2023-11-06,10872,19569.6,1.8,2.0,10.0,0,0,1.106
Freshway,HONEY_NOUGAT_SINGLE,CRESTLINE,Honey Nougat,Single,2023-11-13,11187,22374.0,2.0,2.0,0.0,0,0,1.12
Freshway,HONEY_NOUGAT_SINGLE,CRESTLINE,Honey Nougat,Single,2023-11-20,10640,21280.0,2.0,2.0,0.0,0,0,1.132
Freshway,HONEY_NOUGAT_SINGLE,CRESTLINE,Honey Nougat,Single,2023-11-27,31460,40898.0,1.3,2.0,35.0,0,0,1.142
Freshway,HONEY_NOUGAT_SINGLE,CRESTLINE,Honey Nougat,Single,2023-12-04,7137,14274.0,2.0,2.0,0.0,0,0,1.15
Freshway,HONEY_NOUGAT_SINGLE,CRESTLINE,Honey Nougat,Single,2023-12-11,10071,20142.0,2.0,2.0,0.0,0,0,1.155
Freshway,HONEY_NOUGAT_SINGLE,CRESTLINE,Honey Nougat,Single,2023-12-18,11488,22976.0,2.0,2.0,0.0,0,0,1.159
Freshway,HONEY_NOUGAT_SINGLE,CRESTLINE,Honey Nougat,Single,2023-12-25,10689,21378.0,2.0,2.0,0.0,0,0,1.16
Freshway,SILKEN_BLOCK,ALPINE,Alpine Silken,Block,2021-01-04,26871,84643.65,3.15,4.2,25.0,1,0,1.159
Freshway,SILKEN_BLOCK,ALPINE,Alpine Silken,Block,2021-01-11,6972,29282.4,4.2,4.2,0.0,0,0,1.155
Freshway,SILKEN_BLOCK,ALPINE,Alpine Silken,Block,2021-01-18,9416,39547.2,4.2,4.2,0.0,0,0,1.15
Freshway,SILKEN_BLOCK,ALPINE,Alpine Silken,Block,2021-01-25,22850,71977.5,3.15,4.2,25.0,0,1,1.142
Freshway,SILKEN_BLOCK,ALPINE,Alpine Silken,Block,2021-02-01,6353,26682.6,4.2,4.2,0.0,0,0,1.132
Freshway,SILKEN_BLOCK,ALPINE,Alpine Silken,Block,2021-02-08,8322,34952.4,4.2,4.2,0.0,0,0,1.12
Freshway,SILKEN_BLOCK,ALPINE,Alpine Silken,Block,2021-02-15,8753,36762.6,4.2,4.2,0.0,0,0,1.106
Freshway,SILKEN_BLOCK,ALPINE,Alpine Silken,Block,2021-02-22,9247,38837.4,4.2,4.2,0.0,0,0,1.091
Freshway,SILKEN_BLOCK,ALPINE,Alpine Silken,Block,2021-03-01,8187,34385.4,4.2,4.2,0.0,0,0,1.074
Freshway,SILKEN_BLOCK,ALPINE,Alpine Silken,Block,2021-03-08,8091,33982.2,4.2,4.2,0.0,0,0,1.057
Freshway,SILKEN_BLOCK,ALPINE,Alpine Silken,Block,2021-03-15,8848,37161.6,4.2,4.2,0.0,0,0,1.038
Freshway,SILKEN_BLOCK,ALPINE,Alpine Silken,Block,2021-03-22,7186,30181.2,4.2,4.2,0.0,0,0,1.019
Freshway,SILKEN_BLOCK,ALPINE,Alpine Silken,Block,2021-03-29,20530,68980.8,3.36,4.2,20.0,0,1,1.0
Freshway,SILKEN_BLOCK,ALPINE,Alpine Silken,Block,2021-04-05,5902,24788.4,4.2,4.2,0.0,0,0,1.081
Freshway,SILKEN_BLOCK,ALPINE,Alpine Silken,Block,2021-04-12,18498,69922.44,3.78,4.2,10.0,1,0,1.062
Freshway,SILKEN_BLOCK,ALPINE,Alpine Silken,Block,2021-04-19,7018,29475.6,4.2,4.2,0.0,0,0,1.043
Freshway,SILKEN_BLOCK,ALPINE,Alpine Silken,Block,2021-04-26,8446,35473.2,4.2,4.2,0.0,0,0,1.026
Freshway,SILKEN_BLOCK,ALPINE,Alpine Silken,Block,2021-05-03,8325,34965.0,4.2,4.2,0.0,0,0,0.909
Freshway,SILKEN_BLOCK,ALPINE,Alpine Silken,Block,2021-05-10,6694,28114.8,4.2,4.2,0.0,0,0,0.894
Freshway,SILKEN_BLOCK,ALPINE,Alpine Silken,Block,2021-05-17,7331,30790.2,4.2,4.2,0.0,0,0,0.88
Freshway,SILKEN_BLOCK,ALPINE,Alpine Silken,Block,2021-05-24,19161,52309.53,2.73,4.2,35.0,0,0,0.868
Freshway,SILKEN_BLOCK,ALPINE,Alpine Silken,Block,2021-05-31,4654,19546.8,4.2,4.2,0.0,0,0,0.858
Freshway,SILKEN_BLOCK,ALPINE,Alpine Silken,Block,2021-06-07,6314,26518.8,4.2,4.2,0.0,0,0,0.85
Freshway,SILKEN_BLOCK,ALPINE,Alpine Silken,Block,2021-06-14,14039,53067.42,3.78,4.2,10.0,1,0,0.845
Freshway,SILKEN_BLOCK,ALPINE,Alpine Silken,Block,2021-06-21,6300,26460.0,4.2,4.2,0.0,0,0,0.841
Freshway,SILKEN_BLOCK,ALPINE,Alpine Silken,Block,2021-06-28,9225,32933.25,3.57,4.2,15.0,0,0,0.84
Freshway,SILKEN_BLOCK,ALPINE,Alpine Silken,Block,2021-07-05,13397,39387.18,2.94,4.2,30.0,0,0,0.841
Freshway,SILKEN_BLOCK,ALPINE,Alpine Silken,Block,2021-07-12,4788,20109.6,4.2,4.2,0.0,0,0,0.845
Freshway,SILKEN_BLOCK,ALPINE,Alpine Silken,Block,2021-07-19,6049,25405.8,4.2,4.2,0.0,0,0,0.85
Freshway,SILKEN_BLOCK,ALPINE,Alpine Silken,Block,2021-07-26,6786,28501.2,4.2,4.2,0.0,0,0,0.858
Freshway,SILKEN_BLOCK,ALPINE,Alpine Silken,Block,2021-08-02,7009,29437.8,4.2,4.2,0.0,0,0,0.868
Freshway,SILKEN_BLOCK,ALPINE,Alpine Silken,Block,2021-08-09,8317,31438.26,3.78,4.2,10.0,0,0,0.88
Freshway,SILKEN_BLOCK,ALPINE,Alpine Silken,Block,2021-08-16,6623,27816.6,4.2,4.2,0.0,0,0,0.894
Freshway,SILKEN_BLOCK,ALPINE,Alpine Silken,Block,2021-08-23,6909,29017.8,4.2,4.2,0.0,0,0,0.909
Freshway,SILKEN_BLOCK,ALPINE,Alpine Silken,Block,2021-08-30,7676,32239.2,4.2,4.2,0.0,0,0,0.926
Freshway,SILKEN_BLOCK,ALPINE,Alpine Silken,Block,2021-09-06,18742,62973.12,3.36,4.2,20.0,0,1,0.943
Freshway,SILKEN_BLOCK,ALPINE,Alpine Silken,Block,2021-09-13,5688,23889.6,4.2,4.2,0.0,0,0,0.962
Freshway,SILKEN_BLOCK,ALPINE,Alpine Silken,Block,2021-09-20,8502,35708.4,4.2,4.2,0.0,0,0,0.981
Freshway,SILKEN_BLOCK,ALPINE,Alpine Silken,Block,2021-09-27,7741,32512.2,4.2,4.2,0.0,0,0,1.0
Freshway,SILKEN_BLOCK,ALPINE,Alpine Silken,Block,2021-10-04,7967,33461.4,4.2,4.2,0.0,0,0,1.019
Freshway,SILKEN_BLOCK,ALPINE,Alpine Silken,Block,2021-10-11,8337,35015.4,4.2,4.2,0.0,0,0,1.038
Freshway,SILKEN_BLOCK,ALPINE,Alpine Silken,Block,2021-10-18,9068,38085.6,4.2,4.2,0.0,0,0,1.057
Freshway,SILKEN_BLOCK,ALPINE,Alpine Silken,Block,2021-10-25,8479,35611.8,4.2,4.2,0.0,0,0,1.074
Freshway,SILKEN_BLOCK,ALPINE,Alpine Silken,Block,2021-11-01,9575,40215.0,4.2,4.2,0.0,0,0,1.091
Freshway,SILKEN_BLOCK,ALPINE,Alpine Silken,Block,2021-11-08,8278,34767.6,4.2,4.2,0.0,0,0,1.106
Freshway,SILKEN_BLOCK,ALPINE,Alpine Silken,Block,2021-11-15,10113,42474.6,4.2,4.2,0.0,0,0,1.12
Freshway,SILKEN_BLOCK,ALPINE,Alpine Silken,Block,2021-11-22,8897,37367.4,4.2,4.2,0.0,0,0,1.132
Freshway,SILKEN_BLOCK,ALPINE,Alpine Silken,Block,2021-11-29,9137,38375.4,4.2,4.2,0.0,0,0,1.142
Freshway,SILKEN_BLOCK,ALPINE,Alpine Silken,Block,2021-12-06,18458,62018.88,3.36,4.2,20.0,0,1,1.15
Freshway,SILKEN_BLOCK,ALPINE,Alpine Silken,Block,2021-12-13,16010,47069.4,2.94,4.2,30.0,0,0,1.155
Freshway,SILKEN_BLOCK,ALPINE,Alpine Silken,Block,2021-12-20,7058,29643.6,4.2,4.2,0.0,0,0,1.159
Freshway,SILKEN_BLOCK,ALPINE,Alpine Silken,Block,2021-12-27,9189,38593.8,4.2,4.2,0.0,0,0,1.16
Freshway,SILKEN_BLOCK,ALPINE,Alpine Silken,Block,2022-01-03,10141,42592.2,4.2,4.2,0.0,0,0,1.159
Freshway,SILKEN_BLOCK,ALPINE,Alpine Silken,Block,2022-01-10,8798,36951.6,4.2,4.2,0.0,0,0,1.155
Freshway,SILKEN_BLOCK,ALPINE,Alpine Silken,Block,2022-01-17,9145,38409.0,4.2,4.2,0.0,0,0,1.15
Freshway,SILKEN_BLOCK,ALPINE,Alpine Silken,Block,2022-01-24,8117,34091.4,4.2,4.2,0.0,0,0,1.142
Freshway,SILKEN_BLOCK,ALPINE,Alpine Silken,Block,2022-01-31,25934,98030.52,3.78,4.2,10.0,1,1,1.132
Freshway,SILKEN_BLOCK,ALPINE,Alpine Silken,Block,2022-02-07,7969,33469.8,4.2,4.2,0.0,0,0,1.12
Freshway,SILKEN_BLOCK,ALPINE,Alpine Silken,Block,2022-02-14,8751,36754.2,4.2,4.2,0.0,0,0,1.106
Freshway,SILKEN_BLOCK,ALPINE,Alpine Silken,Block,2022-02-21,8014,33658.8,4.2,4.2,0.0,0,0,1.091
Freshway,SILKEN_BLOCK,ALPINE,Alpine Silken,Block,2022-02-28,7575,31815.0,4.2,4.2,0.0,0,0,1.074
Freshway,SILKEN_BLOCK,ALPINE,Alpine Silken,Block,2022-03-07,7851,32974.2,4.2,4.2,0.0,0,0,1.057
Freshway,SILKEN_BLOCK,ALPINE,Alpine Silken,Block,2022-03-14,7352,30878.4,4.2,4.2,0.0,0,0,1.038
Freshway,SILKEN_BLOCK,ALPINE,Alpine Silken,Block,2022-03-21,13436,45144.96,3.36,4.2,20.0,0,0,1.019
Freshway,SILKEN_BLOCK,ALPINE,Alpine Silken,Block,2022-03-28,7162,30080.4,4.2,4.2,0.0,0,0,1.0
Freshway,SILKEN_BLOCK,ALPINE,Alpine Silken,Block,2022-04-04,7974,33490.8,4.2,4.2,0.0,0,0,1.081
Freshway,SILKEN_BLOCK,ALPINE,Alpine Silken,Block,2022-04-11,31711,86571.03,2.73,4.2,35.0,0,1,1.062
Freshway,SILKEN_BLOCK,ALPINE,Alpine Silken,Block,2022-04-18,10707,33727.05,3.15,4.2,25.0,0,0,1.043
Freshway,SILKEN_BLOCK,ALPINE,Alpine Silken,Block,2022-04-25,7244,30424.8,4.2,4.2,0.0,0,0,1.026
Freshway,SILKEN_BLOCK,ALPINE,Alpine Silken,Block,2022-05-02,9197,34764.66,3.78,4.2,10.0,0,0,0.909
Freshway,SILKEN_BLOCK,ALPINE,Alpine Silken,Block,2022-05-09,12626,39771.9,3.15,4.2,25.0,0,0,0.894
Freshway,SILKEN_BLOCK,ALPINE,Alpine Silken,Block,2022-05-16,5219,21919.8,4.2,4.2,0.0,0,0,0.88
Freshway,SILKEN_BLOCK,ALPINE,Alpine Silken,Block,2022-05-23,7331,30790.2,4.2,4.2,0.0,0,0,0.868
Freshway,SILKEN_BLOCK,ALPINE,Alpine Silken,Block,2022-05-30,7302,30668.4,4.2,4.2,0.0,0,0,0.858
Freshway,SILKEN_BLOCK,ALPINE,Alpine Silken,Block,2022-06-06,7467,31361.4,4.2,4.2,0.0,0,0,0.85
Freshway,SILKEN_BLOCK,ALPINE,Alpine Silken,Block,2022-06-13,7015,29463.0,4.2,4.2,0.0,0,0,0.845
Freshway,SILKEN_BLOCK,ALPINE,Alpine Silken,Block,2022-06-20,6859,28807.8,4.2,4.2,0.0,0,0,0.841
Freshway,SILKEN_BLOCK,ALPINE,Alpine Silken,Block,2022-06-27,6870,28854.0,4.2,4.2,0.0,0,0,0.84
Freshway,SILKEN_BLOCK,ALPINE,Alpine Silken,Block,2022-07-04,6535,27447.0,4.2,4.2,0.0,0,0,0.841
Freshway,SILKEN_BLOCK,ALPINE,Alpine Silken,Block,2022-07-11,6368,26745.6,4.2,4.2,0.0,0,0,0.845
Freshway,SILKEN_BLOCK,ALPINE,Alpine Silken,Block,2022-07-18,7991,33562.2,4.2,4.2,0.0,0,0,0.85
Freshway,SILKEN_BLOCK,ALPINE,Alpine Silken,Block,2022-07-25,14798,52828.86,3.57,4.2,15.0,0,1,0.858
Freshway,SILKEN_BLOCK,ALPINE,Alpine Silken,Block,2022-08-01,5943,24960.6,4.2,4.2,0.0,0,0,0.868
Freshway,SILKEN_BLOCK,ALPINE,Alpine Silken,Block,2022-08-08,16632,48898.08,2.94,4.2,30.0,0,0,0.88
Freshway,SILKEN_BLOCK,ALPINE,Alpine Silken,Block,2022-08-15,5456,22915.2,4.2,4.2,0.0,0,0,0.894
Freshway,SILKEN_BLOCK,ALPINE,Alpine Silken,Block,2022-08-22,6748,28341.6,4.2,4.2,0.0,0,0,0.909
Freshway,SILKEN_BLOCK,ALPINE,Alpine Silken,Block,2022-08-29,20066,67421.76,3.36,4.2,20.0,1,0,0.926
Freshway,SILKEN_BLOCK,ALPINE,Alpine Silken,Block,2022-09-05,27819,87629.85,3.15,4.2,25.0,1,1,0.943
Freshway,SILKEN_BLOCK,ALPINE,Alpine Silken,Block,2022-09-12,6303,26472.6,4.2,4.2,0.0,0,0,0.962
Freshway,SILKEN_BLOCK,ALPINE,Alpine Silken,Block,2022-09-19,8423,35376.6,4.2,4.2,0.0,0,0,0.981
Freshway,SILKEN_BLOCK,ALPINE,Alpine Silken,Block,2022-09-26,7904,33196.8,4.2,4.2,0.0,0,0,1.0
Freshway,SILKEN_BLOCK,ALPINE,Alpine Silken,Block,2022-10-03,8205,34461.0,4.2,4.2,0.0,0,0,1.019
Freshway,SILKEN_BLOCK,ALPINE,Alpine Silken,Block,2022-10-10,32879,96664.26,2.94,4.2,30.0,1,0,1.038
Freshway,SILKEN_BLOCK,ALPINE,Alpine Silken,Block,2022-10-17,6326,26569.2,4.2,4.2,0.0,0,0,1.057
Freshway,SILKEN_BLOCK,ALPINE,Alpine Silken,Block,2022-10-24,12234,43675.38,3.57,4.2,15.0,0,0,1.074
Freshway,SILKEN_BLOCK,ALPINE,Alpine Silken,Block,2022-10-31,21292,58127.16,2.73,4.2,35.0,0,0,1.091
Freshway,SILKEN_BLOCK,ALPINE,Alpine Silken,Block,2022-11-07,5807,24389.4,4.2,4.2,0.0,0,0,1.106
Freshway,SILKEN_BLOCK,ALPINE,Alpine Silken,Block,2022-11-14,8406,35305.2,4.2,4.2,0.0,0,0,1.12
Freshway,SILKEN_BLOCK,ALPINE,Alpine Silken,Block,2022-11-21,8990,37758.0,4.2,4.2,0.0,0,0,1.132
Freshway,SILKEN_BLOCK,ALPINE,Alpine Silken,Block,2022-11-28,9990,41958.0,4.2,4.2,0.0,0,0,1.142
Freshway,SILKEN_BLOCK,ALPINE,Alpine Silken,Block,2022-12-05,10171,42718.2,4.2,4.2,0.0,0,0,1.15
Freshway,SILKEN_BLOCK,ALPINE,Alpine Silken,Block,2022-12-12,9995,41979.0,4.2,4.2,0.0,0,0,1.155
Freshway,SILKEN_BLOCK,ALPINE,Alpine Silken,Block,2022-12-19,22123,74333.28,3.36,4.2,20.0,0,1,1.159
Freshway,SILKEN_BLOCK,ALPINE,Alpine Silken,Block,2022-12-26,8176,34339.2,4.2,4.2,0.0,0,0,1.16
Freshway,SILKEN_BLOCK,ALPINE,Alpine Silken,Block,2023-01-02,22041,64800.54,2.94,4.2,30.0,0,0,1.159
Freshway,SILKEN_BLOCK,ALPINE,Alpine Silken,Block,2023-01-09,6854,28786.8,4.2,4.2,0.0,0,0,1.155
Freshway,SILKEN_BLOCK,ALPINE,Alpine Silken,Block,2023-01-16,9255,38871.0,4.2,4.2,0.0,0,0,1.15
Freshway,SILKEN_BLOCK,ALPINE,Alpine Silken,Block,2023-01-23,10408,43713.6,4.2,4.2,0.0,0,0,1.142
Freshway,SILKEN_BLOCK,ALPINE,Alpine Silken,Block,2023-01-30,18589,58555.35,3.15,4.2,25.0,0,0,1.132
Freshway,SILKEN_BLOCK,ALPINE,Alpine Silken,Block,2023-02-06,7427,31193.4,4.2,4.2,0.0,0,0,1.12
Freshway,SILKEN_BLOCK,ALPINE,Alpine Silken,Block,2023-02-13,21095,75309.15,3.57,4.2,15.0,1,0,1.106
Freshway,SILKEN_BLOCK,ALPINE,Alpine Silken,Block,2023-02-20,7393,31050.6,4.2,4.2,0.0,0,0,1.091
Freshway,SILKEN_BLOCK,ALPINE,Alpine Silken,Block,2023-02-27,9447,39677.4,4.2,4.2,0.0,0,0,1.074
Freshway,SILKEN_BLOCK,ALPINE,Alpine Silken,Block,2023-03-06,8877,37283.4,4.2,4.2,0.0,0,0,1.057
Freshway,SILKEN_BLOCK,ALPINE,Alpine Silken,Block,2023-03-13,8437,35435.4,4.2,4.2,0.0,0,0,1.038
Freshway,SILKEN_BLOCK,ALPINE,Alpine Silken,Block,2023-03-20,9675,40635.0,4.2,4.2,0.0,0,0,1.019
Freshway,SILKEN_BLOCK,ALPINE,Alpine Silken,Block,2023-03-27,8144,34204.8,4.2,4.2,0.0,0,0,1.0
Freshway,SILKEN_BLOCK,ALPINE,Alpine Silken,Block,2023-04-03,10215,42903.0,4.2,4.2,0.0,0,0,1.081
Freshway,SILKEN_BLOCK,ALPINE,Alpine Silken,Block,2023-04-10,7769,32629.8,4.2,4.2,0.0,0,0,1.062
Freshway,SILKEN_BLOCK,ALPINE,Alpine Silken,Block,2023-04-17,16287,51304.05,3.15,4.2,25.0,0,0,1.043
Freshway,SILKEN_BLOCK,ALPINE,Alpine Silken,Block,2023-04-24,6209,26077.8,4.2,4.2,0.0,0,0,1.026
Freshway,SILKEN_BLOCK,ALPINE,Alpine Silken,Block,2023-05-01,8407,35309.4,4.2,4.2,0.0,0,0,0.909
Freshway,SILKEN_BLOCK,ALPINE,Alpine Silken,Block,2023-05-08,13394,42191.1,3.15,4.2,25.0,0,0,0.894
Freshway,SILKEN_BLOCK,ALPINE,Alpine Silken,Block,2023-05-15,5541,23272.2,4.2,4.2,0.0,0,0,0.88
Freshway,SILKEN_BLOCK,ALPINE,Alpine Silken,Block,2023-05-22,6900,28980.0,4.2,4.2,0.0,0,0,0.868
Freshway,SILKEN_BLOCK,ALPINE,Alpine Silken,Block,2023-05-29,9690,36628.2,3.78,4.2,10.0,0,0,0.858
Freshway,SILKEN_BLOCK,ALPINE,Alpine Silken,Block,2023-06-05,18800,51324.0,2.73,4.2,35.0,0,0,0.85
Freshway,SILKEN_BLOCK,ALPINE,Alpine Silken,Block,2023-06-12,5016,21067.2,4.2,4.2,0.0,0,0,0.845
Freshway,SILKEN_BLOCK,ALPINE,Alpine Silken,Block,2023-06-19,14280,44982.0,3.15,4.2,25.0,0,0,0.841
Freshway,SILKEN_BLOCK,ALPINE,Alpine Silken,Block,2023-06-26,5206,21865.2,4.2,4.2,0.0,0,0,0.84
Freshway,SILKEN_BLOCK,ALPINE,Alpine Silken,Block,2023-07-03,16078,50645.7,3.15,4.2,25.0,0,0,0.841
Freshway,SILKEN_BLOCK,ALPINE,Alpine Silken,Block,2023-07-10,5203,21852.6,4.2,4.2,0.0,0,0,0.845
Freshway,SILKEN_BLOCK,ALPINE,Alpine Silken,Block,2023-07-17,7090,29778.0,4.2,4.2,0.0,0,0,0.85
Freshway,SILKEN_BLOCK,ALPINE,Alpine Silken,Block,2023-07-24,7154,30046.8,4.2,4.2,0.0,0,0,0.858
Freshway,SILKEN_BLOCK,ALPINE,Alpine Silken,Block,2023-07-31,7343,30840.6,4.2,4.2,0.0,0,0,0.868
Freshway,SILKEN_BLOCK,ALPINE,Alpine Silken,Block,2023-08-07,7996,33583.2,4.2,4.2,0.0,0,0,0.88
Freshway,SILKEN_BLOCK,ALPINE,Alpine Silken,Block,2023-08-14,7996,33583.2,4.2,4.2,0.0,0,0,0.894
Freshway,SILKEN_BLOCK,ALPINE,Alpine Silken,Block,2023-08-21,8955,37611.0,4.2,4.2,0.0,0,0,0.909
Freshway,SILKEN_BLOCK,ALPINE,Alpine Silken,Block,2023-08-28,8151,34234.2,4.2,4.2,0.0,0,0,0.926
Freshway,SILKEN_BLOCK,ALPINE,Alpine Silken,Block,2023-09-04,7591,31882.2,4.2,4.2,0.0,0,0,0.943
Freshway,SILKEN_BLOCK,ALPINE,Alpine Silken,Block,2023-09-11,8156,34255.2,4.2,4.2,0.0,0,0,0.962
Freshway,SILKEN_BLOCK,ALPINE,Alpine Silken,Block,2023-09-18,36897,108477.18,2.94,4.2,30.0,1,0,0.981
Freshway,SILKEN_BLOCK,ALPINE,Alpine Silken,Block,2023-09-25,22375,65782.5,2.94,4.2,30.0,1,0,1.0
Freshway,SILKEN_BLOCK,ALPINE,Alpine Silken,Block,2023-10-02,6764,28408.8,4.2,4.2,0.0,0,0,1.019
Freshway,SILKEN_BLOCK,ALPINE,Alpine Silken,Block,2023-10-09,8380,35196.0,4.2,4.2,0.0,0,0,1.038
Freshway,SILKEN_BLOCK,ALPINE,Alpine Silken,Block,2023-10-16,20759,74109.63,3.57,4.2,15.0,0,1,1.057
Freshway,SILKEN_BLOCK,ALPINE,Alpine Silken,Block,2023-10-23,8277,34763.4,4.2,4.2,0.0,0,0,1.074
Freshway,SILKEN_BLOCK,ALPINE,Alpine Silken,Block,2023-10-30,23859,75155.85,3.15,4.2,25.0,0,1,1.091
Freshway,SILKEN_BLOCK,ALPINE,Alpine Silken,Block,2023-11-06,6877,28883.4,4.2,4.2,0.0,0,0,1.106
Freshway,SILKEN_BLOCK,ALPINE,Alpine Silken,Block,2023-11-13,25366,90556.62,3.57,4.2,15.0,1,0,1.12
Freshway,SILKEN_BLOCK,ALPINE,Alpine Silken,Block,2023-11-20,8053,33822.6,4.2,4.2,0.0,0,0,1.132
Freshway,SILKEN_BLOCK,ALPINE,Alpine Silken,Block,2023-11-27,24285,81597.6,3.36,4.2,20.0,1,0,1.142
Freshway,SILKEN_BLOCK,ALPINE,Alpine Silken,Block,2023-12-04,15855,49943.25,3.15,4.2,25.0,0,0,1.15
Freshway,SILKEN_BLOCK,ALPINE,Alpine Silken,Block,2023-12-11,7897,33167.4,4.2,4.2,0.0,0,0,1.155
Freshway,SILKEN_BLOCK,ALPINE,Alpine Silken,Block,2023-12-18,10393,43650.6,4.2,4.2,0.0,0,0,1.159
Freshway,SILKEN_BLOCK,ALPINE,Alpine Silken,Block,2023-12-25,18300,57645.0,3.15,4.2,25.0,0,0,1.16
Northmart,BITES_BUTTONS_POUCH,CRESTLINE,Happy Buttons,Bitesize Pouch,2021-01-04,5306,26530.0,5.0,5.0,0.0,0,0,1.159
Northmart,BITES_BUTTONS_POUCH,CRESTLINE,Happy Buttons,Bitesize Pouch,2021-01-11,11438,48611.5,4.25,5.0,15.0,0,1,1.155
Northmart,BITES_BUTTONS_POUCH,CRESTLINE,Happy Buttons,Bitesize Pouch,2021-01-18,4747,23735.0,5.0,5.0,0.0,0,0,1.15
Northmart,BITES_BUTTONS_POUCH,CRESTLINE,Happy Buttons,Bitesize Pouch,2021-01-25,11543,49057.75,4.25,5.0,15.0,0,1,1.142
Northmart,BITES_BUTTONS_POUCH,CRESTLINE,Happy Buttons,Bitesize Pouch,2021-02-01,8112,30420.0,3.75,5.0,25.0,0,0,1.132
Northmart,BITES_BUTTONS_POUCH,CRESTLINE,Happy Buttons,Bitesize Pouch,2021-02-08,4831,24155.0,5.0,5.0,0.0,0,0,1.12
Northmart,BITES_BUTTONS_POUCH,CRESTLINE,Happy Buttons,Bitesize Pouch,2021-02-15,5572,27860.0,5.0,5.0,0.0,0,0,1.106
Northmart,BITES_BUTTONS_POUCH,CRESTLINE,Happy Buttons,Bitesize Pouch,2021-02-22,4544,22720.0,5.0,5.0,0.0,0,0,1.091
Northmart,BITES_BUTTONS_POUCH,CRESTLINE,Happy Buttons,Bitesize Pouch,2021-03-01,5781,28905.0,5.0,5.0,0.0,0,0,1.074
Northmart,BITES_BUTTONS_POUCH,CRESTLINE,Happy Buttons,Bitesize Pouch,2021-03-08,5762,28810.0,5.0,5.0,0.0,0,0,1.057
Northmart,BITES_BUTTONS_POUCH,CRESTLINE,Happy Buttons,Bitesize Pouch,2021-03-15,4799,23995.0,5.0,5.0,0.0,0,0,1.038
Northmart,BITES_BUTTONS_POUCH,CRESTLINE,Happy Buttons,Bitesize Pouch,2021-03-22,17711,61988.5,3.5,5.0,30.0,1,0,1.019
Northmart,BITES_BUTTONS_POUCH,CRESTLINE,Happy Buttons,Bitesize Pouch,2021-03-29,3915,19575.0,5.0,5.0,0.0,0,0,1.0
Northmart,BITES_BUTTONS_POUCH,CRESTLINE,Happy Buttons,Bitesize Pouch,2021-04-05,31959,111856.5,3.5,5.0,30.0,1,1,1.081
Northmart,BITES_BUTTONS_POUCH,CRESTLINE,Happy Buttons,Bitesize Pouch,2021-04-12,3961,19805.0,5.0,5.0,0.0,0,0,1.062
Northmart,BITES_BUTTONS_POUCH,CRESTLINE,Happy Buttons,Bitesize Pouch,2021-04-19,5383,26915.0,5.0,5.0,0.0,0,0,1.043
Northmart,BITES_BUTTONS_POUCH,CRESTLINE,Happy Buttons,Bitesize Pouch,2021-04-26,5334,26670.0,5.0,5.0,0.0,0,0,1.026
Northmart,BITES_BUTTONS_POUCH,CRESTLINE,Happy Buttons,Bitesize Pouch,2021-05-03,3826,19130.0,5.0,5.0,0.0,0,0,0.909
Northmart,BITES_BUTTONS_POUCH,CRESTLINE,Happy Buttons,Bitesize Pouch,2021-05-10,14909,55908.75,3.75,5.0,25.0,1,0,0.894
Northmart,BITES_BUTTONS_POUCH,CRESTLINE,Happy Buttons,Bitesize Pouch,2021-05-17,2771,13855.0,5.0,5.0,0.0,0,0,0.88
Northmart,BITES_BUTTONS_POUCH,CRESTLINE,Happy Buttons,Bitesize Pouch,2021-05-24,6339,26940.75,4.25,5.0,15.0,0,0,0.868
Northmart,BITES_BUTTONS_POUCH,CRESTLINE,Happy Buttons,Bitesize Pouch,2021-05-31,8122,34518.5,4.25,5.0,15.0,0,1,0.858
Northmart,BITES_BUTTONS_POUCH,CRESTLINE,Happy Buttons,Bitesize Pouch,2021-06-07,3971,19855.0,5.0,5.0,0.0,0,0,0.85
Northmart,BITES_BUTTONS_POUCH,CRESTLINE,Happy Buttons,Bitesize Pouch,2021-06-14,5509,23413.25,4.25,5.0,15.0,0,0,0.845
Northmart,BITES_BUTTONS_POUCH,CRESTLINE,Happy Buttons,Bitesize Pouch,2021-06-21,3677,18385.0,5.0,5.0,0.0,0,0,0.841
Northmart,BITES_BUTTONS_POUCH,CRESTLINE,Happy Buttons,Bitesize Pouch,2021-06-28,3559,17795.0,5.0,5.0,0.0,0,0,0.84
Northmart,BITES_BUTTONS_POUCH,CRESTLINE,Happy Buttons,Bitesize Pouch,2021-07-05,7068,26505.0,3.75,5.0,25.0,0,0,0.841
Northmart,BITES_BUTTONS_POUCH,CRESTLINE,Happy Buttons,Bitesize Pouch,2021-07-12,3425,17125.0,5.0,5.0,0.0,0,0,0.845
Northmart,BITES_BUTTONS_POUCH,CRESTLINE,Happy Buttons,Bitesize Pouch,2021-07-19,4121,20605.0,5.0,5.0,0.0,0,0,0.85
Northmart,BITES_BUTTONS_POUCH,CRESTLINE,Happy Buttons,Bitesize Pouch,2021-07-26,4205,21025.0,5.0,5.0,0.0,0,0,0.858
Northmart,BITES_BUTTONS_POUCH,CRESTLINE,Happy Buttons,Bitesize Pouch,2021-08-02,12988,51952.0,4.0,5.0,20.0,1,0,0.868
Northmart,BITES_BUTTONS_POUCH,CRESTLINE,Happy Buttons,Bitesize Pouch,2021-08-09,3487,17435.0,5.0,5.0,0.0,0,0,0.88
Northmart,BITES_BUTTONS_POUCH,CRESTLINE,Happy Buttons,Bitesize Pouch,2021-08-16,11668,37921.0,3.25,5.0,35.0,0,0,0.894
Northmart,BITES_BUTTONS_POUCH,CRESTLINE,Happy Buttons,Bitesize Pouch,2021-08-23,11623,40680.5,3.5,5.0,30.0,1,0,0.909
Northmart,BITES_BUTTONS_POUCH,CRESTLINE,Happy Buttons,Bitesize Pouch,2021-08-30,3478,17390.0,5.0,5.0,0.0,0,0,0.926
Northmart,BITES_BUTTONS_POUCH,CRESTLINE,Happy Buttons,Bitesize Pouch,2021-09-06,5484,27420.0,5.0,5.0,0.0,0,0,0.943
Northmart,BITES_BUTTONS_POUCH,CRESTLINE,Happy Buttons,Bitesize Pouch,2021-09-13,5670,28350.0,5.0,5.0,0.0,0,0,0.962
Northmart,BITES_BUTTONS_POUCH,CRESTLINE,Happy Buttons,Bitesize Pouch,2021-09-20,4826,24130.0,5.0,5.0,0.0,0,0,0.981
Northmart,BITES_BUTTONS_POUCH,CRESTLINE,Happy Buttons,Bitesize Pouch,2021-09-27,4928,24640.0,5.0,5.0,0.0,0,0,1.0
Northmart,BITES_BUTTONS_POUCH,CRESTLINE,Happy Buttons,Bitesize Pouch,2021-10-04,4861,24305.0,5.0,5.0,0.0,0,0,1.019
Northmart,BITES_BUTTONS_POUCH,CRESTLINE,Happy Buttons,Bitesize Pouch,2021-10-11,4895,24475.0,5.0,5.0,0.0,0,0,1.038
Northmart,BITES_BUTTONS_POUCH,CRESTLINE,Happy Buttons,Bitesize Pouch,2021-10-18,5922,29610.0,5.0,5.0,0.0,0,0,1.057
Northmart,BITES_BUTTONS_POUCH,CRESTLINE,Happy Buttons,Bitesize Pouch,2021-10-25,6455,32275.0,5.0,5.0,0.0,0,0,1.074
Northmart,BITES_BUTTONS_POUCH,CRESTLINE,Happy Buttons,Bitesize Pouch,2021-11-01,5254,26270.0,5.0,5.0,0.0,0,0,1.091
Northmart,BITES_BUTTONS_POUCH,CRESTLINE,Happy Buttons,Bitesize Pouch,2021-11-08,6261,31305.0,5.0,5.0,0.0,0,0,1.106
Northmart,BITES_BUTTONS_POUCH,CRESTLINE,Happy Buttons,Bitesize Pouch,2021-11-15,5337,26685.0,5.0,5.0,0.0,0,0,1.12
Northmart,BITES_BUTTONS_POUCH,CRESTLINE,Happy Buttons,Bitesize Pouch,2021-11-22,5834,29170.0,5.0,5.0,0.0,0,0,1.132
Northmart,BITES_BUTTONS_POUCH,CRESTLINE,Happy Buttons,Bitesize Pouch,2021-11-29,13153,46035.5,3.5,5.0,30.0,0,0,1.142
Northmart,BITES_BUTTONS_POUCH,CRESTLINE,Happy Buttons,Bitesize Pouch,2021-12-06,4659,23295.0,5.0,5.0,0.0,0,0,1.15
Northmart,BITES_BUTTONS_POUCH,CRESTLINE,Happy Buttons,Bitesize Pouch,2021-12-13,6419,32095.0,5.0,5.0,0.0,0,0,1.155
Northmart,BITES_BUTTONS_POUCH,CRESTLINE,Happy Buttons,Bitesize Pouch,2021-12-20,10765,40368.75,3.75,5.0,25.0,0,0,1.159
Northmart,BITES_BUTTONS_POUCH,CRESTLINE,Happy Buttons,Bitesize Pouch,2021-12-27,4230,21150.0,5.0,5.0,0.0,0,0,1.16
Northmart,BITES_BUTTONS_POUCH,CRESTLINE,Happy Buttons,Bitesize Pouch,2022-01-03,5654,28270.0,5.0,5.0,0.0,0,0,1.159
Northmart,BITES_BUTTONS_POUCH,CRESTLINE,Happy Buttons,Bitesize Pouch,2022-01-10,6133,30665.0,5.0,5.0,0.0,0,0,1.155
Northmart,BITES_BUTTONS_POUCH,CRESTLINE,Happy Buttons,Bitesize Pouch,2022-01-17,9662,36232.5,3.75,5.0,25.0,0,0,1.15
Northmart,BITES_BUTTONS_POUCH,CRESTLINE,Happy Buttons,Bitesize Pouch,2022-01-24,4812,24060.0,5.0,5.0,0.0,0,0,1.142
Northmart,BITES_BUTTONS_POUCH,CRESTLINE,Happy Buttons,Bitesize Pouch,2022-01-31,5041,25205.0,5.0,5.0,0.0,0,0,1.132
Northmart,BITES_BUTTONS_POUCH,CRESTLINE,Happy Buttons,Bitesize Pouch,2022-02-07,6343,31715.0,5.0,5.0,0.0,0,0,1.12
Northmart,BITES_BUTTONS_POUCH,CRESTLINE,Happy Buttons,Bitesize Pouch,2022-02-14,7810,31240.0,4.0,5.0,20.0,0,0,1.106
Northmart,BITES_BUTTONS_POUCH,CRESTLINE,Happy Buttons,Bitesize Pouch,2022-02-21,4538,22690.0,5.0,5.0,0.0,0,0,1.091
Northmart,BITES_BUTTONS_POUCH,CRESTLINE,Happy Buttons,Bitesize Pouch,2022-02-28,4686,23430.0,5.0,5.0,0.0,0,0,1.074
Northmart,BITES_BUTTONS_POUCH,CRESTLINE,Happy Buttons,Bitesize Pouch,2022-03-07,4554,22770.0,5.0,5.0,0.0,0,0,1.057
Northmart,BITES_BUTTONS_POUCH,CRESTLINE,Happy Buttons,Bitesize Pouch,2022-03-14,5834,29170.0,5.0,5.0,0.0,0,0,1.038
Northmart,BITES_BUTTONS_POUCH,CRESTLINE,Happy Buttons,Bitesize Pouch,2022-03-21,5200,26000.0,5.0,5.0,0.0,0,0,1.019
Northmart,BITES_BUTTONS_POUCH,CRESTLINE,Happy Buttons,Bitesize Pouch,2022-03-28,7207,30629.75,4.25,5.0,15.0,0,0,1.0
Northmart,BITES_BUTTONS_POUCH,CRESTLINE,Happy Buttons,Bitesize Pouch,2022-04-04,5129,25645.0,5.0,5.0,0.0,0,0,1.081
Northmart,BITES_BUTTONS_POUCH,CRESTLINE,Happy Buttons,Bitesize Pouch,2022-04-11,4493,22465.0,5.0,5.0,0.0,0,0,1.062
Northmart,BITES_BUTTONS_POUCH,CRESTLINE,Happy Buttons,Bitesize Pouch,2022-04-18,5123,25615.0,5.0,5.0,0.0,0,0,1.043
Northmart,BITES_BUTTONS_POUCH,CRESTLINE,Happy Buttons,Bitesize Pouch,2022-04-25,5122,25610.0,5.0,5.0,0.0,0,0,1.026
Northmart,BITES_BUTTONS_POUCH,CRESTLINE,Happy Buttons,Bitesize Pouch,2022-05-02,4419,22095.0,5.0,5.0,0.0,0,0,0.909
Northmart,BITES_BUTTONS_POUCH,CRESTLINE,Happy Buttons,Bitesize Pouch,2022-05-09,4391,21955.0,5.0,5.0,0.0,0,0,0.894
Northmart,BITES_BUTTONS_POUCH,CRESTLINE,Happy Buttons,Bitesize Pouch,2022-05-16,4651,23255.0,5.0,5.0,0.0,0,0,0.88
Northmart,BITES_BUTTONS_POUCH,CRESTLINE,Happy Buttons,Bitesize Pouch,2022-05-23,9100,31850.0,3.5,5.0,30.0,0,0,0.868
Northmart,BITES_BUTTONS_POUCH,CRESTLINE,Happy Buttons,Bitesize Pouch,2022-05-30,2743,13715.0,5.0,5.0,0.0,0,0,0.858
Northmart,BITES_BUTTONS_POUCH,CRESTLINE,Happy Buttons,Bitesize Pouch,2022-06-06,13063,48986.25,3.75,5.0,25.0,0,1,0.85
Northmart,BITES_BUTTONS_POUCH,CRESTLINE,Happy Buttons,Bitesize Pouch,2022-06-13,3433,17165.0,5.0,5.0,0.0,0,0,0.845
Northmart,BITES_BUTTONS_POUCH,CRESTLINE,Happy Buttons,Bitesize Pouch,2022-06-20,4177,20885.0,5.0,5.0,0.0,0,0,0.841
Northmart,BITES_BUTTONS_POUCH,CRESTLINE,Happy Buttons,Bitesize Pouch,2022-06-27,4204,21020.0,5.0,5.0,0.0,0,0,0.84
Northmart,BITES_BUTTONS_POUCH,CRESTLINE,Happy Buttons,Bitesize Pouch,2022-07-04,4693,23465.0,5.0,5.0,0.0,0,0,0.841
Northmart,BITES_BUTTONS_POUCH,CRESTLINE,Happy Buttons,Bitesize Pouch,2022-07-11,4534,22670.0,5.0,5.0,0.0,0,0,0.845
Northmart,BITES_BUTTONS_POUCH,CRESTLINE,Happy Buttons,Bitesize Pouch,2022-07-18,8049,36220.5,4.5,5.0,10.0,0,1,0.85
Northmart,BITES_BUTTONS_POUCH,CRESTLINE,Happy Buttons,Bitesize Pouch,2022-07-25,3981,19905.0,5.0,5.0,0.0,0,0,0.858
Northmart,BITES_BUTTONS_POUCH,CRESTLINE,Happy Buttons,Bitesize Pouch,2022-08-01,4110,20550.0,5.0,5.0,0.0,0,0,0.868
Northmart,BITES_BUTTONS_POUCH,CRESTLINE,Happy Buttons,Bitesize Pouch,2022-08-08,4425,22125.0,5.0,5.0,0.0,0,0,0.88
Northmart,BITES_BUTTONS_POUCH,CRESTLINE,Happy Buttons,Bitesize Pouch,2022-08-15,19049,66671.5,3.5,5.0,30.0,1,0,0.894
Northmart,BITES_BUTTONS_POUCH,CRESTLINE,Happy Buttons,Bitesize Pouch,2022-08-22,3654,18270.0,5.0,5.0,0.0,0,0,0.909
Northmart,BITES_BUTTONS_POUCH,CRESTLINE,Happy Buttons,Bitesize Pouch,2022-08-29,6480,27540.0,4.25,5.0,15.0,0,0,0.926
Northmart,BITES_BUTTONS_POUCH,CRESTLINE,Happy Buttons,Bitesize Pouch,2022-09-05,4249,21245.0,5.0,5.0,0.0,0,0,0.943
Northmart,BITES_BUTTONS_POUCH,CRESTLINE,Happy Buttons,Bitesize Pouch,2022-09-12,5250,26250.0,5.0,5.0,0.0,0,0,0.962
Northmart,BITES_BUTTONS_POUCH,CRESTLINE,Happy Buttons,Bitesize Pouch,2022-09-19,5356,26780.0,5.0,5.0,0.0,0,0,0.981
Northmart,BITES_BUTTONS_POUCH,CRESTLINE,Happy Buttons,Bitesize Pouch,2022-09-26,4689,23445.0,5.0,5.0,0.0,0,0,1.0
Northmart,BITES_BUTTONS_POUCH,CRESTLINE,Happy Buttons,Bitesize Pouch,2022-10-03,10102,35357.0,3.5,5.0,30.0,0,0,1.019
Northmart,BITES_BUTTONS_POUCH,CRESTLINE,Happy Buttons,Bitesize Pouch,2022-10-10,11013,46805.25,4.25,5.0,15.0,1,0,1.038
Northmart,BITES_BUTTONS_POUCH,CRESTLINE,Happy Buttons,Bitesize Pouch,2022-10-17,7526,28222.5,3.75,5.0,25.0,0,0,1.057
Northmart,BITES_BUTTONS_POUCH,CRESTLINE,Happy Buttons,Bitesize Pouch,2022-10-24,3081,15405.0,5.0,5.0,0.0,0,0,1.074
Northmart,BITES_BUTTONS_POUCH,CRESTLINE,Happy Buttons,Bitesize Pouch,2022-10-31,9315,37260.0,4.0,5.0,20.0,0,0,1.091
Northmart,BITES_BUTTONS_POUCH,CRESTLINE,Happy Buttons,Bitesize Pouch,2022-11-07,4508,22540.0,5.0,5.0,0.0,0,0,1.106
Northmart,BITES_BUTTONS_POUCH,CRESTLINE,Happy Buttons,Bitesize Pouch,2022-11-14,8595,34380.0,4.0,5.0,20.0,0,0,1.12
Northmart,BITES_BUTTONS_POUCH,CRESTLINE,Happy Buttons,Bitesize Pouch,2022-11-21,7283,29132.0,4.0,5.0,20.0,0,0,1.132
Northmart,BITES_BUTTONS_POUCH,CRESTLINE,Happy Buttons,Bitesize Pouch,2022-11-28,16373,53212.25,3.25,5.0,35.0,0,1,1.142
Northmart,BITES_BUTTONS_POUCH,CRESTLINE,Happy Buttons,Bitesize Pouch,2022-12-05,3803,19015.0,5.0,5.0,0.0,0,0,1.15
Northmart,BITES_BUTTONS_POUCH,CRESTLINE,Happy Buttons,Bitesize Pouch,2022-12-12,5700,28500.0,5.0,5.0,0.0,0,0,1.155
Northmart,BITES_BUTTONS_POUCH,CRESTLINE,Happy Buttons,Bitesize Pouch,2022-12-19,6299,31495.0,5.0,5.0,0.0,0,0,1.159
Northmart,BITES_BUTTONS_POUCH,CRESTLINE,Happy Buttons,Bitesize Pouch,2022-12-26,6987,34935.0,5.0,5.0,0.0,0,0,1.16
Northmart,BITES_BUTTONS_POUCH,CRESTLINE,Happy Buttons,Bitesize Pouch,2023-01-02,5741,28705.0,5.0,5.0,0.0,0,0,1.159
Northmart,BITES_BUTTONS_POUCH,CRESTLINE,Happy Buttons,Bitesize Pouch,2023-01-09,5795,28975.0,5.0,5.0,0.0,0,0,1.155
Northmart,BITES_BUTTONS_POUCH,CRESTLINE,Happy Buttons,Bitesize Pouch,2023-01-16,5993,29965.0,5.0,5.0,0.0,0,0,1.15
Northmart,BITES_BUTTONS_POUCH,CRESTLINE,Happy Buttons,Bitesize Pouch,2023-01-23,5847,29235.0,5.0,5.0,0.0,0,0,1.142
Northmart,BITES_BUTTONS_POUCH,CRESTLINE,Happy Buttons,Bitesize Pouch,2023-01-30,4942,24710.0,5.0,5.0,0.0,0,0,1.132
Northmart,BITES_BUTTONS_POUCH,CRESTLINE,Happy Buttons,Bitesize Pouch,2023-02-06,5325,26625.0,5.0,5.0,0.0,0,0,1.12
Northmart,BITES_BUTTONS_POUCH,CRESTLINE,Happy Buttons,Bitesize Pouch,2023-02-13,7872,33456.0,4.25,5.0,15.0,0,0,1.106
Northmart,BITES_BUTTONS_POUCH,CRESTLINE,Happy Buttons,Bitesize Pouch,2023-02-20,4293,21465.0,5.0,5.0,0.0,0,0,1.091
Northmart,BITES_BUTTONS_POUCH,CRESTLINE,Happy Buttons,Bitesize Pouch,2023-02-27,19176,67116.0,3.5,5.0,30.0,1,0,1.074
Northmart,BITES_BUTTONS_POUCH,CRESTLINE,Happy Buttons,Bitesize Pouch,2023-03-06,4483,22415.0,5.0,5.0,0.0,0,0,1.057
Northmart,BITES_BUTTONS_POUCH,CRESTLINE,Happy Buttons,Bitesize Pouch,2023-03-13,5089,25445.0,5.0,5.0,0.0,0,0,1.038
Northmart,BITES_BUTTONS_POUCH,CRESTLINE,Happy Buttons,Bitesize Pouch,2023-03-20,21255,69078.75,3.25,5.0,35.0,0,1,1.019
Northmart,BITES_BUTTONS_POUCH,CRESTLINE,Happy Buttons,Bitesize Pouch,2023-03-27,4061,20305.0,5.0,5.0,0.0,0,0,1.0
Northmart,BITES_BUTTONS_POUCH,CRESTLINE,Happy Buttons,Bitesize Pouch,2023-04-03,5726,28630.0,5.0,5.0,0.0,0,0,1.081
Northmart,BITES_BUTTONS_POUCH,CRESTLINE,Happy Buttons,Bitesize Pouch,2023-04-10,12875,54718.75,4.25,5.0,15.0,0,1,1.062
Northmart,BITES_BUTTONS_POUCH,CRESTLINE,Happy Buttons,Bitesize Pouch,2023-04-17,4134,20670.0,5.0,5.0,0.0,0,0,1.043
Northmart,BITES_BUTTONS_POUCH,CRESTLINE,Happy Buttons,Bitesize Pouch,2023-04-24,17736,62076.0,3.5,5.0,30.0,0,1,1.026
Northmart,BITES_BUTTONS_POUCH,CRESTLINE,Happy Buttons,Bitesize Pouch,2023-05-01,4050,20250.0,5.0,5.0,0.0,0,0,0.909
Northmart,BITES_BUTTONS_POUCH,CRESTLINE,Happy Buttons,Bitesize Pouch,2023-05-08,21744,70668.0,3.25,5.0,35.0,1,0,0.894
Northmart,BITES_BUTTONS_POUCH,CRESTLINE,Happy Buttons,Bitesize Pouch,2023-05-15,3643,18215.0,5.0,5.0,0.0,0,0,0.88
Northmart,BITES_BUTTONS_POUCH,CRESTLINE,Happy Buttons,Bitesize Pouch,2023-05-22,4976,24880.0,5.0,5.0,0.0,0,0,0.868
Northmart,BITES_BUTTONS_POUCH,CRESTLINE,Happy Buttons,Bitesize Pouch,2023-05-29,4445,22225.0,5.0,5.0,0.0,0,0,0.858
Northmart,BITES_BUTTONS_POUCH,CRESTLINE,Happy Buttons,Bitesize Pouch,2023-06-05,5536,24912.0,4.5,5.0,10.0,0,0,0.85
Northmart,BITES_BUTTONS_POUCH,CRESTLINE,Happy Buttons,Bitesize Pouch,2023-06-12,3886,19430.0,5.0,5.0,0.0,0,0,0.845
Northmart,BITES_BUTTONS_POUCH,CRESTLINE,Happy Buttons,Bitesize Pouch,2023-06-19,4085,20425.0,5.0,5.0,0.0,0,0,0.841
Northmart,BITES_BUTTONS_POUCH,CRESTLINE,Happy Buttons,Bitesize Pouch,2023-06-26,3353,16765.0,5.0,5.0,0.0,0,0,0.84
Northmart,BITES_BUTTONS_POUCH,CRESTLINE,Happy Buttons,Bitesize Pouch,2023-07-03,4332,21660.0,5.0,5.0,0.0,0,0,0.841
Northmart,BITES_BUTTONS_POUCH,CRESTLINE,Happy Buttons,Bitesize Pouch,2023-07-10,4334,21670.0,5.0,5.0,0.0,0,0,0.845
Northmart,BITES_BUTTONS_POUCH,CRESTLINE,Happy Buttons,Bitesize Pouch,2023-07-17,4593,22965.0,5.0,5.0,0.0,0,0,0.85
Northmart,BITES_BUTTONS_POUCH,CRESTLINE,Happy Buttons,Bitesize Pouch,2023-07-24,5285,26425.0,5.0,5.0,0.0,0,0,0.858
Northmart,BITES_BUTTONS_POUCH,CRESTLINE,Happy Buttons,Bitesize Pouch,2023-07-31,20345,66121.25,3.25,5.0,35.0,1,0,0.868
Northmart,BITES_BUTTONS_POUCH,CRESTLINE,Happy Buttons,Bitesize Pouch,2023-08-07,3639,18195.0,5.0,5.0,0.0,0,0,0.88
Northmart,BITES_BUTTONS_POUCH,CRESTLINE,Happy Buttons,Bitesize Pouch,2023-08-14,9503,33260.5,3.5,5.0,30.0,0,0,0.894
Northmart,BITES_BUTTONS_POUCH,CRESTLINE,Happy Buttons,Bitesize Pouch,2023-08-21,7709,25054.25,3.25,5.0,35.0,0,0,0.909
Northmart,BITES_BUTTONS_POUCH,CRESTLINE,Happy Buttons,Bitesize Pouch,2023-08-28,4302,21510.0,5.0,5.0,0.0,0,0,0.926
Northmart,BITES_BUTTONS_POUCH,CRESTLINE,Happy Buttons,Bitesize Pouch,2023-09-04,9675,33862.5,3.5,5.0,30.0,0,0,0.943
Northmart,BITES_BUTTONS_POUCH,CRESTLINE,Happy Buttons,Bitesize Pouch,2023-09-11,3548,17740.0,5.0,5.0,0.0,0,0,0.962
Northmart,BITES_BUTTONS_POUCH,CRESTLINE,Happy Buttons,Bitesize Pouch,2023-09-18,5277,26385.0,5.0,5.0,0.0,0,0,0.981
Northmart,BITES_BUTTONS_POUCH,CRESTLINE,Happy Buttons,Bitesize Pouch,2023-09-25,5361,26805.0,5.0,5.0,0.0,0,0,1.0
Northmart,BITES_BUTTONS_POUCH,CRESTLINE,Happy Buttons,Bitesize Pouch,2023-10-02,5838,29190.0,5.0,5.0,0.0,0,0,1.019
Northmart,BITES_BUTTONS_POUCH,CRESTLINE,Happy Buttons,Bitesize Pouch,2023-10-09,6017,30085.0,5.0,5.0,0.0,0,0,1.038
Northmart,BITES_BUTTONS_POUCH,CRESTLINE,Happy Buttons,Bitesize Pouch,2023-10-16,5570,27850.0,5.0,5.0,0.0,0,0,1.057
Northmart,BITES_BUTTONS_POUCH,CRESTLINE,Happy Buttons,Bitesize Pouch,2023-10-23,5141,25705.0,5.0,5.0,0.0,0,0,1.074
Northmart,BITES_BUTTONS_POUCH,CRESTLINE,Happy Buttons,Bitesize Pouch,2023-10-30,5271,26355.0,5.0,5.0,0.0,0,0,1.091
Northmart,BITES_BUTTONS_POUCH,CRESTLINE,Happy Buttons,Bitesize Pouch,2023-11-06,7340,36700.0,5.0,5.0,0.0,0,0,1.106
Northmart,BITES_BUTTONS_POUCH,CRESTLINE,Happy Buttons,Bitesize Pouch,2023-11-13,5660,28300.0,5.0,5.0,0.0,0,0,1.12
Northmart,BITES_BUTTONS_POUCH,CRESTLINE,Happy Buttons,Bitesize Pouch,2023-11-20,4499,22495.0,5.0,5.0,0.0,0,0,1.132
Northmart,BITES_BUTTONS_POUCH,CRESTLINE,Happy Buttons,Bitesize Pouch,2023-11-27,6098,30490.0,5.0,5.0,0.0,0,0,1.142
Northmart,BITES_BUTTONS_POUCH,CRESTLINE,Happy Buttons,Bitesize Pouch,2023-12-04,6834,34170.0,5.0,5.0,0.0,0,0,1.15
Northmart,BITES_BUTTONS_POUCH,CRESTLINE,Happy Buttons,Bitesize Pouch,2023-12-11,5058,25290.0,5.0,5.0,0.0,0,0,1.155
Northmart,BITES_BUTTONS_POUCH,CRESTLINE,Happy Buttons,Bitesize Pouch,2023-12-18,15709,51054.25,3.25,5.0,35.0,0,0,1.159
Northmart,BITES_BUTTONS_POUCH,CRESTLINE,Happy Buttons,Bitesize Pouch,2023-12-25,11616,46464.0,4.0,5.0,20.0,0,1,1.16
Northmart,BITES_MALT_POUCH,CRESTLINE,Golden Malt,Bitesize Pouch,2021-01-04,13691,60240.4,4.4,5.5,20.0,0,1,1.159
Northmart,BITES_MALT_POUCH,CRESTLINE,Golden Malt,Bitesize Pouch,2021-01-11,4362,23991.0,5.5,5.5,0.0,0,0,1.155
Northmart,BITES_MALT_POUCH,CRESTLINE,Golden Malt,Bitesize Pouch,2021-01-18,13945,49923.1,3.58,5.5,35.0,0,0,1.15
Northmart,BITES_MALT_POUCH,CRESTLINE,Golden Malt,Bitesize Pouch,2021-01-25,3582,19701.0,5.5,5.5,0.0,0,0,1.142
Northmart,BITES_MALT_POUCH,CRESTLINE,Golden Malt,Bitesize Pouch,2021-02-01,5023,27626.5,5.5,5.5,0.0,0,0,1.132
Northmart,BITES_MALT_POUCH,CRESTLINE,Golden Malt,Bitesize Pouch,2021-02-08,7516,35174.88,4.68,5.5,15.0,0,0,1.12
Northmart,BITES_MALT_POUCH,CRESTLINE,Golden Malt,Bitesize Pouch,2021-02-15,3993,21961.5,5.5,5.5,0.0,0,0,1.106
Northmart,BITES_MALT_POUCH,CRESTLINE,Golden Malt,Bitesize Pouch,2021-02-22,9846,40565.52,4.12,5.5,25.0,0,0,1.091
Northmart,BITES_MALT_POUCH,CRESTLINE,Golden Malt,Bitesize Pouch,2021-03-01,4734,26037.0,5.5,5.5,0.0,0,0,1.074
Northmart,BITES_MALT_POUCH,CRESTLINE,Golden Malt,Bitesize Pouch,2021-03-08,5564,30602.0,5.5,5.5,0.0,0,0,1.057
Northmart,BITES_MALT_POUCH,CRESTLINE,Golden Malt,Bitesize Pouch,2021-03-15,6704,33184.8,4.95,5.5,10.0,0,0,1.038
Northmart,BITES_MALT_POUCH,CRESTLINE,Golden Malt,Bitesize Pouch,2021-03-22,8833,34007.05,3.85,5.5,30.0,0,0,1.019
Northmart,BITES_MALT_POUCH,CRESTLINE,Golden Malt,Bitesize Pouch,2021-03-29,5767,25374.8,4.4,5.5,20.0,0,0,1.0
Northmart,BITES_MALT_POUCH,CRESTLINE,Golden Malt,Bitesize Pouch,2021-04-05,3718,20449.0,5.5,5.5,0.0,0,0,1.081
Northmart,BITES_MALT_POUCH,CRESTLINE,Golden Malt,Bitesize Pouch,2021-04-12,5567,30618.5,5.5,5.5,0.0,0,0,1.062
Northmart,BITES_MALT_POUCH,CRESTLINE,Golden Malt,Bitesize Pouch,2021-04-19,5444,29942.0,5.5,5.5,0.0,0,0,1.043
Northmart,BITES_MALT_POUCH,CRESTLINE,Golden Malt,Bitesize Pouch,2021-04-26,4832,26576.0,5.5,5.5,0.0,0,0,1.026
Northmart,BITES_MALT_POUCH,CRESTLINE,Golden Malt,Bitesize Pouch,2021-05-03,4247,23358.5,5.5,5.5,0.0,0,0,0.909
Northmart,BITES_MALT_POUCH,CRESTLINE,Golden Malt,Bitesize Pouch,2021-05-10,3835,21092.5,5.5,5.5,0.0,0,0,0.894
Northmart,BITES_MALT_POUCH,CRESTLINE,Golden Malt,Bitesize Pouch,2021-05-17,8302,31962.7,3.85,5.5,30.0,0,0,0.88
Northmart,BITES_MALT_POUCH,CRESTLINE,Golden Malt,Bitesize Pouch,2021-05-24,2660,14630.0,5.5,5.5,0.0,0,0,0.868
Northmart,BITES_MALT_POUCH,CRESTLINE,Golden Malt,Bitesize Pouch,2021-05-31,4539,24964.5,5.5,5.5,0.0,0,0,0.858
Northmart,BITES_MALT_POUCH,CRESTLINE,Golden Malt,Bitesize Pouch,2021-06-07,4061,22335.5,5.5,5.5,0.0,0,0,0.85
Northmart,BITES_MALT_POUCH,CRESTLINE,Golden Malt,Bitesize Pouch,2021-06-14,5828,27275.04,4.68,5.5,15.0,0,0,0.845
Northmart,BITES_MALT_POUCH,CRESTLINE,Golden Malt,Bitesize Pouch,2021-06-21,3400,18700.0,5.5,5.5,0.0,0,0,0.841
Northmart,BITES_MALT_POUCH,CRESTLINE,Golden Malt,Bitesize Pouch,2021-06-28,8607,33136.95,3.85,5.5,30.0,0,0,0.84
Northmart,BITES_MALT_POUCH,CRESTLINE,Golden Malt,Bitesize Pouch,2021-07-05,2911,16010.5,5.5,5.5,0.0,0,0,0.841
Northmart,BITES_MALT_POUCH,CRESTLINE,Golden Malt,Bitesize Pouch,2021-07-12,4400,24200.0,5.5,5.5,0.0,0,0,0.845
Northmart,BITES_MALT_POUCH,CRESTLINE,Golden Malt,Bitesize Pouch,2021-07-19,3973,21851.5,5.5,5.5,0.0,0,0,0.85
Northmart,BITES_MALT_POUCH,CRESTLINE,Golden Malt,Bitesize Pouch,2021-07-26,4220,23210.0,5.5,5.5,0.0,0,0,0.858
Northmart,BITES_MALT_POUCH,CRESTLINE,Golden Malt,Bitesize Pouch,2021-08-02,4074,22407.0,5.5,5.5,0.0,0,0,0.868
Northmart,BITES_MALT_POUCH,CRESTLINE,Golden Malt,Bitesize Pouch,2021-08-09,5908,27649.44,4.68,5.5,15.0,0,0,0.88
Northmart,BITES_MALT_POUCH,CRESTLINE,Golden Malt,Bitesize Pouch,2021-08-16,3184,17512.0,5.5,5.5,0.0,0,0,0.894
Northmart,BITES_MALT_POUCH,CRESTLINE,Golden Malt,Bitesize Pouch,2021-08-23,4229,23259.5,5.5,5.5,0.0,0,0,0.909
Northmart,BITES_MALT_POUCH,CRESTLINE,Golden Malt,Bitesize Pouch,2021-08-30,5124,28182.0,5.5,5.5,0.0,0,0,0.926
Northmart,BITES_MALT_POUCH,CRESTLINE,Golden Malt,Bitesize Pouch,2021-09-06,5176,28468.0,5.5,5.5,0.0,0,0,0.943
Northmart,BITES_MALT_POUCH,CRESTLINE,Golden Malt,Bitesize Pouch,2021-09-13,4867,26768.5,5.5,5.5,0.0,0,0,0.962
Northmart,BITES_MALT_POUCH,CRESTLINE,Golden Malt,Bitesize Pouch,2021-09-20,4333,23831.5,5.5,5.5,0.0,0,0,0.981
Northmart,BITES_MALT_POUCH,CRESTLINE,Golden Malt,Bitesize Pouch,2021-09-27,5085,27967.5,5.5,5.5,0.0,0,0,1.0
Northmart,BITES_MALT_POUCH,CRESTLINE,Golden Malt,Bitesize Pouch,2021-10-04,8401,34612.12,4.12,5.5,25.0,0,0,1.019
Northmart,BITES_MALT_POUCH,CRESTLINE,Golden Malt,Bitesize Pouch,2021-10-11,3885,21367.5,5.5,5.5,0.0,0,0,1.038
Northmart,BITES_MALT_POUCH,CRESTLINE,Golden Malt,Bitesize Pouch,2021-10-18,4905,26977.5,5.5,5.5,0.0,0,0,1.057
Northmart,BITES_MALT_POUCH,CRESTLINE,Golden Malt,Bitesize Pouch,2021-10-25,6312,31244.4,4.95,5.5,10.0,0,0,1.074
Northmart,BITES_MALT_POUCH,CRESTLINE,Golden Malt,Bitesize Pouch,2021-11-01,9427,44118.36,4.68,5.5,15.0,0,1,1.091
Northmart,BITES_MALT_POUCH,CRESTLINE,Golden Malt,Bitesize Pouch,2021-11-08,4919,27054.5,5.5,5.5,0.0,0,0,1.106
Northmart,BITES_MALT_POUCH,CRESTLINE,Golden Malt,Bitesize Pouch,2021-11-15,6561,30705.48,4.68,5.5,15.0,0,0,1.12
Northmart,BITES_MALT_POUCH,CRESTLINE,Golden Malt,Bitesize Pouch,2021-11-22,4123,22676.5,5.5,5.5,0.0,0,0,1.132
Northmart,BITES_MALT_POUCH,CRESTLINE,Golden Malt,Bitesize Pouch,2021-11-29,4818,26499.0,5.5,5.5,0.0,0,0,1.142
Northmart,BITES_MALT_POUCH,CRESTLINE,Golden Malt,Bitesize Pouch,2021-12-06,6143,33786.5,5.5,5.5,0.0,0,0,1.15
Northmart,BITES_MALT_POUCH,CRESTLINE,Golden Malt,Bitesize Pouch,2021-12-13,9336,41078.4,4.4,5.5,20.0,0,0,1.155
Northmart,BITES_MALT_POUCH,CRESTLINE,Golden Malt,Bitesize Pouch,2021-12-20,3995,21972.5,5.5,5.5,0.0,0,0,1.159
Northmart,BITES_MALT_POUCH,CRESTLINE,Golden Malt,Bitesize Pouch,2021-12-27,9716,45470.88,4.68,5.5,15.0,0,0,1.16
Northmart,BITES_MALT_POUCH,CRESTLINE,Golden Malt,Bitesize Pouch,2022-01-03,4476,24618.0,5.5,5.5,0.0,0,0,1.159
Northmart,BITES_MALT_POUCH,CRESTLINE,Golden Malt,Bitesize Pouch,2022-01-10,5970,32835.0,5.5,5.5,0.0,0,0,1.155
Northmart,BITES_MALT_POUCH,CRESTLINE,Golden Malt,Bitesize Pouch,2022-01-17,5053,27791.5,5.5,5.5,0.0,0,0,1.15
Northmart,BITES_MALT_POUCH,CRESTLINE,Golden Malt,Bitesize Pouch,2022-01-24,5383,29606.5,5.5,5.5,0.0,0,0,1.142
Northmart,BITES_MALT_POUCH,CRESTLINE,Golden Malt,Bitesize Pouch,2022-01-31,5699,31344.5,5.5,5.5,0.0,0,0,1.132
Northmart,BITES_MALT_POUCH,CRESTLINE,Golden Malt,Bitesize Pouch,2022-02-07,5136,28248.0,5.5,5.5,0.0,0,0,1.12
Northmart,BITES_MALT_POUCH,CRESTLINE,Golden Malt,Bitesize Pouch,2022-02-14,13835,57000.2,4.12,5.5,25.0,0,1,1.106
Northmart,BITES_MALT_POUCH,CRESTLINE,Golden Malt,Bitesize Pouch,2022-02-21,4178,22979.0,5.5,5.5,0.0,0,0,1.091
Northmart,BITES_MALT_POUCH,CRESTLINE,Golden Malt,Bitesize Pouch,2022-02-28,22655,87221.75,3.85,5.5,30.0,1,0,1.074
Northmart,BITES_MALT_POUCH,CRESTLINE,Golden Malt,Bitesize Pouch,2022-03-07,6518,28679.2,4.4,5.5,20.0,0,0,1.057
Northmart,BITES_MALT_POUCH,CRESTLINE,Golden Malt,Bitesize Pouch,2022-03-14,3775,20762.5,5.5,5.5,0.0,0,0,1.038
Northmart,BITES_MALT_POUCH,CRESTLINE,Golden Malt,Bitesize Pouch,2022-03-21,14351,51376.58,3.58,5.5,35.0,0,0,1.019
Northmart,BITES_MALT_POUCH,CRESTLINE,Golden Malt,Bitesize Pouch,2022-03-28,3076,16918.0,5.5,5.5,0.0,0,0,1.0
Northmart,BITES_MALT_POUCH,CRESTLINE,Golden Malt,Bitesize Pouch,2022-04-04,7708,36073.44,4.68,5.5,15.0,0,0,1.081
Northmart,BITES_MALT_POUCH,CRESTLINE,Golden Malt,Bitesize Pouch,2022-04-11,12664,45337.12,3.58,5.5,35.0,0,0,1.062
Northmart,BITES_MALT_POUCH,CRESTLINE,Golden Malt,Bitesize Pouch,2022-04-18,3626,19943.0,5.5,5.5,0.0,0,0,1.043
Northmart,BITES_MALT_POUCH,CRESTLINE,Golden Malt,Bitesize Pouch,2022-04-25,5820,32010.0,5.5,5.5,0.0,0,0,1.026
Northmart,BITES_MALT_POUCH,CRESTLINE,Golden Malt,Bitesize Pouch,2022-05-02,7491,32960.4,4.4,5.5,20.0,0,0,0.909
Northmart,BITES_MALT_POUCH,CRESTLINE,Golden Malt,Bitesize Pouch,2022-05-09,3793,20861.5,5.5,5.5,0.0,0,0,0.894
Northmart,BITES_MALT_POUCH,CRESTLINE,Golden Malt,Bitesize Pouch,2022-05-16,4751,26130.5,5.5,5.5,0.0,0,0,0.88
Northmart,BITES_MALT_POUCH,CRESTLINE,Golden Malt,Bitesize Pouch,2022-05-23,3804,20922.0,5.5,5.5,0.0,0,0,0.868
Northmart,BITES_MALT_POUCH,CRESTLINE,Golden Malt,Bitesize Pouch,2022-05-30,4159,22874.5,5.5,5.5,0.0,0,0,0.858
Northmart,BITES_MALT_POUCH,CRESTLINE,Golden Malt,Bitesize Pouch,2022-06-06,4217,23193.5,5.5,5.5,0.0,0,0,0.85
Northmart,BITES_MALT_POUCH,CRESTLINE,Golden Malt,Bitesize Pouch,2022-06-13,4121,22665.5,5.5,5.5,0.0,0,0,0.845
Northmart,BITES_MALT_POUCH,CRESTLINE,Golden Malt,Bitesize Pouch,2022-06-20,4396,24178.0,5.5,5.5,0.0,0,0,0.841
Northmart,BITES_MALT_POUCH,CRESTLINE,Golden Malt,Bitesize Pouch,2022-06-27,4363,23996.5,5.5,5.5,0.0,0,0,0.84
Northmart,BITES_MALT_POUCH,CRESTLINE,Golden Malt,Bitesize Pouch,2022-07-04,9814,45929.52,4.68,5.5,15.0,1,0,0.841
Northmart,BITES_MALT_POUCH,CRESTLINE,Golden Malt,Bitesize Pouch,2022-07-11,3945,21697.5,5.5,5.5,0.0,0,0,0.845
Northmart,BITES_MALT_POUCH,CRESTLINE,Golden Malt,Bitesize Pouch,2022-07-18,4380,24090.0,5.5,5.5,0.0,0,0,0.85
Northmart,BITES_MALT_POUCH,CRESTLINE,Golden Malt,Bitesize Pouch,2022-07-25,4427,24348.5,5.5,5.5,0.0,0,0,0.858
Northmart,BITES_MALT_POUCH,CRESTLINE,Golden Malt,Bitesize Pouch,2022-08-01,12350,47547.5,3.85,5.5,30.0,0,1,0.868
Northmart,BITES_MALT_POUCH,CRESTLINE,Golden Malt,Bitesize Pouch,2022-08-08,17162,66073.7,3.85,5.5,30.0,1,1,0.88
Northmart,BITES_MALT_POUCH,CRESTLINE,Golden Malt,Bitesize Pouch,2022-08-15,3002,16511.0,5.5,5.5,0.0,0,0,0.894
Northmart,BITES_MALT_POUCH,CRESTLINE,Golden Malt,Bitesize Pouch,2022-08-22,6898,32282.64,4.68,5.5,15.0,0,0,0.909
Northmart,BITES_MALT_POUCH,CRESTLINE,Golden Malt,Bitesize Pouch,2022-08-29,3693,20311.5,5.5,5.5,0.0,0,0,0.926
Northmart,BITES_MALT_POUCH,CRESTLINE,Golden Malt,Bitesize Pouch,2022-09-05,5244,28842.0,5.5,5.5,0.0,0,0,0.943
Northmart,BITES_MALT_POUCH,CRESTLINE,Golden Malt,Bitesize Pouch,2022-09-12,4260,23430.0,5.5,5.5,0.0,0,0,0.962
Northmart,BITES_MALT_POUCH,CRESTLINE,Golden Malt,Bitesize Pouch,2022-09-19,11028,51611.04,4.68,5.5,15.0,1,0,0.981
Northmart,BITES_MALT_POUCH,CRESTLINE,Golden Malt,Bitesize Pouch,2022-09-26,5685,26605.8,4.68,5.5,15.0,0,0,1.0
Northmart,BITES_MALT_POUCH,CRESTLINE,Golden Malt,Bitesize Pouch,2022-10-03,7676,31625.12,4.12,5.5,25.0,0,0,1.019
Northmart,BITES_MALT_POUCH,CRESTLINE,Golden Malt,Bitesize Pouch,2022-10-10,3901,21455.5,5.5,5.5,0.0,0,0,1.038
Northmart,BITES_MALT_POUCH,CRESTLINE,Golden Malt,Bitesize Pouch,2022-10-17,6931,32437.08,4.68,5.5,15.0,0,0,1.057
Northmart,BITES_MALT_POUCH,CRESTLINE,Golden Malt,Bitesize Pouch,2022-10-24,9966,38369.1,3.85,5.5,30.0,0,0,1.074
Northmart,BITES_MALT_POUCH,CRESTLINE,Golden Malt,Bitesize Pouch,2022-10-31,6465,32001.75,4.95,5.5,10.0,0,1,1.091
Northmart,BITES_MALT_POUCH,CRESTLINE,Golden Malt,Bitesize Pouch,2022-11-07,4314,23727.0,5.5,5.5,0.0,0,0,1.106
Northmart,BITES_MALT_POUCH,CRESTLINE,Golden Malt,Bitesize Pouch,2022-11-14,4944,27192.0,5.5,5.5,0.0,0,0,1.12
Northmart,BITES_MALT_POUCH,CRESTLINE,Golden Malt,Bitesize Pouch,2022-11-21,5266,28963.0,5.5,5.5,0.0,0,0,1.132
Northmart,BITES_MALT_POUCH,CRESTLINE,Golden Malt,Bitesize Pouch,2022-11-28,5094,28017.0,5.5,5.5,0.0,0,0,1.142
Northmart,BITES_MALT_POUCH,CRESTLINE,Golden Malt,Bitesize Pouch,2022-12-05,17643,77629.2,4.4,5.5,20.0,1,0,1.15
Northmart,BITES_MALT_POUCH,CRESTLINE,Golden Malt,Bitesize Pouch,2022-12-12,5085,27967.5,5.5,5.5,0.0,0,0,1.155
Northmart,BITES_MALT_POUCH,CRESTLINE,Golden Malt,Bitesize Pouch,2022-12-19,5510,30305.0,5.5,5.5,0.0,0,0,1.159
Northmart,BITES_MALT_POUCH,CRESTLINE,Golden Malt,Bitesize Pouch,2022-12-26,6004,33022.0,5.5,5.5,0.0,0,0,1.16
Northmart,BITES_MALT_POUCH,CRESTLINE,Golden Malt,Bitesize Pouch,2023-01-02,5477,30123.5,5.5,5.5,0.0,0,0,1.159
Northmart,BITES_MALT_POUCH,CRESTLINE,Golden Malt,Bitesize Pouch,2023-01-09,5925,32587.5,5.5,5.5,0.0,0,0,1.155
Northmart,BITES_MALT_POUCH,CRESTLINE,Golden Malt,Bitesize Pouch,2023-01-16,6208,34144.0,5.5,5.5,0.0,0,0,1.15
Northmart,BITES_MALT_POUCH,CRESTLINE,Golden Malt,Bitesize Pouch,2023-01-23,19650,75652.5,3.85,5.5,30.0,1,0,1.142
Northmart,BITES_MALT_POUCH,CRESTLINE,Golden Malt,Bitesize Pouch,2023-01-30,15334,59035.9,3.85,5.5,30.0,0,1,1.132
Northmart,BITES_MALT_POUCH,CRESTLINE,Golden Malt,Bitesize Pouch,2023-02-06,13226,54491.12,4.12,5.5,25.0,1,0,1.12
Northmart,BITES_MALT_POUCH,CRESTLINE,Golden Malt,Bitesize Pouch,2023-02-13,4125,22687.5,5.5,5.5,0.0,0,0,1.106
Northmart,BITES_MALT_POUCH,CRESTLINE,Golden Malt,Bitesize Pouch,2023-02-20,22322,79912.76,3.58,5.5,35.0,1,0,1.091
Northmart,BITES_MALT_POUCH,CRESTLINE,Golden Malt,Bitesize Pouch,2023-02-27,3693,20311.5,5.5,5.5,0.0,0,0,1.074
Northmart,BITES_MALT_POUCH,CRESTLINE,Golden Malt,Bitesize Pouch,2023-03-06,5229,28759.5,5.5,5.5,0.0,0,0,1.057
Northmart,BITES_MALT_POUCH,CRESTLINE,Golden Malt,Bitesize Pouch,2023-03-13,11500,44275.0,3.85,5.5,30.0,0,0,1.038
Northmart,BITES_MALT_POUCH,CRESTLINE,Golden Malt,Bitesize Pouch,2023-03-20,3373,18551.5,5.5,5.5,0.0,0,0,1.019
Northmart,BITES_MALT_POUCH,CRESTLINE,Golden Malt,Bitesize Pouch,2023-03-27,5809,31949.5,5.5,5.5,0.0,0,0,1.0
Northmart,BITES_MALT_POUCH,CRESTLINE,Golden Malt,Bitesize Pouch,2023-04-03,5152,28336.0,5.5,5.5,0.0,0,0,1.081
Northmart,BITES_MALT_POUCH,CRESTLINE,Golden Malt,Bitesize Pouch,2023-04-10,5627,30948.5,5.5,5.5,0.0,0,0,1.062
Northmart,BITES_MALT_POUCH,CRESTLINE,Golden Malt,Bitesize Pouch,2023-04-17,21571,83048.35,3.85,5.5,30.0,1,0,1.043
Northmart,BITES_MALT_POUCH,CRESTLINE,Golden Malt,Bitesize Pouch,2023-04-24,3316,18238.0,5.5,5.5,0.0,0,0,1.026
Northmart,BITES_MALT_POUCH,CRESTLINE,Golden Malt,Bitesize Pouch,2023-05-01,4560,25080.0,5.5,5.5,0.0,0,0,0.909
Northmart,BITES_MALT_POUCH,CRESTLINE,Golden Malt,Bitesize Pouch,2023-05-08,4153,22841.5,5.5,5.5,0.0,0,0,0.894
Northmart,BITES_MALT_POUCH,CRESTLINE,Golden Malt,Bitesize Pouch,2023-05-15,4677,25723.5,5.5,5.5,0.0,0,0,0.88
Northmart,BITES_MALT_POUCH,CRESTLINE,Golden Malt,Bitesize Pouch,2023-05-22,4476,24618.0,5.5,5.5,0.0,0,0,0.868
Northmart,BITES_MALT_POUCH,CRESTLINE,Golden Malt,Bitesize Pouch,2023-05-29,4539,24964.5,5.5,5.5,0.0,0,0,0.858
Northmart,BITES_MALT_POUCH,CRESTLINE,Golden Malt,Bitesize Pouch,2023-06-05,4447,24458.5,5.5,5.5,0.0,0,0,0.85
Northmart,BITES_MALT_POUCH,CRESTLINE,Golden Malt,Bitesize Pouch,2023-06-12,4389,24139.5,5.5,5.5,0.0,0,0,0.845
Northmart,BITES_MALT_POUCH,CRESTLINE,Golden Malt,Bitesize Pouch,2023-06-19,4559,25074.5,5.5,5.5,0.0,0,0,0.841
Northmart,BITES_MALT_POUCH,CRESTLINE,Golden Malt,Bitesize Pouch,2023-06-26,7283,30005.96,4.12,5.5,25.0,0,0,0.84
Northmart,BITES_MALT_POUCH,CRESTLINE,Golden Malt,Bitesize Pouch,2023-07-03,6790,26141.5,3.85,5.5,30.0,0,0,0.841
Northmart,BITES_MALT_POUCH,CRESTLINE,Golden Malt,Bitesize Pouch,2023-07-10,3492,19206.0,5.5,5.5,0.0,0,0,0.845
Northmart,BITES_MALT_POUCH,CRESTLINE,Golden Malt,Bitesize Pouch,2023-07-17,4489,24689.5,5.5,5.5,0.0,0,0,0.85
Northmart,BITES_MALT_POUCH,CRESTLINE,Golden Malt,Bitesize Pouch,2023-07-24,4206,23133.0,5.5,5.5,0.0,0,0,0.858
Northmart,BITES_MALT_POUCH,CRESTLINE,Golden Malt,Bitesize Pouch,2023-07-31,4269,23479.5,5.5,5.5,0.0,0,0,0.868
Northmart,BITES_MALT_POUCH,CRESTLINE,Golden Malt,Bitesize Pouch,2023-08-07,4077,22423.5,5.5,5.5,0.0,0,0,0.88
Northmart,BITES_MALT_POUCH,CRESTLINE,Golden Malt,Bitesize Pouch,2023-08-14,4164,22902.0,5.5,5.5,0.0,0,0,0.894
Northmart,BITES_MALT_POUCH,CRESTLINE,Golden Malt,Bitesize Pouch,2023-08-21,4457,24513.5,5.5,5.5,0.0,0,0,0.909
Northmart,BITES_MALT_POUCH,CRESTLINE,Golden Malt,Bitesize Pouch,2023-08-28,4364,24002.0,5.5,5.5,0.0,0,0,0.926
Northmart,BITES_MALT_POUCH,CRESTLINE,Golden Malt,Bitesize Pouch,2023-09-04,10905,39039.9,3.58,5.5,35.0,0,0,0.943
Northmart,BITES_MALT_POUCH,CRESTLINE,Golden Malt,Bitesize Pouch,2023-09-11,3583,19706.5,5.5,5.5,0.0,0,0,0.962
Northmart,BITES_MALT_POUCH,CRESTLINE,Golden Malt,Bitesize Pouch,2023-09-18,4952,27236.0,5.5,5.5,0.0,0,0,0.981
Northmart,BITES_MALT_POUCH,CRESTLINE,Golden Malt,Bitesize Pouch,2023-09-25,9913,40841.56,4.12,5.5,25.0,0,0,1.0
Northmart,BITES_MALT_POUCH,CRESTLINE,Golden Malt,Bitesize Pouch,2023-10-02,4347,23908.5,5.5,5.5,0.0,0,0,1.019
Northmart,BITES_MALT_POUCH,CRESTLINE,Golden Malt,Bitesize Pouch,2023-10-09,5731,31520.5,5.5,5.5,0.0,0,0,1.038
Northmart,BITES_MALT_POUCH,CRESTLINE,Golden Malt,Bitesize Pouch,2023-10-16,17480,67298.0,3.85,5.5,30.0,0,1,1.057
Northmart,BITES_MALT_POUCH,CRESTLINE,Golden Malt,Bitesize Pouch,2023-10-23,8157,31404.45,3.85,5.5,30.0,0,0,1.074
Northmart,BITES_MALT_POUCH,CRESTLINE,Golden Malt,Bitesize Pouch,2023-10-30,4481,24645.5,5.5,5.5,0.0,0,0,1.091
Northmart,BITES_MALT_POUCH,CRESTLINE,Golden Malt,Bitesize Pouch,2023-11-06,5141,28275.5,5.5,5.5,0.0,0,0,1.106
Northmart,BITES_MALT_POUCH,CRESTLINE,Golden Malt,Bitesize Pouch,2023-11-13,7192,35600.4,4.95,5.5,10.0,0,0,1.12
Northmart,BITES_MALT_POUCH,CRESTLINE,Golden Malt,Bitesize Pouch,2023-11-20,23897,85551.26,3.58,5.5,35.0,1,0,1.132
Northmart,BITES_MALT_POUCH,CRESTLINE,Golden Malt,Bitesize Pouch,2023-11-27,3856,21208.0,5.5,5.5,0.0,0,0,1.142
Northmart,BITES_MALT_POUCH,CRESTLINE,Golden Malt,Bitesize Pouch,2023-12-04,6100,33550.0,5.5,5.5,0.0,0,0,1.15
Northmart,BITES_MALT_POUCH,CRESTLINE,Golden Malt,Bitesize Pouch,2023-12-11,5654,31097.0,5.5,5.5,0.0,0,0,1.155
Northmart,BITES_MALT_POUCH,CRESTLINE,Golden Malt,Bitesize Pouch,2023-12-18,5656,31108.0,5.5,5.5,0.0,0,0,1.159
Northmart,BITES_MALT_POUCH,CRESTLINE,Golden Malt,Bitesize Pouch,2023-12-25,6035,33192.5,5.5,5.5,0.0,0,0,1.16
Northmart,CLASSIC_DAIRY_BLOCK,HARTWELL,Hartwell Dairy,Block,2021-01-04,12199,48796.0,4.0,4.0,0.0,0,0,1.159
Northmart,CLASSIC_DAIRY_BLOCK,HARTWELL,Hartwell Dairy,Block,2021-01-11,18221,58307.2,3.2,4.0,20.0,0,0,1.155
Northmart,CLASSIC_DAIRY_BLOCK,HARTWELL,Hartwell Dairy,Block,2021-01-18,8762,35048.0,4.0,4.0,0.0,0,0,1.15
Northmart,CLASSIC_DAIRY_BLOCK,HARTWELL,Hartwell Dairy,Block,2021-01-25,20377,69281.8,3.4,4.0,15.0,0,1,1.142
Northmart,CLASSIC_DAIRY_BLOCK,HARTWELL,Hartwell Dairy,Block,2021-02-01,23439,65629.2,2.8,4.0,30.0,0,0,1.132
Northmart,CLASSIC_DAIRY_BLOCK,HARTWELL,Hartwell Dairy,Block,2021-02-08,7643,30572.0,4.0,4.0,0.0,0,0,1.12
Northmart,CLASSIC_DAIRY_BLOCK,HARTWELL,Hartwell Dairy,Block,2021-02-15,25720,72016.0,2.8,4.0,30.0,0,0,1.106
Northmart,CLASSIC_DAIRY_BLOCK,HARTWELL,Hartwell Dairy,Block,2021-02-22,11541,39239.4,3.4,4.0,15.0,0,0,1.091
Northmart,CLASSIC_DAIRY_BLOCK,HARTWELL,Hartwell Dairy,Block,2021-03-01,8347,33388.0,4.0,4.0,0.0,0,0,1.074
Northmart,CLASSIC_DAIRY_BLOCK,HARTWELL,Hartwell Dairy,Block,2021-03-08,10878,43512.0,4.0,4.0,0.0,0,0,1.057
Northmart,CLASSIC_DAIRY_BLOCK,HARTWELL,Hartwell Dairy,Block,2021-03-15,8480,33920.0,4.0,4.0,0.0,0,0,1.038
Northmart,CLASSIC_DAIRY_BLOCK,HARTWELL,Hartwell Dairy,Block,2021-03-22,9117,36468.0,4.0,4.0,0.0,0,0,1.019
Northmart,CLASSIC_DAIRY_BLOCK,HARTWELL,Hartwell Dairy,Block,2021-03-29,9848,39392.0,4.0,4.0,0.0,0,0,1.0
Northmart,CLASSIC_DAIRY_BLOCK,HARTWELL,Hartwell Dairy,Block,2021-04-05,10787,43148.0,4.0,4.0,0.0,0,0,1.081
Northmart,CLASSIC_DAIRY_BLOCK,HARTWELL,Hartwell Dairy,Block,2021-04-12,9605,38420.0,4.0,4.0,0.0,0,0,1.062
Northmart,CLASSIC_DAIRY_BLOCK,HARTWELL,Hartwell Dairy,Block,2021-04-19,9621,38484.0,4.0,4.0,0.0,0,0,1.043
Northmart,CLASSIC_DAIRY_BLOCK,HARTWELL,Hartwell Dairy,Block,2021-04-26,10002,40008.0,4.0,4.0,0.0,0,0,1.026
Northmart,CLASSIC_DAIRY_BLOCK,HARTWELL,Hartwell Dairy,Block,2021-05-03,24311,72933.0,3.0,4.0,25.0,0,1,0.909
Northmart,CLASSIC_DAIRY_BLOCK,HARTWELL,Hartwell Dairy,Block,2021-05-10,10576,35958.4,3.4,4.0,15.0,0,0,0.894
Northmart,CLASSIC_DAIRY_BLOCK,HARTWELL,Hartwell Dairy,Block,2021-05-17,14114,45164.8,3.2,4.0,20.0,0,0,0.88
Northmart,CLASSIC_DAIRY_BLOCK,HARTWELL,Hartwell Dairy,Block,2021-05-24,7046,28184.0,4.0,4.0,0.0,0,0,0.868
Northmart,CLASSIC_DAIRY_BLOCK,HARTWELL,Hartwell Dairy,Block,2021-05-31,8273,33092.0,4.0,4.0,0.0,0,0,0.858
Northmart,CLASSIC_DAIRY_BLOCK,HARTWELL,Hartwell Dairy,Block,2021-06-07,8290,33160.0,4.0,4.0,0.0,0,0,0.85
Northmart,CLASSIC_DAIRY_BLOCK,HARTWELL,Hartwell Dairy,Block,2021-06-14,8050,32200.0,4.0,4.0,0.0,0,0,0.845
Northmart,CLASSIC_DAIRY_BLOCK,HARTWELL,Hartwell Dairy,Block,2021-06-21,11252,40507.2,3.6,4.0,10.0,0,0,0.841
Northmart,CLASSIC_DAIRY_BLOCK,HARTWELL,Hartwell Dairy,Block,2021-06-28,24352,73056.0,3.0,4.0,25.0,1,0,0.84
Northmart,CLASSIC_DAIRY_BLOCK,HARTWELL,Hartwell Dairy,Block,2021-07-05,24964,79884.8,3.2,4.0,20.0,1,1,0.841
Northmart,CLASSIC_DAIRY_BLOCK,HARTWELL,Hartwell Dairy,Block,2021-07-12,6592,26368.0,4.0,4.0,0.0,0,0,0.845
Northmart,CLASSIC_DAIRY_BLOCK,HARTWELL,Hartwell Dairy,Block,2021-07-19,29219,81813.2,2.8,4.0,30.0,0,1,0.85
Northmart,CLASSIC_DAIRY_BLOCK,HARTWELL,Hartwell Dairy,Block,2021-07-26,6284,25136.0,4.0,4.0,0.0,0,0,0.858
Northmart,CLASSIC_DAIRY_BLOCK,HARTWELL,Hartwell Dairy,Block,2021-08-02,7346,29384.0,4.0,4.0,0.0,0,0,0.868
Northmart,CLASSIC_DAIRY_BLOCK,HARTWELL,Hartwell Dairy,Block,2021-08-09,8786,35144.0,4.0,4.0,0.0,0,0,0.88
Northmart,CLASSIC_DAIRY_BLOCK,HARTWELL,Hartwell Dairy,Block,2021-08-16,8868,35472.0,4.0,4.0,0.0,0,0,0.894
Northmart,CLASSIC_DAIRY_BLOCK,HARTWELL,Hartwell Dairy,Block,2021-08-23,8700,34800.0,4.0,4.0,0.0,0,0,0.909
Northmart,CLASSIC_DAIRY_BLOCK,HARTWELL,Hartwell Dairy,Block,2021-08-30,14486,46355.2,3.2,4.0,20.0,0,0,0.926
Northmart,CLASSIC_DAIRY_BLOCK,HARTWELL,Hartwell Dairy,Block,2021-09-06,7269,29076.0,4.0,4.0,0.0,0,0,0.943
Northmart,CLASSIC_DAIRY_BLOCK,HARTWELL,Hartwell Dairy,Block,2021-09-13,11187,44748.0,4.0,4.0,0.0,0,0,0.962
Northmart,CLASSIC_DAIRY_BLOCK,HARTWELL,Hartwell Dairy,Block,2021-09-20,35680,121312.0,3.4,4.0,15.0,1,1,0.981
Northmart,CLASSIC_DAIRY_BLOCK,HARTWELL,Hartwell Dairy,Block,2021-09-27,8947,35788.0,4.0,4.0,0.0,0,0,1.0
Northmart,CLASSIC_DAIRY_BLOCK,HARTWELL,Hartwell Dairy,Block,2021-10-04,9719,38876.0,4.0,4.0,0.0,0,0,1.019
Northmart,CLASSIC_DAIRY_BLOCK,HARTWELL,Hartwell Dairy,Block,2021-10-11,10462,41848.0,4.0,4.0,0.0,0,0,1.038
Northmart,CLASSIC_DAIRY_BLOCK,HARTWELL,Hartwell Dairy,Block,2021-10-18,11500,46000.0,4.0,4.0,0.0,0,0,1.057
Northmart,CLASSIC_DAIRY_BLOCK,HARTWELL,Hartwell Dairy,Block,2021-10-25,10365,41460.0,4.0,4.0,0.0,0,0,1.074
Northmart,CLASSIC_DAIRY_BLOCK,HARTWELL,Hartwell Dairy,Block,2021-11-01,10127,40508.0,4.0,4.0,0.0,0,0,1.091
Northmart,CLASSIC_DAIRY_BLOCK,HARTWELL,Hartwell Dairy,Block,2021-11-08,10910,43640.0,4.0,4.0,0.0,0,0,1.106
Northmart,CLASSIC_DAIRY_BLOCK,HARTWELL,Hartwell Dairy,Block,2021-11-15,16174,51756.8,3.2,4.0,20.0,0,0,1.12
Northmart,CLASSIC_DAIRY_BLOCK,HARTWELL,Hartwell Dairy,Block,2021-11-22,14738,47161.6,3.2,4.0,20.0,0,0,1.132
Northmart,CLASSIC_DAIRY_BLOCK,HARTWELL,Hartwell Dairy,Block,2021-11-29,22022,70470.4,3.2,4.0,20.0,0,1,1.142
Northmart,CLASSIC_DAIRY_BLOCK,HARTWELL,Hartwell Dairy,Block,2021-12-06,8199,32796.0,4.0,4.0,0.0,0,0,1.15
Northmart,CLASSIC_DAIRY_BLOCK,HARTWELL,Hartwell Dairy,Block,2021-12-13,11199,44796.0,4.0,4.0,0.0,0,0,1.155
Northmart,CLASSIC_DAIRY_BLOCK,HARTWELL,Hartwell Dairy,Block,2021-12-20,11095,44380.0,4.0,4.0,0.0,0,0,1.159
Northmart,CLASSIC_DAIRY_BLOCK,HARTWELL,Hartwell Dairy,Block,2021-12-27,55028,165084.0,3.0,4.0,25.0,1,1,1.16
Northmart,CLASSIC_DAIRY_BLOCK,HARTWELL,Hartwell Dairy,Block,2022-01-03,50251,140702.8,2.8,4.0,30.0,1,1,1.159
Northmart,CLASSIC_DAIRY_BLOCK,HARTWELL,Hartwell Dairy,Block,2022-01-10,8248,32992.0,4.0,4.0,0.0,0,0,1.155
Northmart,CLASSIC_DAIRY_BLOCK,HARTWELL,Hartwell Dairy,Block,2022-01-17,17737,60305.8,3.4,4.0,15.0,0,0,1.15
Northmart,CLASSIC_DAIRY_BLOCK,HARTWELL,Hartwell Dairy,Block,2022-01-24,8674,34696.0,4.0,4.0,0.0,0,0,1.142
Northmart,CLASSIC_DAIRY_BLOCK,HARTWELL,Hartwell Dairy,Block,2022-01-31,19800,63360.0,3.2,4.0,20.0,0,0,1.132
Northmart,CLASSIC_DAIRY_BLOCK,HARTWELL,Hartwell Dairy,Block,2022-02-07,9614,38456.0,4.0,4.0,0.0,0,0,1.12
Northmart,CLASSIC_DAIRY_BLOCK,HARTWELL,Hartwell Dairy,Block,2022-02-14,11445,45780.0,4.0,4.0,0.0,0,0,1.106
Northmart,CLASSIC_DAIRY_BLOCK,HARTWELL,Hartwell Dairy,Block,2022-02-21,10317,41268.0,4.0,4.0,0.0,0,0,1.091
Northmart,CLASSIC_DAIRY_BLOCK,HARTWELL,Hartwell Dairy,Block,2022-02-28,26595,90423.0,3.4,4.0,15.0,1,0,1.074
Northmart,CLASSIC_DAIRY_BLOCK,HARTWELL,Hartwell Dairy,Block,2022-03-07,8922,35688.0,4.0,4.0,0.0,0,0,1.057
Northmart,CLASSIC_DAIRY_BLOCK,HARTWELL,Hartwell Dairy,Block,2022-03-14,11123,44492.0,4.0,4.0,0.0,0,0,1.038
Northmart,CLASSIC_DAIRY_BLOCK,HARTWELL,Hartwell Dairy,Block,2022-03-21,18878,60409.6,3.2,4.0,20.0,0,0,1.019
Northmart,CLASSIC_DAIRY_BLOCK,HARTWELL,Hartwell Dairy,Block,2022-03-28,13586,43475.2,3.2,4.0,20.0,0,0,1.0
Northmart,CLASSIC_DAIRY_BLOCK,HARTWELL,Hartwell Dairy,Block,2022-04-04,8338,33352.0,4.0,4.0,0.0,0,0,1.081
Northmart,CLASSIC_DAIRY_BLOCK,HARTWELL,Hartwell Dairy,Block,2022-04-11,11069,44276.0,4.0,4.0,0.0,0,0,1.062
Northmart,CLASSIC_DAIRY_BLOCK,HARTWELL,Hartwell Dairy,Block,2022-04-18,9012,36048.0,4.0,4.0,0.0,0,0,1.043
Northmart,CLASSIC_DAIRY_BLOCK,HARTWELL,Hartwell Dairy,Block,2022-04-25,10199,40796.0,4.0,4.0,0.0,0,0,1.026
Northmart,CLASSIC_DAIRY_BLOCK,HARTWELL,Hartwell Dairy,Block,2022-05-02,11244,40478.4,3.6,4.0,10.0,0,0,0.909
Northmart,CLASSIC_DAIRY_BLOCK,HARTWELL,Hartwell Dairy,Block,2022-05-09,20008,56022.4,2.8,4.0,30.0,0,0,0.894
Northmart,CLASSIC_DAIRY_BLOCK,HARTWELL,Hartwell Dairy,Block,2022-05-16,6183,24732.0,4.0,4.0,0.0,0,0,0.88
Northmart,CLASSIC_DAIRY_BLOCK,HARTWELL,Hartwell Dairy,Block,2022-05-23,8225,32900.0,4.0,4.0,0.0,0,0,0.868
Northmart,CLASSIC_DAIRY_BLOCK,HARTWELL,Hartwell Dairy,Block,2022-05-30,34543,96720.4,2.8,4.0,30.0,1,0,0.858
Northmart,CLASSIC_DAIRY_BLOCK,HARTWELL,Hartwell Dairy,Block,2022-06-06,6449,25796.0,4.0,4.0,0.0,0,0,0.85
Northmart,CLASSIC_DAIRY_BLOCK,HARTWELL,Hartwell Dairy,Block,2022-06-13,9187,36748.0,4.0,4.0,0.0,0,0,0.845
Northmart,CLASSIC_DAIRY_BLOCK,HARTWELL,Hartwell Dairy,Block,2022-06-20,12678,43105.2,3.4,4.0,15.0,0,0,0.841
Northmart,CLASSIC_DAIRY_BLOCK,HARTWELL,Hartwell Dairy,Block,2022-06-27,7215,28860.0,4.0,4.0,0.0,0,0,0.84
Northmart,CLASSIC_DAIRY_BLOCK,HARTWELL,Hartwell Dairy,Block,2022-07-04,8683,34732.0,4.0,4.0,0.0,0,0,0.841
Northmart,CLASSIC_DAIRY_BLOCK,HARTWELL,Hartwell Dairy,Block,2022-07-11,7692,30768.0,4.0,4.0,0.0,0,0,0.845
Northmart,CLASSIC_DAIRY_BLOCK,HARTWELL,Hartwell Dairy,Block,2022-07-18,8180,32720.0,4.0,4.0,0.0,0,0,0.85
Northmart,CLASSIC_DAIRY_BLOCK,HARTWELL,Hartwell Dairy,Block,2022-07-25,8119,32476.0,4.0,4.0,0.0,0,0,0.858
Northmart,CLASSIC_DAIRY_BLOCK,HARTWELL,Hartwell Dairy,Block,2022-08-01,9472,37888.0,4.0,4.0,0.0,0,0,0.868
Northmart,CLASSIC_DAIRY_BLOCK,HARTWELL,Hartwell Dairy,Block,2022-08-08,13491,45869.4,3.4,4.0,15.0,0,0,0.88
Northmart,CLASSIC_DAIRY_BLOCK,HARTWELL,Hartwell Dairy,Block,2022-08-15,7074,28296.0,4.0,4.0,0.0,0,0,0.894
Northmart,CLASSIC_DAIRY_BLOCK,HARTWELL,Hartwell Dairy,Block,2022-08-22,9012,36048.0,4.0,4.0,0.0,0,0,0.909
Northmart,CLASSIC_DAIRY_BLOCK,HARTWELL,Hartwell Dairy,Block,2022-08-29,25158,70442.4,2.8,4.0,30.0,0,0,0.926
Northmart,CLASSIC_DAIRY_BLOCK,HARTWELL,Hartwell Dairy,Block,2022-09-05,7647,30588.0,4.0,4.0,0.0,0,0,0.943
Northmart,CLASSIC_DAIRY_BLOCK,HARTWELL,Hartwell Dairy,Block,2022-09-12,8707,34828.0,4.0,4.0,0.0,0,0,0.962
Northmart,CLASSIC_DAIRY_BLOCK,HARTWELL,Hartwell Dairy,Block,2022-09-19,8850,35400.0,4.0,4.0,0.0,0,0,0.981
Northmart,CLASSIC_DAIRY_BLOCK,HARTWELL,Hartwell Dairy,Block,2022-09-26,16734,53548.8,3.2,4.0,20.0,0,0,1.0
Northmart,CLASSIC_DAIRY_BLOCK,HARTWELL,Hartwell Dairy,Block,2022-10-03,8011,32044.0,4.0,4.0,0.0,0,0,1.019
Northmart,CLASSIC_DAIRY_BLOCK,HARTWELL,Hartwell Dairy,Block,2022-10-10,11162,44648.0,4.0,4.0,0.0,0,0,1.038
Northmart,CLASSIC_DAIRY_BLOCK,HARTWELL,Hartwell Dairy,Block,2022-10-17,10561,42244.0,4.0,4.0,0.0,0,0,1.057
Northmart,CLASSIC_DAIRY_BLOCK,HARTWELL,Hartwell Dairy,Block,2022-10-24,15810,53754.0,3.4,4.0,15.0,0,0,1.074
Northmart,CLASSIC_DAIRY_BLOCK,HARTWELL,Hartwell Dairy,Block,2022-10-31,8289,33156.0,4.0,4.0,0.0,0,0,1.091
Northmart,CLASSIC_DAIRY_BLOCK,HARTWELL,Hartwell Dairy,Block,2022-11-07,12533,50132.0,4.0,4.0,0.0,0,0,1.106
Northmart,CLASSIC_DAIRY_BLOCK,HARTWELL,Hartwell Dairy,Block,2022-11-14,10763,43052.0,4.0,4.0,0.0,0,0,1.12
Northmart,CLASSIC_DAIRY_BLOCK,HARTWELL,Hartwell Dairy,Block,2022-11-21,12687,50748.0,4.0,4.0,0.0,0,0,1.132
Northmart,CLASSIC_DAIRY_BLOCK,HARTWELL,Hartwell Dairy,Block,2022-11-28,11321,45284.0,4.0,4.0,0.0,0,0,1.142
Northmart,CLASSIC_DAIRY_BLOCK,HARTWELL,Hartwell Dairy,Block,2022-12-05,11410,45640.0,4.0,4.0,0.0,0,0,1.15
Northmart,CLASSIC_DAIRY_BLOCK,HARTWELL,Hartwell Dairy,Block,2022-12-12,28821,92227.2,3.2,4.0,20.0,0,1,1.155
Northmart,CLASSIC_DAIRY_BLOCK,HARTWELL,Hartwell Dairy,Block,2022-12-19,22559,63165.2,2.8,4.0,30.0,0,0,1.159
Northmart,CLASSIC_DAIRY_BLOCK,HARTWELL,Hartwell Dairy,Block,2022-12-26,7420,29680.0,4.0,4.0,0.0,0,0,1.16
Northmart,CLASSIC_DAIRY_BLOCK,HARTWELL,Hartwell Dairy,Block,2023-01-02,11169,44676.0,4.0,4.0,0.0,0,0,1.159
Northmart,CLASSIC_DAIRY_BLOCK,HARTWELL,Hartwell Dairy,Block,2023-01-09,33978,101934.0,3.0,4.0,25.0,0,1,1.155
Northmart,CLASSIC_DAIRY_BLOCK,HARTWELL,Hartwell Dairy,Block,2023-01-16,9269,37076.0,4.0,4.0,0.0,0,0,1.15
Northmart,CLASSIC_DAIRY_BLOCK,HARTWELL,Hartwell Dairy,Block,2023-01-23,36384,109152.0,3.0,4.0,25.0,0,1,1.142
Northmart,CLASSIC_DAIRY_BLOCK,HARTWELL,Hartwell Dairy,Block,2023-01-30,18986,56958.0,3.0,4.0,25.0,0,0,1.132
Northmart,CLASSIC_DAIRY_BLOCK,HARTWELL,Hartwell Dairy,Block,2023-02-06,11589,41720.4,3.6,4.0,10.0,0,0,1.12
Northmart,CLASSIC_DAIRY_BLOCK,HARTWELL,Hartwell Dairy,Block,2023-02-13,8789,35156.0,4.0,4.0,0.0,0,0,1.106
Northmart,CLASSIC_DAIRY_BLOCK,HARTWELL,Hartwell Dairy,Block,2023-02-20,10612,42448.0,4.0,4.0,0.0,0,0,1.091
Northmart,CLASSIC_DAIRY_BLOCK,HARTWELL,Hartwell Dairy,Block,2023-02-27,34224,88982.4,2.6,4.0,35.0,0,0,1.074
Northmart,CLASSIC_DAIRY_BLOCK,HARTWELL,Hartwell Dairy,Block,2023-03-06,12356,42010.4,3.4,4.0,15.0,0,0,1.057
Northmart,CLASSIC_DAIRY_BLOCK,HARTWELL,Hartwell Dairy,Block,2023-03-13,7628,30512.0,4.0,4.0,0.0,0,0,1.038
Northmart,CLASSIC_DAIRY_BLOCK,HARTWELL,Hartwell Dairy,Block,2023-03-20,8643,34572.0,4.0,4.0,0.0,0,0,1.019
Northmart,CLASSIC_DAIRY_BLOCK,HARTWELL,Hartwell Dairy,Block,2023-03-27,9057,36228.0,4.0,4.0,0.0,0,0,1.0
Northmart,CLASSIC_DAIRY_BLOCK,HARTWELL,Hartwell Dairy,Block,2023-04-03,11727,46908.0,4.0,4.0,0.0,0,0,1.081
Northmart,CLASSIC_DAIRY_BLOCK,HARTWELL,Hartwell Dairy,Block,2023-04-10,10706,42824.0,4.0,4.0,0.0,0,0,1.062
Northmart,CLASSIC_DAIRY_BLOCK,HARTWELL,Hartwell Dairy,Block,2023-04-17,9639,38556.0,4.0,4.0,0.0,0,0,1.043
Northmart,CLASSIC_DAIRY_BLOCK,HARTWELL,Hartwell Dairy,Block,2023-04-24,9867,39468.0,4.0,4.0,0.0,0,0,1.026
Northmart,CLASSIC_DAIRY_BLOCK,HARTWELL,Hartwell Dairy,Block,2023-05-01,11643,46572.0,4.0,4.0,0.0,0,0,0.909
Northmart,CLASSIC_DAIRY_BLOCK,HARTWELL,Hartwell Dairy,Block,2023-05-08,10078,40312.0,4.0,4.0,0.0,0,0,0.894
Northmart,CLASSIC_DAIRY_BLOCK,HARTWELL,Hartwell Dairy,Block,2023-05-15,8138,32552.0,4.0,4.0,0.0,0,0,0.88
Northmart,CLASSIC_DAIRY_BLOCK,HARTWELL,Hartwell Dairy,Block,2023-05-22,8595,34380.0,4.0,4.0,0.0,0,0,0.868
Northmart,CLASSIC_DAIRY_BLOCK,HARTWELL,Hartwell Dairy,Block,2023-05-29,8527,34108.0,4.0,4.0,0.0,0,0,0.858
Northmart,CLASSIC_DAIRY_BLOCK,HARTWELL,Hartwell Dairy,Block,2023-06-05,8500,34000.0,4.0,4.0,0.0,0,0,0.85
Northmart,CLASSIC_DAIRY_BLOCK,HARTWELL,Hartwell Dairy,Block,2023-06-12,26323,68439.8,2.6,4.0,35.0,0,0,0.845
Northmart,CLASSIC_DAIRY_BLOCK,HARTWELL,Hartwell Dairy,Block,2023-06-19,13756,38516.8,2.8,4.0,30.0,0,0,0.841
Northmart,CLASSIC_DAIRY_BLOCK,HARTWELL,Hartwell Dairy,Block,2023-06-26,12187,38998.4,3.2,4.0,20.0,0,0,0.84
Northmart,CLASSIC_DAIRY_BLOCK,HARTWELL,Hartwell Dairy,Block,2023-07-03,7258,29032.0,4.0,4.0,0.0,0,0,0.841
Northmart,CLASSIC_DAIRY_BLOCK,HARTWELL,Hartwell Dairy,Block,2023-07-10,15667,50134.4,3.2,4.0,20.0,0,0,0.845
Northmart,CLASSIC_DAIRY_BLOCK,HARTWELL,Hartwell Dairy,Block,2023-07-17,7296,29184.0,4.0,4.0,0.0,0,0,0.85
Northmart,CLASSIC_DAIRY_BLOCK,HARTWELL,Hartwell Dairy,Block,2023-07-24,8134,32536.0,4.0,4.0,0.0,0,0,0.858
Northmart,CLASSIC_DAIRY_BLOCK,HARTWELL,Hartwell Dairy,Block,2023-07-31,8632,34528.0,4.0,4.0,0.0,0,0,0.868
Northmart,CLASSIC_DAIRY_BLOCK,HARTWELL,Hartwell Dairy,Block,2023-08-07,8482,33928.0,4.0,4.0,0.0,0,0,0.88
Northmart,CLASSIC_DAIRY_BLOCK,HARTWELL,Hartwell Dairy,Block,2023-08-14,9507,38028.0,4.0,4.0,0.0,0,0,0.894
Northmart,CLASSIC_DAIRY_BLOCK,HARTWELL,Hartwell Dairy,Block,2023-08-21,28197,95869.8,3.4,4.0,15.0,1,1,0.909
Northmart,CLASSIC_DAIRY_BLOCK,HARTWELL,Hartwell Dairy,Block,2023-08-28,8033,32132.0,4.0,4.0,0.0,0,0,0.926
Northmart,CLASSIC_DAIRY_BLOCK,HARTWELL,Hartwell Dairy,Block,2023-09-04,8108,32432.0,4.0,4.0,0.0,0,0,0.943
Northmart,CLASSIC_DAIRY_BLOCK,HARTWELL,Hartwell Dairy,Block,2023-09-11,48031,124880.6,2.6,4.0,35.0,1,0,0.962
Northmart,CLASSIC_DAIRY_BLOCK,HARTWELL,Hartwell Dairy,Block,2023-09-18,12523,40073.6,3.2,4.0,20.0,0,0,0.981
Northmart,CLASSIC_DAIRY_BLOCK,HARTWELL,Hartwell Dairy,Block,2023-09-25,10712,38563.2,3.6,4.0,10.0,0,0,1.0
Northmart,CLASSIC_DAIRY_BLOCK,HARTWELL,Hartwell Dairy,Block,2023-10-02,10188,40752.0,4.0,4.0,0.0,0,0,1.019
Northmart,CLASSIC_DAIRY_BLOCK,HARTWELL,Hartwell Dairy,Block,2023-10-09,15854,57074.4,3.6,4.0,10.0,0,0,1.038
Northmart,CLASSIC_DAIRY_BLOCK,HARTWELL,Hartwell Dairy,Block,2023-10-16,8983,35932.0,4.0,4.0,0.0,0,0,1.057
Northmart,CLASSIC_DAIRY_BLOCK,HARTWELL,Hartwell Dairy,Block,2023-10-23,11491,45964.0,4.0,4.0,0.0,0,0,1.074
Northmart,CLASSIC_DAIRY_BLOCK,HARTWELL,Hartwell Dairy,Block,2023-10-30,16100,54740.0,3.4,4.0,15.0,0,0,1.091
Northmart,CLASSIC_DAIRY_BLOCK,HARTWELL,Hartwell Dairy,Block,2023-11-06,9736,38944.0,4.0,4.0,0.0,0,0,1.106
Northmart,CLASSIC_DAIRY_BLOCK,HARTWELL,Hartwell Dairy,Block,2023-11-13,11218,44872.0,4.0,4.0,0.0,0,0,1.12
Northmart,CLASSIC_DAIRY_BLOCK,HARTWELL,Hartwell Dairy,Block,2023-11-20,65617,170604.2,2.6,4.0,35.0,1,0,1.132
Northmart,CLASSIC_DAIRY_BLOCK,HARTWELL,Hartwell Dairy,Block,2023-11-27,9665,34794.0,3.6,4.0,10.0,0,0,1.142
Northmart,CLASSIC_DAIRY_BLOCK,HARTWELL,Hartwell Dairy,Block,2023-12-04,10532,42128.0,4.0,4.0,0.0,0,0,1.15
Northmart,CLASSIC_DAIRY_BLOCK,HARTWELL,Hartwell Dairy,Block,2023-12-11,49455,128583.0,2.6,4.0,35.0,0,1,1.155
Northmart,CLASSIC_DAIRY_BLOCK,HARTWELL,Hartwell Dairy,Block,2023-12-18,8019,32076.0,4.0,4.0,0.0,0,0,1.159
Northmart,CLASSIC_DAIRY_BLOCK,HARTWELL,Hartwell Dairy,Block,2023-12-25,12546,50184.0,4.0,4.0,0.0,0,0,1.16
Northmart,DARK_ORCHARD_BLOCK,ORCHARD,Orchard Dark,Block,2021-01-04,3270,16350.0,5.0,5.0,0.0,0,0,1.159
Northmart,DARK_ORCHARD_BLOCK,ORCHARD,Orchard Dark,Block,2021-01-11,3259,16295.0,5.0,5.0,0.0,0,0,1.155
Northmart,DARK_ORCHARD_BLOCK,ORCHARD,Orchard Dark,Block,2021-01-18,3121,15605.0,5.0,5.0,0.0,0,0,1.15
Northmart,DARK_ORCHARD_BLOCK,ORCHARD,Orchard Dark,Block,2021-01-25,6223,24892.0,4.0,5.0,20.0,0,1,1.142
Northmart,DARK_ORCHARD_BLOCK,ORCHARD,Orchard Dark,Block,2021-02-01,2672,13360.0,5.0,5.0,0.0,0,0,1.132
Northmart,DARK_ORCHARD_BLOCK,ORCHARD,Orchard Dark,Block,2021-02-08,3077,15385.0,5.0,5.0,0.0,0,0,1.12
Northmart,DARK_ORCHARD_BLOCK,ORCHARD,Orchard Dark,Block,2021-02-15,2736,13680.0,5.0,5.0,0.0,0,0,1.106
Northmart,DARK_ORCHARD_BLOCK,ORCHARD,Orchard Dark,Block,2021-02-22,2760,13800.0,5.0,5.0,0.0,0,0,1.091
Northmart,DARK_ORCHARD_BLOCK,ORCHARD,Orchard Dark,Block,2021-03-01,3432,15444.0,4.5,5.0,10.0,0,0,1.074
Northmart,DARK_ORCHARD_BLOCK,ORCHARD,Orchard Dark,Block,2021-03-08,2622,13110.0,5.0,5.0,0.0,0,0,1.057
Northmart,DARK_ORCHARD_BLOCK,ORCHARD,Orchard Dark,Block,2021-03-15,2758,13790.0,5.0,5.0,0.0,0,0,1.038
Northmart,DARK_ORCHARD_BLOCK,ORCHARD,Orchard Dark,Block,2021-03-22,5421,18973.5,3.5,5.0,30.0,0,0,1.019
Northmart,DARK_ORCHARD_BLOCK,ORCHARD,Orchard Dark,Block,2021-03-29,2429,10323.25,4.25,5.0,15.0,0,0,1.0
Northmart,DARK_ORCHARD_BLOCK,ORCHARD,Orchard Dark,Block,2021-04-05,2675,13375.0,5.0,5.0,0.0,0,0,1.081
Northmart,DARK_ORCHARD_BLOCK,ORCHARD,Orchard Dark,Block,2021-04-12,3068,15340.0,5.0,5.0,0.0,0,0,1.062
Northmart,DARK_ORCHARD_BLOCK,ORCHARD,Orchard Dark,Block,2021-04-19,2758,13790.0,5.0,5.0,0.0,0,0,1.043
Northmart,DARK_ORCHARD_BLOCK,ORCHARD,Orchard Dark,Block,2021-04-26,2598,12990.0,5.0,5.0,0.0,0,0,1.026
Northmart,DARK_ORCHARD_BLOCK,ORCHARD,Orchard Dark,Block,2021-05-03,2202,11010.0,5.0,5.0,0.0,0,0,0.909
Northmart,DARK_ORCHARD_BLOCK,ORCHARD,Orchard Dark,Block,2021-05-10,2333,11665.0,5.0,5.0,0.0,0,0,0.894
Northmart,DARK_ORCHARD_BLOCK,ORCHARD,Orchard Dark,Block,2021-05-17,4847,15752.75,3.25,5.0,35.0,0,0,0.88
Northmart,DARK_ORCHARD_BLOCK,ORCHARD,Orchard Dark,Block,2021-05-24,2700,10125.0,3.75,5.0,25.0,0,0,0.868
Northmart,DARK_ORCHARD_BLOCK,ORCHARD,Orchard Dark,Block,2021-05-31,1913,9565.0,5.0,5.0,0.0,0,0,0.858
Northmart,DARK_ORCHARD_BLOCK,ORCHARD,Orchard Dark,Block,2021-06-07,1905,9525.0,5.0,5.0,0.0,0,0,0.85
Northmart,DARK_ORCHARD_BLOCK,ORCHARD,Orchard Dark,Block,2021-06-14,2133,10665.0,5.0,5.0,0.0,0,0,0.845
Northmart,DARK_ORCHARD_BLOCK,ORCHARD,Orchard Dark,Block,2021-06-21,2228,11140.0,5.0,5.0,0.0,0,0,0.841
Northmart,DARK_ORCHARD_BLOCK,ORCHARD,Orchard Dark,Block,2021-06-28,2287,11435.0,5.0,5.0,0.0,0,0,0.84
Northmart,DARK_ORCHARD_BLOCK,ORCHARD,Orchard Dark,Block,2021-07-05,2227,11135.0,5.0,5.0,0.0,0,0,0.841
Northmart,DARK_ORCHARD_BLOCK,ORCHARD,Orchard Dark,Block,2021-07-12,4597,17238.75,3.75,5.0,25.0,0,0,0.845
Northmart,DARK_ORCHARD_BLOCK,ORCHARD,Orchard Dark,Block,2021-07-19,1851,9255.0,5.0,5.0,0.0,0,0,0.85
Northmart,DARK_ORCHARD_BLOCK,ORCHARD,Orchard Dark,Block,2021-07-26,5218,18263.0,3.5,5.0,30.0,0,1,0.858
Northmart,DARK_ORCHARD_BLOCK,ORCHARD,Orchard Dark,Block,2021-08-02,1823,9115.0,5.0,5.0,0.0,0,0,0.868
Northmart,DARK_ORCHARD_BLOCK,ORCHARD,Orchard Dark,Block,2021-08-09,2084,10420.0,5.0,5.0,0.0,0,0,0.88
Northmart,DARK_ORCHARD_BLOCK,ORCHARD,Orchard Dark,Block,2021-08-16,2504,12520.0,5.0,5.0,0.0,0,0,0.894
Northmart,DARK_ORCHARD_BLOCK,ORCHARD,Orchard Dark,Block,2021-08-23,5554,18050.5,3.25,5.0,35.0,0,0,0.909
Northmart,DARK_ORCHARD_BLOCK,ORCHARD,Orchard Dark,Block,2021-08-30,2129,9580.5,4.5,5.0,10.0,0,0,0.926
Northmart,DARK_ORCHARD_BLOCK,ORCHARD,Orchard Dark,Block,2021-09-06,2290,11450.0,5.0,5.0,0.0,0,0,0.943
Northmart,DARK_ORCHARD_BLOCK,ORCHARD,Orchard Dark,Block,2021-09-13,2620,13100.0,5.0,5.0,0.0,0,0,0.962
Northmart,DARK_ORCHARD_BLOCK,ORCHARD,Orchard Dark,Block,2021-09-20,2546,12730.0,5.0,5.0,0.0,0,0,0.981
Northmart,DARK_ORCHARD_BLOCK,ORCHARD,Orchard Dark,Block,2021-09-27,2577,12885.0,5.0,5.0,0.0,0,0,1.0
Northmart,DARK_ORCHARD_BLOCK,ORCHARD,Orchard Dark,Block,2021-10-04,3003,13513.5,4.5,5.0,10.0,0,0,1.019
Northmart,DARK_ORCHARD_BLOCK,ORCHARD,Orchard Dark,Block,2021-10-11,2555,12775.0,5.0,5.0,0.0,0,0,1.038
Northmart,DARK_ORCHARD_BLOCK,ORCHARD,Orchard Dark,Block,2021-10-18,2603,13015.0,5.0,5.0,0.0,0,0,1.057
Northmart,DARK_ORCHARD_BLOCK,ORCHARD,Orchard Dark,Block,2021-10-25,3057,15285.0,5.0,5.0,0.0,0,0,1.074
Northmart,DARK_ORCHARD_BLOCK,ORCHARD,Orchard Dark,Block,2021-11-01,2713,13565.0,5.0,5.0,0.0,0,0,1.091
Northmart,DARK_ORCHARD_BLOCK,ORCHARD,Orchard Dark,Block,2021-11-08,2949,14745.0,5.0,5.0,0.0,0,0,1.106
Northmart,DARK_ORCHARD_BLOCK,ORCHARD,Orchard Dark,Block,2021-11-15,5389,24250.5,4.5,5.0,10.0,1,0,1.12
Northmart,DARK_ORCHARD_BLOCK,ORCHARD,Orchard Dark,Block,2021-11-22,2675,13375.0,5.0,5.0,0.0,0,0,1.132
Northmart,DARK_ORCHARD_BLOCK,ORCHARD,Orchard Dark,Block,2021-11-29,4363,18542.75,4.25,5.0,15.0,0,0,1.142
Northmart,DARK_ORCHARD_BLOCK,ORCHARD,Orchard Dark,Block,2021-12-06,4864,18240.0,3.75,5.0,25.0,0,0,1.15
Northmart,DARK_ORCHARD_BLOCK,ORCHARD,Orchard Dark,Block,2021-12-13,2580,12900.0,5.0,5.0,0.0,0,0,1.155
Northmart,DARK_ORCHARD_BLOCK,ORCHARD,Orchard Dark,Block,2021-12-20,3106,15530.0,5.0,5.0,0.0,0,0,1.159
Northmart,DARK_ORCHARD_BLOCK,ORCHARD,Orchard Dark,Block,2021-12-27,5938,20783.0,3.5,5.0,30.0,0,0,1.16
Northmart,DARK_ORCHARD_BLOCK,ORCHARD,Orchard Dark,Block,2022-01-03,5003,18761.25,3.75,5.0,25.0,0,1,1.159
Northmart,DARK_ORCHARD_BLOCK,ORCHARD,Orchard Dark,Block,2022-01-10,5274,17140.5,3.25,5.0,35.0,0,0,1.155
Northmart,DARK_ORCHARD_BLOCK,ORCHARD,Orchard Dark,Block,2022-01-17,5569,19491.5,3.5,5.0,30.0,0,1,1.15
Northmart,DARK_ORCHARD_BLOCK,ORCHARD,Orchard Dark,Block,2022-01-24,2256,11280.0,5.0,5.0,0.0,0,0,1.142
Northmart,DARK_ORCHARD_BLOCK,ORCHARD,Orchard Dark,Block,2022-01-31,2753,13765.0,5.0,5.0,0.0,0,0,1.132
Northmart,DARK_ORCHARD_BLOCK,ORCHARD,Orchard Dark,Block,2022-02-07,5736,21510.0,3.75,5.0,25.0,0,0,1.12
Northmart,DARK_ORCHARD_BLOCK,ORCHARD,Orchard Dark,Block,2022-02-14,3919,16655.75,4.25,5.0,15.0,0,1,1.106
Northmart,DARK_ORCHARD_BLOCK,ORCHARD,Orchard Dark,Block,2022-02-21,2299,11495.0,5.0,5.0,0.0,0,0,1.091
Northmart,DARK_ORCHARD_BLOCK,ORCHARD,Orchard Dark,Block,2022-02-28,2984,14920.0,5.0,5.0,0.0,0,0,1.074
Northmart,DARK_ORCHARD_BLOCK,ORCHARD,Orchard Dark,Block,2022-03-07,2715,13575.0,5.0,5.0,0.0,0,0,1.057
Northmart,DARK_ORCHARD_BLOCK,ORCHARD,Orchard Dark,Block,2022-03-14,2953,14765.0,5.0,5.0,0.0,0,0,1.038
Northmart,DARK_ORCHARD_BLOCK,ORCHARD,Orchard Dark,Block,2022-03-21,5879,19106.75,3.25,5.0,35.0,0,0,1.019
Northmart,DARK_ORCHARD_BLOCK,ORCHARD,Orchard Dark,Block,2022-03-28,1894,9470.0,5.0,5.0,0.0,0,0,1.0
Northmart,DARK_ORCHARD_BLOCK,ORCHARD,Orchard Dark,Block,2022-04-04,7259,23591.75,3.25,5.0,35.0,0,0,1.081
Northmart,DARK_ORCHARD_BLOCK,ORCHARD,Orchard Dark,Block,2022-04-11,2168,10840.0,5.0,5.0,0.0,0,0,1.062
Northmart,DARK_ORCHARD_BLOCK,ORCHARD,Orchard Dark,Block,2022-04-18,3208,16040.0,5.0,5.0,0.0,0,0,1.043
Northmart,DARK_ORCHARD_BLOCK,ORCHARD,Orchard Dark,Block,2022-04-25,2715,13575.0,5.0,5.0,0.0,0,0,1.026
Northmart,DARK_ORCHARD_BLOCK,ORCHARD,Orchard Dark,Block,2022-05-02,2470,12350.0,5.0,5.0,0.0,0,0,0.909
Northmart,DARK_ORCHARD_BLOCK,ORCHARD,Orchard Dark,Block,2022-05-09,3440,13760.0,4.0,5.0,20.0,0,0,0.894
Northmart,DARK_ORCHARD_BLOCK,ORCHARD,Orchard Dark,Block,2022-05-16,2118,10590.0,5.0,5.0,0.0,0,0,0.88
Northmart,DARK_ORCHARD_BLOCK,ORCHARD,Orchard Dark,Block,2022-05-23,2427,12135.0,5.0,5.0,0.0,0,0,0.868
Northmart,DARK_ORCHARD_BLOCK,ORCHARD,Orchard Dark,Block,2022-05-30,2186,10930.0,5.0,5.0,0.0,0,0,0.858
Northmart,DARK_ORCHARD_BLOCK,ORCHARD,Orchard Dark,Block,2022-06-06,2305,11525.0,5.0,5.0,0.0,0,0,0.85
Northmart,DARK_ORCHARD_BLOCK,ORCHARD,Orchard Dark,Block,2022-06-13,2403,12015.0,5.0,5.0,0.0,0,0,0.845
Northmart,DARK_ORCHARD_BLOCK,ORCHARD,Orchard Dark,Block,2022-06-20,2060,10300.0,5.0,5.0,0.0,0,0,0.841
Northmart,DARK_ORCHARD_BLOCK,ORCHARD,Orchard Dark,Block,2022-06-27,3509,13158.75,3.75,5.0,25.0,0,0,0.84
Northmart,DARK_ORCHARD_BLOCK,ORCHARD,Orchard Dark,Block,2022-07-04,1872,9360.0,5.0,5.0,0.0,0,0,0.841
Northmart,DARK_ORCHARD_BLOCK,ORCHARD,Orchard Dark,Block,2022-07-11,7753,25197.25,3.25,5.0,35.0,1,0,0.845
Northmart,DARK_ORCHARD_BLOCK,ORCHARD,Orchard Dark,Block,2022-07-18,4639,17396.25,3.75,5.0,25.0,1,0,0.85
Northmart,DARK_ORCHARD_BLOCK,ORCHARD,Orchard Dark,Block,2022-07-25,2759,11036.0,4.0,5.0,20.0,0,0,0.858
Northmart,DARK_ORCHARD_BLOCK,ORCHARD,Orchard Dark,Block,2022-08-01,5604,19614.0,3.5,5.0,30.0,1,0,0.868
Northmart,DARK_ORCHARD_BLOCK,ORCHARD,Orchard Dark,Block,2022-08-08,4102,13331.5,3.25,5.0,35.0,0,0,0.88
Northmart,DARK_ORCHARD_BLOCK,ORCHARD,Orchard Dark,Block,2022-08-15,2834,10627.5,3.75,5.0,25.0,0,0,0.894
Northmart,DARK_ORCHARD_BLOCK,ORCHARD,Orchard Dark,Block,2022-08-22,3718,16731.0,4.5,5.0,10.0,1,0,0.909
Northmart,DARK_ORCHARD_BLOCK,ORCHARD,Orchard Dark,Block,2022-08-29,2193,10965.0,5.0,5.0,0.0,0,0,0.926
Northmart,DARK_ORCHARD_BLOCK,ORCHARD,Orchard Dark,Block,2022-09-05,2905,14525.0,5.0,5.0,0.0,0,0,0.943
Northmart,DARK_ORCHARD_BLOCK,ORCHARD,Orchard Dark,Block,2022-09-12,4375,16406.25,3.75,5.0,25.0,0,0,0.962
Northmart,DARK_ORCHARD_BLOCK,ORCHARD,Orchard Dark,Block,2022-09-19,2393,11965.0,5.0,5.0,0.0,0,0,0.981
Northmart,DARK_ORCHARD_BLOCK,ORCHARD,Orchard Dark,Block,2022-09-26,3205,16025.0,5.0,5.0,0.0,0,0,1.0
Northmart,DARK_ORCHARD_BLOCK,ORCHARD,Orchard Dark,Block,2022-10-03,3277,16385.0,5.0,5.0,0.0,0,0,1.019
Northmart,DARK_ORCHARD_BLOCK,ORCHARD,Orchard Dark,Block,2022-10-10,3053,15265.0,5.0,5.0,0.0,0,0,1.038
Northmart,DARK_ORCHARD_BLOCK,ORCHARD,Orchard Dark,Block,2022-10-17,3894,15576.0,4.0,5.0,20.0,0,0,1.057
Northmart,DARK_ORCHARD_BLOCK,ORCHARD,Orchard Dark,Block,2022-10-24,2551,12755.0,5.0,5.0,0.0,0,0,1.074
Northmart,DARK_ORCHARD_BLOCK,ORCHARD,Orchard Dark,Block,2022-10-31,2834,14170.0,5.0,5.0,0.0,0,0,1.091
Northmart,DARK_ORCHARD_BLOCK,ORCHARD,Orchard Dark,Block,2022-11-07,3036,15180.0,5.0,5.0,0.0,0,0,1.106
Northmart,DARK_ORCHARD_BLOCK,ORCHARD,Orchard Dark,Block,2022-11-14,3256,16280.0,5.0,5.0,0.0,0,0,1.12
Northmart,DARK_ORCHARD_BLOCK,ORCHARD,Orchard Dark,Block,2022-11-21,3346,16730.0,5.0,5.0,0.0,0,0,1.132
Northmart,DARK_ORCHARD_BLOCK,ORCHARD,Orchard Dark,Block,2022-11-28,6183,26277.75,4.25,5.0,15.0,1,0,1.142
Northmart,DARK_ORCHARD_BLOCK,ORCHARD,Orchard Dark,Block,2022-12-05,2731,13655.0,5.0,5.0,0.0,0,0,1.15
Northmart,DARK_ORCHARD_BLOCK,ORCHARD,Orchard Dark,Block,2022-12-12,3002,15010.0,5.0,5.0,0.0,0,0,1.155
Northmart,DARK_ORCHARD_BLOCK,ORCHARD,Orchard Dark,Block,2022-12-19,3220,16100.0,5.0,5.0,0.0,0,0,1.159
Northmart,DARK_ORCHARD_BLOCK,ORCHARD,Orchard Dark,Block,2022-12-26,3458,17290.0,5.0,5.0,0.0,0,0,1.16
Northmart,DARK_ORCHARD_BLOCK,ORCHARD,Orchard Dark,Block,2023-01-02,3462,17310.0,5.0,5.0,0.0,0,0,1.159
Northmart,DARK_ORCHARD_BLOCK,ORCHARD,Orchard Dark,Block,2023-01-09,3027,15135.0,5.0,5.0,0.0,0,0,1.155
Northmart,DARK_ORCHARD_BLOCK,ORCHARD,Orchard Dark,Block,2023-01-16,5709,19981.5,3.5,5.0,30.0,0,0,1.15
Northmart,DARK_ORCHARD_BLOCK,ORCHARD,Orchard Dark,Block,2023-01-23,2466,12330.0,5.0,5.0,0.0,0,0,1.142
Northmart,DARK_ORCHARD_BLOCK,ORCHARD,Orchard Dark,Block,2023-01-30,3428,17140.0,5.0,5.0,0.0,0,0,1.132
Northmart,DARK_ORCHARD_BLOCK,ORCHARD,Orchard Dark,Block,2023-02-06,4262,17048.0,4.0,5.0,20.0,0,0,1.12
Northmart,DARK_ORCHARD_BLOCK,ORCHARD,Orchard Dark,Block,2023-02-13,2213,11065.0,5.0,5.0,0.0,0,0,1.106
Northmart,DARK_ORCHARD_BLOCK,ORCHARD,Orchard Dark,Block,2023-02-20,2749,13745.0,5.0,5.0,0.0,0,0,1.091
Northmart,DARK_ORCHARD_BLOCK,ORCHARD,Orchard Dark,Block,2023-02-27,3148,15740.0,5.0,5.0,0.0,0,0,1.074
Northmart,DARK_ORCHARD_BLOCK,ORCHARD,Orchard Dark,Block,2023-03-06,2894,14470.0,5.0,5.0,0.0,0,0,1.057
Northmart,DARK_ORCHARD_BLOCK,ORCHARD,Orchard Dark,Block,2023-03-13,2766,13830.0,5.0,5.0,0.0,0,0,1.038
Northmart,DARK_ORCHARD_BLOCK,ORCHARD,Orchard Dark,Block,2023-03-20,2944,14720.0,5.0,5.0,0.0,0,0,1.019
Northmart,DARK_ORCHARD_BLOCK,ORCHARD,Orchard Dark,Block,2023-03-27,2922,14610.0,5.0,5.0,0.0,0,0,1.0
Northmart,DARK_ORCHARD_BLOCK,ORCHARD,Orchard Dark,Block,2023-04-03,3189,15945.0,5.0,5.0,0.0,0,0,1.081
Northmart,DARK_ORCHARD_BLOCK,ORCHARD,Orchard Dark,Block,2023-04-10,3190,14355.0,4.5,5.0,10.0,0,0,1.062
Northmart,DARK_ORCHARD_BLOCK,ORCHARD,Orchard Dark,Block,2023-04-17,2560,12800.0,5.0,5.0,0.0,0,0,1.043
Northmart,DARK_ORCHARD_BLOCK,ORCHARD,Orchard Dark,Block,2023-04-24,3094,15470.0,5.0,5.0,0.0,0,0,1.026
Northmart,DARK_ORCHARD_BLOCK,ORCHARD,Orchard Dark,Block,2023-05-01,2559,12795.0,5.0,5.0,0.0,0,0,0.909
Northmart,DARK_ORCHARD_BLOCK,ORCHARD,Orchard Dark,Block,2023-05-08,3115,14017.5,4.5,5.0,10.0,0,0,0.894
Northmart,DARK_ORCHARD_BLOCK,ORCHARD,Orchard Dark,Block,2023-05-15,4991,17468.5,3.5,5.0,30.0,0,0,0.88
Northmart,DARK_ORCHARD_BLOCK,ORCHARD,Orchard Dark,Block,2023-05-22,1963,9815.0,5.0,5.0,0.0,0,0,0.868
Northmart,DARK_ORCHARD_BLOCK,ORCHARD,Orchard Dark,Block,2023-05-29,2460,12300.0,5.0,5.0,0.0,0,0,0.858
Northmart,DARK_ORCHARD_BLOCK,ORCHARD,Orchard Dark,Block,2023-06-05,2576,12880.0,5.0,5.0,0.0,0,0,0.85
Northmart,DARK_ORCHARD_BLOCK,ORCHARD,Orchard Dark,Block,2023-06-12,5691,22764.0,4.0,5.0,20.0,1,0,0.845
Northmart,DARK_ORCHARD_BLOCK,ORCHARD,Orchard Dark,Block,2023-06-19,3342,12532.5,3.75,5.0,25.0,0,0,0.841
Northmart,DARK_ORCHARD_BLOCK,ORCHARD,Orchard Dark,Block,2023-06-26,1800,9000.0,5.0,5.0,0.0,0,0,0.84
Northmart,DARK_ORCHARD_BLOCK,ORCHARD,Orchard Dark,Block,2023-07-03,2466,12330.0,5.0,5.0,0.0,0,0,0.841
Northmart,DARK_ORCHARD_BLOCK,ORCHARD,Orchard Dark,Block,2023-07-10,2406,12030.0,5.0,5.0,0.0,0,0,0.845
Northmart,DARK_ORCHARD_BLOCK,ORCHARD,Orchard Dark,Block,2023-07-17,4803,16810.5,3.5,5.0,30.0,0,0,0.85
Northmart,DARK_ORCHARD_BLOCK,ORCHARD,Orchard Dark,Block,2023-07-24,1734,8670.0,5.0,5.0,0.0,0,0,0.858
Northmart,DARK_ORCHARD_BLOCK,ORCHARD,Orchard Dark,Block,2023-07-31,2403,12015.0,5.0,5.0,0.0,0,0,0.868
Northmart,DARK_ORCHARD_BLOCK,ORCHARD,Orchard Dark,Block,2023-08-07,2839,14195.0,5.0,5.0,0.0,0,0,0.88
Northmart,DARK_ORCHARD_BLOCK,ORCHARD,Orchard Dark,Block,2023-08-14,2807,14035.0,5.0,5.0,0.0,0,0,0.894
Northmart,DARK_ORCHARD_BLOCK,ORCHARD,Orchard Dark,Block,2023-08-21,4508,16905.0,3.75,5.0,25.0,0,0,0.909
Northmart,DARK_ORCHARD_BLOCK,ORCHARD,Orchard Dark,Block,2023-08-28,1850,9250.0,5.0,5.0,0.0,0,0,0.926
Northmart,DARK_ORCHARD_BLOCK,ORCHARD,Orchard Dark,Block,2023-09-04,2642,13210.0,5.0,5.0,0.0,0,0,0.943
Northmart,DARK_ORCHARD_BLOCK,ORCHARD,Orchard Dark,Block,2023-09-11,2419,12095.0,5.0,5.0,0.0,0,0,0.962
Northmart,DARK_ORCHARD_BLOCK,ORCHARD,Orchard Dark,Block,2023-09-18,2824,14120.0,5.0,5.0,0.0,0,0,0.981
Northmart,DARK_ORCHARD_BLOCK,ORCHARD,Orchard Dark,Block,2023-09-25,2874,14370.0,5.0,5.0,0.0,0,0,1.0
Northmart,DARK_ORCHARD_BLOCK,ORCHARD,Orchard Dark,Block,2023-10-02,4500,18000.0,4.0,5.0,20.0,0,0,1.019
Northmart,DARK_ORCHARD_BLOCK,ORCHARD,Orchard Dark,Block,2023-10-09,2167,10835.0,5.0,5.0,0.0,0,0,1.038
Northmart,DARK_ORCHARD_BLOCK,ORCHARD,Orchard Dark,Block,2023-10-16,3398,16990.0,5.0,5.0,0.0,0,0,1.057
Northmart,DARK_ORCHARD_BLOCK,ORCHARD,Orchard Dark,Block,2023-10-23,3089,15445.0,5.0,5.0,0.0,0,0,1.074
Northmart,DARK_ORCHARD_BLOCK,ORCHARD,Orchard Dark,Block,2023-10-30,3273,16365.0,5.0,5.0,0.0,0,0,1.091
Northmart,DARK_ORCHARD_BLOCK,ORCHARD,Orchard Dark,Block,2023-11-06,3121,15605.0,5.0,5.0,0.0,0,0,1.106
Northmart,DARK_ORCHARD_BLOCK,ORCHARD,Orchard Dark,Block,2023-11-13,6780,22035.0,3.25,5.0,35.0,0,0,1.12
Northmart,DARK_ORCHARD_BLOCK,ORCHARD,Orchard Dark,Block,2023-11-20,2323,11615.0,5.0,5.0,0.0,0,0,1.132
Northmart,DARK_ORCHARD_BLOCK,ORCHARD,Orchard Dark,Block,2023-11-27,4836,19344.0,4.0,5.0,20.0,0,0,1.142
Northmart,DARK_ORCHARD_BLOCK,ORCHARD,Orchard Dark,Block,2023-12-04,3018,15090.0,5.0,5.0,0.0,0,0,1.15
Northmart,DARK_ORCHARD_BLOCK,ORCHARD,Orchard Dark,Block,2023-12-11,5436,21744.0,4.0,5.0,20.0,0,0,1.155
Northmart,DARK_ORCHARD_BLOCK,ORCHARD,Orchard Dark,Block,2023-12-18,2576,12880.0,5.0,5.0,0.0,0,0,1.159
Northmart,DARK_ORCHARD_BLOCK,ORCHARD,Orchard Dark,Block,2023-12-25,3383,16915.0,5.0,5.0,0.0,0,0,1.16
Northmart,GOLDEN_MALT_BLOCK,CRESTLINE,Golden Malt,Block,2021-01-04,3082,13869.0,4.5,4.5,0.0,0,0,1.159
Northmart,GOLDEN_MALT_BLOCK,CRESTLINE,Golden Malt,Block,2021-01-11,3209,14440.5,4.5,4.5,0.0,0,0,1.155
Northmart,GOLDEN_MALT_BLOCK,CRESTLINE,Golden Malt,Block,2021-01-18,3639,16375.5,4.5,4.5,0.0,0,0,1.15
Northmart,GOLDEN_MALT_BLOCK,CRESTLINE,Golden Malt,Block,2021-01-25,2995,13477.5,4.5,4.5,0.0,0,0,1.142
Northmart,GOLDEN_MALT_BLOCK,CRESTLINE,Golden Malt,Block,2021-02-01,3092,13914.0,4.5,4.5,0.0,0,0,1.132
Northmart,GOLDEN_MALT_BLOCK,CRESTLINE,Golden Malt,Block,2021-02-08,3690,16605.0,4.5,4.5,0.0,0,0,1.12
Northmart,GOLDEN_MALT_BLOCK,CRESTLINE,Golden Malt,Block,2021-02-15,3219,14485.5,4.5,4.5,0.0,0,0,1.106
Northmart,GOLDEN_MALT_BLOCK,CRESTLINE,Golden Malt,Block,2021-02-22,8816,33677.12,3.82,4.5,15.0,1,1,1.091
Northmart,GOLDEN_MALT_BLOCK,CRESTLINE,Golden Malt,Block,2021-03-01,2922,13149.0,4.5,4.5,0.0,0,0,1.074
Northmart,GOLDEN_MALT_BLOCK,CRESTLINE,Golden Malt,Block,2021-03-08,13274,44866.12,3.38,4.5,25.0,1,1,1.057
Northmart,GOLDEN_MALT_BLOCK,CRESTLINE,Golden Malt,Block,2021-03-15,2432,10944.0,4.5,4.5,0.0,0,0,1.038
Northmart,GOLDEN_MALT_BLOCK,CRESTLINE,Golden Malt,Block,2021-03-22,6107,19237.05,3.15,4.5,30.0,0,0,1.019
Northmart,GOLDEN_MALT_BLOCK,CRESTLINE,Golden Malt,Block,2021-03-29,2267,10201.5,4.5,4.5,0.0,0,0,1.0
Northmart,GOLDEN_MALT_BLOCK,CRESTLINE,Golden Malt,Block,2021-04-05,7128,25660.8,3.6,4.5,20.0,1,0,1.081
Northmart,GOLDEN_MALT_BLOCK,CRESTLINE,Golden Malt,Block,2021-04-12,2664,11988.0,4.5,4.5,0.0,0,0,1.062
Northmart,GOLDEN_MALT_BLOCK,CRESTLINE,Golden Malt,Block,2021-04-19,3331,14989.5,4.5,4.5,0.0,0,0,1.043
Northmart,GOLDEN_MALT_BLOCK,CRESTLINE,Golden Malt,Block,2021-04-26,3310,14895.0,4.5,4.5,0.0,0,0,1.026
Northmart,GOLDEN_MALT_BLOCK,CRESTLINE,Golden Malt,Block,2021-05-03,2700,12150.0,4.5,4.5,0.0,0,0,0.909
Northmart,GOLDEN_MALT_BLOCK,CRESTLINE,Golden Malt,Block,2021-05-10,7959,26901.42,3.38,4.5,25.0,1,0,0.894
Northmart,GOLDEN_MALT_BLOCK,CRESTLINE,Golden Malt,Block,2021-05-17,1982,8919.0,4.5,4.5,0.0,0,0,0.88
Northmart,GOLDEN_MALT_BLOCK,CRESTLINE,Golden Malt,Block,2021-05-24,2985,13432.5,4.5,4.5,0.0,0,0,0.868
Northmart,GOLDEN_MALT_BLOCK,CRESTLINE,Golden Malt,Block,2021-05-31,2766,12447.0,4.5,4.5,0.0,0,0,0.858
Northmart,GOLDEN_MALT_BLOCK,CRESTLINE,Golden Malt,Block,2021-06-07,10793,31515.56,2.92,4.5,35.0,1,0,0.85
Northmart,GOLDEN_MALT_BLOCK,CRESTLINE,Golden Malt,Block,2021-06-14,2907,10465.2,3.6,4.5,20.0,0,0,0.845
Northmart,GOLDEN_MALT_BLOCK,CRESTLINE,Golden Malt,Block,2021-06-21,2100,9450.0,4.5,4.5,0.0,0,0,0.841
Northmart,GOLDEN_MALT_BLOCK,CRESTLINE,Golden Malt,Block,2021-06-28,2205,9922.5,4.5,4.5,0.0,0,0,0.84
Northmart,GOLDEN_MALT_BLOCK,CRESTLINE,Golden Malt,Block,2021-07-05,2451,11029.5,4.5,4.5,0.0,0,0,0.841
Northmart,GOLDEN_MALT_BLOCK,CRESTLINE,Golden Malt,Block,2021-07-12,4727,15977.26,3.38,4.5,25.0,0,0,0.845
Northmart,GOLDEN_MALT_BLOCK,CRESTLINE,Golden Malt,Block,2021-07-19,1914,8613.0,4.5,4.5,0.0,0,0,0.85
Northmart,GOLDEN_MALT_BLOCK,CRESTLINE,Golden Malt,Block,2021-07-26,5455,18437.9,3.38,4.5,25.0,0,0,0.858
Northmart,GOLDEN_MALT_BLOCK,CRESTLINE,Golden Malt,Block,2021-08-02,2219,9985.5,4.5,4.5,0.0,0,0,0.868
Northmart,GOLDEN_MALT_BLOCK,CRESTLINE,Golden Malt,Block,2021-08-09,5519,18654.22,3.38,4.5,25.0,0,0,0.88
Northmart,GOLDEN_MALT_BLOCK,CRESTLINE,Golden Malt,Block,2021-08-16,1958,8811.0,4.5,4.5,0.0,0,0,0.894
Northmart,GOLDEN_MALT_BLOCK,CRESTLINE,Golden Malt,Block,2021-08-23,6449,24635.18,3.82,4.5,15.0,1,0,0.909
Northmart,GOLDEN_MALT_BLOCK,CRESTLINE,Golden Malt,Block,2021-08-30,2542,11439.0,4.5,4.5,0.0,0,0,0.926
Northmart,GOLDEN_MALT_BLOCK,CRESTLINE,Golden Malt,Block,2021-09-06,2987,13441.5,4.5,4.5,0.0,0,0,0.943
Northmart,GOLDEN_MALT_BLOCK,CRESTLINE,Golden Malt,Block,2021-09-13,2938,13221.0,4.5,4.5,0.0,0,0,0.962
Northmart,GOLDEN_MALT_BLOCK,CRESTLINE,Golden Malt,Block,2021-09-20,2479,11155.5,4.5,4.5,0.0,0,0,0.981
Northmart,GOLDEN_MALT_BLOCK,CRESTLINE,Golden Malt,Block,2021-09-27,2655,11947.5,4.5,4.5,0.0,0,0,1.0
Northmart,GOLDEN_MALT_BLOCK,CRESTLINE,Golden Malt,Block,2021-10-04,4014,16256.7,4.05,4.5,10.0,0,0,1.019
Northmart,GOLDEN_MALT_BLOCK,CRESTLINE,Golden Malt,Block,2021-10-11,3194,14373.0,4.5,4.5,0.0,0,0,1.038
Northmart,GOLDEN_MALT_BLOCK,CRESTLINE,Golden Malt,Block,2021-10-18,5346,19245.6,3.6,4.5,20.0,0,0,1.057
Northmart,GOLDEN_MALT_BLOCK,CRESTLINE,Golden Malt,Block,2021-10-25,2706,12177.0,4.5,4.5,0.0,0,0,1.074
Northmart,GOLDEN_MALT_BLOCK,CRESTLINE,Golden Malt,Block,2021-11-01,7512,25390.56,3.38,4.5,25.0,0,0,1.091
Northmart,GOLDEN_MALT_BLOCK,CRESTLINE,Golden Malt,Block,2021-11-08,2681,12064.5,4.5,4.5,0.0,0,0,1.106
Northmart,GOLDEN_MALT_BLOCK,CRESTLINE,Golden Malt,Block,2021-11-15,2775,12487.5,4.5,4.5,0.0,0,0,1.12
Northmart,GOLDEN_MALT_BLOCK,CRESTLINE,Golden Malt,Block,2021-11-22,3139,14125.5,4.5,4.5,0.0,0,0,1.132
Northmart,GOLDEN_MALT_BLOCK,CRESTLINE,Golden Malt,Block,2021-11-29,6030,24421.5,4.05,4.5,10.0,0,1,1.142
Northmart,GOLDEN_MALT_BLOCK,CRESTLINE,Golden Malt,Block,2021-12-06,3304,14868.0,4.5,4.5,0.0,0,0,1.15
Northmart,GOLDEN_MALT_BLOCK,CRESTLINE,Golden Malt,Block,2021-12-13,3341,15034.5,4.5,4.5,0.0,0,0,1.155
Northmart,GOLDEN_MALT_BLOCK,CRESTLINE,Golden Malt,Block,2021-12-20,3757,16906.5,4.5,4.5,0.0,0,0,1.159
Northmart,GOLDEN_MALT_BLOCK,CRESTLINE,Golden Malt,Block,2021-12-27,3237,14566.5,4.5,4.5,0.0,0,0,1.16
Northmart,GOLDEN_MALT_BLOCK,CRESTLINE,Golden Malt,Block,2022-01-03,3080,13860.0,4.5,4.5,0.0,0,0,1.159
Northmart,GOLDEN_MALT_BLOCK,CRESTLINE,Golden Malt,Block,2022-01-10,5624,22777.2,4.05,4.5,10.0,0,1,1.155
Northmart,GOLDEN_MALT_BLOCK,CRESTLINE,Golden Malt,Block,2022-01-17,3160,14220.0,4.5,4.5,0.0,0,0,1.15
Northmart,GOLDEN_MALT_BLOCK,CRESTLINE,Golden Malt,Block,2022-01-24,3511,15799.5,4.5,4.5,0.0,0,0,1.142
Northmart,GOLDEN_MALT_BLOCK,CRESTLINE,Golden Malt,Block,2022-01-31,3347,15061.5,4.5,4.5,0.0,0,0,1.132
Northmart,GOLDEN_MALT_BLOCK,CRESTLINE,Golden Malt,Block,2022-02-07,7255,22853.25,3.15,4.5,30.0,0,0,1.12
Northmart,GOLDEN_MALT_BLOCK,CRESTLINE,Golden Malt,Block,2022-02-14,2482,11169.0,4.5,4.5,0.0,0,0,1.106
Northmart,GOLDEN_MALT_BLOCK,CRESTLINE,Golden Malt,Block,2022-02-21,3561,16024.5,4.5,4.5,0.0,0,0,1.091
Northmart,GOLDEN_MALT_BLOCK,CRESTLINE,Golden Malt,Block,2022-02-28,2888,12996.0,4.5,4.5,0.0,0,0,1.074
Northmart,GOLDEN_MALT_BLOCK,CRESTLINE,Golden Malt,Block,2022-03-07,7406,28290.92,3.82,4.5,15.0,1,0,1.057
Northmart,GOLDEN_MALT_BLOCK,CRESTLINE,Golden Malt,Block,2022-03-14,2726,12267.0,4.5,4.5,0.0,0,0,1.038
Northmart,GOLDEN_MALT_BLOCK,CRESTLINE,Golden Malt,Block,2022-03-21,2983,13423.5,4.5,4.5,0.0,0,0,1.019
Northmart,GOLDEN_MALT_BLOCK,CRESTLINE,Golden Malt,Block,2022-03-28,3220,14490.0,4.5,4.5,0.0,0,0,1.0
Northmart,GOLDEN_MALT_BLOCK,CRESTLINE,Golden Malt,Block,2022-04-04,14336,41861.12,2.92,4.5,35.0,1,0,1.081
Northmart,GOLDEN_MALT_BLOCK,CRESTLINE,Golden Malt,Block,2022-04-11,2406,10827.0,4.5,4.5,0.0,0,0,1.062
Northmart,GOLDEN_MALT_BLOCK,CRESTLINE,Golden Malt,Block,2022-04-18,3376,15192.0,4.5,4.5,0.0,0,0,1.043
Northmart,GOLDEN_MALT_BLOCK,CRESTLINE,Golden Malt,Block,2022-04-25,3172,14274.0,4.5,4.5,0.0,0,0,1.026
Northmart,GOLDEN_MALT_BLOCK,CRESTLINE,Golden Malt,Block,2022-05-02,11287,32958.04,2.92,4.5,35.0,1,0,0.909
Northmart,GOLDEN_MALT_BLOCK,CRESTLINE,Golden Malt,Block,2022-05-09,1548,6966.0,4.5,4.5,0.0,0,0,0.894
Northmart,GOLDEN_MALT_BLOCK,CRESTLINE,Golden Malt,Block,2022-05-16,2984,13428.0,4.5,4.5,0.0,0,0,0.88
Northmart,GOLDEN_MALT_BLOCK,CRESTLINE,Golden Malt,Block,2022-05-23,2974,13383.0,4.5,4.5,0.0,0,0,0.868
Northmart,GOLDEN_MALT_BLOCK,CRESTLINE,Golden Malt,Block,2022-05-30,2295,10327.5,4.5,4.5,0.0,0,0,0.858
Northmart,GOLDEN_MALT_BLOCK,CRESTLINE,Golden Malt,Block,2022-06-06,3829,15507.45,4.05,4.5,10.0,0,0,0.85
Northmart,GOLDEN_MALT_BLOCK,CRESTLINE,Golden Malt,Block,2022-06-13,6970,21955.5,3.15,4.5,30.0,0,1,0.845
Northmart,GOLDEN_MALT_BLOCK,CRESTLINE,Golden Malt,Block,2022-06-20,1847,8311.5,4.5,4.5,0.0,0,0,0.841
Northmart,GOLDEN_MALT_BLOCK,CRESTLINE,Golden Malt,Block,2022-06-27,3440,13140.8,3.82,4.5,15.0,0,0,0.84
Northmart,GOLDEN_MALT_BLOCK,CRESTLINE,Golden Malt,Block,2022-07-04,2521,11344.5,4.5,4.5,0.0,0,0,0.841
Northmart,GOLDEN_MALT_BLOCK,CRESTLINE,Golden Malt,Block,2022-07-11,2630,11835.0,4.5,4.5,0.0,0,0,0.845
Northmart,GOLDEN_MALT_BLOCK,CRESTLINE,Golden Malt,Block,2022-07-18,2367,10651.5,4.5,4.5,0.0,0,0,0.85
Northmart,GOLDEN_MALT_BLOCK,CRESTLINE,Golden Malt,Block,2022-07-25,2726,12267.0,4.5,4.5,0.0,0,0,0.858
Northmart,GOLDEN_MALT_BLOCK,CRESTLINE,Golden Malt,Block,2022-08-01,2694,12123.0,4.5,4.5,0.0,0,0,0.868
Northmart,GOLDEN_MALT_BLOCK,CRESTLINE,Golden Malt,Block,2022-08-08,2867,12901.5,4.5,4.5,0.0,0,0,0.88
Northmart,GOLDEN_MALT_BLOCK,CRESTLINE,Golden Malt,Block,2022-08-15,2535,11407.5,4.5,4.5,0.0,0,0,0.894
Northmart,GOLDEN_MALT_BLOCK,CRESTLINE,Golden Malt,Block,2022-08-22,2907,13081.5,4.5,4.5,0.0,0,0,0.909
Northmart,GOLDEN_MALT_BLOCK,CRESTLINE,Golden Malt,Block,2022-08-29,2593,11668.5,4.5,4.5,0.0,0,0,0.926
Northmart,GOLDEN_MALT_BLOCK,CRESTLINE,Golden Malt,Block,2022-09-05,5842,18402.3,3.15,4.5,30.0,0,0,0.943
Northmart,GOLDEN_MALT_BLOCK,CRESTLINE,Golden Malt,Block,2022-09-12,2273,10228.5,4.5,4.5,0.0,0,0,0.962
Northmart,GOLDEN_MALT_BLOCK,CRESTLINE,Golden Malt,Block,2022-09-19,3058,13761.0,4.5,4.5,0.0,0,0,0.981
Northmart,GOLDEN_MALT_BLOCK,CRESTLINE,Golden Malt,Block,2022-09-26,2796,12582.0,4.5,4.5,0.0,0,0,1.0
Northmart,GOLDEN_MALT_BLOCK,CRESTLINE,Golden Malt,Block,2022-10-03,3516,15822.0,4.5,4.5,0.0,0,0,1.019
Northmart,GOLDEN_MALT_BLOCK,CRESTLINE,Golden Malt,Block,2022-10-10,3026,13617.0,4.5,4.5,0.0,0,0,1.038
Northmart,GOLDEN_MALT_BLOCK,CRESTLINE,Golden Malt,Block,2022-10-17,4312,16471.84,3.82,4.5,15.0,0,0,1.057
Northmart,GOLDEN_MALT_BLOCK,CRESTLINE,Golden Malt,Block,2022-10-24,3009,13540.5,4.5,4.5,0.0,0,0,1.074
Northmart,GOLDEN_MALT_BLOCK,CRESTLINE,Golden Malt,Block,2022-10-31,3542,15939.0,4.5,4.5,0.0,0,0,1.091
Northmart,GOLDEN_MALT_BLOCK,CRESTLINE,Golden Malt,Block,2022-11-07,3016,13572.0,4.5,4.5,0.0,0,0,1.106
Northmart,GOLDEN_MALT_BLOCK,CRESTLINE,Golden Malt,Block,2022-11-14,4246,19107.0,4.5,4.5,0.0,0,0,1.12
Northmart,GOLDEN_MALT_BLOCK,CRESTLINE,Golden Malt,Block,2022-11-21,5713,20566.8,3.6,4.5,20.0,0,0,1.132
Northmart,GOLDEN_MALT_BLOCK,CRESTLINE,Golden Malt,Block,2022-11-28,5359,21703.95,4.05,4.5,10.0,0,1,1.142
Northmart,GOLDEN_MALT_BLOCK,CRESTLINE,Golden Malt,Block,2022-12-05,7806,24588.9,3.15,4.5,30.0,0,0,1.15
Northmart,GOLDEN_MALT_BLOCK,CRESTLINE,Golden Malt,Block,2022-12-12,4859,19678.95,4.05,4.5,10.0,1,0,1.155
Northmart,GOLDEN_MALT_BLOCK,CRESTLINE,Golden Malt,Block,2022-12-19,2718,12231.0,4.5,4.5,0.0,0,0,1.159
Northmart,GOLDEN_MALT_BLOCK,CRESTLINE,Golden Malt,Block,2022-12-26,7528,28756.96,3.82,4.5,15.0,0,1,1.16
Northmart,GOLDEN_MALT_BLOCK,CRESTLINE,Golden Malt,Block,2023-01-02,12302,35921.84,2.92,4.5,35.0,1,0,1.159
Northmart,GOLDEN_MALT_BLOCK,CRESTLINE,Golden Malt,Block,2023-01-09,1996,8982.0,4.5,4.5,0.0,0,0,1.155
Northmart,GOLDEN_MALT_BLOCK,CRESTLINE,Golden Malt,Block,2023-01-16,3866,17397.0,4.5,4.5,0.0,0,0,1.15
Northmart,GOLDEN_MALT_BLOCK,CRESTLINE,Golden Malt,Block,2023-01-23,3381,15214.5,4.5,4.5,0.0,0,0,1.142
Northmart,GOLDEN_MALT_BLOCK,CRESTLINE,Golden Malt,Block,2023-01-30,2828,12726.0,4.5,4.5,0.0,0,0,1.132
Northmart,GOLDEN_MALT_BLOCK,CRESTLINE,Golden Malt,Block,2023-02-06,3406,15327.0,4.5,4.5,0.0,0,0,1.12
Northmart,GOLDEN_MALT_BLOCK,CRESTLINE,Golden Malt,Block,2023-02-13,3312,14904.0,4.5,4.5,0.0,0,0,1.106
Northmart,GOLDEN_MALT_BLOCK,CRESTLINE,Golden Malt,Block,2023-02-20,3460,15570.0,4.5,4.5,0.0,0,0,1.091
Northmart,GOLDEN_MALT_BLOCK,CRESTLINE,Golden Malt,Block,2023-02-27,7029,22141.35,3.15,4.5,30.0,0,0,1.074
Northmart,GOLDEN_MALT_BLOCK,CRESTLINE,Golden Malt,Block,2023-03-06,2137,9616.5,4.5,4.5,0.0,0,0,1.057
Northmart,GOLDEN_MALT_BLOCK,CRESTLINE,Golden Malt,Block,2023-03-13,3349,15070.5,4.5,4.5,0.0,0,0,1.038
Northmart,GOLDEN_MALT_BLOCK,CRESTLINE,Golden Malt,Block,2023-03-20,4808,17308.8,3.6,4.5,20.0,0,0,1.019
Northmart,GOLDEN_MALT_BLOCK,CRESTLINE,Golden Malt,Block,2023-03-27,4164,14990.4,3.6,4.5,20.0,0,0,1.0
Northmart,GOLDEN_MALT_BLOCK,CRESTLINE,Golden Malt,Block,2023-04-03,2863,12883.5,4.5,4.5,0.0,0,0,1.081
Northmart,GOLDEN_MALT_BLOCK,CRESTLINE,Golden Malt,Block,2023-04-10,3425,15412.5,4.5,4.5,0.0,0,0,1.062
Northmart,GOLDEN_MALT_BLOCK,CRESTLINE,Golden Malt,Block,2023-04-17,3530,15885.0,4.5,4.5,0.0,0,0,1.043
Northmart,GOLDEN_MALT_BLOCK,CRESTLINE,Golden Malt,Block,2023-04-24,3122,14049.0,4.5,4.5,0.0,0,0,1.026
Northmart,GOLDEN_MALT_BLOCK,CRESTLINE,Golden Malt,Block,2023-05-01,3148,14166.0,4.5,4.5,0.0,0,0,0.909
Northmart,GOLDEN_MALT_BLOCK,CRESTLINE,Golden Malt,Block,2023-05-08,3002,13509.0,4.5,4.5,0.0,0,0,0.894
Northmart,GOLDEN_MALT_BLOCK,CRESTLINE,Golden Malt,Block,2023-05-15,4561,16419.6,3.6,4.5,20.0,0,0,0.88
Northmart,GOLDEN_MALT_BLOCK,CRESTLINE,Golden Malt,Block,2023-05-22,1987,8941.5,4.5,4.5,0.0,0,0,0.868
Northmart,GOLDEN_MALT_BLOCK,CRESTLINE,Golden Malt,Block,2023-05-29,2993,13468.5,4.5,4.5,0.0,0,0,0.858
Northmart,GOLDEN_MALT_BLOCK,CRESTLINE,Golden Malt,Block,2023-06-05,2725,12262.5,4.5,4.5,0.0,0,0,0.85
Northmart,GOLDEN_MALT_BLOCK,CRESTLINE,Golden Malt,Block,2023-06-12,2381,10714.5,4.5,4.5,0.0,0,0,0.845
Northmart,GOLDEN_MALT_BLOCK,CRESTLINE,Golden Malt,Block,2023-06-19,2717,12226.5,4.5,4.5,0.0,0,0,0.841
Northmart,GOLDEN_MALT_BLOCK,CRESTLINE,Golden Malt,Block,2023-06-26,2385,10732.5,4.5,4.5,0.0,0,0,0.84
Northmart,GOLDEN_MALT_BLOCK,CRESTLINE,Golden Malt,Block,2023-07-03,2790,12555.0,4.5,4.5,0.0,0,0,0.841
Northmart,GOLDEN_MALT_BLOCK,CRESTLINE,Golden Malt,Block,2023-07-10,3146,14157.0,4.5,4.5,0.0,0,0,0.845
Northmart,GOLDEN_MALT_BLOCK,CRESTLINE,Golden Malt,Block,2023-07-17,5295,16679.25,3.15,4.5,30.0,0,0,0.85
Northmart,GOLDEN_MALT_BLOCK,CRESTLINE,Golden Malt,Block,2023-07-24,1687,7591.5,4.5,4.5,0.0,0,0,0.858
Northmart,GOLDEN_MALT_BLOCK,CRESTLINE,Golden Malt,Block,2023-07-31,7412,21643.04,2.92,4.5,35.0,0,0,0.868
Northmart,GOLDEN_MALT_BLOCK,CRESTLINE,Golden Malt,Block,2023-08-07,2111,9499.5,4.5,4.5,0.0,0,0,0.88
Northmart,GOLDEN_MALT_BLOCK,CRESTLINE,Golden Malt,Block,2023-08-14,2854,12843.0,4.5,4.5,0.0,0,0,0.894
Northmart,GOLDEN_MALT_BLOCK,CRESTLINE,Golden Malt,Block,2023-08-21,8297,28043.86,3.38,4.5,25.0,1,0,0.909
Northmart,GOLDEN_MALT_BLOCK,CRESTLINE,Golden Malt,Block,2023-08-28,2707,12181.5,4.5,4.5,0.0,0,0,0.926
Northmart,GOLDEN_MALT_BLOCK,CRESTLINE,Golden Malt,Block,2023-09-04,4438,15976.8,3.6,4.5,20.0,0,0,0.943
Northmart,GOLDEN_MALT_BLOCK,CRESTLINE,Golden Malt,Block,2023-09-11,1978,8901.0,4.5,4.5,0.0,0,0,0.962
Northmart,GOLDEN_MALT_BLOCK,CRESTLINE,Golden Malt,Block,2023-09-18,2934,13203.0,4.5,4.5,0.0,0,0,0.981
Northmart,GOLDEN_MALT_BLOCK,CRESTLINE,Golden Malt,Block,2023-09-25,3547,15961.5,4.5,4.5,0.0,0,0,1.0
Northmart,GOLDEN_MALT_BLOCK,CRESTLINE,Golden Malt,Block,2023-10-02,2902,13059.0,4.5,4.5,0.0,0,0,1.019
Northmart,GOLDEN_MALT_BLOCK,CRESTLINE,Golden Malt,Block,2023-10-09,3450,15525.0,4.5,4.5,0.0,0,0,1.038
Northmart,GOLDEN_MALT_BLOCK,CRESTLINE,Golden Malt,Block,2023-10-16,3643,16393.5,4.5,4.5,0.0,0,0,1.057
Northmart,GOLDEN_MALT_BLOCK,CRESTLINE,Golden Malt,Block,2023-10-23,3722,16749.0,4.5,4.5,0.0,0,0,1.074
Northmart,GOLDEN_MALT_BLOCK,CRESTLINE,Golden Malt,Block,2023-10-30,3531,15889.5,4.5,4.5,0.0,0,0,1.091
Northmart,GOLDEN_MALT_BLOCK,CRESTLINE,Golden Malt,Block,2023-11-06,4034,18153.0,4.5,4.5,0.0,0,0,1.106
Northmart,GOLDEN_MALT_BLOCK,CRESTLINE,Golden Malt,Block,2023-11-13,4681,18958.05,4.05,4.5,10.0,0,0,1.12
Northmart,GOLDEN_MALT_BLOCK,CRESTLINE,Golden Malt,Block,2023-11-20,4765,17154.0,3.6,4.5,20.0,0,0,1.132
Northmart,GOLDEN_MALT_BLOCK,CRESTLINE,Golden Malt,Block,2023-11-27,2920,13140.0,4.5,4.5,0.0,0,0,1.142
Northmart,GOLDEN_MALT_BLOCK,CRESTLINE,Golden Malt,Block,2023-12-04,8632,31075.2,3.6,4.5,20.0,0,1,1.15
Northmart,GOLDEN_MALT_BLOCK,CRESTLINE,Golden Malt,Block,2023-12-11,2241,10084.5,4.5,4.5,0.0,0,0,1.155
Northmart,GOLDEN_MALT_BLOCK,CRESTLINE,Golden Malt,Block,2023-12-18,7060,25416.0,3.6,4.5,20.0,0,0,1.159
Northmart,GOLDEN_MALT_BLOCK,CRESTLINE,Golden Malt,Block,2023-12-25,2866,12897.0,4.5,4.5,0.0,0,0,1.16
Northmart,HONEY_NOUGAT_SINGLE,CRESTLINE,Honey Nougat,Single,2021-01-04,8066,16132.0,2.0,2.0,0.0,0,0,1.159
Northmart,HONEY_NOUGAT_SINGLE,CRESTLINE,Honey Nougat,Single,2021-01-11,8019,16038.0,2.0,2.0,0.0,0,0,1.155
Northmart,HONEY_NOUGAT_SINGLE,CRESTLINE,Honey Nougat,Single,2021-01-18,11278,20300.4,1.8,2.0,10.0,0,0,1.15
Northmart,HONEY_NOUGAT_SINGLE,CRESTLINE,Honey Nougat,Single,2021-01-25,18928,26499.2,1.4,2.0,30.0,0,0,1.142
Northmart,HONEY_NOUGAT_SINGLE,CRESTLINE,Honey Nougat,Single,2021-02-01,5179,10358.0,2.0,2.0,0.0,0,0,1.132
Northmart,HONEY_NOUGAT_SINGLE,CRESTLINE,Honey Nougat,Single,2021-02-08,8031,16062.0,2.0,2.0,0.0,0,0,1.12
Northmart,HONEY_NOUGAT_SINGLE,CRESTLINE,Honey Nougat,Single,2021-02-15,6440,12880.0,2.0,2.0,0.0,0,0,1.106
Northmart,HONEY_NOUGAT_SINGLE,CRESTLINE,Honey Nougat,Single,2021-02-22,6953,13906.0,2.0,2.0,0.0,0,0,1.091
Northmart,HONEY_NOUGAT_SINGLE,CRESTLINE,Honey Nougat,Single,2021-03-01,27902,39062.8,1.4,2.0,30.0,1,0,1.074
Northmart,HONEY_NOUGAT_SINGLE,CRESTLINE,Honey Nougat,Single,2021-03-08,7295,14590.0,2.0,2.0,0.0,0,0,1.057
Northmart,HONEY_NOUGAT_SINGLE,CRESTLINE,Honey Nougat,Single,2021-03-15,8527,17054.0,2.0,2.0,0.0,0,0,1.038
Northmart,HONEY_NOUGAT_SINGLE,CRESTLINE,Honey Nougat,Single,2021-03-22,7952,15904.0,2.0,2.0,0.0,0,0,1.019
Northmart,HONEY_NOUGAT_SINGLE,CRESTLINE,Honey Nougat,Single,2021-03-29,7563,15126.0,2.0,2.0,0.0,0,0,1.0
Northmart,HONEY_NOUGAT_SINGLE,CRESTLINE,Honey Nougat,Single,2021-04-05,8432,16864.0,2.0,2.0,0.0,0,0,1.081
Northmart,HONEY_NOUGAT_SINGLE,CRESTLINE,Honey Nougat,Single,2021-04-12,7083,14166.0,2.0,2.0,0.0,0,0,1.062
Northmart,HONEY_NOUGAT_SINGLE,CRESTLINE,Honey Nougat,Single,2021-04-19,13244,22514.8,1.7,2.0,15.0,0,1,1.043
Northmart,HONEY_NOUGAT_SINGLE,CRESTLINE,Honey Nougat,Single,2021-04-26,6970,13940.0,2.0,2.0,0.0,0,0,1.026
Northmart,HONEY_NOUGAT_SINGLE,CRESTLINE,Honey Nougat,Single,2021-05-03,9145,15546.5,1.7,2.0,15.0,0,0,0.909
Northmart,HONEY_NOUGAT_SINGLE,CRESTLINE,Honey Nougat,Single,2021-05-10,5076,10152.0,2.0,2.0,0.0,0,0,0.894
Northmart,HONEY_NOUGAT_SINGLE,CRESTLINE,Honey Nougat,Single,2021-05-17,6618,13236.0,2.0,2.0,0.0,0,0,0.88
Northmart,HONEY_NOUGAT_SINGLE,CRESTLINE,Honey Nougat,Single,2021-05-24,10674,18145.8,1.7,2.0,15.0,0,0,0.868
Northmart,HONEY_NOUGAT_SINGLE,CRESTLINE,Honey Nougat,Single,2021-05-31,5693,11386.0,2.0,2.0,0.0,0,0,0.858
Northmart,HONEY_NOUGAT_SINGLE,CRESTLINE,Honey Nougat,Single,2021-06-07,6603,13206.0,2.0,2.0,0.0,0,0,0.85
Northmart,HONEY_NOUGAT_SINGLE,CRESTLINE,Honey Nougat,Single,2021-06-14,14454,21681.0,1.5,2.0,25.0,0,0,0.845
Northmart,HONEY_NOUGAT_SINGLE,CRESTLINE,Honey Nougat,Single,2021-06-21,4482,8964.0,2.0,2.0,0.0,0,0,0.841
Northmart,HONEY_NOUGAT_SINGLE,CRESTLINE,Honey Nougat,Single,2021-06-28,18378,25729.2,1.4,2.0,30.0,0,1,0.84
Northmart,HONEY_NOUGAT_SINGLE,CRESTLINE,Honey Nougat,Single,2021-07-05,6069,10317.3,1.7,2.0,15.0,0,0,0.841
Northmart,HONEY_NOUGAT_SINGLE,CRESTLINE,Honey Nougat,Single,2021-07-12,5792,11584.0,2.0,2.0,0.0,0,0,0.845
Northmart,HONEY_NOUGAT_SINGLE,CRESTLINE,Honey Nougat,Single,2021-07-19,9266,13899.0,1.5,2.0,25.0,0,0,0.85
Northmart,HONEY_NOUGAT_SINGLE,CRESTLINE,Honey Nougat,Single,2021-07-26,4698,9396.0,2.0,2.0,0.0,0,0,0.858
Northmart,HONEY_NOUGAT_SINGLE,CRESTLINE,Honey Nougat,Single,2021-08-02,6942,13884.0,2.0,2.0,0.0,0,0,0.868
Northmart,HONEY_NOUGAT_SINGLE,CRESTLINE,Honey Nougat,Single,2021-08-09,6497,12994.0,2.0,2.0,0.0,0,0,0.88
Northmart,HONEY_NOUGAT_SINGLE,CRESTLINE,Honey Nougat,Single,2021-08-16,5818,11636.0,2.0,2.0,0.0,0,0,0.894
Northmart,HONEY_NOUGAT_SINGLE,CRESTLINE,Honey Nougat,Single,2021-08-23,6470,12940.0,2.0,2.0,0.0,0,0,0.909
Northmart,HONEY_NOUGAT_SINGLE,CRESTLINE,Honey Nougat,Single,2021-08-30,5572,11144.0,2.0,2.0,0.0,0,0,0.926
Northmart,HONEY_NOUGAT_SINGLE,CRESTLINE,Honey Nougat,Single,2021-09-06,6561,13122.0,2.0,2.0,0.0,0,0,0.943
Northmart,HONEY_NOUGAT_SINGLE,CRESTLINE,Honey Nougat,Single,2021-09-13,10658,18118.6,1.7,2.0,15.0,0,0,0.962
Northmart,HONEY_NOUGAT_SINGLE,CRESTLINE,Honey Nougat,Single,2021-09-20,11899,20228.3,1.7,2.0,15.0,0,1,0.981
Northmart,HONEY_NOUGAT_SINGLE,CRESTLINE,Honey Nougat,Single,2021-09-27,5716,11432.0,2.0,2.0,0.0,0,0,1.0
Northmart,HONEY_NOUGAT_SINGLE,CRESTLINE,Honey Nougat,Single,2021-10-04,7441,14882.0,2.0,2.0,0.0,0,0,1.019
Northmart,HONEY_NOUGAT_SINGLE,CRESTLINE,Honey Nougat,Single,2021-10-11,11562,19655.4,1.7,2.0,15.0,0,0,1.038
Northmart,HONEY_NOUGAT_SINGLE,CRESTLINE,Honey Nougat,Single,2021-10-18,6727,13454.0,2.0,2.0,0.0,0,0,1.057
Northmart,HONEY_NOUGAT_SINGLE,CRESTLINE,Honey Nougat,Single,2021-10-25,18889,34000.2,1.8,2.0,10.0,1,0,1.074
Northmart,HONEY_NOUGAT_SINGLE,CRESTLINE,Honey Nougat,Single,2021-11-01,7476,14952.0,2.0,2.0,0.0,0,0,1.091
Northmart,HONEY_NOUGAT_SINGLE,CRESTLINE,Honey Nougat,Single,2021-11-08,22967,29857.1,1.3,2.0,35.0,0,0,1.106
Northmart,HONEY_NOUGAT_SINGLE,CRESTLINE,Honey Nougat,Single,2021-11-15,7000,12600.0,1.8,2.0,10.0,0,0,1.12
Northmart,HONEY_NOUGAT_SINGLE,CRESTLINE,Honey Nougat,Single,2021-11-22,6444,12888.0,2.0,2.0,0.0,0,0,1.132
Northmart,HONEY_NOUGAT_SINGLE,CRESTLINE,Honey Nougat,Single,2021-11-29,10172,18309.6,1.8,2.0,10.0,0,0,1.142
Northmart,HONEY_NOUGAT_SINGLE,CRESTLINE,Honey Nougat,Single,2021-12-06,7637,15274.0,2.0,2.0,0.0,0,0,1.15
Northmart,HONEY_NOUGAT_SINGLE,CRESTLINE,Honey Nougat,Single,2021-12-13,10984,19771.2,1.8,2.0,10.0,0,0,1.155
Northmart,HONEY_NOUGAT_SINGLE,CRESTLINE,Honey Nougat,Single,2021-12-20,23242,30214.6,1.3,2.0,35.0,0,0,1.159
Northmart,HONEY_NOUGAT_SINGLE,CRESTLINE,Honey Nougat,Single,2021-12-27,5785,11570.0,2.0,2.0,0.0,0,0,1.16
Northmart,HONEY_NOUGAT_SINGLE,CRESTLINE,Honey Nougat,Single,2022-01-03,10492,18885.6,1.8,2.0,10.0,0,0,1.159
Northmart,HONEY_NOUGAT_SINGLE,CRESTLINE,Honey Nougat,Single,2022-01-10,8989,17978.0,2.0,2.0,0.0,0,0,1.155
Northmart,HONEY_NOUGAT_SINGLE,CRESTLINE,Honey Nougat,Single,2022-01-17,8345,16690.0,2.0,2.0,0.0,0,0,1.15
Northmart,HONEY_NOUGAT_SINGLE,CRESTLINE,Honey Nougat,Single,2022-01-24,15317,24507.2,1.6,2.0,20.0,0,0,1.142
Northmart,HONEY_NOUGAT_SINGLE,CRESTLINE,Honey Nougat,Single,2022-01-31,12947,19420.5,1.5,2.0,25.0,0,0,1.132
Northmart,HONEY_NOUGAT_SINGLE,CRESTLINE,Honey Nougat,Single,2022-02-07,41669,54169.7,1.3,2.0,35.0,1,1,1.12
Northmart,HONEY_NOUGAT_SINGLE,CRESTLINE,Honey Nougat,Single,2022-02-14,5350,10700.0,2.0,2.0,0.0,0,0,1.106
Northmart,HONEY_NOUGAT_SINGLE,CRESTLINE,Honey Nougat,Single,2022-02-21,8263,16526.0,2.0,2.0,0.0,0,0,1.091
Northmart,HONEY_NOUGAT_SINGLE,CRESTLINE,Honey Nougat,Single,2022-02-28,7856,15712.0,2.0,2.0,0.0,0,0,1.074
Northmart,HONEY_NOUGAT_SINGLE,CRESTLINE,Honey Nougat,Single,2022-03-07,8212,16424.0,2.0,2.0,0.0,0,0,1.057
Northmart,HONEY_NOUGAT_SINGLE,CRESTLINE,Honey Nougat,Single,2022-03-14,15991,23986.5,1.5,2.0,25.0,0,0,1.038
Northmart,HONEY_NOUGAT_SINGLE,CRESTLINE,Honey Nougat,Single,2022-03-21,5519,11038.0,2.0,2.0,0.0,0,0,1.019
Northmart,HONEY_NOUGAT_SINGLE,CRESTLINE,Honey Nougat,Single,2022-03-28,13124,19686.0,1.5,2.0,25.0,0,0,1.0
Northmart,HONEY_NOUGAT_SINGLE,CRESTLINE,Honey Nougat,Single,2022-04-04,6693,13386.0,2.0,2.0,0.0,0,0,1.081
Northmart,HONEY_NOUGAT_SINGLE,CRESTLINE,Honey Nougat,Single,2022-04-11,8441,16882.0,2.0,2.0,0.0,0,0,1.062
Northmart,HONEY_NOUGAT_SINGLE,CRESTLINE,Honey Nougat,Single,2022-04-18,12138,19420.8,1.6,2.0,20.0,0,0,1.043
Northmart,HONEY_NOUGAT_SINGLE,CRESTLINE,Honey Nougat,Single,2022-04-25,6201,12402.0,2.0,2.0,0.0,0,0,1.026
Northmart,HONEY_NOUGAT_SINGLE,CRESTLINE,Honey Nougat,Single,2022-05-02,6588,13176.0,2.0,2.0,0.0,0,0,0.909
Northmart,HONEY_NOUGAT_SINGLE,CRESTLINE,Honey Nougat,Single,2022-05-09,6289,12578.0,2.0,2.0,0.0,0,0,0.894
Northmart,HONEY_NOUGAT_SINGLE,CRESTLINE,Honey Nougat,Single,2022-05-16,15074,22611.0,1.5,2.0,25.0,0,0,0.88
Northmart,HONEY_NOUGAT_SINGLE,CRESTLINE,Honey Nougat,Single,2022-05-23,5405,10810.0,2.0,2.0,0.0,0,0,0.868
Northmart,HONEY_NOUGAT_SINGLE,CRESTLINE,Honey Nougat,Single,2022-05-30,6030,12060.0,2.0,2.0,0.0,0,0,0.858
Northmart,HONEY_NOUGAT_SINGLE,CRESTLINE,Honey Nougat,Single,2022-06-06,16392,26227.2,1.6,2.0,20.0,1,0,0.85
Northmart,HONEY_NOUGAT_SINGLE,CRESTLINE,Honey Nougat,Single,2022-06-13,5528,11056.0,2.0,2.0,0.0,0,0,0.845
Northmart,HONEY_NOUGAT_SINGLE,CRESTLINE,Honey Nougat,Single,2022-06-20,6421,12842.0,2.0,2.0,0.0,0,0,0.841
Northmart,HONEY_NOUGAT_SINGLE,CRESTLINE,Honey Nougat,Single,2022-06-27,6737,13474.0,2.0,2.0,0.0,0,0,0.84
Northmart,HONEY_NOUGAT_SINGLE,CRESTLINE,Honey Nougat,Single,2022-07-04,8328,14990.4,1.8,2.0,10.0,0,0,0.841
Northmart,HONEY_NOUGAT_SINGLE,CRESTLINE,Honey Nougat,Single,2022-07-11,5695,11390.0,2.0,2.0,0.0,0,0,0.845
Northmart,HONEY_NOUGAT_SINGLE,CRESTLINE,Honey Nougat,Single,2022-07-18,6627,13254.0,2.0,2.0,0.0,0,0,0.85
Northmart,HONEY_NOUGAT_SINGLE,CRESTLINE,Honey Nougat,Single,2022-07-25,10557,17946.9,1.7,2.0,15.0,0,0,0.858
Northmart,HONEY_NOUGAT_SINGLE,CRESTLINE,Honey Nougat,Single,2022-08-01,15649,20343.7,1.3,2.0,35.0,0,0,0.868
Northmart,HONEY_NOUGAT_SINGLE,CRESTLINE,Honey Nougat,Single,2022-08-08,4705,9410.0,2.0,2.0,0.0,0,0,0.88
Northmart,HONEY_NOUGAT_SINGLE,CRESTLINE,Honey Nougat,Single,2022-08-15,6680,13360.0,2.0,2.0,0.0,0,0,0.894
Northmart,HONEY_NOUGAT_SINGLE,CRESTLINE,Honey Nougat,Single,2022-08-22,7281,14562.0,2.0,2.0,0.0,0,0,0.909
Northmart,HONEY_NOUGAT_SINGLE,CRESTLINE,Honey Nougat,Single,2022-08-29,6158,12316.0,2.0,2.0,0.0,0,0,0.926
Northmart,HONEY_NOUGAT_SINGLE,CRESTLINE,Honey Nougat,Single,2022-09-05,7444,14888.0,2.0,2.0,0.0,0,0,0.943
Northmart,HONEY_NOUGAT_SINGLE,CRESTLINE,Honey Nougat,Single,2022-09-12,29997,41995.8,1.4,2.0,30.0,1,0,0.962
Northmart,HONEY_NOUGAT_SINGLE,CRESTLINE,Honey Nougat,Single,2022-09-19,6319,12638.0,2.0,2.0,0.0,0,0,0.981
Northmart,HONEY_NOUGAT_SINGLE,CRESTLINE,Honey Nougat,Single,2022-09-26,7373,14746.0,2.0,2.0,0.0,0,0,1.0
Northmart,HONEY_NOUGAT_SINGLE,CRESTLINE,Honey Nougat,Single,2022-10-03,17544,31579.2,1.8,2.0,10.0,1,0,1.019
Northmart,HONEY_NOUGAT_SINGLE,CRESTLINE,Honey Nougat,Single,2022-10-10,20645,26838.5,1.3,2.0,35.0,0,0,1.038
Northmart,HONEY_NOUGAT_SINGLE,CRESTLINE,Honey Nougat,Single,2022-10-17,5714,11428.0,2.0,2.0,0.0,0,0,1.057
Northmart,HONEY_NOUGAT_SINGLE,CRESTLINE,Honey Nougat,Single,2022-10-24,7487,14974.0,2.0,2.0,0.0,0,0,1.074
Northmart,HONEY_NOUGAT_SINGLE,CRESTLINE,Honey Nougat,Single,2022-10-31,9166,18332.0,2.0,2.0,0.0,0,0,1.091
Northmart,HONEY_NOUGAT_SINGLE,CRESTLINE,Honey Nougat,Single,2022-11-07,8672,17344.0,2.0,2.0,0.0,0,0,1.106
Northmart,HONEY_NOUGAT_SINGLE,CRESTLINE,Honey Nougat,Single,2022-11-14,7529,15058.0,2.0,2.0,0.0,0,0,1.12
Northmart,HONEY_NOUGAT_SINGLE,CRESTLINE,Honey Nougat,Single,2022-11-21,26039,33850.7,1.3,2.0,35.0,0,0,1.132
Northmart,HONEY_NOUGAT_SINGLE,CRESTLINE,Honey Nougat,Single,2022-11-28,6361,12722.0,2.0,2.0,0.0,0,0,1.142
Northmart,HONEY_NOUGAT_SINGLE,CRESTLINE,Honey Nougat,Single,2022-12-05,10026,20052.0,2.0,2.0,0.0,0,0,1.15
Northmart,HONEY_NOUGAT_SINGLE,CRESTLINE,Honey Nougat,Single,2022-12-12,25404,35565.6,1.4,2.0,30.0,0,1,1.155
Northmart,HONEY_NOUGAT_SINGLE,CRESTLINE,Honey Nougat,Single,2022-12-19,5949,11898.0,2.0,2.0,0.0,0,0,1.159
Northmart,HONEY_NOUGAT_SINGLE,CRESTLINE,Honey Nougat,Single,2022-12-26,8707,17414.0,2.0,2.0,0.0,0,0,1.16
Northmart,HONEY_NOUGAT_SINGLE,CRESTLINE,Honey Nougat,Single,2023-01-02,32623,42409.9,1.3,2.0,35.0,0,1,1.159
Northmart,HONEY_NOUGAT_SINGLE,CRESTLINE,Honey Nougat,Single,2023-01-09,6115,12230.0,2.0,2.0,0.0,0,0,1.155
Northmart,HONEY_NOUGAT_SINGLE,CRESTLINE,Honey Nougat,Single,2023-01-16,8915,17830.0,2.0,2.0,0.0,0,0,1.15
Northmart,HONEY_NOUGAT_SINGLE,CRESTLINE,Honey Nougat,Single,2023-01-23,7548,15096.0,2.0,2.0,0.0,0,0,1.142
Northmart,HONEY_NOUGAT_SINGLE,CRESTLINE,Honey Nougat,Single,2023-01-30,7218,14436.0,2.0,2.0,0.0,0,0,1.132
Northmart,HONEY_NOUGAT_SINGLE,CRESTLINE,Honey Nougat,Single,2023-02-06,8347,16694.0,2.0,2.0,0.0,0,0,1.12
Northmart,HONEY_NOUGAT_SINGLE,CRESTLINE,Honey Nougat,Single,2023-02-13,10532,21064.0,2.0,2.0,0.0,0,0,1.106
Northmart,HONEY_NOUGAT_SINGLE,CRESTLINE,Honey Nougat,Single,2023-02-20,8259,16518.0,2.0,2.0,0.0,0,0,1.091
Northmart,HONEY_NOUGAT_SINGLE,CRESTLINE,Honey Nougat,Single,2023-02-27,7597,15194.0,2.0,2.0,0.0,0,0,1.074
Northmart,HONEY_NOUGAT_SINGLE,CRESTLINE,Honey Nougat,Single,2023-03-06,7497,14994.0,2.0,2.0,0.0,0,0,1.057
Northmart,HONEY_NOUGAT_SINGLE,CRESTLINE,Honey Nougat,Single,2023-03-13,7804,15608.0,2.0,2.0,0.0,0,0,1.038
Northmart,HONEY_NOUGAT_SINGLE,CRESTLINE,Honey Nougat,Single,2023-03-20,7985,15970.0,2.0,2.0,0.0,0,0,1.019
Northmart,HONEY_NOUGAT_SINGLE,CRESTLINE,Honey Nougat,Single,2023-03-27,7924,15848.0,2.0,2.0,0.0,0,0,1.0
Northmart,HONEY_NOUGAT_SINGLE,CRESTLINE,Honey Nougat,Single,2023-04-03,11329,20392.2,1.8,2.0,10.0,0,0,1.081
Northmart,HONEY_NOUGAT_SINGLE,CRESTLINE,Honey Nougat,Single,2023-04-10,15904,23856.0,1.5,2.0,25.0,0,0,1.062
Northmart,HONEY_NOUGAT_SINGLE,CRESTLINE,Honey Nougat,Single,2023-04-17,15627,21877.8,1.4,2.0,30.0,0,0,1.043
Northmart,HONEY_NOUGAT_SINGLE,CRESTLINE,Honey Nougat,Single,2023-04-24,5616,11232.0,2.0,2.0,0.0,0,0,1.026
Northmart,HONEY_NOUGAT_SINGLE,CRESTLINE,Honey Nougat,Single,2023-05-01,7550,15100.0,2.0,2.0,0.0,0,0,0.909
Northmart,HONEY_NOUGAT_SINGLE,CRESTLINE,Honey Nougat,Single,2023-05-08,6897,13794.0,2.0,2.0,0.0,0,0,0.894
Northmart,HONEY_NOUGAT_SINGLE,CRESTLINE,Honey Nougat,Single,2023-05-15,6521,13042.0,2.0,2.0,0.0,0,0,0.88
Northmart,HONEY_NOUGAT_SINGLE,CRESTLINE,Honey Nougat,Single,2023-05-22,6841,13682.0,2.0,2.0,0.0,0,0,0.868
Northmart,HONEY_NOUGAT_SINGLE,CRESTLINE,Honey Nougat,Single,2023-05-29,6954,13908.0,2.0,2.0,0.0,0,0,0.858
Northmart,HONEY_NOUGAT_SINGLE,CRESTLINE,Honey Nougat,Single,2023-06-05,6428,12856.0,2.0,2.0,0.0,0,0,0.85
Northmart,HONEY_NOUGAT_SINGLE,CRESTLINE,Honey Nougat,Single,2023-06-12,6128,12256.0,2.0,2.0,0.0,0,0,0.845
Northmart,HONEY_NOUGAT_SINGLE,CRESTLINE,Honey Nougat,Single,2023-06-19,5534,11068.0,2.0,2.0,0.0,0,0,0.841
Northmart,HONEY_NOUGAT_SINGLE,CRESTLINE,Honey Nougat,Single,2023-06-26,6862,13724.0,2.0,2.0,0.0,0,0,0.84
Northmart,HONEY_NOUGAT_SINGLE,CRESTLINE,Honey Nougat,Single,2023-07-03,6090,12180.0,2.0,2.0,0.0,0,0,0.841
Northmart,HONEY_NOUGAT_SINGLE,CRESTLINE,Honey Nougat,Single,2023-07-10,18303,23793.9,1.3,2.0,35.0,0,0,0.845
Northmart,HONEY_NOUGAT_SINGLE,CRESTLINE,Honey Nougat,Single,2023-07-17,5021,10042.0,2.0,2.0,0.0,0,0,0.85
Northmart,HONEY_NOUGAT_SINGLE,CRESTLINE,Honey Nougat,Single,2023-07-24,7220,14440.0,2.0,2.0,0.0,0,0,0.858
Northmart,HONEY_NOUGAT_SINGLE,CRESTLINE,Honey Nougat,Single,2023-07-31,6875,13750.0,2.0,2.0,0.0,0,0,0.868
Northmart,HONEY_NOUGAT_SINGLE,CRESTLINE,Honey Nougat,Single,2023-08-07,7662,15324.0,2.0,2.0,0.0,0,0,0.88
Northmart,HONEY_NOUGAT_SINGLE,CRESTLINE,Honey Nougat,Single,2023-08-14,7305,14610.0,2.0,2.0,0.0,0,0,0.894
Northmart,HONEY_NOUGAT_SINGLE,CRESTLINE,Honey Nougat,Single,2023-08-21,6847,13694.0,2.0,2.0,0.0,0,0,0.909
Northmart,HONEY_NOUGAT_SINGLE,CRESTLINE,Honey Nougat,Single,2023-08-28,7283,14566.0,2.0,2.0,0.0,0,0,0.926
Northmart,HONEY_NOUGAT_SINGLE,CRESTLINE,Honey Nougat,Single,2023-09-04,7950,15900.0,2.0,2.0,0.0,0,0,0.943
Northmart,HONEY_NOUGAT_SINGLE,CRESTLINE,Honey Nougat,Single,2023-09-11,6346,12692.0,2.0,2.0,0.0,0,0,0.962
Northmart,HONEY_NOUGAT_SINGLE,CRESTLINE,Honey Nougat,Single,2023-09-18,6518,13036.0,2.0,2.0,0.0,0,0,0.981
Northmart,HONEY_NOUGAT_SINGLE,CRESTLINE,Honey Nougat,Single,2023-09-25,8214,16428.0,2.0,2.0,0.0,0,0,1.0
Northmart,HONEY_NOUGAT_SINGLE,CRESTLINE,Honey Nougat,Single,2023-10-02,18532,31504.4,1.7,2.0,15.0,1,0,1.019
Northmart,HONEY_NOUGAT_SINGLE,CRESTLINE,Honey Nougat,Single,2023-10-09,5769,11538.0,2.0,2.0,0.0,0,0,1.038
Northmart,HONEY_NOUGAT_SINGLE,CRESTLINE,Honey Nougat,Single,2023-10-16,23666,37865.6,1.6,2.0,20.0,1,0,1.057
Northmart,HONEY_NOUGAT_SINGLE,CRESTLINE,Honey Nougat,Single,2023-10-23,6660,13320.0,2.0,2.0,0.0,0,0,1.074
Northmart,HONEY_NOUGAT_SINGLE,CRESTLINE,Honey Nougat,Single,2023-10-30,9410,18820.0,2.0,2.0,0.0,0,0,1.091
Northmart,HONEY_NOUGAT_SINGLE,CRESTLINE,Honey Nougat,Single,2023-11-06,8693,17386.0,2.0,2.0,0.0,0,0,1.106
Northmart,HONEY_NOUGAT_SINGLE,CRESTLINE,Honey Nougat,Single,2023-11-13,28253,39554.2,1.4,2.0,30.0,0,1,1.12
Northmart,HONEY_NOUGAT_SINGLE,CRESTLINE,Honey Nougat,Single,2023-11-20,5544,11088.0,2.0,2.0,0.0,0,0,1.132
Northmart,HONEY_NOUGAT_SINGLE,CRESTLINE,Honey Nougat,Single,2023-11-27,8697,17394.0,2.0,2.0,0.0,0,0,1.142
Northmart,HONEY_NOUGAT_SINGLE,CRESTLINE,Honey Nougat,Single,2023-12-04,22521,36033.6,1.6,2.0,20.0,0,1,1.15
Northmart,HONEY_NOUGAT_SINGLE,CRESTLINE,Honey Nougat,Single,2023-12-11,5992,11984.0,2.0,2.0,0.0,0,0,1.155
Northmart,HONEY_NOUGAT_SINGLE,CRESTLINE,Honey Nougat,Single,2023-12-18,15723,25156.8,1.6,2.0,20.0,0,0,1.159
Northmart,HONEY_NOUGAT_SINGLE,CRESTLINE,Honey Nougat,Single,2023-12-25,7785,15570.0,2.0,2.0,0.0,0,0,1.16
Northmart,SILKEN_BLOCK,ALPINE,Alpine Silken,Block,2021-01-04,12692,42645.12,3.36,4.2,20.0,0,0,1.159
Northmart,SILKEN_BLOCK,ALPINE,Alpine Silken,Block,2021-01-11,8082,28852.74,3.57,4.2,15.0,0,0,1.155
Northmart,SILKEN_BLOCK,ALPINE,Alpine Silken,Block,2021-01-18,5265,22113.0,4.2,4.2,0.0,0,0,1.15
Northmart,SILKEN_BLOCK,ALPINE,Alpine Silken,Block,2021-01-25,18217,49732.41,2.73,4.2,35.0,0,0,1.142
Northmart,SILKEN_BLOCK,ALPINE,Alpine Silken,Block,2021-02-01,5156,21655.2,4.2,4.2,0.0,0,0,1.132
Northmart,SILKEN_BLOCK,ALPINE,Alpine Silken,Block,2021-02-08,7392,31046.4,4.2,4.2,0.0,0,0,1.12
Northmart,SILKEN_BLOCK,ALPINE,Alpine Silken,Block,2021-02-15,6538,27459.6,4.2,4.2,0.0,0,0,1.106
Northmart,SILKEN_BLOCK,ALPINE,Alpine Silken,Block,2021-02-22,15602,45869.88,2.94,4.2,30.0,0,0,1.091
Northmart,SILKEN_BLOCK,ALPINE,Alpine Silken,Block,2021-03-01,4434,18622.8,4.2,4.2,0.0,0,0,1.074
Northmart,SILKEN_BLOCK,ALPINE,Alpine Silken,Block,2021-03-08,6289,26413.8,4.2,4.2,0.0,0,0,1.057
Northmart,SILKEN_BLOCK,ALPINE,Alpine Silken,Block,2021-03-15,12895,40619.25,3.15,4.2,25.0,0,0,1.038
Northmart,SILKEN_BLOCK,ALPINE,Alpine Silken,Block,2021-03-22,11197,32919.18,2.94,4.2,30.0,0,0,1.019
Northmart,SILKEN_BLOCK,ALPINE,Alpine Silken,Block,2021-03-29,4937,20735.4,4.2,4.2,0.0,0,0,1.0
Northmart,SILKEN_BLOCK,ALPINE,Alpine Silken,Block,2021-04-05,22458,66026.52,2.94,4.2,30.0,0,1,1.081
Northmart,SILKEN_BLOCK,ALPINE,Alpine Silken,Block,2021-04-12,4302,18068.4,4.2,4.2,0.0,0,0,1.062
Northmart,SILKEN_BLOCK,ALPINE,Alpine Silken,Block,2021-04-19,6516,27367.2,4.2,4.2,0.0,0,0,1.043
Northmart,SILKEN_BLOCK,ALPINE,Alpine Silken,Block,2021-04-26,7466,31357.2,4.2,4.2,0.0,0,0,1.026
Northmart,SILKEN_BLOCK,ALPINE,Alpine Silken,Block,2021-05-03,6128,25737.6,4.2,4.2,0.0,0,0,0.909
Northmart,SILKEN_BLOCK,ALPINE,Alpine Silken,Block,2021-05-10,5541,23272.2,4.2,4.2,0.0,0,0,0.894
Northmart,SILKEN_BLOCK,ALPINE,Alpine Silken,Block,2021-05-17,5399,22675.8,4.2,4.2,0.0,0,0,0.88
Northmart,SILKEN_BLOCK,ALPINE,Alpine Silken,Block,2021-05-24,5215,21903.0,4.2,4.2,0.0,0,0,0.868
Northmart,SILKEN_BLOCK,ALPINE,Alpine Silken,Block,2021-05-31,6214,26098.8,4.2,4.2,0.0,0,0,0.858
Northmart,SILKEN_BLOCK,ALPINE,Alpine Silken,Block,2021-06-07,4981,20920.2,4.2,4.2,0.0,0,0,0.85
Northmart,SILKEN_BLOCK,ALPINE,Alpine Silken,Block,2021-06-14,5289,22213.8,4.2,4.2,0.0,0,0,0.845
Northmart,SILKEN_BLOCK,ALPINE,Alpine Silken,Block,2021-06-21,6102,25628.4,4.2,4.2,0.0,0,0,0.841
Northmart,SILKEN_BLOCK,ALPINE,Alpine Silken,Block,2021-06-28,12655,42520.8,3.36,4.2,20.0,1,0,0.84
Northmart,SILKEN_BLOCK,ALPINE,Alpine Silken,Block,2021-07-05,8002,25206.3,3.15,4.2,25.0,0,0,0.841
Northmart,SILKEN_BLOCK,ALPINE,Alpine Silken,Block,2021-07-12,3940,16548.0,4.2,4.2,0.0,0,0,0.845
Northmart,SILKEN_BLOCK,ALPINE,Alpine Silken,Block,2021-07-19,6923,26168.94,3.78,4.2,10.0,0,0,0.85
Northmart,SILKEN_BLOCK,ALPINE,Alpine Silken,Block,2021-07-26,5058,21243.6,4.2,4.2,0.0,0,0,0.858
Northmart,SILKEN_BLOCK,ALPINE,Alpine Silken,Block,2021-08-02,4792,20126.4,4.2,4.2,0.0,0,0,0.868
Northmart,SILKEN_BLOCK,ALPINE,Alpine Silken,Block,2021-08-09,5515,23163.0,4.2,4.2,0.0,0,0,0.88
Northmart,SILKEN_BLOCK,ALPINE,Alpine Silken,Block,2021-08-16,13505,48212.85,3.57,4.2,15.0,1,0,0.894
Northmart,SILKEN_BLOCK,ALPINE,Alpine Silken,Block,2021-08-23,4786,20101.2,4.2,4.2,0.0,0,0,0.909
Northmart,SILKEN_BLOCK,ALPINE,Alpine Silken,Block,2021-08-30,5725,24045.0,4.2,4.2,0.0,0,0,0.926
Northmart,SILKEN_BLOCK,ALPINE,Alpine Silken,Block,2021-09-06,5812,24410.4,4.2,4.2,0.0,0,0,0.943
Northmart,SILKEN_BLOCK,ALPINE,Alpine Silken,Block,2021-09-13,6236,26191.2,4.2,4.2,0.0,0,0,0.962
Northmart,SILKEN_BLOCK,ALPINE,Alpine Silken,Block,2021-09-20,11525,36303.75,3.15,4.2,25.0,0,0,0.981
Northmart,SILKEN_BLOCK,ALPINE,Alpine Silken,Block,2021-09-27,10070,31720.5,3.15,4.2,25.0,0,0,1.0
Northmart,SILKEN_BLOCK,ALPINE,Alpine Silken,Block,2021-10-04,4933,20718.6,4.2,4.2,0.0,0,0,1.019
Northmart,SILKEN_BLOCK,ALPINE,Alpine Silken,Block,2021-10-11,11780,37107.0,3.15,4.2,25.0,0,0,1.038
Northmart,SILKEN_BLOCK,ALPINE,Alpine Silken,Block,2021-10-18,5523,23196.6,4.2,4.2,0.0,0,0,1.057
Northmart,SILKEN_BLOCK,ALPINE,Alpine Silken,Block,2021-10-25,9910,35378.7,3.57,4.2,15.0,0,0,1.074
Northmart,SILKEN_BLOCK,ALPINE,Alpine Silken,Block,2021-11-01,5691,23902.2,4.2,4.2,0.0,0,0,1.091
Northmart,SILKEN_BLOCK,ALPINE,Alpine Silken,Block,2021-11-08,7028,29517.6,4.2,4.2,0.0,0,0,1.106
Northmart,SILKEN_BLOCK,ALPINE,Alpine Silken,Block,2021-11-15,16461,48395.34,2.94,4.2,30.0,0,0,1.12
Northmart,SILKEN_BLOCK,ALPINE,Alpine Silken,Block,2021-11-22,5819,24439.8,4.2,4.2,0.0,0,0,1.132
Northmart,SILKEN_BLOCK,ALPINE,Alpine Silken,Block,2021-11-29,7393,31050.6,4.2,4.2,0.0,0,0,1.142
Northmart,SILKEN_BLOCK,ALPINE,Alpine Silken,Block,2021-12-06,14001,44103.15,3.15,4.2,25.0,0,0,1.15
Northmart,SILKEN_BLOCK,ALPINE,Alpine Silken,Block,2021-12-13,5324,22360.8,4.2,4.2,0.0,0,0,1.155
Northmart,SILKEN_BLOCK,ALPINE,Alpine Silken,Block,2021-12-20,7496,31483.2,4.2,4.2,0.0,0,0,1.159
Northmart,SILKEN_BLOCK,ALPINE,Alpine Silken,Block,2021-12-27,7502,31508.4,4.2,4.2,0.0,0,0,1.16
Northmart,SILKEN_BLOCK,ALPINE,Alpine Silken,Block,2022-01-03,9383,33497.31,3.57,4.2,15.0,0,0,1.159
Northmart,SILKEN_BLOCK,ALPINE,Alpine Silken,Block,2022-01-10,10134,34050.24,3.36,4.2,20.0,0,0,1.155
Northmart,SILKEN_BLOCK,ALPINE,Alpine Silken,Block,2022-01-17,6091,25582.2,4.2,4.2,0.0,0,0,1.15
Northmart,SILKEN_BLOCK,ALPINE,Alpine Silken,Block,2022-01-24,10763,38423.91,3.57,4.2,15.0,0,0,1.142
Northmart,SILKEN_BLOCK,ALPINE,Alpine Silken,Block,2022-01-31,7042,29576.4,4.2,4.2,0.0,0,0,1.132
Northmart,SILKEN_BLOCK,ALPINE,Alpine Silken,Block,2022-02-07,7427,31193.4,4.2,4.2,0.0,0,0,1.12
Northmart,SILKEN_BLOCK,ALPINE,Alpine Silken,Block,2022-02-14,7931,33310.2,4.2,4.2,0.0,0,0,1.106
Northmart,SILKEN_BLOCK,ALPINE,Alpine Silken,Block,2022-02-21,7087,29765.4,4.2,4.2,0.0,0,0,1.091
Northmart,SILKEN_BLOCK,ALPINE,Alpine Silken,Block,2022-02-28,7095,29799.0,4.2,4.2,0.0,0,0,1.074
Northmart,SILKEN_BLOCK,ALPINE,Alpine Silken,Block,2022-03-07,14580,52050.6,3.57,4.2,15.0,0,1,1.057
Northmart,SILKEN_BLOCK,ALPINE,Alpine Silken,Block,2022-03-14,12480,36691.2,2.94,4.2,30.0,0,0,1.038
Northmart,SILKEN_BLOCK,ALPINE,Alpine Silken,Block,2022-03-21,7322,26139.54,3.57,4.2,15.0,0,0,1.019
Northmart,SILKEN_BLOCK,ALPINE,Alpine Silken,Block,2022-03-28,10761,38416.77,3.57,4.2,15.0,0,1,1.0
Northmart,SILKEN_BLOCK,ALPINE,Alpine Silken,Block,2022-04-04,6650,27930.0,4.2,4.2,0.0,0,0,1.081
Northmart,SILKEN_BLOCK,ALPINE,Alpine Silken,Block,2022-04-11,14339,51190.23,3.57,4.2,15.0,0,1,1.062
Northmart,SILKEN_BLOCK,ALPINE,Alpine Silken,Block,2022-04-18,5878,24687.6,4.2,4.2,0.0,0,0,1.043
Northmart,SILKEN_BLOCK,ALPINE,Alpine Silken,Block,2022-04-25,6002,25208.4,4.2,4.2,0.0,0,0,1.026
Northmart,SILKEN_BLOCK,ALPINE,Alpine Silken,Block,2022-05-02,5439,22843.8,4.2,4.2,0.0,0,0,0.909
Northmart,SILKEN_BLOCK,ALPINE,Alpine Silken,Block,2022-05-09,14868,40589.64,2.73,4.2,35.0,0,0,0.894
Northmart,SILKEN_BLOCK,ALPINE,Alpine Silken,Block,2022-05-16,4296,18043.2,4.2,4.2,0.0,0,0,0.88
Northmart,SILKEN_BLOCK,ALPINE,Alpine Silken,Block,2022-05-23,5671,23818.2,4.2,4.2,0.0,0,0,0.868
Northmart,SILKEN_BLOCK,ALPINE,Alpine Silken,Block,2022-05-30,4984,20932.8,4.2,4.2,0.0,0,0,0.858
Northmart,SILKEN_BLOCK,ALPINE,Alpine Silken,Block,2022-06-06,6030,25326.0,4.2,4.2,0.0,0,0,0.85
Northmart,SILKEN_BLOCK,ALPINE,Alpine Silken,Block,2022-06-13,6307,26489.4,4.2,4.2,0.0,0,0,0.845
Northmart,SILKEN_BLOCK,ALPINE,Alpine Silken,Block,2022-06-20,14735,40226.55,2.73,4.2,35.0,0,0,0.841
Northmart,SILKEN_BLOCK,ALPINE,Alpine Silken,Block,2022-06-27,5554,19827.78,3.57,4.2,15.0,0,0,0.84
Northmart,SILKEN_BLOCK,ALPINE,Alpine Silken,Block,2022-07-04,5423,22776.6,4.2,4.2,0.0,0,0,0.841
Northmart,SILKEN_BLOCK,ALPINE,Alpine Silken,Block,2022-07-11,5785,24297.0,4.2,4.2,0.0,0,0,0.845
Northmart,SILKEN_BLOCK,ALPINE,Alpine Silken,Block,2022-07-18,5244,22024.8,4.2,4.2,0.0,0,0,0.85
Northmart,SILKEN_BLOCK,ALPINE,Alpine Silken,Block,2022-07-25,21201,62330.94,2.94,4.2,30.0,1,0,0.858
Northmart,SILKEN_BLOCK,ALPINE,Alpine Silken,Block,2022-08-01,7395,24847.2,3.36,4.2,20.0,0,0,0.868
Northmart,SILKEN_BLOCK,ALPINE,Alpine Silken,Block,2022-08-08,12484,41946.24,3.36,4.2,20.0,1,0,0.88
Northmart,SILKEN_BLOCK,ALPINE,Alpine Silken,Block,2022-08-15,8567,26986.05,3.15,4.2,25.0,0,0,0.894
Northmart,SILKEN_BLOCK,ALPINE,Alpine Silken,Block,2022-08-22,3996,16783.2,4.2,4.2,0.0,0,0,0.909
Northmart,SILKEN_BLOCK,ALPINE,Alpine Silken,Block,2022-08-29,6945,29169.0,4.2,4.2,0.0,0,0,0.926
Northmart,SILKEN_BLOCK,ALPINE,Alpine Silken,Block,2022-09-05,6101,25624.2,4.2,4.2,0.0,0,0,0.943
Northmart,SILKEN_BLOCK,ALPINE,Alpine Silken,Block,2022-09-12,13473,50927.94,3.78,4.2,10.0,1,0,0.962
Northmart,SILKEN_BLOCK,ALPINE,Alpine Silken,Block,2022-09-19,5530,23226.0,4.2,4.2,0.0,0,0,0.981
Northmart,SILKEN_BLOCK,ALPINE,Alpine Silken,Block,2022-09-26,6769,28429.8,4.2,4.2,0.0,0,0,1.0
Northmart,SILKEN_BLOCK,ALPINE,Alpine Silken,Block,2022-10-03,7100,29820.0,4.2,4.2,0.0,0,0,1.019
Northmart,SILKEN_BLOCK,ALPINE,Alpine Silken,Block,2022-10-10,6915,29043.0,4.2,4.2,0.0,0,0,1.038
Northmart,SILKEN_BLOCK,ALPINE,Alpine Silken,Block,2022-10-17,15235,57588.3,3.78,4.2,10.0,1,0,1.057
Northmart,SILKEN_BLOCK,ALPINE,Alpine Silken,Block,2022-10-24,6639,27883.8,4.2,4.2,0.0,0,0,1.074
Northmart,SILKEN_BLOCK,ALPINE,Alpine Silken,Block,2022-10-31,7200,30240.0,4.2,4.2,0.0,0,0,1.091
Northmart,SILKEN_BLOCK,ALPINE,Alpine Silken,Block,2022-11-07,18876,51531.48,2.73,4.2,35.0,0,0,1.106
Northmart,SILKEN_BLOCK,ALPINE,Alpine Silken,Block,2022-11-14,5052,21218.4,4.2,4.2,0.0,0,0,1.12
Northmart,SILKEN_BLOCK,ALPINE,Alpine Silken,Block,2022-11-21,7302,30668.4,4.2,4.2,0.0,0,0,1.132
Northmart,SILKEN_BLOCK,ALPINE,Alpine Silken,Block,2022-11-28,20361,76964.58,3.78,4.2,10.0,1,1,1.142
Northmart,SILKEN_BLOCK,ALPINE,Alpine Silken,Block,2022-12-05,6435,27027.0,4.2,4.2,0.0,0,0,1.15
Northmart,SILKEN_BLOCK,ALPINE,Alpine Silken,Block,2022-12-12,7855,32991.0,4.2,4.2,0.0,0,0,1.155
Northmart,SILKEN_BLOCK,ALPINE,Alpine Silken,Block,2022-12-19,11847,42293.79,3.57,4.2,15.0,0,0,1.159
Northmart,SILKEN_BLOCK,ALPINE,Alpine Silken,Block,2022-12-26,6172,25922.4,4.2,4.2,0.0,0,0,1.16
Northmart,SILKEN_BLOCK,ALPINE,Alpine Silken,Block,2023-01-02,6991,29362.2,4.2,4.2,0.0,0,0,1.159
Northmart,SILKEN_BLOCK,ALPINE,Alpine Silken,Block,2023-01-09,14306,45063.9,3.15,4.2,25.0,0,0,1.155
Northmart,SILKEN_BLOCK,ALPINE,Alpine Silken,Block,2023-01-16,6059,25447.8,4.2,4.2,0.0,0,0,1.15
Northmart,SILKEN_BLOCK,ALPINE,Alpine Silken,Block,2023-01-23,7581,31840.2,4.2,4.2,0.0,0,0,1.142
Northmart,SILKEN_BLOCK,ALPINE,Alpine Silken,Block,2023-01-30,7607,31949.4,4.2,4.2,0.0,0,0,1.132
Northmart,SILKEN_BLOCK,ALPINE,Alpine Silken,Block,2023-02-06,7066,29677.2,4.2,4.2,0.0,0,0,1.12
Northmart,SILKEN_BLOCK,ALPINE,Alpine Silken,Block,2023-02-13,7049,29605.8,4.2,4.2,0.0,0,0,1.106
Northmart,SILKEN_BLOCK,ALPINE,Alpine Silken,Block,2023-02-20,11231,40094.67,3.57,4.2,15.0,0,0,1.091
Northmart,SILKEN_BLOCK,ALPINE,Alpine Silken,Block,2023-02-27,6266,26317.2,4.2,4.2,0.0,0,0,1.074
Northmart,SILKEN_BLOCK,ALPINE,Alpine Silken,Block,2023-03-06,7963,33444.6,4.2,4.2,0.0,0,0,1.057
Northmart,SILKEN_BLOCK,ALPINE,Alpine Silken,Block,2023-03-13,17772,59713.92,3.36,4.2,20.0,1,0,1.038
Northmart,SILKEN_BLOCK,ALPINE,Alpine Silken,Block,2023-03-20,11360,35784.0,3.15,4.2,25.0,0,0,1.019
Northmart,SILKEN_BLOCK,ALPINE,Alpine Silken,Block,2023-03-27,10022,35778.54,3.57,4.2,15.0,0,1,1.0
Northmart,SILKEN_BLOCK,ALPINE,Alpine Silken,Block,2023-04-03,5457,22919.4,4.2,4.2,0.0,0,0,1.081
Northmart,SILKEN_BLOCK,ALPINE,Alpine Silken,Block,2023-04-10,11250,40162.5,3.57,4.2,15.0,0,0,1.062
Northmart,SILKEN_BLOCK,ALPINE,Alpine Silken,Block,2023-04-17,6275,26355.0,4.2,4.2,0.0,0,0,1.043
Northmart,SILKEN_BLOCK,ALPINE,Alpine Silken,Block,2023-04-24,25150,73941.0,2.94,4.2,30.0,1,0,1.026
Northmart,SILKEN_BLOCK,ALPINE,Alpine Silken,Block,2023-05-01,3995,16779.0,4.2,4.2,0.0,0,0,0.909
Northmart,SILKEN_BLOCK,ALPINE,Alpine Silken,Block,2023-05-08,6290,26418.0,4.2,4.2,0.0,0,0,0.894
Northmart,SILKEN_BLOCK,ALPINE,Alpine Silken,Block,2023-05-15,6739,28303.8,4.2,4.2,0.0,0,0,0.88
Northmart,SILKEN_BLOCK,ALPINE,Alpine Silken,Block,2023-05-22,19838,54157.74,2.73,4.2,35.0,0,1,0.868
Northmart,SILKEN_BLOCK,ALPINE,Alpine Silken,Block,2023-05-29,3654,15346.8,4.2,4.2,0.0,0,0,0.858
Northmart,SILKEN_BLOCK,ALPINE,Alpine Silken,Block,2023-06-05,8244,29431.08,3.57,4.2,15.0,0,0,0.85
Northmart,SILKEN_BLOCK,ALPINE,Alpine Silken,Block,2023-06-12,5822,24452.4,4.2,4.2,0.0,0,0,0.845
Northmart,SILKEN_BLOCK,ALPINE,Alpine Silken,Block,2023-06-19,6532,27434.4,4.2,4.2,0.0,0,0,0.841
Northmart,SILKEN_BLOCK,ALPINE,Alpine Silken,Block,2023-06-26,5689,23893.8,4.2,4.2,0.0,0,0,0.84
Northmart,SILKEN_BLOCK,ALPINE,Alpine Silken,Block,2023-07-03,5625,23625.0,4.2,4.2,0.0,0,0,0.841
Northmart,SILKEN_BLOCK,ALPINE,Alpine Silken,Block,2023-07-10,6093,25590.6,4.2,4.2,0.0,0,0,0.845
Northmart,SILKEN_BLOCK,ALPINE,Alpine Silken,Block,2023-07-17,15657,42743.61,2.73,4.2,35.0,0,0,0.85
Northmart,SILKEN_BLOCK,ALPINE,Alpine Silken,Block,2023-07-24,20130,54954.9,2.73,4.2,35.0,1,0,0.858
Northmart,SILKEN_BLOCK,ALPINE,Alpine Silken,Block,2023-07-31,4095,17199.0,4.2,4.2,0.0,0,0,0.868
Northmart,SILKEN_BLOCK,ALPINE,Alpine Silken,Block,2023-08-07,6005,25221.0,4.2,4.2,0.0,0,0,0.88
Northmart,SILKEN_BLOCK,ALPINE,Alpine Silken,Block,2023-08-14,11602,36546.3,3.15,4.2,25.0,0,0,0.894
Northmart,SILKEN_BLOCK,ALPINE,Alpine Silken,Block,2023-08-21,14376,39246.48,2.73,4.2,35.0,0,0,0.909
Northmart,SILKEN_BLOCK,ALPINE,Alpine Silken,Block,2023-08-28,4356,18295.2,4.2,4.2,0.0,0,0,0.926
Northmart,SILKEN_BLOCK,ALPINE,Alpine Silken,Block,2023-09-04,10352,36956.64,3.57,4.2,15.0,0,0,0.943
Northmart,SILKEN_BLOCK,ALPINE,Alpine Silken,Block,2023-09-11,5530,23226.0,4.2,4.2,0.0,0,0,0.962
Northmart,SILKEN_BLOCK,ALPINE,Alpine Silken,Block,2023-09-18,6149,25825.8,4.2,4.2,0.0,0,0,0.981
Northmart,SILKEN_BLOCK,ALPINE,Alpine Silken,Block,2023-09-25,6035,25347.0,4.2,4.2,0.0,0,0,1.0
Northmart,SILKEN_BLOCK,ALPINE,Alpine Silken,Block,2023-10-02,10900,36624.0,3.36,4.2,20.0,0,0,1.019
Northmart,SILKEN_BLOCK,ALPINE,Alpine Silken,Block,2023-10-09,5792,24326.4,4.2,4.2,0.0,0,0,1.038
Northmart,SILKEN_BLOCK,ALPINE,Alpine Silken,Block,2023-10-16,7166,30097.2,4.2,4.2,0.0,0,0,1.057
Northmart,SILKEN_BLOCK,ALPINE,Alpine Silken,Block,2023-10-23,9662,36522.36,3.78,4.2,10.0,0,0,1.074
Northmart,SILKEN_BLOCK,ALPINE,Alpine Silken,Block,2023-10-30,6721,28228.2,4.2,4.2,0.0,0,0,1.091
Northmart,SILKEN_BLOCK,ALPINE,Alpine Silken,Block,2023-11-06,7943,33360.6,4.2,4.2,0.0,0,0,1.106
Northmart,SILKEN_BLOCK,ALPINE,Alpine Silken,Block,2023-11-13,7164,30088.8,4.2,4.2,0.0,0,0,1.12
Northmart,SILKEN_BLOCK,ALPINE,Alpine Silken,Block,2023-11-20,7479,31411.8,4.2,4.2,0.0,0,0,1.132
Northmart,SILKEN_BLOCK,ALPINE,Alpine Silken,Block,2023-11-27,9088,38169.6,4.2,4.2,0.0,0,0,1.142
Northmart,SILKEN_BLOCK,ALPINE,Alpine Silken,Block,2023-12-04,26945,96193.65,3.57,4.2,15.0,1,1,1.15
Northmart,SILKEN_BLOCK,ALPINE,Alpine Silken,Block,2023-12-11,16022,47104.68,2.94,4.2,30.0,0,0,1.155
Northmart,SILKEN_BLOCK,ALPINE,Alpine Silken,Block,2023-12-18,8513,32179.14,3.78,4.2,10.0,0,0,1.159
Northmart,SILKEN_BLOCK,ALPINE,Alpine Silken,Block,2023-12-25,16042,47163.48,2.94,4.2,30.0,0,0,1.16
