retailer,promo_group,retailer_pg,week_ending,units,base_units,incr_units,eff_price,eff_catalogue,eff_display,eff_pantry,eff_competition,avg_price,base_price,tpr_discount,catalogue,display
Freshway,BITES_BUTTONS_POUCH,Freshway|BITES_BUTTONS_POUCH,2021-01-04,7252,7092.3,0.0,0.0,0.0,0.0,0.0,0.0,5.0,5.0,0.0,0,0
Freshway,BITES_BUTTONS_POUCH,Freshway|BITES_BUTTONS_POUCH,2021-01-11,6865,7073.8,0.0,0.0,0.0,0.0,0.0,0.0,5.0,5.0,0.0,0,0
Freshway,BITES_BUTTONS_POUCH,Freshway|BITES_BUTTONS_POUCH,2021-01-18,7504,7049.5,0.0,0.0,0.0,0.0,0.0,0.0,5.0,5.0,0.0,0,0
Freshway,BITES_BUTTONS_POUCH,Freshway|BITES_BUTTONS_POUCH,2021-01-25,7904,7007.3,0.0,0.0,0.0,0.0,0.0,0.0,5.0,5.0,0.0,0,0
Freshway,BITES_BUTTONS_POUCH,Freshway|BITES_BUTTONS_POUCH,2021-02-01,7411,6953.1,-326.5,0.0,0.0,0.0,0.0,-326.5,5.0,5.0,0.0,0,0
Freshway,BITES_BUTTONS_POUCH,Freshway|BITES_BUTTONS_POUCH,2021-02-08,6150,6887.0,0.0,0.0,0.0,0.0,0.0,0.0,5.0,5.0,0.0,0,0
Freshway,BITES_BUTTONS_POUCH,Freshway|BITES_BUTTONS_POUCH,2021-02-15,7132,6808.9,0.0,0.0,0.0,0.0,0.0,0.0,5.0,5.0,0.0,0,0
Freshway,BITES_BUTTONS_POUCH,Freshway|BITES_BUTTONS_POUCH,2021-02-22,16029,6724.7,8746.6,1497.2,7249.4,0.0,0.0,0.0,4.5,5.0,10.0,1,0
Freshway,BITES_BUTTONS_POUCH,Freshway|BITES_BUTTONS_POUCH,2021-03-01,5697,6628.3,-599.4,0.0,0.0,0.0,-599.4,0.0,5.0,5.0,0.0,0,0
Freshway,BITES_BUTTONS_POUCH,Freshway|BITES_BUTTONS_POUCH,2021-03-08,5808,6531.8,0.0,0.0,0.0,0.0,0.0,0.0,5.0,5.0,0.0,0,0
Freshway,BITES_BUTTONS_POUCH,Freshway|BITES_BUTTONS_POUCH,2021-03-15,9149,6423.1,3576.0,4697.0,0.0,0.0,0.0,-1121.0,3.75,5.0,25.0,0,0
Freshway,BITES_BUTTONS_POUCH,Freshway|BITES_BUTTONS_POUCH,2021-03-22,4599,6314.2,-1332.2,0.0,0.0,0.0,-1332.2,0.0,5.0,5.0,0.0,0,0
Freshway,BITES_BUTTONS_POUCH,Freshway|BITES_BUTTONS_POUCH,2021-03-29,8714,6205.1,2255.6,2255.6,0.0,0.0,0.0,0.0,4.25,5.0,15.0,0,0
Freshway,BITES_BUTTONS_POUCH,Freshway|BITES_BUTTONS_POUCH,2021-04-05,16731,6694.7,10032.7,3552.8,9035.6,0.0,-2555.8,0.0,4.0,5.0,20.0,1,0
Freshway,BITES_BUTTONS_POUCH,Freshway|BITES_BUTTONS_POUCH,2021-04-12,5455,6585.9,-1137.3,0.0,0.0,0.0,-1137.3,0.0,5.0,5.0,0.0,0,0
Freshway,BITES_BUTTONS_POUCH,Freshway|BITES_BUTTONS_POUCH,2021-04-19,6299,6476.9,0.0,0.0,0.0,0.0,0.0,0.0,5.0,5.0,0.0,0,0
Freshway,BITES_BUTTONS_POUCH,Freshway|BITES_BUTTONS_POUCH,2021-04-26,5287,6379.6,-766.0,0.0,0.0,0.0,0.0,-766.0,5.0,5.0,0.0,0,0
Freshway,BITES_BUTTONS_POUCH,Freshway|BITES_BUTTONS_POUCH,2021-05-03,6064,5679.8,0.0,0.0,0.0,0.0,0.0,0.0,5.0,5.0,0.0,0,0
Freshway,BITES_BUTTONS_POUCH,Freshway|BITES_BUTTONS_POUCH,2021-05-10,5534,5593.4,0.0,0.0,0.0,0.0,0.0,0.0,5.0,5.0,0.0,0,0
Freshway,BITES_BUTTONS_POUCH,Freshway|BITES_BUTTONS_POUCH,2021-05-17,27637,5512.9,23530.1,5374.1,9599.3,11812.7,0.0,-3256.0,3.5,5.0,30.0,1,1
Freshway,BITES_BUTTONS_POUCH,Freshway|BITES_BUTTONS_POUCH,2021-05-24,4265,5444.3,-1347.5,0.0,0.0,0.0,-1347.5,0.0,5.0,5.0,0.0,0,0
Freshway,BITES_BUTTONS_POUCH,Freshway|BITES_BUTTONS_POUCH,2021-05-31,11994,5387.7,5252.0,5252.0,0.0,0.0,0.0,0.0,3.5,5.0,30.0,0,0
Freshway,BITES_BUTTONS_POUCH,Freshway|BITES_BUTTONS_POUCH,2021-06-07,4230,5343.1,-1322.5,0.0,0.0,0.0,-1322.5,0.0,5.0,5.0,0.0,0,0
Freshway,BITES_BUTTONS_POUCH,Freshway|BITES_BUTTONS_POUCH,2021-06-14,6207,5316.7,0.0,0.0,0.0,0.0,0.0,0.0,5.0,5.0,0.0,0,0
Freshway,BITES_BUTTONS_POUCH,Freshway|BITES_BUTTONS_POUCH,2021-06-21,4653,5296.3,0.0,0.0,0.0,0.0,0.0,0.0,5.0,5.0,0.0,0,0
Freshway,BITES_BUTTONS_POUCH,Freshway|BITES_BUTTONS_POUCH,2021-06-28,6286,5294.1,1460.2,1924.4,0.0,0.0,0.0,-464.3,4.25,5.0,15.0,0,0
Freshway,BITES_BUTTONS_POUCH,Freshway|BITES_BUTTONS_POUCH,2021-07-05,4294,5304.1,-703.0,0.0,0.0,0.0,-703.0,0.0,5.0,5.0,0.0,0,0
Freshway,BITES_BUTTONS_POUCH,Freshway|BITES_BUTTONS_POUCH,2021-07-12,5959,5332.4,0.0,0.0,0.0,0.0,0.0,0.0,5.0,5.0,0.0,0,0
Freshway,BITES_BUTTONS_POUCH,Freshway|BITES_BUTTONS_POUCH,2021-07-19,8000,5366.8,2848.1,2848.1,0.0,0.0,0.0,0.0,4.0,5.0,20.0,0,0
Freshway,BITES_BUTTONS_POUCH,Freshway|BITES_BUTTONS_POUCH,2021-07-26,4186,5419.6,-1387.9,0.0,0.0,0.0,-935.9,-452.0,5.0,5.0,0.0,0,0
Freshway,BITES_BUTTONS_POUCH,Freshway|BITES_BUTTONS_POUCH,2021-08-02,5757,5484.6,0.0,0.0,0.0,0.0,0.0,0.0,5.0,5.0,0.0,0,0
Freshway,BITES_BUTTONS_POUCH,Freshway|BITES_BUTTONS_POUCH,2021-08-09,7851,5561.9,1787.4,2021.8,0.0,0.0,0.0,-234.3,4.25,5.0,15.0,0,0
Freshway,BITES_BUTTONS_POUCH,Freshway|BITES_BUTTONS_POUCH,2021-08-16,3627,5651.5,-1337.7,0.0,0.0,0.0,-749.0,-588.7,5.0,5.0,0.0,0,0
Freshway,BITES_BUTTONS_POUCH,Freshway|BITES_BUTTONS_POUCH,2021-08-23,6176,5747.3,0.0,0.0,0.0,0.0,0.0,0.0,5.0,5.0,0.0,0,0
Freshway,BITES_BUTTONS_POUCH,Freshway|BITES_BUTTONS_POUCH,2021-08-30,6020,5855.4,0.0,0.0,0.0,0.0,0.0,0.0,5.0,5.0,0.0,0,0
Freshway,BITES_BUTTONS_POUCH,Freshway|BITES_BUTTONS_POUCH,2021-09-06,22128,5963.6,13464.3,4360.9,9103.4,0.0,0.0,0.0,3.75,5.0,25.0,1,0
Freshway,BITES_BUTTONS_POUCH,Freshway|BITES_BUTTONS_POUCH,2021-09-13,5129,6084.0,-1283.7,0.0,0.0,0.0,-1283.7,0.0,5.0,5.0,0.0,0,0
Freshway,BITES_BUTTONS_POUCH,Freshway|BITES_BUTTONS_POUCH,2021-09-20,12906,6204.6,5789.0,2255.4,0.0,4878.2,0.0,-1344.6,4.25,5.0,15.0,0,1
Freshway,BITES_BUTTONS_POUCH,Freshway|BITES_BUTTONS_POUCH,2021-09-27,20680,6325.3,14064.6,6166.0,11014.0,0.0,-3115.4,0.0,3.5,5.0,30.0,1,0
Freshway,BITES_BUTTONS_POUCH,Freshway|BITES_BUTTONS_POUCH,2021-10-04,5193,6446.1,-1823.3,0.0,0.0,0.0,-1595.5,-227.8,5.0,5.0,0.0,0,0
Freshway,BITES_BUTTONS_POUCH,Freshway|BITES_BUTTONS_POUCH,2021-10-11,11621,6566.9,6091.7,1462.0,0.0,4629.6,0.0,0.0,4.5,5.0,10.0,0,1
Freshway,BITES_BUTTONS_POUCH,Freshway|BITES_BUTTONS_POUCH,2021-10-18,6159,6687.9,-604.8,0.0,0.0,0.0,-604.8,0.0,5.0,5.0,0.0,0,0
Freshway,BITES_BUTTONS_POUCH,Freshway|BITES_BUTTONS_POUCH,2021-10-25,5375,6796.8,0.0,0.0,0.0,0.0,0.0,0.0,5.0,5.0,0.0,0,0
Freshway,BITES_BUTTONS_POUCH,Freshway|BITES_BUTTONS_POUCH,2021-11-01,6893,6905.7,0.0,0.0,0.0,0.0,0.0,0.0,5.0,5.0,0.0,0,0
Freshway,BITES_BUTTONS_POUCH,Freshway|BITES_BUTTONS_POUCH,2021-11-08,7213,7002.6,0.0,0.0,0.0,0.0,0.0,0.0,5.0,5.0,0.0,0,0
Freshway,BITES_BUTTONS_POUCH,Freshway|BITES_BUTTONS_POUCH,2021-11-15,11699,7093.4,3254.5,3764.4,0.0,0.0,0.0,-509.9,4.0,5.0,20.0,0,0
Freshway,BITES_BUTTONS_POUCH,Freshway|BITES_BUTTONS_POUCH,2021-11-22,7912,7172.0,918.3,2607.1,0.0,0.0,-1688.8,0.0,4.25,5.0,15.0,0,0
Freshway,BITES_BUTTONS_POUCH,Freshway|BITES_BUTTONS_POUCH,2021-11-29,5466,7238.6,-959.4,0.0,0.0,0.0,-959.4,0.0,5.0,5.0,0.0,0,0
Freshway,BITES_BUTTONS_POUCH,Freshway|BITES_BUTTONS_POUCH,2021-12-06,6768,7292.9,0.0,0.0,0.0,0.0,0.0,0.0,5.0,5.0,0.0,0,0
Freshway,BITES_BUTTONS_POUCH,Freshway|BITES_BUTTONS_POUCH,2021-12-13,7499,7328.9,0.0,0.0,0.0,0.0,0.0,0.0,5.0,5.0,0.0,0,0
Freshway,BITES_BUTTONS_POUCH,Freshway|BITES_BUTTONS_POUCH,2021-12-20,6558,7358.9,0.0,0.0,0.0,0.0,0.0,0.0,5.0,5.0,0.0,0,0
Freshway,BITES_BUTTONS_POUCH,Freshway|BITES_BUTTONS_POUCH,2021-12-27,8556,7370.4,0.0,0.0,0.0,0.0,0.0,0.0,5.0,5.0,0.0,0,0
Freshway,BITES_BUTTONS_POUCH,Freshway|BITES_BUTTONS_POUCH,2022-01-03,6560,7369.7,-884.9,0.0,0.0,0.0,0.0,-884.9,5.0,5.0,0.0,0,0
Freshway,BITES_BUTTONS_POUCH,Freshway|BITES_BUTTONS_POUCH,2022-01-10,7912,7350.6,0.0,0.0,0.0,0.0,0.0,0.0,5.0,5.0,0.0,0,0
Freshway,BITES_BUTTONS_POUCH,Freshway|BITES_BUTTONS_POUCH,2022-01-17,5493,7325.3,-604.1,0.0,0.0,0.0,0.0,-604.1,5.0,5.0,0.0,0,0
Freshway,BITES_BUTTONS_POUCH,Freshway|BITES_BUTTONS_POUCH,2022-01-24,7096,7281.4,0.0,0.0,0.0,0.0,0.0,0.0,5.0,5.0,0.0,0,0
Freshway,BITES_BUTTONS_POUCH,Freshway|BITES_BUTTONS_POUCH,2022-01-31,6770,7225.2,-867.6,0.0,0.0,0.0,0.0,-867.6,5.0,5.0,0.0,0,0
Freshway,BITES_BUTTONS_POUCH,Freshway|BITES_BUTTONS_POUCH,2022-02-07,7070,7156.5,-590.2,0.0,0.0,0.0,0.0,-590.2,5.0,5.0,0.0,0,0
Freshway,BITES_BUTTONS_POUCH,Freshway|BITES_BUTTONS_POUCH,2022-02-14,8400,7075.3,0.0,0.0,0.0,0.0,0.0,0.0,5.0,5.0,0.0,0,0
Freshway,BITES_BUTTONS_POUCH,Freshway|BITES_BUTTONS_POUCH,2022-02-21,7604,6987.8,0.0,0.0,0.0,0.0,0.0,0.0,5.0,5.0,0.0,0,0
Freshway,BITES_BUTTONS_POUCH,Freshway|BITES_BUTTONS_POUCH,2022-02-28,7569,6887.7,0.0,0.0,0.0,0.0,0.0,0.0,5.0,5.0,0.0,0,0
Freshway,BITES_BUTTONS_POUCH,Freshway|BITES_BUTTONS_POUCH,2022-03-07,16062,6787.4,8828.1,1511.1,7317.0,0.0,0.0,0.0,4.5,5.0,10.0,1,0
Freshway,BITES_BUTTONS_POUCH,Freshway|BITES_BUTTONS_POUCH,2022-03-14,10913,6674.4,7135.0,8508.1,0.0,0.0,-1373.0,0.0,3.25,5.0,35.0,0,0
Freshway,BITES_BUTTONS_POUCH,Freshway|BITES_BUTTONS_POUCH,2022-03-21,4377,6561.3,-1852.5,0.0,0.0,0.0,-1852.5,0.0,5.0,5.0,0.0,0,0
Freshway,BITES_BUTTONS_POUCH,Freshway|BITES_BUTTONS_POUCH,2022-03-28,6917,6447.8,0.0,0.0,0.0,0.0,0.0,0.0,5.0,5.0,0.0,0,0
Freshway,BITES_BUTTONS_POUCH,Freshway|BITES_BUTTONS_POUCH,2022-04-04,6447,6956.6,-447.4,0.0,0.0,0.0,0.0,-447.4,5.0,5.0,0.0,0,0
Freshway,BITES_BUTTONS_POUCH,Freshway|BITES_BUTTONS_POUCH,2022-04-11,6273,6843.6,0.0,0.0,0.0,0.0,0.0,0.0,5.0,5.0,0.0,0,0
Freshway,BITES_BUTTONS_POUCH,Freshway|BITES_BUTTONS_POUCH,2022-04-18,31108,6730.3,27838.0,4921.6,10273.8,12642.7,0.0,0.0,3.75,5.0,25.0,1,1
Freshway,BITES_BUTTONS_POUCH,Freshway|BITES_BUTTONS_POUCH,2022-04-25,4996,6629.2,-1398.7,0.0,0.0,0.0,-1398.7,0.0,5.0,5.0,0.0,0,0
Freshway,BITES_BUTTONS_POUCH,Freshway|BITES_BUTTONS_POUCH,2022-05-02,21267,5902.0,12474.1,5753.4,0.0,6720.7,0.0,0.0,3.5,5.0,30.0,0,1
Freshway,BITES_BUTTONS_POUCH,Freshway|BITES_BUTTONS_POUCH,2022-05-09,3998,5812.2,-1438.6,0.0,0.0,0.0,-1438.6,0.0,5.0,5.0,0.0,0,0
Freshway,BITES_BUTTONS_POUCH,Freshway|BITES_BUTTONS_POUCH,2022-05-16,4719,5728.6,-269.0,0.0,0.0,0.0,0.0,-269.0,5.0,5.0,0.0,0,0
Freshway,BITES_BUTTONS_POUCH,Freshway|BITES_BUTTONS_POUCH,2022-05-23,5621,5657.3,0.0,0.0,0.0,0.0,0.0,0.0,5.0,5.0,0.0,0,0
Freshway,BITES_BUTTONS_POUCH,Freshway|BITES_BUTTONS_POUCH,2022-05-30,6837,5598.5,1246.4,1246.4,0.0,0.0,0.0,0.0,4.5,5.0,10.0,0,0
Freshway,BITES_BUTTONS_POUCH,Freshway|BITES_BUTTONS_POUCH,2022-06-06,4862,5552.1,-502.1,0.0,0.0,0.0,-502.1,0.0,5.0,5.0,0.0,0,0
Freshway,BITES_BUTTONS_POUCH,Freshway|BITES_BUTTONS_POUCH,2022-06-13,3965,5524.7,-455.6,0.0,0.0,0.0,0.0,-455.6,5.0,5.0,0.0,0,0
Freshway,BITES_BUTTONS_POUCH,Freshway|BITES_BUTTONS_POUCH,2022-06-20,20871,5503.5,14459.2,1225.3,5932.9,7300.9,0.0,0.0,4.5,5.0,10.0,1,1
Freshway,BITES_BUTTONS_POUCH,Freshway|BITES_BUTTONS_POUCH,2022-06-27,4934,5501.2,-497.5,0.0,0.0,0.0,-497.5,0.0,5.0,5.0,0.0,0,0
Freshway,BITES_BUTTONS_POUCH,Freshway|BITES_BUTTONS_POUCH,2022-07-04,5596,5511.6,0.0,0.0,0.0,0.0,0.0,0.0,5.0,5.0,0.0,0,0
Freshway,BITES_BUTTONS_POUCH,Freshway|BITES_BUTTONS_POUCH,2022-07-11,5582,5541.0,0.0,0.0,0.0,0.0,0.0,0.0,5.0,5.0,0.0,0,0
Freshway,BITES_BUTTONS_POUCH,Freshway|BITES_BUTTONS_POUCH,2022-07-18,5396,5576.8,0.0,0.0,0.0,0.0,0.0,0.0,5.0,5.0,0.0,0,0
Freshway,BITES_BUTTONS_POUCH,Freshway|BITES_BUTTONS_POUCH,2022-07-25,4832,5631.6,-362.2,0.0,0.0,0.0,0.0,-362.2,5.0,5.0,0.0,0,0
Freshway,BITES_BUTTONS_POUCH,Freshway|BITES_BUTTONS_POUCH,2022-08-01,9214,5699.2,4167.6,4167.6,0.0,0.0,0.0,0.0,3.75,5.0,25.0,0,0
Freshway,BITES_BUTTONS_POUCH,Freshway|BITES_BUTTONS_POUCH,2022-08-08,4538,5779.5,-1360.3,0.0,0.0,0.0,-1219.4,-140.9,5.0,5.0,0.0,0,0
Freshway,BITES_BUTTONS_POUCH,Freshway|BITES_BUTTONS_POUCH,2022-08-15,6059,5872.6,0.0,0.0,0.0,0.0,0.0,0.0,5.0,5.0,0.0,0,0
Freshway,BITES_BUTTONS_POUCH,Freshway|BITES_BUTTONS_POUCH,2022-08-22,14916,5972.1,7612.9,7612.9,0.0,0.0,0.0,0.0,3.25,5.0,35.0,0,0
Freshway,BITES_BUTTONS_POUCH,Freshway|BITES_BUTTONS_POUCH,2022-08-29,4441,6084.5,-1717.9,0.0,0.0,0.0,-1717.9,0.0,5.0,5.0,0.0,0,0
Freshway,BITES_BUTTONS_POUCH,Freshway|BITES_BUTTONS_POUCH,2022-09-05,6494,6196.9,0.0,0.0,0.0,0.0,0.0,0.0,5.0,5.0,0.0,0,0
Freshway,BITES_BUTTONS_POUCH,Freshway|BITES_BUTTONS_POUCH,2022-09-12,6127,6322.1,0.0,0.0,0.0,0.0,0.0,0.0,5.0,5.0,0.0,0,0
Freshway,BITES_BUTTONS_POUCH,Freshway|BITES_BUTTONS_POUCH,2022-09-19,14009,6447.3,7529.9,8218.6,0.0,0.0,0.0,-688.7,3.25,5.0,35.0,0,0
Freshway,BITES_BUTTONS_POUCH,Freshway|BITES_BUTTONS_POUCH,2022-09-26,15010,6572.7,8113.7,6407.2,0.0,7484.5,-5778.0,0.0,3.5,5.0,30.0,0,1
Freshway,BITES_BUTTONS_POUCH,Freshway|BITES_BUTTONS_POUCH,2022-10-03,6257,6698.2,-1657.9,0.0,0.0,0.0,-1657.9,0.0,5.0,5.0,0.0,0,0
Freshway,BITES_BUTTONS_POUCH,Freshway|BITES_BUTTONS_POUCH,2022-10-10,6505,6823.8,-438.9,0.0,0.0,0.0,0.0,-438.9,5.0,5.0,0.0,0,0
Freshway,BITES_BUTTONS_POUCH,Freshway|BITES_BUTTONS_POUCH,2022-10-17,6433,6949.6,0.0,0.0,0.0,0.0,0.0,0.0,5.0,5.0,0.0,0,0
Freshway,BITES_BUTTONS_POUCH,Freshway|BITES_BUTTONS_POUCH,2022-10-24,13496,7062.7,6884.8,6884.8,0.0,0.0,0.0,0.0,3.5,5.0,30.0,0,0
Freshway,BITES_BUTTONS_POUCH,Freshway|BITES_BUTTONS_POUCH,2022-10-31,5159,7175.9,-1776.1,0.0,0.0,0.0,-1776.1,0.0,5.0,5.0,0.0,0,0
Freshway,BITES_BUTTONS_POUCH,Freshway|BITES_BUTTONS_POUCH,2022-11-07,27136,7276.5,23870.1,9275.6,14594.5,0.0,0.0,0.0,3.25,5.0,35.0,1,0
Freshway,BITES_BUTTONS_POUCH,Freshway|BITES_BUTTONS_POUCH,2022-11-14,5601,7370.9,-2081.1,0.0,0.0,0.0,-2081.1,0.0,5.0,5.0,0.0,0,0
Freshway,BITES_BUTTONS_POUCH,Freshway|BITES_BUTTONS_POUCH,2022-11-21,12574,7452.6,5449.8,5449.8,0.0,0.0,0.0,0.0,3.75,5.0,25.0,0,0
Freshway,BITES_BUTTONS_POUCH,Freshway|BITES_BUTTONS_POUCH,2022-11-28,6063,7521.7,-1587.0,0.0,0.0,0.0,-1587.0,0.0,5.0,5.0,0.0,0,0
Freshway,BITES_BUTTONS_POUCH,Freshway|BITES_BUTTONS_POUCH,2022-12-05,8622,7578.2,-763.9,0.0,0.0,0.0,0.0,-763.9,5.0,5.0,0.0,0,0
Freshway,BITES_BUTTONS_POUCH,Freshway|BITES_BUTTONS_POUCH,2022-12-12,7130,7615.6,-357.6,0.0,0.0,0.0,0.0,-357.6,5.0,5.0,0.0,0,0
Freshway,BITES_BUTTONS_POUCH,Freshway|BITES_BUTTONS_POUCH,2022-12-19,25685,7646.8,17264.6,5591.8,11672.8,0.0,0.0,0.0,3.75,5.0,25.0,1,0
Freshway,BITES_BUTTONS_POUCH,Freshway|BITES_BUTTONS_POUCH,2022-12-26,10615,7658.8,2803.0,5600.6,0.0,0.0,-2797.6,0.0,3.75,5.0,25.0,0,0
Freshway,BITES_BUTTONS_POUCH,Freshway|BITES_BUTTONS_POUCH,2023-01-02,10111,7658.0,2311.5,5600.0,0.0,0.0,-2797.3,-491.2,3.75,5.0,25.0,0,0
Freshway,BITES_BUTTONS_POUCH,Freshway|BITES_BUTTONS_POUCH,2023-01-09,6253,7638.2,-1611.6,0.0,0.0,0.0,-1611.6,0.0,5.0,5.0,0.0,0,0
Freshway,BITES_BUTTONS_POUCH,Freshway|BITES_BUTTONS_POUCH,2023-01-16,7250,7611.8,0.0,0.0,0.0,0.0,0.0,0.0,5.0,5.0,0.0,0,0
Freshway,BITES_BUTTONS_POUCH,Freshway|BITES_BUTTONS_POUCH,2023-01-23,28684,7566.3,20550.6,7375.7,13174.8,0.0,0.0,0.0,3.5,5.0,30.0,1,0
Freshway,BITES_BUTTONS_POUCH,Freshway|BITES_BUTTONS_POUCH,2023-01-30,4490,7507.8,-1858.3,0.0,0.0,0.0,-1858.3,0.0,5.0,5.0,0.0,0,0
Freshway,BITES_BUTTONS_POUCH,Freshway|BITES_BUTTONS_POUCH,2023-02-06,6911,7436.4,0.0,0.0,0.0,0.0,0.0,0.0,5.0,5.0,0.0,0,0
Freshway,BITES_BUTTONS_POUCH,Freshway|BITES_BUTTONS_POUCH,2023-02-13,16956,7352.1,10390.8,3901.7,0.0,6489.1,0.0,0.0,4.0,5.0,20.0,0,1
Freshway,BITES_BUTTONS_POUCH,Freshway|BITES_BUTTONS_POUCH,2023-02-20,9441,7261.1,2281.2,5309.8,0.0,0.0,-2170.9,-857.6,3.75,5.0,25.0,0,0
Freshway,BITES_BUTTONS_POUCH,Freshway|BITES_BUTTONS_POUCH,2023-02-27,17240,7157.1,9108.4,3798.2,9659.7,0.0,-4349.5,0.0,4.0,5.0,20.0,1,0
Freshway,BITES_BUTTONS_POUCH,Freshway|BITES_BUTTONS_POUCH,2023-03-06,5336,7052.9,-1218.0,0.0,0.0,0.0,-1218.0,0.0,5.0,5.0,0.0,0,0
Freshway,BITES_BUTTONS_POUCH,Freshway|BITES_BUTTONS_POUCH,2023-03-13,10424,6935.5,3680.6,3680.6,0.0,0.0,0.0,0.0,4.0,5.0,20.0,0,0
Freshway,BITES_BUTTONS_POUCH,Freshway|BITES_BUTTONS_POUCH,2023-03-20,6105,6817.9,-1177.4,0.0,0.0,0.0,-1177.4,0.0,5.0,5.0,0.0,0,0
Freshway,BITES_BUTTONS_POUCH,Freshway|BITES_BUTTONS_POUCH,2023-03-27,14285,6700.1,6531.4,6531.4,0.0,0.0,0.0,0.0,3.5,5.0,30.0,0,0
Freshway,BITES_BUTTONS_POUCH,Freshway|BITES_BUTTONS_POUCH,2023-04-03,6033,7228.8,-1789.2,0.0,0.0,0.0,-1789.2,0.0,5.0,5.0,0.0,0,0
Freshway,BITES_BUTTONS_POUCH,Freshway|BITES_BUTTONS_POUCH,2023-04-10,6598,7111.3,0.0,0.0,0.0,0.0,0.0,0.0,5.0,5.0,0.0,0,0
Freshway,BITES_BUTTONS_POUCH,Freshway|BITES_BUTTONS_POUCH,2023-04-17,6391,6993.6,0.0,0.0,0.0,0.0,0.0,0.0,5.0,5.0,0.0,0,0
Freshway,BITES_BUTTONS_POUCH,Freshway|BITES_BUTTONS_POUCH,2023-04-24,5463,6888.5,-694.4,0.0,0.0,0.0,0.0,-694.4,5.0,5.0,0.0,0,0
Freshway,BITES_BUTTONS_POUCH,Freshway|BITES_BUTTONS_POUCH,2023-05-01,6449,6132.9,-736.4,0.0,0.0,0.0,0.0,-736.4,5.0,5.0,0.0,0,0
Freshway,BITES_BUTTONS_POUCH,Freshway|BITES_BUTTONS_POUCH,2023-05-08,6936,6039.6,0.0,0.0,0.0,0.0,0.0,0.0,5.0,5.0,0.0,0,0
Freshway,BITES_BUTTONS_POUCH,Freshway|BITES_BUTTONS_POUCH,2023-05-15,5985,5952.7,0.0,0.0,0.0,0.0,0.0,0.0,5.0,5.0,0.0,0,0
Freshway,BITES_BUTTONS_POUCH,Freshway|BITES_BUTTONS_POUCH,2023-05-22,5861,5878.6,-484.8,0.0,0.0,0.0,0.0,-484.8,5.0,5.0,0.0,0,0
Freshway,BITES_BUTTONS_POUCH,Freshway|BITES_BUTTONS_POUCH,2023-05-29,6177,5817.5,0.0,0.0,0.0,0.0,0.0,0.0,5.0,5.0,0.0,0,0
Freshway,BITES_BUTTONS_POUCH,Freshway|BITES_BUTTONS_POUCH,2023-06-05,5687,5769.3,0.0,0.0,0.0,0.0,0.0,0.0,5.0,5.0,0.0,0,0
Freshway,BITES_BUTTONS_POUCH,Freshway|BITES_BUTTONS_POUCH,2023-06-12,12202,5740.8,7318.0,7318.0,0.0,0.0,0.0,0.0,3.25,5.0,35.0,0,0
Freshway,BITES_BUTTONS_POUCH,Freshway|BITES_BUTTONS_POUCH,2023-06-19,4267,5718.8,-1614.7,0.0,0.0,0.0,-1614.7,0.0,5.0,5.0,0.0,0,0
Freshway,BITES_BUTTONS_POUCH,Freshway|BITES_BUTTONS_POUCH,2023-06-26,12922,5716.4,7286.9,7286.9,0.0,0.0,0.0,0.0,3.25,5.0,35.0,0,0
Freshway,BITES_BUTTONS_POUCH,Freshway|BITES_BUTTONS_POUCH,2023-07-03,3948,5727.2,-1617.0,0.0,0.0,0.0,-1617.0,0.0,5.0,5.0,0.0,0,0
Freshway,BITES_BUTTONS_POUCH,Freshway|BITES_BUTTONS_POUCH,2023-07-10,4809,5757.8,0.0,0.0,0.0,0.0,0.0,0.0,5.0,5.0,0.0,0,0
Freshway,BITES_BUTTONS_POUCH,Freshway|BITES_BUTTONS_POUCH,2023-07-17,5788,5794.9,0.0,0.0,0.0,0.0,0.0,0.0,5.0,5.0,0.0,0,0
Freshway,BITES_BUTTONS_POUCH,Freshway|BITES_BUTTONS_POUCH,2023-07-24,5262,5851.9,-482.6,0.0,0.0,0.0,0.0,-482.6,5.0,5.0,0.0,0,0
Freshway,BITES_BUTTONS_POUCH,Freshway|BITES_BUTTONS_POUCH,2023-07-31,5503,5922.1,-488.4,0.0,0.0,0.0,0.0,-488.4,5.0,5.0,0.0,0,0
Freshway,BITES_BUTTONS_POUCH,Freshway|BITES_BUTTONS_POUCH,2023-08-07,4910,6005.6,0.0,0.0,0.0,0.0,0.0,0.0,5.0,5.0,0.0,0,0
Freshway,BITES_BUTTONS_POUCH,Freshway|BITES_BUTTONS_POUCH,2023-08-14,7185,6102.4,0.0,0.0,0.0,0.0,0.0,0.0,5.0,5.0,0.0,0,0
Freshway,BITES_BUTTONS_POUCH,Freshway|BITES_BUTTONS_POUCH,2023-08-21,5883,6205.8,0.0,0.0,0.0,0.0,0.0,0.0,5.0,5.0,0.0,0,0
Freshway,BITES_BUTTONS_POUCH,Freshway|BITES_BUTTONS_POUCH,2023-08-28,5868,6322.5,-195.4,0.0,0.0,0.0,0.0,-195.4,5.0,5.0,0.0,0,0
Freshway,BITES_BUTTONS_POUCH,Freshway|BITES_BUTTONS_POUCH,2023-09-04,6499,6439.3,0.0,0.0,0.0,0.0,0.0,0.0,5.0,5.0,0.0,0,0
Freshway,BITES_BUTTONS_POUCH,Freshway|BITES_BUTTONS_POUCH,2023-09-11,7134,6569.4,-541.7,0.0,0.0,0.0,0.0,-541.7,5.0,5.0,0.0,0,0
Freshway,BITES_BUTTONS_POUCH,Freshway|BITES_BUTTONS_POUCH,2023-09-18,13622,6699.6,8714.0,1491.6,7222.4,0.0,0.0,0.0,4.5,5.0,10.0,1,0
Freshway,BITES_BUTTONS_POUCH,Freshway|BITES_BUTTONS_POUCH,2023-09-25,13593,6829.9,5438.1,6657.9,0.0,0.0,-1219.8,0.0,3.5,5.0,30.0,0,0
Freshway,BITES_BUTTONS_POUCH,Freshway|BITES_BUTTONS_POUCH,2023-10-02,4992,6960.3,-2351.7,0.0,0.0,0.0,-1722.8,-628.9,5.0,5.0,0.0,0,0
Freshway,BITES_BUTTONS_POUCH,Freshway|BITES_BUTTONS_POUCH,2023-10-09,6074,7090.8,-714.8,0.0,0.0,0.0,0.0,-714.8,5.0,5.0,0.0,0,0
Freshway,BITES_BUTTONS_POUCH,Freshway|BITES_BUTTONS_POUCH,2023-10-16,7408,7221.4,0.0,0.0,0.0,0.0,0.0,0.0,5.0,5.0,0.0,0,0
Freshway,BITES_BUTTONS_POUCH,Freshway|BITES_BUTTONS_POUCH,2023-10-23,9101,7339.0,0.0,0.0,0.0,0.0,0.0,0.0,5.0,5.0,0.0,0,0
Freshway,BITES_BUTTONS_POUCH,Freshway|BITES_BUTTONS_POUCH,2023-10-30,7478,7456.6,0.0,0.0,0.0,0.0,0.0,0.0,5.0,5.0,0.0,0,0
Freshway,BITES_BUTTONS_POUCH,Freshway|BITES_BUTTONS_POUCH,2023-11-06,9787,7561.2,1683.4,1683.4,0.0,0.0,0.0,0.0,4.5,5.0,10.0,0,0
Freshway,BITES_BUTTONS_POUCH,Freshway|BITES_BUTTONS_POUCH,2023-11-13,7105,7659.2,-692.7,0.0,0.0,0.0,-692.7,0.0,5.0,5.0,0.0,0,0
Freshway,BITES_BUTTONS_POUCH,Freshway|BITES_BUTTONS_POUCH,2023-11-20,6621,7744.2,-780.7,0.0,0.0,0.0,0.0,-780.7,5.0,5.0,0.0,0,0
Freshway,BITES_BUTTONS_POUCH,Freshway|BITES_BUTTONS_POUCH,2023-11-27,30683,7816.0,21228.9,7619.2,13609.7,0.0,0.0,0.0,3.5,5.0,30.0,1,0
Freshway,BITES_BUTTONS_POUCH,Freshway|BITES_BUTTONS_POUCH,2023-12-04,6346,7874.7,-629.8,1753.2,0.0,0.0,-2383.0,0.0,4.5,5.0,10.0,0,0
Freshway,BITES_BUTTONS_POUCH,Freshway|BITES_BUTTONS_POUCH,2023-12-11,7722,7913.6,-715.7,0.0,0.0,0.0,-715.7,0.0,5.0,5.0,0.0,0,0
Freshway,BITES_BUTTONS_POUCH,Freshway|BITES_BUTTONS_POUCH,2023-12-18,7179,7945.9,0.0,0.0,0.0,0.0,0.0,0.0,5.0,5.0,0.0,0,0
Freshway,BITES_BUTTONS_POUCH,Freshway|BITES_BUTTONS_POUCH,2023-12-25,7559,7958.4,-245.9,0.0,0.0,0.0,0.0,-245.9,5.0,5.0,0.0,0,0
Freshway,BITES_MALT_POUCH,Freshway|BITES_MALT_POUCH,2021-01-04,7246,6791.5,0.0,0.0,0.0,0.0,0.0,0.0,5.5,5.5,0.0,0,0
Freshway,BITES_MALT_POUCH,Freshway|BITES_MALT_POUCH,2021-01-11,6144,6771.2,0.0,0.0,0.0,0.0,0.0,0.0,5.5,5.5,0.0,0,0
Freshway,BITES_MALT_POUCH,Freshway|BITES_MALT_POUCH,2021-01-18,6449,6745.0,0.0,0.0,0.0,0.0,0.0,0.0,5.5,5.5,0.0,0,0
Freshway,BITES_MALT_POUCH,Freshway|BITES_MALT_POUCH,2021-01-25,5971,6701.2,0.0,0.0,0.0,0.0,0.0,0.0,5.5,5.5,0.0,0,0
Freshway,BITES_MALT_POUCH,Freshway|BITES_MALT_POUCH,2021-02-01,9788,6645.7,2900.4,2900.4,0.0,0.0,0.0,0.0,4.68,5.5,15.0,0,0
Freshway,BITES_MALT_POUCH,Freshway|BITES_MALT_POUCH,2021-02-08,6030,6578.4,-927.1,0.0,0.0,0.0,-927.1,0.0,5.5,5.5,0.0,0,0
Freshway,BITES_MALT_POUCH,Freshway|BITES_MALT_POUCH,2021-02-15,6722,6499.3,0.0,0.0,0.0,0.0,0.0,0.0,5.5,5.5,0.0,0,0
Freshway,BITES_MALT_POUCH,Freshway|BITES_MALT_POUCH,2021-02-22,5865,6414.3,-167.9,0.0,0.0,0.0,0.0,-167.9,5.5,5.5,0.0,0,0
Freshway,BITES_MALT_POUCH,Freshway|BITES_MALT_POUCH,2021-03-01,6908,6317.4,0.0,0.0,0.0,0.0,0.0,0.0,5.5,5.5,0.0,0,0
Freshway,BITES_MALT_POUCH,Freshway|BITES_MALT_POUCH,2021-03-08,7232,6220.4,0.0,0.0,0.0,0.0,0.0,0.0,5.5,5.5,0.0,0,0
Freshway,BITES_MALT_POUCH,Freshway|BITES_MALT_POUCH,2021-03-15,20519,6111.6,16071.5,7491.2,10246.9,0.0,0.0,-1666.7,3.85,5.5,30.0,1,0
Freshway,BITES_MALT_POUCH,Freshway|BITES_MALT_POUCH,2021-03-22,4306,6002.7,-1572.7,0.0,0.0,0.0,-1572.7,0.0,5.5,5.5,0.0,0,0
Freshway,BITES_MALT_POUCH,Freshway|BITES_MALT_POUCH,2021-03-29,5351,5893.7,-236.3,0.0,0.0,0.0,0.0,-236.3,5.5,5.5,0.0,0,0
Freshway,BITES_MALT_POUCH,Freshway|BITES_MALT_POUCH,2021-04-05,7154,6373.0,-348.2,0.0,0.0,0.0,0.0,-348.2,5.5,5.5,0.0,0,0
Freshway,BITES_MALT_POUCH,Freshway|BITES_MALT_POUCH,2021-04-12,6449,6264.1,0.0,0.0,0.0,0.0,0.0,0.0,5.5,5.5,0.0,0,0
Freshway,BITES_MALT_POUCH,Freshway|BITES_MALT_POUCH,2021-04-19,5665,6155.1,0.0,0.0,0.0,0.0,0.0,0.0,5.5,5.5,0.0,0,0
Freshway,BITES_MALT_POUCH,Freshway|BITES_MALT_POUCH,2021-04-26,14798,6057.7,9813.7,9813.7,0.0,0.0,0.0,0.0,3.58,5.5,35.0,0,0
Freshway,BITES_MALT_POUCH,Freshway|BITES_MALT_POUCH,2021-05-03,4000,5370.7,-1602.8,0.0,0.0,0.0,-1602.8,0.0,5.5,5.5,0.0,0,0
Freshway,BITES_MALT_POUCH,Freshway|BITES_MALT_POUCH,2021-05-10,5424,5284.6,0.0,0.0,0.0,0.0,0.0,0.0,5.5,5.5,0.0,0,0
Freshway,BITES_MALT_POUCH,Freshway|BITES_MALT_POUCH,2021-05-17,17770,5204.4,13360.5,6379.2,8725.9,0.0,0.0,-1744.6,3.85,5.5,30.0,1,0
Freshway,BITES_MALT_POUCH,Freshway|BITES_MALT_POUCH,2021-05-24,3274,5135.9,-1345.6,0.0,0.0,0.0,-1345.6,0.0,5.5,5.5,0.0,0,0
Freshway,BITES_MALT_POUCH,Freshway|BITES_MALT_POUCH,2021-05-31,5186,5079.2,-436.3,0.0,0.0,0.0,0.0,-436.3,5.5,5.5,0.0,0,0
Freshway,BITES_MALT_POUCH,Freshway|BITES_MALT_POUCH,2021-06-07,5304,5034.3,0.0,0.0,0.0,0.0,0.0,0.0,5.5,5.5,0.0,0,0
Freshway,BITES_MALT_POUCH,Freshway|BITES_MALT_POUCH,2021-06-14,5650,5007.0,0.0,0.0,0.0,0.0,0.0,0.0,5.5,5.5,0.0,0,0
Freshway,BITES_MALT_POUCH,Freshway|BITES_MALT_POUCH,2021-06-21,5187,4985.6,0.0,0.0,0.0,0.0,0.0,0.0,5.5,5.5,0.0,0,0
Freshway,BITES_MALT_POUCH,Freshway|BITES_MALT_POUCH,2021-06-28,14288,4982.0,8849.5,3236.4,6190.9,0.0,0.0,-577.8,4.4,5.5,20.0,1,0
Freshway,BITES_MALT_POUCH,Freshway|BITES_MALT_POUCH,2021-07-05,4244,4990.2,-914.9,0.0,0.0,0.0,-914.9,0.0,5.5,5.5,0.0,0,0
Freshway,BITES_MALT_POUCH,Freshway|BITES_MALT_POUCH,2021-07-12,4414,5016.1,0.0,0.0,0.0,0.0,0.0,0.0,5.5,5.5,0.0,0,0
Freshway,BITES_MALT_POUCH,Freshway|BITES_MALT_POUCH,2021-07-19,4806,5048.1,-275.8,0.0,0.0,0.0,0.0,-275.8,5.5,5.5,0.0,0,0
Freshway,BITES_MALT_POUCH,Freshway|BITES_MALT_POUCH,2021-07-26,11594,5097.8,6248.6,6248.6,0.0,0.0,0.0,0.0,3.85,5.5,30.0,0,0
Freshway,BITES_MALT_POUCH,Freshway|BITES_MALT_POUCH,2021-08-02,3691,5159.5,-1351.8,0.0,0.0,0.0,-1351.8,0.0,5.5,5.5,0.0,0,0
Freshway,BITES_MALT_POUCH,Freshway|BITES_MALT_POUCH,2021-08-09,6043,5233.0,1129.4,1395.2,0.0,0.0,0.0,-265.8,4.95,5.5,10.0,0,0
Freshway,BITES_MALT_POUCH,Freshway|BITES_MALT_POUCH,2021-08-16,12680,5318.6,7274.2,8616.3,0.0,0.0,-1342.1,0.0,3.58,5.5,35.0,0,0
Freshway,BITES_MALT_POUCH,Freshway|BITES_MALT_POUCH,2021-08-23,3937,5410.1,-1614.6,0.0,0.0,0.0,-1614.6,0.0,5.5,5.5,0.0,0,0
Freshway,BITES_MALT_POUCH,Freshway|BITES_MALT_POUCH,2021-08-30,5608,5513.6,0.0,0.0,0.0,0.0,0.0,0.0,5.5,5.5,0.0,0,0
Freshway,BITES_MALT_POUCH,Freshway|BITES_MALT_POUCH,2021-09-06,5387,5617.2,-392.5,0.0,0.0,0.0,0.0,-392.5,5.5,5.5,0.0,0,0
Freshway,BITES_MALT_POUCH,Freshway|BITES_MALT_POUCH,2021-09-13,6606,5732.7,0.0,0.0,0.0,0.0,0.0,0.0,5.5,5.5,0.0,0,0
Freshway,BITES_MALT_POUCH,Freshway|BITES_MALT_POUCH,2021-09-20,12152,5848.4,6646.6,7168.6,0.0,0.0,0.0,-522.0,3.85,5.5,30.0,0,0
Freshway,BITES_MALT_POUCH,Freshway|BITES_MALT_POUCH,2021-09-27,3867,5964.2,-1940.7,0.0,0.0,0.0,-1562.6,-378.1,5.5,5.5,0.0,0,0
Freshway,BITES_MALT_POUCH,Freshway|BITES_MALT_POUCH,2021-10-04,9330,6080.0,2653.5,2653.5,0.0,0.0,0.0,0.0,4.68,5.5,15.0,0,0
Freshway,BITES_MALT_POUCH,Freshway|BITES_MALT_POUCH,2021-10-11,4829,6196.0,-1012.6,0.0,0.0,0.0,-873.2,-139.4,5.5,5.5,0.0,0,0
Freshway,BITES_MALT_POUCH,Freshway|BITES_MALT_POUCH,2021-10-18,5756,6312.1,0.0,0.0,0.0,0.0,0.0,0.0,5.5,5.5,0.0,0,0
Freshway,BITES_MALT_POUCH,Freshway|BITES_MALT_POUCH,2021-10-25,6766,6416.3,0.0,0.0,0.0,0.0,0.0,0.0,5.5,5.5,0.0,0,0
Freshway,BITES_MALT_POUCH,Freshway|BITES_MALT_POUCH,2021-11-01,6569,6520.7,0.0,0.0,0.0,0.0,0.0,0.0,5.5,5.5,0.0,0,0
Freshway,BITES_MALT_POUCH,Freshway|BITES_MALT_POUCH,2021-11-08,6751,6613.1,0.0,0.0,0.0,0.0,0.0,0.0,5.5,5.5,0.0,0,0
Freshway,BITES_MALT_POUCH,Freshway|BITES_MALT_POUCH,2021-11-15,14334,6699.7,6335.9,2924.0,0.0,4165.3,0.0,-753.5,4.68,5.5,15.0,0,1
Freshway,BITES_MALT_POUCH,Freshway|BITES_MALT_POUCH,2021-11-22,5766,6774.5,-1188.1,0.0,0.0,0.0,-954.7,-233.4,5.5,5.5,0.0,0,0
Freshway,BITES_MALT_POUCH,Freshway|BITES_MALT_POUCH,2021-11-29,7442,6837.3,0.0,0.0,0.0,0.0,0.0,0.0,5.5,5.5,0.0,0,0
Freshway,BITES_MALT_POUCH,Freshway|BITES_MALT_POUCH,2021-12-06,7363,6888.3,0.0,0.0,0.0,0.0,0.0,0.0,5.5,5.5,0.0,0,0
Freshway,BITES_MALT_POUCH,Freshway|BITES_MALT_POUCH,2021-12-13,6528,6921.3,0.0,0.0,0.0,0.0,0.0,0.0,5.5,5.5,0.0,0,0
Freshway,BITES_MALT_POUCH,Freshway|BITES_MALT_POUCH,2021-12-20,6041,6948.4,0.0,0.0,0.0,0.0,0.0,0.0,5.5,5.5,0.0,0,0
Freshway,BITES_MALT_POUCH,Freshway|BITES_MALT_POUCH,2021-12-27,7110,6957.6,0.0,0.0,0.0,0.0,0.0,0.0,5.5,5.5,0.0,0,0
Freshway,BITES_MALT_POUCH,Freshway|BITES_MALT_POUCH,2022-01-03,24435,6954.8,19153.8,11267.0,0.0,7886.8,0.0,0.0,3.58,5.5,35.0,0,1
Freshway,BITES_MALT_POUCH,Freshway|BITES_MALT_POUCH,2022-01-10,4590,6934.0,-2069.4,0.0,0.0,0.0,-2069.4,0.0,5.5,5.5,0.0,0,0
Freshway,BITES_MALT_POUCH,Freshway|BITES_MALT_POUCH,2022-01-17,14111,6907.2,6298.0,6298.0,0.0,0.0,0.0,0.0,4.12,5.5,25.0,0,0
Freshway,BITES_MALT_POUCH,Freshway|BITES_MALT_POUCH,2022-01-24,5444,6862.4,-1534.9,0.0,0.0,0.0,-1534.9,0.0,5.5,5.5,0.0,0,0
Freshway,BITES_MALT_POUCH,Freshway|BITES_MALT_POUCH,2022-01-31,18497,6805.5,11025.2,11025.2,0.0,0.0,0.0,0.0,3.58,5.5,35.0,0,0
Freshway,BITES_MALT_POUCH,Freshway|BITES_MALT_POUCH,2022-02-07,8747,6736.6,2298.8,6142.4,0.0,0.0,-3843.6,0.0,4.12,5.5,25.0,0,0
Freshway,BITES_MALT_POUCH,Freshway|BITES_MALT_POUCH,2022-02-14,5467,6655.6,-1488.6,0.0,0.0,0.0,-1488.6,0.0,5.5,5.5,0.0,0,0
Freshway,BITES_MALT_POUCH,Freshway|BITES_MALT_POUCH,2022-02-21,6244,6568.5,0.0,0.0,0.0,0.0,0.0,0.0,5.5,5.5,0.0,0,0
Freshway,BITES_MALT_POUCH,Freshway|BITES_MALT_POUCH,2022-02-28,6247,6469.3,0.0,0.0,0.0,0.0,0.0,0.0,5.5,5.5,0.0,0,0
Freshway,BITES_MALT_POUCH,Freshway|BITES_MALT_POUCH,2022-03-07,6059,6370.0,-166.8,0.0,0.0,0.0,0.0,-166.8,5.5,5.5,0.0,0,0
Freshway,BITES_MALT_POUCH,Freshway|BITES_MALT_POUCH,2022-03-14,5372,6258.6,-643.4,0.0,0.0,0.0,0.0,-643.4,5.5,5.5,0.0,0,0
Freshway,BITES_MALT_POUCH,Freshway|BITES_MALT_POUCH,2022-03-21,5569,6147.1,0.0,0.0,0.0,0.0,0.0,0.0,5.5,5.5,0.0,0,0
Freshway,BITES_MALT_POUCH,Freshway|BITES_MALT_POUCH,2022-03-28,5805,6035.5,0.0,0.0,0.0,0.0,0.0,0.0,5.5,5.5,0.0,0,0
Freshway,BITES_MALT_POUCH,Freshway|BITES_MALT_POUCH,2022-04-04,10900,6526.3,4239.7,4239.7,0.0,0.0,0.0,0.0,4.4,5.5,20.0,0,0
Freshway,BITES_MALT_POUCH,Freshway|BITES_MALT_POUCH,2022-04-11,4828,6414.7,-1176.1,0.0,0.0,0.0,-1176.1,0.0,5.5,5.5,0.0,0,0
Freshway,BITES_MALT_POUCH,Freshway|BITES_MALT_POUCH,2022-04-18,6584,6303.1,-440.5,0.0,0.0,0.0,0.0,-440.5,5.5,5.5,0.0,0,0
Freshway,BITES_MALT_POUCH,Freshway|BITES_MALT_POUCH,2022-04-25,6094,6203.4,0.0,0.0,0.0,0.0,0.0,0.0,5.5,5.5,0.0,0,0
Freshway,BITES_MALT_POUCH,Freshway|BITES_MALT_POUCH,2022-05-02,4424,5499.8,-472.4,0.0,0.0,0.0,0.0,-472.4,5.5,5.5,0.0,0,0
Freshway,BITES_MALT_POUCH,Freshway|BITES_MALT_POUCH,2022-05-09,5946,5411.7,0.0,0.0,0.0,0.0,0.0,0.0,5.5,5.5,0.0,0,0
Freshway,BITES_MALT_POUCH,Freshway|BITES_MALT_POUCH,2022-05-16,13641,5329.6,8092.9,2326.0,5766.9,0.0,0.0,0.0,4.68,5.5,15.0,1,0
Freshway,BITES_MALT_POUCH,Freshway|BITES_MALT_POUCH,2022-05-23,4154,5259.5,-741.2,0.0,0.0,0.0,-741.2,0.0,5.5,5.5,0.0,0,0
Freshway,BITES_MALT_POUCH,Freshway|BITES_MALT_POUCH,2022-05-30,4851,5201.4,-136.2,0.0,0.0,0.0,0.0,-136.2,5.5,5.5,0.0,0,0
Freshway,BITES_MALT_POUCH,Freshway|BITES_MALT_POUCH,2022-06-06,4901,5155.3,0.0,0.0,0.0,0.0,0.0,0.0,5.5,5.5,0.0,0,0
Freshway,BITES_MALT_POUCH,Freshway|BITES_MALT_POUCH,2022-06-13,13115,5127.4,8917.9,4675.1,0.0,4242.7,0.0,0.0,4.12,5.5,25.0,0,1
Freshway,BITES_MALT_POUCH,Freshway|BITES_MALT_POUCH,2022-06-20,3575,5105.5,-1245.7,0.0,0.0,0.0,-1141.9,-103.8,5.5,5.5,0.0,0,0
Freshway,BITES_MALT_POUCH,Freshway|BITES_MALT_POUCH,2022-06-27,5586,5101.8,0.0,0.0,0.0,0.0,0.0,0.0,5.5,5.5,0.0,0,0
Freshway,BITES_MALT_POUCH,Freshway|BITES_MALT_POUCH,2022-07-04,5201,5110.2,0.0,0.0,0.0,0.0,0.0,0.0,5.5,5.5,0.0,0,0
Freshway,BITES_MALT_POUCH,Freshway|BITES_MALT_POUCH,2022-07-11,5142,5136.8,0.0,0.0,0.0,0.0,0.0,0.0,5.5,5.5,0.0,0,0
Freshway,BITES_MALT_POUCH,Freshway|BITES_MALT_POUCH,2022-07-18,4677,5169.5,0.0,0.0,0.0,0.0,0.0,0.0,5.5,5.5,0.0,0,0
Freshway,BITES_MALT_POUCH,Freshway|BITES_MALT_POUCH,2022-07-25,9195,5220.4,3391.3,3391.3,0.0,0.0,0.0,0.0,4.4,5.5,20.0,0,0
Freshway,BITES_MALT_POUCH,Freshway|BITES_MALT_POUCH,2022-08-01,3775,5283.6,-1270.2,0.0,0.0,0.0,-968.7,-301.5,5.5,5.5,0.0,0,0
Freshway,BITES_MALT_POUCH,Freshway|BITES_MALT_POUCH,2022-08-08,9491,5358.9,4366.5,1428.7,0.0,2937.8,0.0,0.0,4.95,5.5,10.0,0,1
Freshway,BITES_MALT_POUCH,Freshway|BITES_MALT_POUCH,2022-08-15,4354,5446.5,-524.6,0.0,0.0,0.0,-524.6,0.0,5.5,5.5,0.0,0,0
Freshway,BITES_MALT_POUCH,Freshway|BITES_MALT_POUCH,2022-08-22,4986,5540.2,-569.5,0.0,0.0,0.0,0.0,-569.5,5.5,5.5,0.0,0,0
Freshway,BITES_MALT_POUCH,Freshway|BITES_MALT_POUCH,2022-08-29,5438,5646.2,0.0,0.0,0.0,0.0,0.0,0.0,5.5,5.5,0.0,0,0
Freshway,BITES_MALT_POUCH,Freshway|BITES_MALT_POUCH,2022-09-05,5888,5752.3,0.0,0.0,0.0,0.0,0.0,0.0,5.5,5.5,0.0,0,0
Freshway,BITES_MALT_POUCH,Freshway|BITES_MALT_POUCH,2022-09-12,5608,5870.6,0.0,0.0,0.0,0.0,0.0,0.0,5.5,5.5,0.0,0,0
Freshway,BITES_MALT_POUCH,Freshway|BITES_MALT_POUCH,2022-09-19,7860,5989.0,1729.4,2613.8,0.0,0.0,0.0,-884.4,4.68,5.5,15.0,0,0
Freshway,BITES_MALT_POUCH,Freshway|BITES_MALT_POUCH,2022-09-26,5155,6107.6,-1311.5,0.0,0.0,0.0,-860.7,-450.7,5.5,5.5,0.0,0,0
Freshway,BITES_MALT_POUCH,Freshway|BITES_MALT_POUCH,2022-10-03,6233,6226.3,0.0,0.0,0.0,0.0,0.0,0.0,5.5,5.5,0.0,0,0
Freshway,BITES_MALT_POUCH,Freshway|BITES_MALT_POUCH,2022-10-10,9331,6345.0,4121.9,4121.9,0.0,0.0,0.0,0.0,4.4,5.5,20.0,0,0
Freshway,BITES_MALT_POUCH,Freshway|BITES_MALT_POUCH,2022-10-17,5052,6463.9,-1185.1,0.0,0.0,0.0,-1185.1,0.0,5.5,5.5,0.0,0,0
Freshway,BITES_MALT_POUCH,Freshway|BITES_MALT_POUCH,2022-10-24,5464,6570.6,-564.4,0.0,0.0,0.0,0.0,-564.4,5.5,5.5,0.0,0,0
Freshway,BITES_MALT_POUCH,Freshway|BITES_MALT_POUCH,2022-10-31,7033,6677.5,0.0,0.0,0.0,0.0,0.0,0.0,5.5,5.5,0.0,0,0
Freshway,BITES_MALT_POUCH,Freshway|BITES_MALT_POUCH,2022-11-07,5713,6772.2,-696.2,0.0,0.0,0.0,0.0,-696.2,5.5,5.5,0.0,0,0
Freshway,BITES_MALT_POUCH,Freshway|BITES_MALT_POUCH,2022-11-14,7367,6860.9,0.0,0.0,0.0,0.0,0.0,0.0,5.5,5.5,0.0,0,0
Freshway,BITES_MALT_POUCH,Freshway|BITES_MALT_POUCH,2022-11-21,6208,6937.4,-484.8,0.0,0.0,0.0,0.0,-484.8,5.5,5.5,0.0,0,0
Freshway,BITES_MALT_POUCH,Freshway|BITES_MALT_POUCH,2022-11-28,7164,7001.8,0.0,0.0,0.0,0.0,0.0,0.0,5.5,5.5,0.0,0,0
Freshway,BITES_MALT_POUCH,Freshway|BITES_MALT_POUCH,2022-12-05,16928,7053.9,8646.2,8646.2,0.0,0.0,0.0,0.0,3.85,5.5,30.0,0,0
Freshway,BITES_MALT_POUCH,Freshway|BITES_MALT_POUCH,2022-12-12,7507,7087.8,425.9,3093.3,0.0,0.0,-2667.4,0.0,4.68,5.5,15.0,0,0
Freshway,BITES_MALT_POUCH,Freshway|BITES_MALT_POUCH,2022-12-19,5776,7115.5,-1430.0,0.0,0.0,0.0,-1002.8,-427.2,5.5,5.5,0.0,0,0
Freshway,BITES_MALT_POUCH,Freshway|BITES_MALT_POUCH,2022-12-26,6630,7124.9,-497.9,0.0,0.0,0.0,0.0,-497.9,5.5,5.5,0.0,0,0
Freshway,BITES_MALT_POUCH,Freshway|BITES_MALT_POUCH,2023-01-02,9347,7122.0,2393.4,3108.3,0.0,0.0,0.0,-714.9,4.68,5.5,15.0,0,0
Freshway,BITES_MALT_POUCH,Freshway|BITES_MALT_POUCH,2023-01-09,6945,7100.7,-1000.7,0.0,0.0,0.0,-1000.7,0.0,5.5,5.5,0.0,0,0
Freshway,BITES_MALT_POUCH,Freshway|BITES_MALT_POUCH,2023-01-16,6623,7073.3,0.0,0.0,0.0,0.0,0.0,0.0,5.5,5.5,0.0,0,0
Freshway,BITES_MALT_POUCH,Freshway|BITES_MALT_POUCH,2023-01-23,6322,7027.4,-603.7,0.0,0.0,0.0,0.0,-603.7,5.5,5.5,0.0,0,0
Freshway,BITES_MALT_POUCH,Freshway|BITES_MALT_POUCH,2023-01-30,7992,6969.2,0.0,0.0,0.0,0.0,0.0,0.0,5.5,5.5,0.0,0,0
Freshway,BITES_MALT_POUCH,Freshway|BITES_MALT_POUCH,2023-02-06,6637,6898.6,0.0,0.0,0.0,0.0,0.0,0.0,5.5,5.5,0.0,0,0
Freshway,BITES_MALT_POUCH,Freshway|BITES_MALT_POUCH,2023-02-13,6279,6815.6,-372.4,0.0,0.0,0.0,0.0,-372.4,5.5,5.5,0.0,0,0
Freshway,BITES_MALT_POUCH,Freshway|BITES_MALT_POUCH,2023-02-20,21954,6726.5,14244.6,6133.2,9687.1,0.0,0.0,-1575.6,4.12,5.5,25.0,1,0
Freshway,BITES_MALT_POUCH,Freshway|BITES_MALT_POUCH,2023-02-27,4614,6624.9,-1762.8,0.0,0.0,0.0,-1481.8,-281.0,5.5,5.5,0.0,0,0
Freshway,BITES_MALT_POUCH,Freshway|BITES_MALT_POUCH,2023-03-06,6592,6523.2,0.0,0.0,0.0,0.0,0.0,0.0,5.5,5.5,0.0,0,0
Freshway,BITES_MALT_POUCH,Freshway|BITES_MALT_POUCH,2023-03-13,6700,6409.1,-350.2,0.0,0.0,0.0,0.0,-350.2,5.5,5.5,0.0,0,0
Freshway,BITES_MALT_POUCH,Freshway|BITES_MALT_POUCH,2023-03-20,6259,6294.9,0.0,0.0,0.0,0.0,0.0,0.0,5.5,5.5,0.0,0,0
Freshway,BITES_MALT_POUCH,Freshway|BITES_MALT_POUCH,2023-03-27,5362,6180.6,-530.9,0.0,0.0,0.0,0.0,-530.9,5.5,5.5,0.0,0,0
Freshway,BITES_MALT_POUCH,Freshway|BITES_MALT_POUCH,2023-04-03,6625,6683.2,0.0,0.0,0.0,0.0,0.0,0.0,5.5,5.5,0.0,0,0
Freshway,BITES_MALT_POUCH,Freshway|BITES_MALT_POUCH,2023-04-10,7709,6569.0,0.0,0.0,0.0,0.0,0.0,0.0,5.5,5.5,0.0,0,0
Freshway,BITES_MALT_POUCH,Freshway|BITES_MALT_POUCH,2023-04-17,6555,6454.7,0.0,0.0,0.0,0.0,0.0,0.0,5.5,5.5,0.0,0,0
Freshway,BITES_MALT_POUCH,Freshway|BITES_MALT_POUCH,2023-04-24,13849,6352.6,7786.6,7786.6,0.0,0.0,0.0,0.0,3.85,5.5,30.0,0,0
Freshway,BITES_MALT_POUCH,Freshway|BITES_MALT_POUCH,2023-05-01,18203,5632.1,13461.5,9124.2,11115.8,0.0,-6778.5,0.0,3.58,5.5,35.0,1,0
Freshway,BITES_MALT_POUCH,Freshway|BITES_MALT_POUCH,2023-05-08,4524,5541.9,-1653.9,0.0,0.0,0.0,-1653.9,0.0,5.5,5.5,0.0,0,0
Freshway,BITES_MALT_POUCH,Freshway|BITES_MALT_POUCH,2023-05-15,5278,5457.8,0.0,0.0,0.0,0.0,0.0,0.0,5.5,5.5,0.0,0,0
Freshway,BITES_MALT_POUCH,Freshway|BITES_MALT_POUCH,2023-05-22,19044,5385.9,12667.4,4910.9,7756.5,0.0,0.0,0.0,4.12,5.5,25.0,1,0
Freshway,BITES_MALT_POUCH,Freshway|BITES_MALT_POUCH,2023-05-29,3918,5326.5,-1191.4,0.0,0.0,0.0,-1191.4,0.0,5.5,5.5,0.0,0,0
Freshway,BITES_MALT_POUCH,Freshway|BITES_MALT_POUCH,2023-06-05,5115,5279.3,0.0,0.0,0.0,0.0,0.0,0.0,5.5,5.5,0.0,0,0
Freshway,BITES_MALT_POUCH,Freshway|BITES_MALT_POUCH,2023-06-12,5084,5250.7,-539.8,0.0,0.0,0.0,0.0,-539.8,5.5,5.5,0.0,0,0
Freshway,BITES_MALT_POUCH,Freshway|BITES_MALT_POUCH,2023-06-19,5230,5228.3,0.0,0.0,0.0,0.0,0.0,0.0,5.5,5.5,0.0,0,0
Freshway,BITES_MALT_POUCH,Freshway|BITES_MALT_POUCH,2023-06-26,5009,5224.5,-537.1,0.0,0.0,0.0,0.0,-537.1,5.5,5.5,0.0,0,0
Freshway,BITES_MALT_POUCH,Freshway|BITES_MALT_POUCH,2023-07-03,5041,5233.1,0.0,0.0,0.0,0.0,0.0,0.0,5.5,5.5,0.0,0,0
Freshway,BITES_MALT_POUCH,Freshway|BITES_MALT_POUCH,2023-07-10,4913,5260.3,0.0,0.0,0.0,0.0,0.0,0.0,5.5,5.5,0.0,0,0
Freshway,BITES_MALT_POUCH,Freshway|BITES_MALT_POUCH,2023-07-17,5344,5293.8,0.0,0.0,0.0,0.0,0.0,0.0,5.5,5.5,0.0,0,0
Freshway,BITES_MALT_POUCH,Freshway|BITES_MALT_POUCH,2023-07-24,18691,5346.0,12573.4,4874.4,7698.9,0.0,0.0,0.0,4.12,5.5,25.0,1,0
Freshway,BITES_MALT_POUCH,Freshway|BITES_MALT_POUCH,2023-07-31,8901,5410.6,2619.8,4933.4,0.0,0.0,-2313.6,0.0,4.12,5.5,25.0,0,0
Freshway,BITES_MALT_POUCH,Freshway|BITES_MALT_POUCH,2023-08-07,4419,5487.8,-1227.4,0.0,0.0,0.0,-1227.4,0.0,5.5,5.5,0.0,0,0
Freshway,BITES_MALT_POUCH,Freshway|BITES_MALT_POUCH,2023-08-14,5377,5577.4,0.0,0.0,0.0,0.0,0.0,0.0,5.5,5.5,0.0,0,0
Freshway,BITES_MALT_POUCH,Freshway|BITES_MALT_POUCH,2023-08-21,5695,5673.4,0.0,0.0,0.0,0.0,0.0,0.0,5.5,5.5,0.0,0,0
Freshway,BITES_MALT_POUCH,Freshway|BITES_MALT_POUCH,2023-08-28,7960,5782.0,1541.5,1541.5,0.0,0.0,0.0,0.0,4.95,5.5,10.0,0,0
Freshway,BITES_MALT_POUCH,Freshway|BITES_MALT_POUCH,2023-09-04,5689,5890.6,-567.3,0.0,0.0,0.0,-567.3,0.0,5.5,5.5,0.0,0,0
Freshway,BITES_MALT_POUCH,Freshway|BITES_MALT_POUCH,2023-09-11,18510,6011.8,14139.3,5481.5,8657.8,0.0,0.0,0.0,4.12,5.5,25.0,1,0
Freshway,BITES_MALT_POUCH,Freshway|BITES_MALT_POUCH,2023-09-18,4391,6133.1,-1496.4,0.0,0.0,0.0,-1371.8,-124.7,5.5,5.5,0.0,0,0
Freshway,BITES_MALT_POUCH,Freshway|BITES_MALT_POUCH,2023-09-25,6005,6254.5,-537.3,0.0,0.0,0.0,0.0,-537.3,5.5,5.5,0.0,0,0
Freshway,BITES_MALT_POUCH,Freshway|BITES_MALT_POUCH,2023-10-02,44736,6376.0,35590.3,10329.3,12584.0,12677.0,0.0,0.0,3.58,5.5,35.0,1,1
Freshway,BITES_MALT_POUCH,Freshway|BITES_MALT_POUCH,2023-10-09,9708,6497.6,3648.3,7964.3,0.0,0.0,-4316.0,0.0,3.85,5.5,30.0,0,0
Freshway,BITES_MALT_POUCH,Freshway|BITES_MALT_POUCH,2023-10-16,5740,6619.3,-1734.3,0.0,0.0,0.0,-1734.3,0.0,5.5,5.5,0.0,0,0
Freshway,BITES_MALT_POUCH,Freshway|BITES_MALT_POUCH,2023-10-23,6229,6728.6,0.0,0.0,0.0,0.0,0.0,0.0,5.5,5.5,0.0,0,0
Freshway,BITES_MALT_POUCH,Freshway|BITES_MALT_POUCH,2023-10-30,6659,6838.0,0.0,0.0,0.0,0.0,0.0,0.0,5.5,5.5,0.0,0,0
Freshway,BITES_MALT_POUCH,Freshway|BITES_MALT_POUCH,2023-11-06,6327,6935.0,-181.6,0.0,0.0,0.0,0.0,-181.6,5.5,5.5,0.0,0,0
Freshway,BITES_MALT_POUCH,Freshway|BITES_MALT_POUCH,2023-11-13,6497,7025.9,0.0,0.0,0.0,0.0,0.0,0.0,5.5,5.5,0.0,0,0
Freshway,BITES_MALT_POUCH,Freshway|BITES_MALT_POUCH,2023-11-20,16120,7104.2,8707.9,8707.9,0.0,0.0,0.0,0.0,3.85,5.5,30.0,0,0
Freshway,BITES_MALT_POUCH,Freshway|BITES_MALT_POUCH,2023-11-27,5064,7170.1,-2333.1,0.0,0.0,0.0,-1878.6,-454.6,5.5,5.5,0.0,0,0
Freshway,BITES_MALT_POUCH,Freshway|BITES_MALT_POUCH,2023-12-04,6455,7223.6,-189.1,0.0,0.0,0.0,0.0,-189.1,5.5,5.5,0.0,0,0
Freshway,BITES_MALT_POUCH,Freshway|BITES_MALT_POUCH,2023-12-11,6315,7258.2,0.0,0.0,0.0,0.0,0.0,0.0,5.5,5.5,0.0,0,0
Freshway,BITES_MALT_POUCH,Freshway|BITES_MALT_POUCH,2023-12-18,7774,7286.6,0.0,0.0,0.0,0.0,0.0,0.0,5.5,5.5,0.0,0,0
Freshway,BITES_MALT_POUCH,Freshway|BITES_MALT_POUCH,2023-12-25,9135,7296.3,1945.2,1945.2,0.0,0.0,0.0,0.0,4.95,5.5,10.0,0,0
Freshway,CLASSIC_DAIRY_BLOCK,Freshway|CLASSIC_DAIRY_BLOCK,2021-01-04,12625,13208.8,0.0,0.0,0.0,0.0,0.0,0.0,4.0,4.0,0.0,0,0
Freshway,CLASSIC_DAIRY_BLOCK,Freshway|CLASSIC_DAIRY_BLOCK,2021-01-11,24220,13175.2,10199.5,10199.5,0.0,0.0,0.0,0.0,3.2,4.0,20.0,0,0
Freshway,CLASSIC_DAIRY_BLOCK,Freshway|CLASSIC_DAIRY_BLOCK,2021-01-18,10693,13130.5,-2385.1,0.0,0.0,0.0,-2385.1,0.0,4.0,4.0,0.0,0,0
Freshway,CLASSIC_DAIRY_BLOCK,Freshway|CLASSIC_DAIRY_BLOCK,2021-01-25,12118,13052.8,0.0,0.0,0.0,0.0,0.0,0.0,4.0,4.0,0.0,0,0
Freshway,CLASSIC_DAIRY_BLOCK,Freshway|CLASSIC_DAIRY_BLOCK,2021-02-01,12798,12952.8,-54.2,0.0,0.0,0.0,0.0,-54.2,4.0,4.0,0.0,0,0
Freshway,CLASSIC_DAIRY_BLOCK,Freshway|CLASSIC_DAIRY_BLOCK,2021-02-08,12574,12830.6,0.0,0.0,0.0,0.0,0.0,0.0,4.0,4.0,0.0,0,0
Freshway,CLASSIC_DAIRY_BLOCK,Freshway|CLASSIC_DAIRY_BLOCK,2021-02-15,13484,12686.0,-51.7,0.0,0.0,0.0,0.0,-51.7,4.0,4.0,0.0,0,0
Freshway,CLASSIC_DAIRY_BLOCK,Freshway|CLASSIC_DAIRY_BLOCK,2021-02-22,12785,12530.1,0.0,0.0,0.0,0.0,0.0,0.0,4.0,4.0,0.0,0,0
Freshway,CLASSIC_DAIRY_BLOCK,Freshway|CLASSIC_DAIRY_BLOCK,2021-03-01,12219,12351.7,0.0,0.0,0.0,0.0,0.0,0.0,4.0,4.0,0.0,0,0
Freshway,CLASSIC_DAIRY_BLOCK,Freshway|CLASSIC_DAIRY_BLOCK,2021-03-08,31187,12172.8,18262.6,18262.6,0.0,0.0,0.0,0.0,2.8,4.0,30.0,0,0
Freshway,CLASSIC_DAIRY_BLOCK,Freshway|CLASSIC_DAIRY_BLOCK,2021-03-15,8841,11971.4,-3169.4,0.0,0.0,0.0,-3108.9,-60.5,4.0,4.0,0.0,0,0
Freshway,CLASSIC_DAIRY_BLOCK,Freshway|CLASSIC_DAIRY_BLOCK,2021-03-22,33314,11769.5,17404.0,17657.5,0.0,0.0,0.0,-253.5,2.8,4.0,30.0,0,0
Freshway,CLASSIC_DAIRY_BLOCK,Freshway|CLASSIC_DAIRY_BLOCK,2021-03-29,20259,11567.1,9488.7,17353.9,0.0,0.0,-7510.6,-354.6,2.8,4.0,30.0,0,0
Freshway,CLASSIC_DAIRY_BLOCK,Freshway|CLASSIC_DAIRY_BLOCK,2021-04-05,9379,12477.9,-3240.4,0.0,0.0,0.0,-3240.4,0.0,4.0,4.0,0.0,0,0
Freshway,CLASSIC_DAIRY_BLOCK,Freshway|CLASSIC_DAIRY_BLOCK,2021-04-12,11797,12276.3,0.0,0.0,0.0,0.0,0.0,0.0,4.0,4.0,0.0,0,0
Freshway,CLASSIC_DAIRY_BLOCK,Freshway|CLASSIC_DAIRY_BLOCK,2021-04-19,12402,12074.1,-133.9,0.0,0.0,0.0,0.0,-133.9,4.0,4.0,0.0,0,0
Freshway,CLASSIC_DAIRY_BLOCK,Freshway|CLASSIC_DAIRY_BLOCK,2021-04-26,36958,11893.8,22620.6,9207.6,13006.2,0.0,0.0,406.9,3.2,4.0,20.0,1,0
Freshway,CLASSIC_DAIRY_BLOCK,Freshway|CLASSIC_DAIRY_BLOCK,2021-05-03,8335,10593.0,-1998.9,0.0,0.0,0.0,-1924.2,-74.7,4.0,4.0,0.0,0,0
Freshway,CLASSIC_DAIRY_BLOCK,Freshway|CLASSIC_DAIRY_BLOCK,2021-05-10,25675,10432.8,11414.8,11414.8,0.0,0.0,0.0,0.0,3.0,4.0,25.0,0,0
Freshway,CLASSIC_DAIRY_BLOCK,Freshway|CLASSIC_DAIRY_BLOCK,2021-05-17,8136,10283.5,-2289.7,0.0,0.0,0.0,-2279.3,-10.4,4.0,4.0,0.0,0,0
Freshway,CLASSIC_DAIRY_BLOCK,Freshway|CLASSIC_DAIRY_BLOCK,2021-05-24,24046,10156.3,13591.8,7862.5,0.0,5729.3,0.0,0.0,3.2,4.0,20.0,0,1
Freshway,CLASSIC_DAIRY_BLOCK,Freshway|CLASSIC_DAIRY_BLOCK,2021-05-31,8468,10051.5,-1877.5,0.0,0.0,0.0,-1825.8,-51.7,4.0,4.0,0.0,0,0
Freshway,CLASSIC_DAIRY_BLOCK,Freshway|CLASSIC_DAIRY_BLOCK,2021-06-07,10300,9969.0,0.0,0.0,0.0,0.0,0.0,0.0,4.0,4.0,0.0,0,0
Freshway,CLASSIC_DAIRY_BLOCK,Freshway|CLASSIC_DAIRY_BLOCK,2021-06-14,10122,9920.3,-136.2,0.0,0.0,0.0,0.0,-136.2,4.0,4.0,0.0,0,0
Freshway,CLASSIC_DAIRY_BLOCK,Freshway|CLASSIC_DAIRY_BLOCK,2021-06-21,10187,9882.8,0.0,0.0,0.0,0.0,0.0,0.0,4.0,4.0,0.0,0,0
Freshway,CLASSIC_DAIRY_BLOCK,Freshway|CLASSIC_DAIRY_BLOCK,2021-06-28,10369,9879.2,61.1,0.0,0.0,0.0,0.0,61.1,4.0,4.0,0.0,0,0
Freshway,CLASSIC_DAIRY_BLOCK,Freshway|CLASSIC_DAIRY_BLOCK,2021-07-05,13644,9898.3,5129.8,5129.8,0.0,0.0,0.0,0.0,3.4,4.0,15.0,0,0
Freshway,CLASSIC_DAIRY_BLOCK,Freshway|CLASSIC_DAIRY_BLOCK,2021-07-12,8708,9951.4,-1389.1,0.0,0.0,0.0,-1389.1,0.0,4.0,4.0,0.0,0,0
Freshway,CLASSIC_DAIRY_BLOCK,Freshway|CLASSIC_DAIRY_BLOCK,2021-07-19,9119,10015.9,-137.6,0.0,0.0,0.0,0.0,-137.6,4.0,4.0,0.0,0,0
Freshway,CLASSIC_DAIRY_BLOCK,Freshway|CLASSIC_DAIRY_BLOCK,2021-07-26,11168,10114.6,100.1,0.0,0.0,0.0,0.0,100.1,4.0,4.0,0.0,0,0
Freshway,CLASSIC_DAIRY_BLOCK,Freshway|CLASSIC_DAIRY_BLOCK,2021-08-02,10564,10236.2,0.0,0.0,0.0,0.0,0.0,0.0,4.0,4.0,0.0,0,0
Freshway,CLASSIC_DAIRY_BLOCK,Freshway|CLASSIC_DAIRY_BLOCK,2021-08-09,10321,10380.5,-85.2,0.0,0.0,0.0,0.0,-85.2,4.0,4.0,0.0,0,0
Freshway,CLASSIC_DAIRY_BLOCK,Freshway|CLASSIC_DAIRY_BLOCK,2021-08-16,49592,10547.8,41635.3,21355.9,19664.3,0.0,0.0,615.1,2.6,4.0,35.0,1,0
Freshway,CLASSIC_DAIRY_BLOCK,Freshway|CLASSIC_DAIRY_BLOCK,2021-08-23,8135,10726.6,-3173.8,0.0,0.0,0.0,-3173.8,0.0,4.0,4.0,0.0,0,0
Freshway,CLASSIC_DAIRY_BLOCK,Freshway|CLASSIC_DAIRY_BLOCK,2021-08-30,10453,10928.3,0.0,0.0,0.0,0.0,0.0,0.0,4.0,4.0,0.0,0,0
Freshway,CLASSIC_DAIRY_BLOCK,Freshway|CLASSIC_DAIRY_BLOCK,2021-09-06,11927,11130.1,0.0,0.0,0.0,0.0,0.0,0.0,4.0,4.0,0.0,0,0
Freshway,CLASSIC_DAIRY_BLOCK,Freshway|CLASSIC_DAIRY_BLOCK,2021-09-13,18230,11354.9,5884.7,5884.7,0.0,0.0,0.0,0.0,3.4,4.0,15.0,0,0
Freshway,CLASSIC_DAIRY_BLOCK,Freshway|CLASSIC_DAIRY_BLOCK,2021-09-20,10076,11579.9,-1517.8,0.0,0.0,0.0,-1616.4,98.6,4.0,4.0,0.0,0,0
Freshway,CLASSIC_DAIRY_BLOCK,Freshway|CLASSIC_DAIRY_BLOCK,2021-09-27,12354,11805.0,-101.7,0.0,0.0,0.0,0.0,-101.7,4.0,4.0,0.0,0,0
Freshway,CLASSIC_DAIRY_BLOCK,Freshway|CLASSIC_DAIRY_BLOCK,2021-10-04,11539,12030.4,53.8,0.0,0.0,0.0,0.0,53.8,4.0,4.0,0.0,0,0
Freshway,CLASSIC_DAIRY_BLOCK,Freshway|CLASSIC_DAIRY_BLOCK,2021-10-11,30804,12256.0,16401.6,9487.9,0.0,6913.7,0.0,0.0,3.2,4.0,20.0,0,1
Freshway,CLASSIC_DAIRY_BLOCK,Freshway|CLASSIC_DAIRY_BLOCK,2021-10-18,14470,12481.7,3026.4,6468.6,0.0,0.0,-3442.2,0.0,3.4,4.0,15.0,0,0
Freshway,CLASSIC_DAIRY_BLOCK,Freshway|CLASSIC_DAIRY_BLOCK,2021-10-25,45717,12684.9,30823.7,25682.9,0.0,12199.5,-7058.6,0.0,2.6,4.0,35.0,0,1
Freshway,CLASSIC_DAIRY_BLOCK,Freshway|CLASSIC_DAIRY_BLOCK,2021-11-01,8696,12888.3,-3813.4,0.0,0.0,0.0,-3813.4,0.0,4.0,4.0,0.0,0,0
Freshway,CLASSIC_DAIRY_BLOCK,Freshway|CLASSIC_DAIRY_BLOCK,2021-11-08,12049,13069.2,0.0,0.0,0.0,0.0,0.0,0.0,4.0,4.0,0.0,0,0
Freshway,CLASSIC_DAIRY_BLOCK,Freshway|CLASSIC_DAIRY_BLOCK,2021-11-15,11566,13238.8,59.2,0.0,0.0,0.0,0.0,59.2,4.0,4.0,0.0,0,0
Freshway,CLASSIC_DAIRY_BLOCK,Freshway|CLASSIC_DAIRY_BLOCK,2021-11-22,41910,13385.9,31923.6,14645.9,17277.7,0.0,0.0,0.0,3.0,4.0,25.0,1,0
Freshway,CLASSIC_DAIRY_BLOCK,Freshway|CLASSIC_DAIRY_BLOCK,2021-11-29,53292,13510.3,37901.2,27354.0,25187.3,0.0,-14640.1,0.0,2.6,4.0,35.0,1,0
Freshway,CLASSIC_DAIRY_BLOCK,Freshway|CLASSIC_DAIRY_BLOCK,2021-12-06,9765,13612.1,-4027.5,0.0,0.0,0.0,-4027.5,0.0,4.0,4.0,0.0,0,0
Freshway,CLASSIC_DAIRY_BLOCK,Freshway|CLASSIC_DAIRY_BLOCK,2021-12-13,12015,13679.8,0.0,0.0,0.0,0.0,0.0,0.0,4.0,4.0,0.0,0,0
Freshway,CLASSIC_DAIRY_BLOCK,Freshway|CLASSIC_DAIRY_BLOCK,2021-12-20,28572,13736.2,15029.1,15029.1,0.0,0.0,0.0,0.0,3.0,4.0,25.0,0,0
Freshway,CLASSIC_DAIRY_BLOCK,Freshway|CLASSIC_DAIRY_BLOCK,2021-12-27,10804,13758.4,-3049.5,0.0,0.0,0.0,-3049.5,0.0,4.0,4.0,0.0,0,0
Freshway,CLASSIC_DAIRY_BLOCK,Freshway|CLASSIC_DAIRY_BLOCK,2022-01-03,15217,13757.7,164.1,0.0,0.0,0.0,0.0,164.1,4.0,4.0,0.0,0,0
Freshway,CLASSIC_DAIRY_BLOCK,Freshway|CLASSIC_DAIRY_BLOCK,2022-01-10,12742,13722.7,-118.2,0.0,0.0,0.0,0.0,-118.2,4.0,4.0,0.0,0,0
Freshway,CLASSIC_DAIRY_BLOCK,Freshway|CLASSIC_DAIRY_BLOCK,2022-01-17,86044,13676.2,75152.1,27689.9,25496.6,21259.7,0.0,705.9,2.6,4.0,35.0,1,1
Freshway,CLASSIC_DAIRY_BLOCK,Freshway|CLASSIC_DAIRY_BLOCK,2022-01-24,10234,13595.2,-4154.0,0.0,0.0,0.0,-4022.5,-131.5,4.0,4.0,0.0,0,0
Freshway,CLASSIC_DAIRY_BLOCK,Freshway|CLASSIC_DAIRY_BLOCK,2022-01-31,14870,13491.1,43.3,0.0,0.0,0.0,0.0,43.3,4.0,4.0,0.0,0,0
Freshway,CLASSIC_DAIRY_BLOCK,Freshway|CLASSIC_DAIRY_BLOCK,2022-02-07,13148,13363.8,107.0,0.0,0.0,0.0,0.0,107.0,4.0,4.0,0.0,0,0
Freshway,CLASSIC_DAIRY_BLOCK,Freshway|CLASSIC_DAIRY_BLOCK,2022-02-14,13340,13213.2,0.0,0.0,0.0,0.0,0.0,0.0,4.0,4.0,0.0,0,0
Freshway,CLASSIC_DAIRY_BLOCK,Freshway|CLASSIC_DAIRY_BLOCK,2022-02-21,12170,13050.8,0.0,0.0,0.0,0.0,0.0,0.0,4.0,4.0,0.0,0,0
Freshway,CLASSIC_DAIRY_BLOCK,Freshway|CLASSIC_DAIRY_BLOCK,2022-02-28,11978,12865.0,0.0,0.0,0.0,0.0,0.0,0.0,4.0,4.0,0.0,0,0
Freshway,CLASSIC_DAIRY_BLOCK,Freshway|CLASSIC_DAIRY_BLOCK,2022-03-07,20783,12678.7,6570.7,6570.7,0.0,0.0,0.0,0.0,3.4,4.0,15.0,0,0
Freshway,CLASSIC_DAIRY_BLOCK,Freshway|CLASSIC_DAIRY_BLOCK,2022-03-14,32301,12468.9,19621.1,25245.5,0.0,0.0,-5264.5,-359.9,2.6,4.0,35.0,0,0
Freshway,CLASSIC_DAIRY_BLOCK,Freshway|CLASSIC_DAIRY_BLOCK,2022-03-21,7846,12258.6,-3627.1,0.0,0.0,0.0,-3627.1,0.0,4.0,4.0,0.0,0,0
Freshway,CLASSIC_DAIRY_BLOCK,Freshway|CLASSIC_DAIRY_BLOCK,2022-03-28,11088,12047.8,0.0,0.0,0.0,0.0,0.0,0.0,4.0,4.0,0.0,0,0
Freshway,CLASSIC_DAIRY_BLOCK,Freshway|CLASSIC_DAIRY_BLOCK,2022-04-04,11217,12996.5,-32.3,0.0,0.0,0.0,0.0,-32.3,4.0,4.0,0.0,0,0
Freshway,CLASSIC_DAIRY_BLOCK,Freshway|CLASSIC_DAIRY_BLOCK,2022-04-11,13055,12786.4,-211.8,0.0,0.0,0.0,0.0,-211.8,4.0,4.0,0.0,0,0
Freshway,CLASSIC_DAIRY_BLOCK,Freshway|CLASSIC_DAIRY_BLOCK,2022-04-18,13145,12575.9,-208.3,0.0,0.0,0.0,0.0,-208.3,4.0,4.0,0.0,0,0
Freshway,CLASSIC_DAIRY_BLOCK,Freshway|CLASSIC_DAIRY_BLOCK,2022-04-25,13416,12388.1,0.0,0.0,0.0,0.0,0.0,0.0,4.0,4.0,0.0,0,0
Freshway,CLASSIC_DAIRY_BLOCK,Freshway|CLASSIC_DAIRY_BLOCK,2022-05-02,10854,11033.2,-69.3,0.0,0.0,0.0,0.0,-69.3,4.0,4.0,0.0,0,0
Freshway,CLASSIC_DAIRY_BLOCK,Freshway|CLASSIC_DAIRY_BLOCK,2022-05-09,11098,10866.3,0.0,0.0,0.0,0.0,0.0,0.0,4.0,4.0,0.0,0,0
Freshway,CLASSIC_DAIRY_BLOCK,Freshway|CLASSIC_DAIRY_BLOCK,2022-05-16,36158,10710.8,29951.3,8291.7,11712.5,9766.2,0.0,180.9,3.2,4.0,20.0,1,1
Freshway,CLASSIC_DAIRY_BLOCK,Freshway|CLASSIC_DAIRY_BLOCK,2022-05-23,9058,10578.4,-1921.5,0.0,0.0,0.0,-1921.5,0.0,4.0,4.0,0.0,0,0
Freshway,CLASSIC_DAIRY_BLOCK,Freshway|CLASSIC_DAIRY_BLOCK,2022-05-30,9283,10469.2,0.0,0.0,0.0,0.0,0.0,0.0,4.0,4.0,0.0,0,0
Freshway,CLASSIC_DAIRY_BLOCK,Freshway|CLASSIC_DAIRY_BLOCK,2022-06-06,10825,10383.3,-65.2,0.0,0.0,0.0,0.0,-65.2,4.0,4.0,0.0,0,0
Freshway,CLASSIC_DAIRY_BLOCK,Freshway|CLASSIC_DAIRY_BLOCK,2022-06-13,27027,10332.5,21170.4,20920.1,0.0,0.0,0.0,250.3,2.6,4.0,35.0,0,0
Freshway,CLASSIC_DAIRY_BLOCK,Freshway|CLASSIC_DAIRY_BLOCK,2022-06-20,7179,10293.5,-3045.6,0.0,0.0,0.0,-3045.6,0.0,4.0,4.0,0.0,0,0
Freshway,CLASSIC_DAIRY_BLOCK,Freshway|CLASSIC_DAIRY_BLOCK,2022-06-27,10668,10289.7,0.0,0.0,0.0,0.0,0.0,0.0,4.0,4.0,0.0,0,0
Freshway,CLASSIC_DAIRY_BLOCK,Freshway|CLASSIC_DAIRY_BLOCK,2022-07-04,10287,10309.6,-64.8,0.0,0.0,0.0,0.0,-64.8,4.0,4.0,0.0,0,0
Freshway,CLASSIC_DAIRY_BLOCK,Freshway|CLASSIC_DAIRY_BLOCK,2022-07-11,10145,10364.9,0.0,0.0,0.0,0.0,0.0,0.0,4.0,4.0,0.0,0,0
Freshway,CLASSIC_DAIRY_BLOCK,Freshway|CLASSIC_DAIRY_BLOCK,2022-07-18,11337,10432.2,0.0,0.0,0.0,0.0,0.0,0.0,4.0,4.0,0.0,0,0
Freshway,CLASSIC_DAIRY_BLOCK,Freshway|CLASSIC_DAIRY_BLOCK,2022-07-25,25247,10535.0,15968.1,15805.3,0.0,0.0,0.0,162.8,2.8,4.0,30.0,0,0
Freshway,CLASSIC_DAIRY_BLOCK,Freshway|CLASSIC_DAIRY_BLOCK,2022-08-01,8132,10661.5,-2768.7,0.0,0.0,0.0,-2768.7,0.0,4.0,4.0,0.0,0,0
Freshway,CLASSIC_DAIRY_BLOCK,Freshway|CLASSIC_DAIRY_BLOCK,2022-08-08,9935,10811.9,31.5,0.0,0.0,0.0,0.0,31.5,4.0,4.0,0.0,0,0
Freshway,CLASSIC_DAIRY_BLOCK,Freshway|CLASSIC_DAIRY_BLOCK,2022-08-15,10735,10986.1,-121.9,0.0,0.0,0.0,0.0,-121.9,4.0,4.0,0.0,0,0
Freshway,CLASSIC_DAIRY_BLOCK,Freshway|CLASSIC_DAIRY_BLOCK,2022-08-22,10127,11172.3,-123.9,0.0,0.0,0.0,0.0,-123.9,4.0,4.0,0.0,0,0
Freshway,CLASSIC_DAIRY_BLOCK,Freshway|CLASSIC_DAIRY_BLOCK,2022-08-29,11937,11382.4,0.0,0.0,0.0,0.0,0.0,0.0,4.0,4.0,0.0,0,0
Freshway,CLASSIC_DAIRY_BLOCK,Freshway|CLASSIC_DAIRY_BLOCK,2022-09-05,11397,11592.7,-99.9,0.0,0.0,0.0,0.0,-99.9,4.0,4.0,0.0,0,0
Freshway,CLASSIC_DAIRY_BLOCK,Freshway|CLASSIC_DAIRY_BLOCK,2022-09-12,19262,11826.8,9155.7,9155.7,0.0,0.0,0.0,0.0,3.2,4.0,20.0,0,0
Freshway,CLASSIC_DAIRY_BLOCK,Freshway|CLASSIC_DAIRY_BLOCK,2022-09-19,23181,12061.1,12269.2,6250.7,11286.7,0.0,-5376.4,108.2,3.4,4.0,15.0,1,0
Freshway,CLASSIC_DAIRY_BLOCK,Freshway|CLASSIC_DAIRY_BLOCK,2022-09-26,11552,12295.6,-1716.3,0.0,0.0,0.0,-1716.3,0.0,4.0,4.0,0.0,0,0
Freshway,CLASSIC_DAIRY_BLOCK,Freshway|CLASSIC_DAIRY_BLOCK,2022-10-03,13142,12530.3,0.0,0.0,0.0,0.0,0.0,0.0,4.0,4.0,0.0,0,0
Freshway,CLASSIC_DAIRY_BLOCK,Freshway|CLASSIC_DAIRY_BLOCK,2022-10-10,12512,12765.3,78.9,0.0,0.0,0.0,0.0,78.9,4.0,4.0,0.0,0,0
Freshway,CLASSIC_DAIRY_BLOCK,Freshway|CLASSIC_DAIRY_BLOCK,2022-10-17,13378,13000.4,0.0,0.0,0.0,0.0,0.0,0.0,4.0,4.0,0.0,0,0
Freshway,CLASSIC_DAIRY_BLOCK,Freshway|CLASSIC_DAIRY_BLOCK,2022-10-24,14180,13212.0,0.0,0.0,0.0,0.0,0.0,0.0,4.0,4.0,0.0,0,0
Freshway,CLASSIC_DAIRY_BLOCK,Freshway|CLASSIC_DAIRY_BLOCK,2022-10-31,40721,13423.9,25071.4,10392.1,14679.3,0.0,0.0,0.0,3.2,4.0,20.0,1,0
Freshway,CLASSIC_DAIRY_BLOCK,Freshway|CLASSIC_DAIRY_BLOCK,2022-11-07,19404,13612.3,6151.1,10537.9,0.0,0.0,-4386.8,0.0,3.2,4.0,20.0,0,0
Freshway,CLASSIC_DAIRY_BLOCK,Freshway|CLASSIC_DAIRY_BLOCK,2022-11-14,11134,13789.0,-2659.7,0.0,0.0,0.0,-2504.7,-155.0,4.0,4.0,0.0,0,0
Freshway,CLASSIC_DAIRY_BLOCK,Freshway|CLASSIC_DAIRY_BLOCK,2022-11-21,15241,13942.1,0.0,0.0,0.0,0.0,0.0,0.0,4.0,4.0,0.0,0,0
Freshway,CLASSIC_DAIRY_BLOCK,Freshway|CLASSIC_DAIRY_BLOCK,2022-11-28,13950,14071.7,0.0,0.0,0.0,0.0,0.0,0.0,4.0,4.0,0.0,0,0
Freshway,CLASSIC_DAIRY_BLOCK,Freshway|CLASSIC_DAIRY_BLOCK,2022-12-05,15041,14177.8,-56.3,0.0,0.0,0.0,0.0,-56.3,4.0,4.0,0.0,0,0
Freshway,CLASSIC_DAIRY_BLOCK,Freshway|CLASSIC_DAIRY_BLOCK,2022-12-12,33414,14248.3,21535.5,21376.3,0.0,0.0,0.0,159.2,2.8,4.0,30.0,0,0
Freshway,CLASSIC_DAIRY_BLOCK,Freshway|CLASSIC_DAIRY_BLOCK,2022-12-19,28172,14307.0,11685.2,7414.6,13388.4,0.0,-9117.8,0.0,3.4,4.0,15.0,1,0
Freshway,CLASSIC_DAIRY_BLOCK,Freshway|CLASSIC_DAIRY_BLOCK,2022-12-26,12060,14330.1,-2000.3,0.0,0.0,0.0,-2000.3,0.0,4.0,4.0,0.0,0,0
Freshway,CLASSIC_DAIRY_BLOCK,Freshway|CLASSIC_DAIRY_BLOCK,2023-01-02,13541,14329.4,64.0,0.0,0.0,0.0,0.0,64.0,4.0,4.0,0.0,0,0
Freshway,CLASSIC_DAIRY_BLOCK,Freshway|CLASSIC_DAIRY_BLOCK,2023-01-09,15191,14293.0,0.0,0.0,0.0,0.0,0.0,0.0,4.0,4.0,0.0,0,0
Freshway,CLASSIC_DAIRY_BLOCK,Freshway|CLASSIC_DAIRY_BLOCK,2023-01-16,12106,14244.5,-195.6,0.0,0.0,0.0,0.0,-195.6,4.0,4.0,0.0,0,0
Freshway,CLASSIC_DAIRY_BLOCK,Freshway|CLASSIC_DAIRY_BLOCK,2023-01-23,12990,14160.2,0.0,0.0,0.0,0.0,0.0,0.0,4.0,4.0,0.0,0,0
Freshway,CLASSIC_DAIRY_BLOCK,Freshway|CLASSIC_DAIRY_BLOCK,2023-01-30,56974,14051.7,41964.2,28450.2,0.0,13514.0,0.0,0.0,2.6,4.0,35.0,0,1
Freshway,CLASSIC_DAIRY_BLOCK,Freshway|CLASSIC_DAIRY_BLOCK,2023-02-06,32165,13919.1,19255.2,15229.3,17966.1,0.0,-13940.2,0.0,3.0,4.0,25.0,1,0
Freshway,CLASSIC_DAIRY_BLOCK,Freshway|CLASSIC_DAIRY_BLOCK,2023-02-13,10451,13762.3,-3094.0,0.0,0.0,0.0,-3050.4,-43.7,4.0,4.0,0.0,0,0
Freshway,CLASSIC_DAIRY_BLOCK,Freshway|CLASSIC_DAIRY_BLOCK,2023-02-20,28094,13593.1,14920.4,14872.6,0.0,0.0,0.0,47.8,3.0,4.0,25.0,0,0
Freshway,CLASSIC_DAIRY_BLOCK,Freshway|CLASSIC_DAIRY_BLOCK,2023-02-27,10379,13399.6,-2970.0,0.0,0.0,0.0,-2970.0,0.0,4.0,4.0,0.0,0,0
Freshway,CLASSIC_DAIRY_BLOCK,Freshway|CLASSIC_DAIRY_BLOCK,2023-03-06,39069,13205.6,26737.1,26737.1,0.0,0.0,0.0,0.0,2.6,4.0,35.0,0,0
Freshway,CLASSIC_DAIRY_BLOCK,Freshway|CLASSIC_DAIRY_BLOCK,2023-03-13,8341,12987.1,-3842.6,0.0,0.0,0.0,-3842.6,0.0,4.0,4.0,0.0,0,0
Freshway,CLASSIC_DAIRY_BLOCK,Freshway|CLASSIC_DAIRY_BLOCK,2023-03-20,12752,12768.0,-211.5,0.0,0.0,0.0,0.0,-211.5,4.0,4.0,0.0,0,0
Freshway,CLASSIC_DAIRY_BLOCK,Freshway|CLASSIC_DAIRY_BLOCK,2023-03-27,11496,12548.5,-207.8,0.0,0.0,0.0,0.0,-207.8,4.0,4.0,0.0,0,0
Freshway,CLASSIC_DAIRY_BLOCK,Freshway|CLASSIC_DAIRY_BLOCK,2023-04-03,12285,13536.6,0.0,0.0,0.0,0.0,0.0,0.0,4.0,4.0,0.0,0,0
Freshway,CLASSIC_DAIRY_BLOCK,Freshway|CLASSIC_DAIRY_BLOCK,2023-04-10,43104,13317.8,24873.2,10309.9,14563.3,0.0,0.0,0.0,3.2,4.0,20.0,1,0
Freshway,CLASSIC_DAIRY_BLOCK,Freshway|CLASSIC_DAIRY_BLOCK,2023-04-17,66158,13098.5,55689.0,26520.2,24419.5,20361.7,-15330.9,-281.6,2.6,4.0,35.0,1,1
Freshway,CLASSIC_DAIRY_BLOCK,Freshway|CLASSIC_DAIRY_BLOCK,2023-04-24,23544,12902.9,10037.5,19357.9,0.0,0.0,-9545.3,224.9,2.8,4.0,30.0,0,0
Freshway,CLASSIC_DAIRY_BLOCK,Freshway|CLASSIC_DAIRY_BLOCK,2023-05-01,8176,11491.7,-2957.0,0.0,0.0,0.0,-2984.3,27.3,4.0,4.0,0.0,0,0
Freshway,CLASSIC_DAIRY_BLOCK,Freshway|CLASSIC_DAIRY_BLOCK,2023-05-08,12062,11317.9,0.0,0.0,0.0,0.0,0.0,0.0,4.0,4.0,0.0,0,0
Freshway,CLASSIC_DAIRY_BLOCK,Freshway|CLASSIC_DAIRY_BLOCK,2023-05-15,9836,11155.9,-96.1,0.0,0.0,0.0,0.0,-96.1,4.0,4.0,0.0,0,0
Freshway,CLASSIC_DAIRY_BLOCK,Freshway|CLASSIC_DAIRY_BLOCK,2023-05-22,11177,11018.0,88.3,0.0,0.0,0.0,0.0,88.3,4.0,4.0,0.0,0,0
Freshway,CLASSIC_DAIRY_BLOCK,Freshway|CLASSIC_DAIRY_BLOCK,2023-05-29,10870,10904.2,0.0,0.0,0.0,0.0,0.0,0.0,4.0,4.0,0.0,0,0
Freshway,CLASSIC_DAIRY_BLOCK,Freshway|CLASSIC_DAIRY_BLOCK,2023-06-05,11032,10814.8,-67.9,0.0,0.0,0.0,0.0,-67.9,4.0,4.0,0.0,0,0
Freshway,CLASSIC_DAIRY_BLOCK,Freshway|CLASSIC_DAIRY_BLOCK,2023-06-12,11604,10761.9,0.0,0.0,0.0,0.0,0.0,0.0,4.0,4.0,0.0,0,0
Freshway,CLASSIC_DAIRY_BLOCK,Freshway|CLASSIC_DAIRY_BLOCK,2023-06-19,10293,10721.2,0.0,0.0,0.0,0.0,0.0,0.0,4.0,4.0,0.0,0,0
Freshway,CLASSIC_DAIRY_BLOCK,Freshway|CLASSIC_DAIRY_BLOCK,2023-06-26,11791,10717.3,0.0,0.0,0.0,0.0,0.0,0.0,4.0,4.0,0.0,0,0
Freshway,CLASSIC_DAIRY_BLOCK,Freshway|CLASSIC_DAIRY_BLOCK,2023-07-03,10104,10738.0,-147.5,0.0,0.0,0.0,0.0,-147.5,4.0,4.0,0.0,0,0
Freshway,CLASSIC_DAIRY_BLOCK,Freshway|CLASSIC_DAIRY_BLOCK,2023-07-10,18126,10795.7,8279.4,8357.4,0.0,0.0,0.0,-78.1,3.2,4.0,20.0,0,0
Freshway,CLASSIC_DAIRY_BLOCK,Freshway|CLASSIC_DAIRY_BLOCK,2023-07-17,8991,10865.7,-2072.3,0.0,0.0,0.0,-1973.7,-98.6,4.0,4.0,0.0,0,0
Freshway,CLASSIC_DAIRY_BLOCK,Freshway|CLASSIC_DAIRY_BLOCK,2023-07-24,10270,10972.7,87.9,0.0,0.0,0.0,0.0,87.9,4.0,4.0,0.0,0,0
Freshway,CLASSIC_DAIRY_BLOCK,Freshway|CLASSIC_DAIRY_BLOCK,2023-07-31,9748,11104.6,-7.5,0.0,0.0,0.0,0.0,-7.5,4.0,4.0,0.0,0,0
Freshway,CLASSIC_DAIRY_BLOCK,Freshway|CLASSIC_DAIRY_BLOCK,2023-08-07,40586,11261.2,25435.8,16894.9,0.0,8952.5,0.0,-411.6,2.8,4.0,30.0,0,1
Freshway,CLASSIC_DAIRY_BLOCK,Freshway|CLASSIC_DAIRY_BLOCK,2023-08-14,7804,11442.7,-2971.6,0.0,0.0,0.0,-2971.6,0.0,4.0,4.0,0.0,0,0
Freshway,CLASSIC_DAIRY_BLOCK,Freshway|CLASSIC_DAIRY_BLOCK,2023-08-21,48646,11636.6,35391.0,17458.1,17932.9,0.0,0.0,0.0,2.8,4.0,30.0,1,0
Freshway,CLASSIC_DAIRY_BLOCK,Freshway|CLASSIC_DAIRY_BLOCK,2023-08-28,8669,11855.4,-3053.2,0.0,0.0,0.0,-3078.8,25.6,4.0,4.0,0.0,0,0
Freshway,CLASSIC_DAIRY_BLOCK,Freshway|CLASSIC_DAIRY_BLOCK,2023-09-04,13112,12074.4,0.0,0.0,0.0,0.0,0.0,0.0,4.0,4.0,0.0,0,0
Freshway,CLASSIC_DAIRY_BLOCK,Freshway|CLASSIC_DAIRY_BLOCK,2023-09-11,12751,12318.3,-39.1,0.0,0.0,0.0,0.0,-39.1,4.0,4.0,0.0,0,0
Freshway,CLASSIC_DAIRY_BLOCK,Freshway|CLASSIC_DAIRY_BLOCK,2023-09-18,46974,12562.3,37516.2,25434.6,0.0,12081.6,0.0,0.0,2.6,4.0,35.0,0,1
Freshway,CLASSIC_DAIRY_BLOCK,Freshway|CLASSIC_DAIRY_BLOCK,2023-09-25,9942,12806.6,-3789.2,0.0,0.0,0.0,-3789.2,0.0,4.0,4.0,0.0,0,0
Freshway,CLASSIC_DAIRY_BLOCK,Freshway|CLASSIC_DAIRY_BLOCK,2023-10-02,14362,13051.1,155.7,0.0,0.0,0.0,0.0,155.7,4.0,4.0,0.0,0,0
Freshway,CLASSIC_DAIRY_BLOCK,Freshway|CLASSIC_DAIRY_BLOCK,2023-10-09,14578,13295.7,131.6,0.0,0.0,0.0,0.0,131.6,4.0,4.0,0.0,0,0
Freshway,CLASSIC_DAIRY_BLOCK,Freshway|CLASSIC_DAIRY_BLOCK,2023-10-16,14648,13540.6,-116.6,0.0,0.0,0.0,0.0,-116.6,4.0,4.0,0.0,0,0
Freshway,CLASSIC_DAIRY_BLOCK,Freshway|CLASSIC_DAIRY_BLOCK,2023-10-23,13580,13761.1,0.0,0.0,0.0,0.0,0.0,0.0,4.0,4.0,0.0,0,0
Freshway,CLASSIC_DAIRY_BLOCK,Freshway|CLASSIC_DAIRY_BLOCK,2023-10-30,13729,13981.8,0.0,0.0,0.0,0.0,0.0,0.0,4.0,4.0,0.0,0,0
Freshway,CLASSIC_DAIRY_BLOCK,Freshway|CLASSIC_DAIRY_BLOCK,2023-11-06,14401,14177.9,0.0,0.0,0.0,0.0,0.0,0.0,4.0,4.0,0.0,0,0
Freshway,CLASSIC_DAIRY_BLOCK,Freshway|CLASSIC_DAIRY_BLOCK,2023-11-13,14916,14362.0,-237.9,0.0,0.0,0.0,0.0,-237.9,4.0,4.0,0.0,0,0
Freshway,CLASSIC_DAIRY_BLOCK,Freshway|CLASSIC_DAIRY_BLOCK,2023-11-20,20572,14521.5,4624.6,4514.5,0.0,0.0,0.0,110.1,3.6,4.0,10.0,0,0
Freshway,CLASSIC_DAIRY_BLOCK,Freshway|CLASSIC_DAIRY_BLOCK,2023-11-27,12660,14656.5,-1397.8,0.0,0.0,0.0,-1397.8,0.0,4.0,4.0,0.0,0,0
Freshway,CLASSIC_DAIRY_BLOCK,Freshway|CLASSIC_DAIRY_BLOCK,2023-12-04,15073,14766.9,0.0,0.0,0.0,0.0,0.0,0.0,4.0,4.0,0.0,0,0
Freshway,CLASSIC_DAIRY_BLOCK,Freshway|CLASSIC_DAIRY_BLOCK,2023-12-11,14990,14840.4,-60.5,0.0,0.0,0.0,0.0,-60.5,4.0,4.0,0.0,0,0
Freshway,CLASSIC_DAIRY_BLOCK,Freshway|CLASSIC_DAIRY_BLOCK,2023-12-18,14359,14901.5,-246.8,0.0,0.0,0.0,0.0,-246.8,4.0,4.0,0.0,0,0
Freshway,CLASSIC_DAIRY_BLOCK,Freshway|CLASSIC_DAIRY_BLOCK,2023-12-25,24645,14925.6,7801.2,7735.2,0.0,0.0,0.0,66.0,3.4,4.0,15.0,0,0
Freshway,DARK_ORCHARD_BLOCK,Freshway|DARK_ORCHARD_BLOCK,2021-01-04,3841,3772.5,47.0,0.0,0.0,0.0,0.0,47.0,5.0,5.0,0.0,0,0
Freshway,DARK_ORCHARD_BLOCK,Freshway|DARK_ORCHARD_BLOCK,2021-01-11,3958,3761.1,-22.7,0.0,0.0,0.0,0.0,-22.7,5.0,5.0,0.0,0,0
Freshway,DARK_ORCHARD_BLOCK,Freshway|DARK_ORCHARD_BLOCK,2021-01-18,3868,3746.6,74.8,0.0,0.0,0.0,0.0,74.8,5.0,5.0,0.0,0,0
Freshway,DARK_ORCHARD_BLOCK,Freshway|DARK_ORCHARD_BLOCK,2021-01-25,3984,3722.5,59.5,0.0,0.0,0.0,0.0,59.5,5.0,5.0,0.0,0,0
Freshway,DARK_ORCHARD_BLOCK,Freshway|DARK_ORCHARD_BLOCK,2021-02-01,8501,3692.0,4585.1,1976.2,2608.9,0.0,0.0,0.0,4.0,5.0,20.0,1,0
Freshway,DARK_ORCHARD_BLOCK,Freshway|DARK_ORCHARD_BLOCK,2021-02-08,3071,3655.2,-556.9,0.0,0.0,0.0,-630.3,73.4,5.0,5.0,0.0,0,0
Freshway,DARK_ORCHARD_BLOCK,Freshway|DARK_ORCHARD_BLOCK,2021-02-15,4316,3611.9,810.4,810.4,0.0,0.0,0.0,0.0,4.5,5.0,10.0,0,0
Freshway,DARK_ORCHARD_BLOCK,Freshway|DARK_ORCHARD_BLOCK,2021-02-22,3543,3565.5,-322.0,0.0,0.0,0.0,-322.0,0.0,5.0,5.0,0.0,0,0
Freshway,DARK_ORCHARD_BLOCK,Freshway|DARK_ORCHARD_BLOCK,2021-03-01,3434,3512.6,0.0,0.0,0.0,0.0,0.0,0.0,5.0,5.0,0.0,0,0
Freshway,DARK_ORCHARD_BLOCK,Freshway|DARK_ORCHARD_BLOCK,2021-03-08,3382,3459.6,9.4,0.0,0.0,0.0,0.0,9.4,5.0,5.0,0.0,0,0
Freshway,DARK_ORCHARD_BLOCK,Freshway|DARK_ORCHARD_BLOCK,2021-03-15,10722,3400.2,7233.6,4379.2,0.0,2792.5,0.0,61.9,3.25,5.0,35.0,0,1
Freshway,DARK_ORCHARD_BLOCK,Freshway|DARK_ORCHARD_BLOCK,2021-03-22,3654,3340.8,306.6,1788.2,0.0,0.0,-1446.2,-35.4,4.0,5.0,20.0,0,0
Freshway,DARK_ORCHARD_BLOCK,Freshway|DARK_ORCHARD_BLOCK,2021-03-29,5742,3281.3,2871.6,4225.9,0.0,0.0,-1294.6,-59.8,3.25,5.0,35.0,0,0
Freshway,DARK_ORCHARD_BLOCK,Freshway|DARK_ORCHARD_BLOCK,2021-04-05,2319,3541.0,-998.4,0.0,0.0,0.0,-998.4,0.0,5.0,5.0,0.0,0,0
Freshway,DARK_ORCHARD_BLOCK,Freshway|DARK_ORCHARD_BLOCK,2021-04-12,3372,3481.6,0.0,0.0,0.0,0.0,0.0,0.0,5.0,5.0,0.0,0,0
Freshway,DARK_ORCHARD_BLOCK,Freshway|DARK_ORCHARD_BLOCK,2021-04-19,6568,3422.1,2525.3,2525.3,0.0,0.0,0.0,0.0,3.75,5.0,25.0,0,0
Freshway,DARK_ORCHARD_BLOCK,Freshway|DARK_ORCHARD_BLOCK,2021-04-26,2964,3368.9,-725.8,0.0,0.0,0.0,-709.8,-16.0,5.0,5.0,0.0,0,0
Freshway,DARK_ORCHARD_BLOCK,Freshway|DARK_ORCHARD_BLOCK,2021-05-03,4405,2995.4,1603.3,1603.3,0.0,0.0,0.0,0.0,4.0,5.0,20.0,0,0
Freshway,DARK_ORCHARD_BLOCK,Freshway|DARK_ORCHARD_BLOCK,2021-05-10,2511,2948.3,-497.2,0.0,0.0,0.0,-508.4,11.2,5.0,5.0,0.0,0,0
Freshway,DARK_ORCHARD_BLOCK,Freshway|DARK_ORCHARD_BLOCK,2021-05-17,7694,2904.3,4466.4,2143.2,2323.2,0.0,0.0,0.0,3.75,5.0,25.0,1,0
Freshway,DARK_ORCHARD_BLOCK,Freshway|DARK_ORCHARD_BLOCK,2021-05-24,2038,2866.7,-617.6,0.0,0.0,0.0,-604.0,-13.6,5.0,5.0,0.0,0,0
Freshway,DARK_ORCHARD_BLOCK,Freshway|DARK_ORCHARD_BLOCK,2021-05-31,3938,2835.5,1133.2,1039.2,0.0,0.0,0.0,94.0,4.25,5.0,15.0,0,0
Freshway,DARK_ORCHARD_BLOCK,Freshway|DARK_ORCHARD_BLOCK,2021-06-07,2180,2810.8,-341.6,0.0,0.0,0.0,-372.0,30.4,5.0,5.0,0.0,0,0
Freshway,DARK_ORCHARD_BLOCK,Freshway|DARK_ORCHARD_BLOCK,2021-06-14,5611,2795.6,2751.7,2751.7,0.0,0.0,0.0,0.0,3.5,5.0,30.0,0,0
Freshway,DARK_ORCHARD_BLOCK,Freshway|DARK_ORCHARD_BLOCK,2021-06-21,2203,2783.7,-688.1,0.0,0.0,0.0,-688.1,0.0,5.0,5.0,0.0,0,0
Freshway,DARK_ORCHARD_BLOCK,Freshway|DARK_ORCHARD_BLOCK,2021-06-28,2797,2781.5,0.0,0.0,0.0,0.0,0.0,0.0,5.0,5.0,0.0,0,0
Freshway,DARK_ORCHARD_BLOCK,Freshway|DARK_ORCHARD_BLOCK,2021-07-05,2783,2785.7,-12.2,0.0,0.0,0.0,0.0,-12.2,5.0,5.0,0.0,0,0
Freshway,DARK_ORCHARD_BLOCK,Freshway|DARK_ORCHARD_BLOCK,2021-07-12,2762,2799.5,0.0,0.0,0.0,0.0,0.0,0.0,5.0,5.0,0.0,0,0
Freshway,DARK_ORCHARD_BLOCK,Freshway|DARK_ORCHARD_BLOCK,2021-07-19,5277,2816.6,2772.3,2772.3,0.0,0.0,0.0,0.0,3.5,5.0,30.0,0,0
Freshway,DARK_ORCHARD_BLOCK,Freshway|DARK_ORCHARD_BLOCK,2021-07-26,2195,2843.4,-660.1,0.0,0.0,0.0,-702.8,42.8,5.0,5.0,0.0,0,0
Freshway,DARK_ORCHARD_BLOCK,Freshway|DARK_ORCHARD_BLOCK,2021-08-02,2747,2876.7,0.0,0.0,0.0,0.0,0.0,0.0,5.0,5.0,0.0,0,0
Freshway,DARK_ORCHARD_BLOCK,Freshway|DARK_ORCHARD_BLOCK,2021-08-09,5619,2916.4,2215.2,2152.1,0.0,0.0,0.0,63.1,3.75,5.0,25.0,0,0
Freshway,DARK_ORCHARD_BLOCK,Freshway|DARK_ORCHARD_BLOCK,2021-08-16,2391,2962.6,-651.3,0.0,0.0,0.0,-624.2,-27.1,5.0,5.0,0.0,0,0
Freshway,DARK_ORCHARD_BLOCK,Freshway|DARK_ORCHARD_BLOCK,2021-08-23,3182,3012.0,37.5,0.0,0.0,0.0,0.0,37.5,5.0,5.0,0.0,0,0
Freshway,DARK_ORCHARD_BLOCK,Freshway|DARK_ORCHARD_BLOCK,2021-08-30,2859,3067.9,0.0,0.0,0.0,0.0,0.0,0.0,5.0,5.0,0.0,0,0
Freshway,DARK_ORCHARD_BLOCK,Freshway|DARK_ORCHARD_BLOCK,2021-09-06,2858,3123.8,0.0,0.0,0.0,0.0,0.0,0.0,5.0,5.0,0.0,0,0
Freshway,DARK_ORCHARD_BLOCK,Freshway|DARK_ORCHARD_BLOCK,2021-09-13,3003,3186.1,-14.0,0.0,0.0,0.0,0.0,-14.0,5.0,5.0,0.0,0,0
Freshway,DARK_ORCHARD_BLOCK,Freshway|DARK_ORCHARD_BLOCK,2021-09-20,3080,3248.5,0.0,0.0,0.0,0.0,0.0,0.0,5.0,5.0,0.0,0,0
Freshway,DARK_ORCHARD_BLOCK,Freshway|DARK_ORCHARD_BLOCK,2021-09-27,6717,3310.9,3596.9,1772.3,0.0,1824.7,0.0,0.0,4.0,5.0,20.0,0,1
Freshway,DARK_ORCHARD_BLOCK,Freshway|DARK_ORCHARD_BLOCK,2021-10-04,2739,3373.3,-581.7,0.0,0.0,0.0,-581.7,0.0,5.0,5.0,0.0,0,0
Freshway,DARK_ORCHARD_BLOCK,Freshway|DARK_ORCHARD_BLOCK,2021-10-11,3431,3435.7,-20.7,0.0,0.0,0.0,0.0,-20.7,5.0,5.0,0.0,0,0
Freshway,DARK_ORCHARD_BLOCK,Freshway|DARK_ORCHARD_BLOCK,2021-10-18,3349,3498.1,-15.4,0.0,0.0,0.0,0.0,-15.4,5.0,5.0,0.0,0,0
Freshway,DARK_ORCHARD_BLOCK,Freshway|DARK_ORCHARD_BLOCK,2021-10-25,3028,3554.1,-20.7,0.0,0.0,0.0,0.0,-20.7,5.0,5.0,0.0,0,0
Freshway,DARK_ORCHARD_BLOCK,Freshway|DARK_ORCHARD_BLOCK,2021-11-01,3460,3610.1,0.0,0.0,0.0,0.0,0.0,0.0,5.0,5.0,0.0,0,0
Freshway,DARK_ORCHARD_BLOCK,Freshway|DARK_ORCHARD_BLOCK,2021-11-08,3648,3659.7,0.0,0.0,0.0,0.0,0.0,0.0,5.0,5.0,0.0,0,0
Freshway,DARK_ORCHARD_BLOCK,Freshway|DARK_ORCHARD_BLOCK,2021-11-15,4259,3706.1,0.0,0.0,0.0,0.0,0.0,0.0,5.0,5.0,0.0,0,0
Freshway,DARK_ORCHARD_BLOCK,Freshway|DARK_ORCHARD_BLOCK,2021-11-22,3646,3746.0,-29.1,0.0,0.0,0.0,0.0,-29.1,5.0,5.0,0.0,0,0
Freshway,DARK_ORCHARD_BLOCK,Freshway|DARK_ORCHARD_BLOCK,2021-11-29,3457,3779.6,30.8,0.0,0.0,0.0,0.0,30.8,5.0,5.0,0.0,0,0
Freshway,DARK_ORCHARD_BLOCK,Freshway|DARK_ORCHARD_BLOCK,2021-12-06,3497,3806.7,0.0,0.0,0.0,0.0,0.0,0.0,5.0,5.0,0.0,0,0
Freshway,DARK_ORCHARD_BLOCK,Freshway|DARK_ORCHARD_BLOCK,2021-12-13,3863,3824.1,0.0,0.0,0.0,0.0,0.0,0.0,5.0,5.0,0.0,0,0
Freshway,DARK_ORCHARD_BLOCK,Freshway|DARK_ORCHARD_BLOCK,2021-12-20,3652,3838.3,-29.8,0.0,0.0,0.0,0.0,-29.8,5.0,5.0,0.0,0,0
Freshway,DARK_ORCHARD_BLOCK,Freshway|DARK_ORCHARD_BLOCK,2021-12-27,3923,3842.9,0.0,0.0,0.0,0.0,0.0,0.0,5.0,5.0,0.0,0,0
Freshway,DARK_ORCHARD_BLOCK,Freshway|DARK_ORCHARD_BLOCK,2022-01-03,3789,3841.0,61.4,0.0,0.0,0.0,0.0,61.4,5.0,5.0,0.0,0,0
Freshway,DARK_ORCHARD_BLOCK,Freshway|DARK_ORCHARD_BLOCK,2022-01-10,5772,3829.4,2192.5,2049.8,0.0,0.0,0.0,142.7,4.0,5.0,20.0,0,0
Freshway,DARK_ORCHARD_BLOCK,Freshway|DARK_ORCHARD_BLOCK,2022-01-17,3042,3814.6,-694.4,0.0,0.0,0.0,-657.8,-36.6,5.0,5.0,0.0,0,0
Freshway,DARK_ORCHARD_BLOCK,Freshway|DARK_ORCHARD_BLOCK,2022-01-24,7619,3790.0,3730.5,3730.5,0.0,0.0,0.0,0.0,3.5,5.0,30.0,0,0
Freshway,DARK_ORCHARD_BLOCK,Freshway|DARK_ORCHARD_BLOCK,2022-01-31,6372,3759.0,2585.4,2012.1,2656.3,0.0,-2083.0,0.0,4.0,5.0,20.0,1,0
Freshway,DARK_ORCHARD_BLOCK,Freshway|DARK_ORCHARD_BLOCK,2022-02-07,3193,3721.5,-592.5,0.0,0.0,0.0,-641.8,49.3,5.0,5.0,0.0,0,0
Freshway,DARK_ORCHARD_BLOCK,Freshway|DARK_ORCHARD_BLOCK,2022-02-14,3784,3677.5,0.0,0.0,0.0,0.0,0.0,0.0,5.0,5.0,0.0,0,0
Freshway,DARK_ORCHARD_BLOCK,Freshway|DARK_ORCHARD_BLOCK,2022-02-21,4310,3630.2,21.3,0.0,0.0,0.0,0.0,21.3,5.0,5.0,0.0,0,0
Freshway,DARK_ORCHARD_BLOCK,Freshway|DARK_ORCHARD_BLOCK,2022-02-28,3654,3576.3,57.2,0.0,0.0,0.0,0.0,57.2,5.0,5.0,0.0,0,0
Freshway,DARK_ORCHARD_BLOCK,Freshway|DARK_ORCHARD_BLOCK,2022-03-07,3704,3522.4,-15.5,0.0,0.0,0.0,0.0,-15.5,5.0,5.0,0.0,0,0
Freshway,DARK_ORCHARD_BLOCK,Freshway|DARK_ORCHARD_BLOCK,2022-03-14,5712,3462.0,2603.7,2554.7,0.0,0.0,0.0,49.0,3.75,5.0,25.0,0,0
Freshway,DARK_ORCHARD_BLOCK,Freshway|DARK_ORCHARD_BLOCK,2022-03-21,2905,3401.4,-651.5,0.0,0.0,0.0,-716.7,65.2,5.0,5.0,0.0,0,0
Freshway,DARK_ORCHARD_BLOCK,Freshway|DARK_ORCHARD_BLOCK,2022-03-28,3831,3340.8,0.0,0.0,0.0,0.0,0.0,0.0,5.0,5.0,0.0,0,0
Freshway,DARK_ORCHARD_BLOCK,Freshway|DARK_ORCHARD_BLOCK,2022-04-04,5669,3605.3,1929.8,1929.8,0.0,0.0,0.0,0.0,4.0,5.0,20.0,0,0
Freshway,DARK_ORCHARD_BLOCK,Freshway|DARK_ORCHARD_BLOCK,2022-04-11,6324,3544.8,3166.8,4565.3,0.0,0.0,-1398.5,0.0,3.25,5.0,35.0,0,0
Freshway,DARK_ORCHARD_BLOCK,Freshway|DARK_ORCHARD_BLOCK,2022-04-18,8987,3484.2,4294.3,4487.3,0.0,2861.5,-3054.6,0.0,3.25,5.0,35.0,0,1
Freshway,DARK_ORCHARD_BLOCK,Freshway|DARK_ORCHARD_BLOCK,2022-04-25,2446,3430.1,-967.2,0.0,0.0,0.0,-967.2,0.0,5.0,5.0,0.0,0,0
Freshway,DARK_ORCHARD_BLOCK,Freshway|DARK_ORCHARD_BLOCK,2022-05-02,3705,3049.7,1117.7,1117.7,0.0,0.0,0.0,0.0,4.25,5.0,15.0,0,0
Freshway,DARK_ORCHARD_BLOCK,Freshway|DARK_ORCHARD_BLOCK,2022-05-09,2671,3001.8,-397.3,0.0,0.0,0.0,-397.3,0.0,5.0,5.0,0.0,0,0
Freshway,DARK_ORCHARD_BLOCK,Freshway|DARK_ORCHARD_BLOCK,2022-05-16,2891,2957.0,-17.8,0.0,0.0,0.0,0.0,-17.8,5.0,5.0,0.0,0,0
Freshway,DARK_ORCHARD_BLOCK,Freshway|DARK_ORCHARD_BLOCK,2022-05-23,2804,2918.8,26.6,0.0,0.0,0.0,0.0,26.6,5.0,5.0,0.0,0,0
Freshway,DARK_ORCHARD_BLOCK,Freshway|DARK_ORCHARD_BLOCK,2022-05-30,2933,2887.0,0.0,0.0,0.0,0.0,0.0,0.0,5.0,5.0,0.0,0,0
Freshway,DARK_ORCHARD_BLOCK,Freshway|DARK_ORCHARD_BLOCK,2022-06-06,4485,2861.8,1048.8,1048.8,0.0,0.0,0.0,0.0,4.25,5.0,15.0,0,0
Freshway,DARK_ORCHARD_BLOCK,Freshway|DARK_ORCHARD_BLOCK,2022-06-13,2203,2846.4,-405.4,0.0,0.0,0.0,-376.7,-28.7,5.0,5.0,0.0,0,0
Freshway,DARK_ORCHARD_BLOCK,Freshway|DARK_ORCHARD_BLOCK,2022-06-20,2567,2834.3,0.0,0.0,0.0,0.0,0.0,0.0,5.0,5.0,0.0,0,0
Freshway,DARK_ORCHARD_BLOCK,Freshway|DARK_ORCHARD_BLOCK,2022-06-27,2898,2832.0,25.8,0.0,0.0,0.0,0.0,25.8,5.0,5.0,0.0,0,0
Freshway,DARK_ORCHARD_BLOCK,Freshway|DARK_ORCHARD_BLOCK,2022-07-04,4800,2836.2,1039.4,1039.4,0.0,0.0,0.0,0.0,4.25,5.0,15.0,0,0
Freshway,DARK_ORCHARD_BLOCK,Freshway|DARK_ORCHARD_BLOCK,2022-07-11,2368,2850.3,-377.2,0.0,0.0,0.0,-377.2,0.0,5.0,5.0,0.0,0,0
Freshway,DARK_ORCHARD_BLOCK,Freshway|DARK_ORCHARD_BLOCK,2022-07-18,2747,2867.8,0.0,0.0,0.0,0.0,0.0,0.0,5.0,5.0,0.0,0,0
Freshway,DARK_ORCHARD_BLOCK,Freshway|DARK_ORCHARD_BLOCK,2022-07-25,2956,2895.0,-27.8,0.0,0.0,0.0,0.0,-27.8,5.0,5.0,0.0,0,0
Freshway,DARK_ORCHARD_BLOCK,Freshway|DARK_ORCHARD_BLOCK,2022-08-01,2868,2928.9,0.0,0.0,0.0,0.0,0.0,0.0,5.0,5.0,0.0,0,0
Freshway,DARK_ORCHARD_BLOCK,Freshway|DARK_ORCHARD_BLOCK,2022-08-08,3123,2969.3,0.0,0.0,0.0,0.0,0.0,0.0,5.0,5.0,0.0,0,0
Freshway,DARK_ORCHARD_BLOCK,Freshway|DARK_ORCHARD_BLOCK,2022-08-15,5214,3016.4,2309.8,2225.9,0.0,0.0,0.0,83.9,3.75,5.0,25.0,0,0
Freshway,DARK_ORCHARD_BLOCK,Freshway|DARK_ORCHARD_BLOCK,2022-08-22,6310,3066.7,3076.4,2263.0,2453.1,0.0,-1639.8,0.0,3.75,5.0,25.0,1,0
Freshway,DARK_ORCHARD_BLOCK,Freshway|DARK_ORCHARD_BLOCK,2022-08-29,2312,3123.6,-658.1,0.0,0.0,0.0,-658.1,0.0,5.0,5.0,0.0,0,0
Freshway,DARK_ORCHARD_BLOCK,Freshway|DARK_ORCHARD_BLOCK,2022-09-05,7521,3180.5,4064.0,1702.4,2247.5,0.0,0.0,114.1,4.0,5.0,20.0,1,0
Freshway,DARK_ORCHARD_BLOCK,Freshway|DARK_ORCHARD_BLOCK,2022-09-12,2752,3244.0,-575.6,0.0,0.0,0.0,-559.4,-16.2,5.0,5.0,0.0,0,0
Freshway,DARK_ORCHARD_BLOCK,Freshway|DARK_ORCHARD_BLOCK,2022-09-19,3255,3307.5,-14.5,0.0,0.0,0.0,0.0,-14.5,5.0,5.0,0.0,0,0
Freshway,DARK_ORCHARD_BLOCK,Freshway|DARK_ORCHARD_BLOCK,2022-09-26,3666,3371.0,0.0,0.0,0.0,0.0,0.0,0.0,5.0,5.0,0.0,0,0
Freshway,DARK_ORCHARD_BLOCK,Freshway|DARK_ORCHARD_BLOCK,2022-10-03,3533,3434.5,68.6,0.0,0.0,0.0,0.0,68.6,5.0,5.0,0.0,0,0
Freshway,DARK_ORCHARD_BLOCK,Freshway|DARK_ORCHARD_BLOCK,2022-10-10,3883,3498.1,43.6,0.0,0.0,0.0,0.0,43.6,5.0,5.0,0.0,0,0
Freshway,DARK_ORCHARD_BLOCK,Freshway|DARK_ORCHARD_BLOCK,2022-10-17,3636,3561.6,44.3,0.0,0.0,0.0,0.0,44.3,5.0,5.0,0.0,0,0
Freshway,DARK_ORCHARD_BLOCK,Freshway|DARK_ORCHARD_BLOCK,2022-10-24,3372,3618.7,0.0,0.0,0.0,0.0,0.0,0.0,5.0,5.0,0.0,0,0
Freshway,DARK_ORCHARD_BLOCK,Freshway|DARK_ORCHARD_BLOCK,2022-10-31,3624,3675.7,-22.2,0.0,0.0,0.0,0.0,-22.2,5.0,5.0,0.0,0,0
Freshway,DARK_ORCHARD_BLOCK,Freshway|DARK_ORCHARD_BLOCK,2022-11-07,3847,3726.2,-0.8,0.0,0.0,0.0,0.0,-0.8,5.0,5.0,0.0,0,0
Freshway,DARK_ORCHARD_BLOCK,Freshway|DARK_ORCHARD_BLOCK,2022-11-14,7149,3773.4,3714.1,3714.1,0.0,0.0,0.0,0.0,3.5,5.0,30.0,0,0
Freshway,DARK_ORCHARD_BLOCK,Freshway|DARK_ORCHARD_BLOCK,2022-11-21,3167,3814.1,-885.4,0.0,0.0,0.0,-942.7,57.4,5.0,5.0,0.0,0,0
Freshway,DARK_ORCHARD_BLOCK,Freshway|DARK_ORCHARD_BLOCK,2022-11-28,3694,3848.2,0.0,0.0,0.0,0.0,0.0,0.0,5.0,5.0,0.0,0,0
Freshway,DARK_ORCHARD_BLOCK,Freshway|DARK_ORCHARD_BLOCK,2022-12-05,8171,3875.8,3814.8,3814.8,0.0,0.0,0.0,0.0,3.5,5.0,30.0,0,0
Freshway,DARK_ORCHARD_BLOCK,Freshway|DARK_ORCHARD_BLOCK,2022-12-12,2933,3893.5,-990.6,0.0,0.0,0.0,-962.4,-28.2,5.0,5.0,0.0,0,0
Freshway,DARK_ORCHARD_BLOCK,Freshway|DARK_ORCHARD_BLOCK,2022-12-19,4107,3908.0,-17.2,0.0,0.0,0.0,0.0,-17.2,5.0,5.0,0.0,0,0
Freshway,DARK_ORCHARD_BLOCK,Freshway|DARK_ORCHARD_BLOCK,2022-12-26,3666,3912.6,35.7,0.0,0.0,0.0,0.0,35.7,5.0,5.0,0.0,0,0
Freshway,DARK_ORCHARD_BLOCK,Freshway|DARK_ORCHARD_BLOCK,2023-01-02,4759,3910.7,0.0,0.0,0.0,0.0,0.0,0.0,5.0,5.0,0.0,0,0
Freshway,DARK_ORCHARD_BLOCK,Freshway|DARK_ORCHARD_BLOCK,2023-01-09,3751,3898.9,0.0,0.0,0.0,0.0,0.0,0.0,5.0,5.0,0.0,0,0
Freshway,DARK_ORCHARD_BLOCK,Freshway|DARK_ORCHARD_BLOCK,2023-01-16,7476,3883.8,3822.8,3822.8,0.0,0.0,0.0,0.0,3.5,5.0,30.0,0,0
Freshway,DARK_ORCHARD_BLOCK,Freshway|DARK_ORCHARD_BLOCK,2023-01-23,2754,3858.9,-953.8,0.0,0.0,0.0,-953.8,0.0,5.0,5.0,0.0,0,0
Freshway,DARK_ORCHARD_BLOCK,Freshway|DARK_ORCHARD_BLOCK,2023-01-30,4262,3827.3,-44.4,0.0,0.0,0.0,0.0,-44.4,5.0,5.0,0.0,0,0
Freshway,DARK_ORCHARD_BLOCK,Freshway|DARK_ORCHARD_BLOCK,2023-02-06,4007,3789.1,-29.4,0.0,0.0,0.0,0.0,-29.4,5.0,5.0,0.0,0,0
Freshway,DARK_ORCHARD_BLOCK,Freshway|DARK_ORCHARD_BLOCK,2023-02-13,4958,3744.3,840.1,840.1,0.0,0.0,0.0,0.0,4.5,5.0,10.0,0,0
Freshway,DARK_ORCHARD_BLOCK,Freshway|DARK_ORCHARD_BLOCK,2023-02-20,4457,3696.1,973.4,1354.5,0.0,0.0,-456.1,75.0,4.25,5.0,15.0,0,0
Freshway,DARK_ORCHARD_BLOCK,Freshway|DARK_ORCHARD_BLOCK,2023-02-27,3129,3641.3,-481.9,0.0,0.0,0.0,-481.9,0.0,5.0,5.0,0.0,0,0
Freshway,DARK_ORCHARD_BLOCK,Freshway|DARK_ORCHARD_BLOCK,2023-03-06,4036,3586.4,15.1,0.0,0.0,0.0,0.0,15.1,5.0,5.0,0.0,0,0
Freshway,DARK_ORCHARD_BLOCK,Freshway|DARK_ORCHARD_BLOCK,2023-03-13,3103,3524.8,0.0,0.0,0.0,0.0,0.0,0.0,5.0,5.0,0.0,0,0
Freshway,DARK_ORCHARD_BLOCK,Freshway|DARK_ORCHARD_BLOCK,2023-03-20,11686,3463.2,8107.1,4460.2,3646.9,0.0,0.0,0.0,3.25,5.0,35.0,1,0
Freshway,DARK_ORCHARD_BLOCK,Freshway|DARK_ORCHARD_BLOCK,2023-03-27,7091,3401.5,4758.4,4380.8,3581.9,0.0,-3204.3,0.0,3.25,5.0,35.0,1,0
Freshway,DARK_ORCHARD_BLOCK,Freshway|DARK_ORCHARD_BLOCK,2023-04-03,2412,3670.7,-1035.0,0.0,0.0,0.0,-1035.0,0.0,5.0,5.0,0.0,0,0
Freshway,DARK_ORCHARD_BLOCK,Freshway|DARK_ORCHARD_BLOCK,2023-04-10,3602,3609.1,65.3,0.0,0.0,0.0,0.0,65.3,5.0,5.0,0.0,0,0
Freshway,DARK_ORCHARD_BLOCK,Freshway|DARK_ORCHARD_BLOCK,2023-04-17,5178,3547.5,2320.7,795.9,0.0,1559.1,0.0,-34.3,4.5,5.0,10.0,0,1
Freshway,DARK_ORCHARD_BLOCK,Freshway|DARK_ORCHARD_BLOCK,2023-04-24,3191,3492.4,-327.5,0.0,0.0,0.0,-315.4,-12.1,5.0,5.0,0.0,0,0
Freshway,DARK_ORCHARD_BLOCK,Freshway|DARK_ORCHARD_BLOCK,2023-05-01,4966,3105.1,1662.1,1662.1,0.0,0.0,0.0,0.0,4.0,5.0,20.0,0,0
Freshway,DARK_ORCHARD_BLOCK,Freshway|DARK_ORCHARD_BLOCK,2023-05-08,2520,3056.3,-486.6,0.0,0.0,0.0,-527.0,40.5,5.0,5.0,0.0,0,0
Freshway,DARK_ORCHARD_BLOCK,Freshway|DARK_ORCHARD_BLOCK,2023-05-15,4593,3010.7,1611.6,1611.6,0.0,0.0,0.0,0.0,4.0,5.0,20.0,0,0
Freshway,DARK_ORCHARD_BLOCK,Freshway|DARK_ORCHARD_BLOCK,2023-05-22,2424,2971.8,-490.0,0.0,0.0,0.0,-512.5,22.4,5.0,5.0,0.0,0,0
Freshway,DARK_ORCHARD_BLOCK,Freshway|DARK_ORCHARD_BLOCK,2023-05-29,2541,2939.4,17.2,0.0,0.0,0.0,0.0,17.2,5.0,5.0,0.0,0,0
Freshway,DARK_ORCHARD_BLOCK,Freshway|DARK_ORCHARD_BLOCK,2023-06-05,4250,2913.8,1067.8,1067.8,0.0,0.0,0.0,0.0,4.25,5.0,15.0,0,0
Freshway,DARK_ORCHARD_BLOCK,Freshway|DARK_ORCHARD_BLOCK,2023-06-12,2654,2898.1,-333.3,0.0,0.0,0.0,-383.5,50.2,5.0,5.0,0.0,0,0
Freshway,DARK_ORCHARD_BLOCK,Freshway|DARK_ORCHARD_BLOCK,2023-06-19,3276,2885.7,16.9,0.0,0.0,0.0,0.0,16.9,5.0,5.0,0.0,0,0
Freshway,DARK_ORCHARD_BLOCK,Freshway|DARK_ORCHARD_BLOCK,2023-06-26,2903,2883.4,0.0,0.0,0.0,0.0,0.0,0.0,5.0,5.0,0.0,0,0
Freshway,DARK_ORCHARD_BLOCK,Freshway|DARK_ORCHARD_BLOCK,2023-07-03,6037,2887.7,2981.4,2842.3,0.0,0.0,0.0,139.1,3.5,5.0,30.0,0,0
Freshway,DARK_ORCHARD_BLOCK,Freshway|DARK_ORCHARD_BLOCK,2023-07-10,2758,2902.1,-243.3,651.1,0.0,0.0,-878.3,-16.1,4.5,5.0,10.0,0,0
Freshway,DARK_ORCHARD_BLOCK,Freshway|DARK_ORCHARD_BLOCK,2023-07-17,4468,2919.8,1696.4,2154.7,0.0,0.0,-458.2,0.0,3.75,5.0,25.0,0,0
Freshway,DARK_ORCHARD_BLOCK,Freshway|DARK_ORCHARD_BLOCK,2023-07-24,2357,2947.6,-621.0,0.0,0.0,0.0,-621.0,0.0,5.0,5.0,0.0,0,0
Freshway,DARK_ORCHARD_BLOCK,Freshway|DARK_ORCHARD_BLOCK,2023-07-31,5077,2982.1,1596.2,1596.2,0.0,0.0,0.0,0.0,4.0,5.0,20.0,0,0
Freshway,DARK_ORCHARD_BLOCK,Freshway|DARK_ORCHARD_BLOCK,2023-08-07,4629,3023.2,1283.1,2231.0,0.0,0.0,-906.1,-41.8,3.75,5.0,25.0,0,0
Freshway,DARK_ORCHARD_BLOCK,Freshway|DARK_ORCHARD_BLOCK,2023-08-14,2140,3071.1,-624.9,0.0,0.0,0.0,-647.1,22.1,5.0,5.0,0.0,0,0
Freshway,DARK_ORCHARD_BLOCK,Freshway|DARK_ORCHARD_BLOCK,2023-08-21,3354,3122.4,19.4,0.0,0.0,0.0,0.0,19.4,5.0,5.0,0.0,0,0
Freshway,DARK_ORCHARD_BLOCK,Freshway|DARK_ORCHARD_BLOCK,2023-08-28,3206,3180.3,0.0,0.0,0.0,0.0,0.0,0.0,5.0,5.0,0.0,0,0
Freshway,DARK_ORCHARD_BLOCK,Freshway|DARK_ORCHARD_BLOCK,2023-09-04,3189,3238.2,0.0,0.0,0.0,0.0,0.0,0.0,5.0,5.0,0.0,0,0
Freshway,DARK_ORCHARD_BLOCK,Freshway|DARK_ORCHARD_BLOCK,2023-09-11,5544,3302.9,2437.4,2437.4,0.0,0.0,0.0,0.0,3.75,5.0,25.0,0,0
Freshway,DARK_ORCHARD_BLOCK,Freshway|DARK_ORCHARD_BLOCK,2023-09-18,2991,3367.5,-687.9,0.0,0.0,0.0,-709.5,21.6,5.0,5.0,0.0,0,0
Freshway,DARK_ORCHARD_BLOCK,Freshway|DARK_ORCHARD_BLOCK,2023-09-25,3016,3432.2,0.0,0.0,0.0,0.0,0.0,0.0,5.0,5.0,0.0,0,0
Freshway,DARK_ORCHARD_BLOCK,Freshway|DARK_ORCHARD_BLOCK,2023-10-02,3366,3496.9,55.9,0.0,0.0,0.0,0.0,55.9,5.0,5.0,0.0,0,0
Freshway,DARK_ORCHARD_BLOCK,Freshway|DARK_ORCHARD_BLOCK,2023-10-09,3652,3561.6,0.0,0.0,0.0,0.0,0.0,0.0,5.0,5.0,0.0,0,0
Freshway,DARK_ORCHARD_BLOCK,Freshway|DARK_ORCHARD_BLOCK,2023-10-16,5478,3626.3,1941.1,1941.1,0.0,0.0,0.0,0.0,4.0,5.0,20.0,0,0
Freshway,DARK_ORCHARD_BLOCK,Freshway|DARK_ORCHARD_BLOCK,2023-10-23,3560,3684.4,-635.3,0.0,0.0,0.0,-635.3,0.0,5.0,5.0,0.0,0,0
Freshway,DARK_ORCHARD_BLOCK,Freshway|DARK_ORCHARD_BLOCK,2023-10-30,3716,3742.4,74.8,0.0,0.0,0.0,0.0,74.8,5.0,5.0,0.0,0,0
Freshway,DARK_ORCHARD_BLOCK,Freshway|DARK_ORCHARD_BLOCK,2023-11-06,3511,3793.8,60.7,0.0,0.0,0.0,0.0,60.7,5.0,5.0,0.0,0,0
Freshway,DARK_ORCHARD_BLOCK,Freshway|DARK_ORCHARD_BLOCK,2023-11-13,8538,3841.9,4948.0,4948.0,0.0,0.0,0.0,0.0,3.25,5.0,35.0,0,0
Freshway,DARK_ORCHARD_BLOCK,Freshway|DARK_ORCHARD_BLOCK,2023-11-20,4973,3883.3,1133.1,871.3,2188.4,0.0,-1957.7,31.2,4.5,5.0,10.0,1,0
Freshway,DARK_ORCHARD_BLOCK,Freshway|DARK_ORCHARD_BLOCK,2023-11-27,3256,3918.1,-353.8,0.0,0.0,0.0,-353.8,0.0,5.0,5.0,0.0,0,0
Freshway,DARK_ORCHARD_BLOCK,Freshway|DARK_ORCHARD_BLOCK,2023-12-04,3918,3946.1,0.0,0.0,0.0,0.0,0.0,0.0,5.0,5.0,0.0,0,0
Freshway,DARK_ORCHARD_BLOCK,Freshway|DARK_ORCHARD_BLOCK,2023-12-11,4405,3964.2,889.4,889.4,0.0,0.0,0.0,0.0,4.5,5.0,10.0,0,0
Freshway,DARK_ORCHARD_BLOCK,Freshway|DARK_ORCHARD_BLOCK,2023-12-18,7608,3979.0,4302.4,5124.5,0.0,0.0,-822.0,0.0,3.25,5.0,35.0,0,0
Freshway,DARK_ORCHARD_BLOCK,Freshway|DARK_ORCHARD_BLOCK,2023-12-25,3222,3983.7,-1135.8,0.0,0.0,0.0,-1123.3,-12.6,5.0,5.0,0.0,0,0
Freshway,GOLDEN_MALT_BLOCK,Freshway|GOLDEN_MALT_BLOCK,2021-01-04,6449,4315.7,2017.6,2632.0,0.0,0.0,0.0,-614.4,3.6,4.5,20.0,0,0
Freshway,GOLDEN_MALT_BLOCK,Freshway|GOLDEN_MALT_BLOCK,2021-01-11,3173,4304.6,-988.9,0.0,0.0,0.0,-705.6,-283.3,4.5,4.5,0.0,0,0
Freshway,GOLDEN_MALT_BLOCK,Freshway|GOLDEN_MALT_BLOCK,2021-01-18,9283,4290.0,4893.1,4893.1,0.0,0.0,0.0,0.0,3.15,4.5,30.0,0,0
Freshway,GOLDEN_MALT_BLOCK,Freshway|GOLDEN_MALT_BLOCK,2021-01-25,5390,4264.6,1209.0,3589.7,0.0,0.0,-1849.7,-531.0,3.38,4.5,25.0,0,0
Freshway,GOLDEN_MALT_BLOCK,Freshway|GOLDEN_MALT_BLOCK,2021-02-01,3293,4232.1,-848.6,0.0,0.0,0.0,-848.6,0.0,4.5,4.5,0.0,0,0
Freshway,GOLDEN_MALT_BLOCK,Freshway|GOLDEN_MALT_BLOCK,2021-02-08,17308,4192.4,12981.8,6357.7,6624.1,0.0,0.0,0.0,2.92,4.5,35.0,1,0
Freshway,GOLDEN_MALT_BLOCK,Freshway|GOLDEN_MALT_BLOCK,2021-02-15,3285,4145.4,-1114.9,0.0,0.0,0.0,-1114.9,0.0,4.5,4.5,0.0,0,0
Freshway,GOLDEN_MALT_BLOCK,Freshway|GOLDEN_MALT_BLOCK,2021-02-22,3872,4094.7,0.0,0.0,0.0,0.0,0.0,0.0,4.5,4.5,0.0,0,0
Freshway,GOLDEN_MALT_BLOCK,Freshway|GOLDEN_MALT_BLOCK,2021-03-01,3984,4036.8,0.0,0.0,0.0,0.0,0.0,0.0,4.5,4.5,0.0,0,0
Freshway,GOLDEN_MALT_BLOCK,Freshway|GOLDEN_MALT_BLOCK,2021-03-08,9797,3978.8,5167.4,2426.5,4021.7,0.0,0.0,-1280.8,3.6,4.5,20.0,1,0
Freshway,GOLDEN_MALT_BLOCK,Freshway|GOLDEN_MALT_BLOCK,2021-03-15,7161,3913.4,2755.7,986.6,3076.5,0.0,-1307.4,0.0,4.05,4.5,10.0,1,0
Freshway,GOLDEN_MALT_BLOCK,Freshway|GOLDEN_MALT_BLOCK,2021-03-22,2973,3847.8,-761.6,0.0,0.0,0.0,-329.5,-432.2,4.5,4.5,0.0,0,0
Freshway,GOLDEN_MALT_BLOCK,Freshway|GOLDEN_MALT_BLOCK,2021-03-29,3186,3782.1,-694.5,0.0,0.0,0.0,0.0,-694.5,4.5,4.5,0.0,0,0
Freshway,GOLDEN_MALT_BLOCK,Freshway|GOLDEN_MALT_BLOCK,2021-04-05,4189,4076.8,0.0,0.0,0.0,0.0,0.0,0.0,4.5,4.5,0.0,0,0
Freshway,GOLDEN_MALT_BLOCK,Freshway|GOLDEN_MALT_BLOCK,2021-04-12,3748,4011.3,-133.7,0.0,0.0,0.0,0.0,-133.7,4.5,4.5,0.0,0,0
Freshway,GOLDEN_MALT_BLOCK,Freshway|GOLDEN_MALT_BLOCK,2021-04-19,4031,3945.7,0.0,0.0,0.0,0.0,0.0,0.0,4.5,4.5,0.0,0,0
Freshway,GOLDEN_MALT_BLOCK,Freshway|GOLDEN_MALT_BLOCK,2021-04-26,3640,3887.2,-306.0,0.0,0.0,0.0,0.0,-306.0,4.5,4.5,0.0,0,0
Freshway,GOLDEN_MALT_BLOCK,Freshway|GOLDEN_MALT_BLOCK,2021-05-03,3645,3465.8,0.0,0.0,0.0,0.0,0.0,0.0,4.5,4.5,0.0,0,0
Freshway,GOLDEN_MALT_BLOCK,Freshway|GOLDEN_MALT_BLOCK,2021-05-10,4791,3413.7,1530.6,2081.9,0.0,0.0,0.0,-551.3,3.6,4.5,20.0,0,0
Freshway,GOLDEN_MALT_BLOCK,Freshway|GOLDEN_MALT_BLOCK,2021-05-17,2723,3365.2,-551.6,0.0,0.0,0.0,-551.6,0.0,4.5,4.5,0.0,0,0
Freshway,GOLDEN_MALT_BLOCK,Freshway|GOLDEN_MALT_BLOCK,2021-05-24,2848,3323.8,-658.1,0.0,0.0,0.0,0.0,-658.1,4.5,4.5,0.0,0,0
Freshway,GOLDEN_MALT_BLOCK,Freshway|GOLDEN_MALT_BLOCK,2021-05-31,8976,3289.7,4988.8,4988.8,0.0,0.0,0.0,0.0,2.92,4.5,35.0,0,0
Freshway,GOLDEN_MALT_BLOCK,Freshway|GOLDEN_MALT_BLOCK,2021-06-07,3973,3262.8,577.1,1989.9,0.0,0.0,-1412.8,0.0,3.6,4.5,20.0,0,0
Freshway,GOLDEN_MALT_BLOCK,Freshway|GOLDEN_MALT_BLOCK,2021-06-14,2716,3246.9,-622.7,0.0,0.0,0.0,-532.2,-90.5,4.5,4.5,0.0,0,0
Freshway,GOLDEN_MALT_BLOCK,Freshway|GOLDEN_MALT_BLOCK,2021-06-21,3341,3234.6,0.0,0.0,0.0,0.0,0.0,0.0,4.5,4.5,0.0,0,0
Freshway,GOLDEN_MALT_BLOCK,Freshway|GOLDEN_MALT_BLOCK,2021-06-28,3114,3233.3,-164.8,0.0,0.0,0.0,0.0,-164.8,4.5,4.5,0.0,0,0
Freshway,GOLDEN_MALT_BLOCK,Freshway|GOLDEN_MALT_BLOCK,2021-07-05,2869,3239.3,-518.7,0.0,0.0,0.0,0.0,-518.7,4.5,4.5,0.0,0,0
Freshway,GOLDEN_MALT_BLOCK,Freshway|GOLDEN_MALT_BLOCK,2021-07-12,2723,3256.4,0.0,0.0,0.0,0.0,0.0,0.0,4.5,4.5,0.0,0,0
Freshway,GOLDEN_MALT_BLOCK,Freshway|GOLDEN_MALT_BLOCK,2021-07-19,3070,3277.1,0.0,0.0,0.0,0.0,0.0,0.0,4.5,4.5,0.0,0,0
Freshway,GOLDEN_MALT_BLOCK,Freshway|GOLDEN_MALT_BLOCK,2021-07-26,7074,3309.0,3774.2,3774.2,0.0,0.0,0.0,0.0,3.15,4.5,30.0,0,0
Freshway,GOLDEN_MALT_BLOCK,Freshway|GOLDEN_MALT_BLOCK,2021-08-02,2476,3348.2,-788.5,0.0,0.0,0.0,-788.5,0.0,4.5,4.5,0.0,0,0
Freshway,GOLDEN_MALT_BLOCK,Freshway|GOLDEN_MALT_BLOCK,2021-08-09,4603,3394.8,1888.1,2070.4,0.0,0.0,0.0,-182.2,3.6,4.5,20.0,0,0
Freshway,GOLDEN_MALT_BLOCK,Freshway|GOLDEN_MALT_BLOCK,2021-08-16,2312,3448.8,-987.4,0.0,0.0,0.0,-565.3,-422.2,4.5,4.5,0.0,0,0
Freshway,GOLDEN_MALT_BLOCK,Freshway|GOLDEN_MALT_BLOCK,2021-08-23,5998,3506.5,2138.5,2138.5,0.0,0.0,0.0,0.0,3.6,4.5,20.0,0,0
Freshway,GOLDEN_MALT_BLOCK,Freshway|GOLDEN_MALT_BLOCK,2021-08-30,3014,3571.6,-585.4,0.0,0.0,0.0,-585.4,0.0,4.5,4.5,0.0,0,0
Freshway,GOLDEN_MALT_BLOCK,Freshway|GOLDEN_MALT_BLOCK,2021-09-06,3376,3636.8,-252.0,0.0,0.0,0.0,0.0,-252.0,4.5,4.5,0.0,0,0
Freshway,GOLDEN_MALT_BLOCK,Freshway|GOLDEN_MALT_BLOCK,2021-09-13,3629,3709.4,-215.0,0.0,0.0,0.0,0.0,-215.0,4.5,4.5,0.0,0,0
Freshway,GOLDEN_MALT_BLOCK,Freshway|GOLDEN_MALT_BLOCK,2021-09-20,3401,3782.0,0.0,0.0,0.0,0.0,0.0,0.0,4.5,4.5,0.0,0,0
Freshway,GOLDEN_MALT_BLOCK,Freshway|GOLDEN_MALT_BLOCK,2021-09-27,4042,3854.6,0.0,0.0,0.0,0.0,0.0,0.0,4.5,4.5,0.0,0,0
Freshway,GOLDEN_MALT_BLOCK,Freshway|GOLDEN_MALT_BLOCK,2021-10-04,4335,3927.3,0.0,0.0,0.0,0.0,0.0,0.0,4.5,4.5,0.0,0,0
Freshway,GOLDEN_MALT_BLOCK,Freshway|GOLDEN_MALT_BLOCK,2021-10-11,3416,4000.0,-314.9,0.0,0.0,0.0,0.0,-314.9,4.5,4.5,0.0,0,0
Freshway,GOLDEN_MALT_BLOCK,Freshway|GOLDEN_MALT_BLOCK,2021-10-18,4242,4072.8,-236.1,0.0,0.0,0.0,0.0,-236.1,4.5,4.5,0.0,0,0
Freshway,GOLDEN_MALT_BLOCK,Freshway|GOLDEN_MALT_BLOCK,2021-10-25,4265,4138.3,284.7,1043.3,0.0,0.0,0.0,-758.6,4.05,4.5,10.0,0,0
Freshway,GOLDEN_MALT_BLOCK,Freshway|GOLDEN_MALT_BLOCK,2021-11-01,3633,4203.8,-359.9,0.0,0.0,0.0,-359.9,0.0,4.5,4.5,0.0,0,0
Freshway,GOLDEN_MALT_BLOCK,Freshway|GOLDEN_MALT_BLOCK,2021-11-08,3855,4262.0,0.0,0.0,0.0,0.0,0.0,0.0,4.5,4.5,0.0,0,0
Freshway,GOLDEN_MALT_BLOCK,Freshway|GOLDEN_MALT_BLOCK,2021-11-15,4824,4316.6,0.0,0.0,0.0,0.0,0.0,0.0,4.5,4.5,0.0,0,0
Freshway,GOLDEN_MALT_BLOCK,Freshway|GOLDEN_MALT_BLOCK,2021-11-22,3870,4363.9,-437.8,0.0,0.0,0.0,0.0,-437.8,4.5,4.5,0.0,0,0
Freshway,GOLDEN_MALT_BLOCK,Freshway|GOLDEN_MALT_BLOCK,2021-11-29,17005,4403.8,14586.5,5023.0,5918.9,6901.8,0.0,-3257.1,3.15,4.5,30.0,1,1
Freshway,GOLDEN_MALT_BLOCK,Freshway|GOLDEN_MALT_BLOCK,2021-12-06,3006,4436.5,-1279.8,0.0,0.0,0.0,-1044.8,-235.1,4.5,4.5,0.0,0,0
Freshway,GOLDEN_MALT_BLOCK,Freshway|GOLDEN_MALT_BLOCK,2021-12-13,3755,4458.1,-483.5,0.0,0.0,0.0,0.0,-483.5,4.5,4.5,0.0,0,0
Freshway,GOLDEN_MALT_BLOCK,Freshway|GOLDEN_MALT_BLOCK,2021-12-20,4232,4476.1,-449.0,0.0,0.0,0.0,0.0,-449.0,4.5,4.5,0.0,0,0
Freshway,GOLDEN_MALT_BLOCK,Freshway|GOLDEN_MALT_BLOCK,2021-12-27,4557,4483.1,0.0,0.0,0.0,0.0,0.0,0.0,4.5,4.5,0.0,0,0
Freshway,GOLDEN_MALT_BLOCK,Freshway|GOLDEN_MALT_BLOCK,2022-01-03,8128,4482.7,3773.2,3773.2,0.0,0.0,0.0,0.0,3.38,4.5,25.0,0,0
Freshway,GOLDEN_MALT_BLOCK,Freshway|GOLDEN_MALT_BLOCK,2022-01-10,8267,4471.2,4524.5,6780.5,0.0,0.0,-2256.0,0.0,2.92,4.5,35.0,0,0
Freshway,GOLDEN_MALT_BLOCK,Freshway|GOLDEN_MALT_BLOCK,2022-01-17,2773,4456.0,-1675.4,0.0,0.0,0.0,-1198.5,-476.9,4.5,4.5,0.0,0,0
Freshway,GOLDEN_MALT_BLOCK,Freshway|GOLDEN_MALT_BLOCK,2022-01-24,3998,4429.6,0.0,0.0,0.0,0.0,0.0,0.0,4.5,4.5,0.0,0,0
Freshway,GOLDEN_MALT_BLOCK,Freshway|GOLDEN_MALT_BLOCK,2022-01-31,4319,4395.8,-146.6,0.0,0.0,0.0,0.0,-146.6,4.5,4.5,0.0,0,0
Freshway,GOLDEN_MALT_BLOCK,Freshway|GOLDEN_MALT_BLOCK,2022-02-07,9071,4354.6,3665.4,3665.4,0.0,0.0,0.0,0.0,3.38,4.5,25.0,0,0
Freshway,GOLDEN_MALT_BLOCK,Freshway|GOLDEN_MALT_BLOCK,2022-02-14,3374,4305.8,-863.3,0.0,0.0,0.0,-863.3,0.0,4.5,4.5,0.0,0,0
Freshway,GOLDEN_MALT_BLOCK,Freshway|GOLDEN_MALT_BLOCK,2022-02-21,7708,4253.2,3467.3,1072.2,0.0,2395.1,0.0,0.0,4.05,4.5,10.0,0,1
Freshway,GOLDEN_MALT_BLOCK,Freshway|GOLDEN_MALT_BLOCK,2022-02-28,7884,4193.0,2868.2,3529.4,0.0,0.0,-661.2,0.0,3.38,4.5,25.0,0,0
Freshway,GOLDEN_MALT_BLOCK,Freshway|GOLDEN_MALT_BLOCK,2022-03-07,3324,4132.7,-1020.2,0.0,0.0,0.0,-828.6,-191.5,4.5,4.5,0.0,0,0
Freshway,GOLDEN_MALT_BLOCK,Freshway|GOLDEN_MALT_BLOCK,2022-03-14,6385,4064.8,3362.4,4636.3,0.0,0.0,0.0,-1273.9,3.15,4.5,30.0,0,0
Freshway,GOLDEN_MALT_BLOCK,Freshway|GOLDEN_MALT_BLOCK,2022-03-21,10702,3996.7,7652.8,6061.0,6315.0,0.0,-3855.7,-867.4,2.92,4.5,35.0,1,0
Freshway,GOLDEN_MALT_BLOCK,Freshway|GOLDEN_MALT_BLOCK,2022-03-28,3157,3928.5,-1056.6,0.0,0.0,0.0,-1056.6,0.0,4.5,4.5,0.0,0,0
Freshway,GOLDEN_MALT_BLOCK,Freshway|GOLDEN_MALT_BLOCK,2022-04-04,4406,4234.5,0.0,0.0,0.0,0.0,0.0,0.0,4.5,4.5,0.0,0,0
Freshway,GOLDEN_MALT_BLOCK,Freshway|GOLDEN_MALT_BLOCK,2022-04-11,3463,4166.5,-539.4,0.0,0.0,0.0,0.0,-539.4,4.5,4.5,0.0,0,0
Freshway,GOLDEN_MALT_BLOCK,Freshway|GOLDEN_MALT_BLOCK,2022-04-18,4031,4098.4,-362.4,0.0,0.0,0.0,0.0,-362.4,4.5,4.5,0.0,0,0
Freshway,GOLDEN_MALT_BLOCK,Freshway|GOLDEN_MALT_BLOCK,2022-04-25,4458,4037.6,0.0,0.0,0.0,0.0,0.0,0.0,4.5,4.5,0.0,0,0
Freshway,GOLDEN_MALT_BLOCK,Freshway|GOLDEN_MALT_BLOCK,2022-05-02,3365,3599.9,-120.0,0.0,0.0,0.0,0.0,-120.0,4.5,4.5,0.0,0,0
Freshway,GOLDEN_MALT_BLOCK,Freshway|GOLDEN_MALT_BLOCK,2022-05-09,3002,3545.8,-313.6,0.0,0.0,0.0,0.0,-313.6,4.5,4.5,0.0,0,0
Freshway,GOLDEN_MALT_BLOCK,Freshway|GOLDEN_MALT_BLOCK,2022-05-16,2983,3495.4,-275.2,0.0,0.0,0.0,0.0,-275.2,4.5,4.5,0.0,0,0
Freshway,GOLDEN_MALT_BLOCK,Freshway|GOLDEN_MALT_BLOCK,2022-05-23,7478,3452.4,4519.5,1444.7,3074.8,0.0,0.0,0.0,3.82,4.5,15.0,1,0
Freshway,GOLDEN_MALT_BLOCK,Freshway|GOLDEN_MALT_BLOCK,2022-05-30,2975,3417.0,-429.3,0.0,0.0,0.0,-429.3,0.0,4.5,4.5,0.0,0,0
Freshway,GOLDEN_MALT_BLOCK,Freshway|GOLDEN_MALT_BLOCK,2022-06-06,3278,3389.1,0.0,0.0,0.0,0.0,0.0,0.0,4.5,4.5,0.0,0,0
Freshway,GOLDEN_MALT_BLOCK,Freshway|GOLDEN_MALT_BLOCK,2022-06-13,3043,3372.5,-493.7,0.0,0.0,0.0,0.0,-493.7,4.5,4.5,0.0,0,0
Freshway,GOLDEN_MALT_BLOCK,Freshway|GOLDEN_MALT_BLOCK,2022-06-20,3606,3359.7,0.0,0.0,0.0,0.0,0.0,0.0,4.5,4.5,0.0,0,0
Freshway,GOLDEN_MALT_BLOCK,Freshway|GOLDEN_MALT_BLOCK,2022-06-27,5711,3358.4,1405.4,1405.4,0.0,0.0,0.0,0.0,3.82,4.5,15.0,0,0
Freshway,GOLDEN_MALT_BLOCK,Freshway|GOLDEN_MALT_BLOCK,2022-07-04,2792,3364.6,-422.7,0.0,0.0,0.0,-422.7,0.0,4.5,4.5,0.0,0,0
Freshway,GOLDEN_MALT_BLOCK,Freshway|GOLDEN_MALT_BLOCK,2022-07-11,3262,3382.4,0.0,0.0,0.0,0.0,0.0,0.0,4.5,4.5,0.0,0,0
Freshway,GOLDEN_MALT_BLOCK,Freshway|GOLDEN_MALT_BLOCK,2022-07-18,3421,3403.9,0.0,0.0,0.0,0.0,0.0,0.0,4.5,4.5,0.0,0,0
Freshway,GOLDEN_MALT_BLOCK,Freshway|GOLDEN_MALT_BLOCK,2022-07-25,2663,3437.0,-575.8,0.0,0.0,0.0,0.0,-575.8,4.5,4.5,0.0,0,0
Freshway,GOLDEN_MALT_BLOCK,Freshway|GOLDEN_MALT_BLOCK,2022-08-01,3475,3477.7,0.0,0.0,0.0,0.0,0.0,0.0,4.5,4.5,0.0,0,0
Freshway,GOLDEN_MALT_BLOCK,Freshway|GOLDEN_MALT_BLOCK,2022-08-08,3615,3526.1,-382.4,0.0,0.0,0.0,0.0,-382.4,4.5,4.5,0.0,0,0
Freshway,GOLDEN_MALT_BLOCK,Freshway|GOLDEN_MALT_BLOCK,2022-08-15,6356,3582.2,3015.3,3015.3,0.0,0.0,0.0,0.0,3.38,4.5,25.0,0,0
Freshway,GOLDEN_MALT_BLOCK,Freshway|GOLDEN_MALT_BLOCK,2022-08-22,2968,3642.2,-730.3,0.0,0.0,0.0,-730.3,0.0,4.5,4.5,0.0,0,0
Freshway,GOLDEN_MALT_BLOCK,Freshway|GOLDEN_MALT_BLOCK,2022-08-29,3327,3709.8,-257.1,0.0,0.0,0.0,0.0,-257.1,4.5,4.5,0.0,0,0
Freshway,GOLDEN_MALT_BLOCK,Freshway|GOLDEN_MALT_BLOCK,2022-09-05,6930,3777.5,2564.4,3179.6,0.0,0.0,0.0,-615.3,3.38,4.5,25.0,0,0
Freshway,GOLDEN_MALT_BLOCK,Freshway|GOLDEN_MALT_BLOCK,2022-09-12,2666,3852.9,-1015.0,0.0,0.0,0.0,-772.5,-242.5,4.5,4.5,0.0,0,0
Freshway,GOLDEN_MALT_BLOCK,Freshway|GOLDEN_MALT_BLOCK,2022-09-19,3841,3928.3,-227.7,0.0,0.0,0.0,0.0,-227.7,4.5,4.5,0.0,0,0
Freshway,GOLDEN_MALT_BLOCK,Freshway|GOLDEN_MALT_BLOCK,2022-09-26,3985,4003.7,0.0,0.0,0.0,0.0,0.0,0.0,4.5,4.5,0.0,0,0
Freshway,GOLDEN_MALT_BLOCK,Freshway|GOLDEN_MALT_BLOCK,2022-10-03,8076,4079.2,4652.7,4652.7,0.0,0.0,0.0,0.0,3.15,4.5,30.0,0,0
Freshway,GOLDEN_MALT_BLOCK,Freshway|GOLDEN_MALT_BLOCK,2022-10-10,4843,4154.8,404.1,2533.9,0.0,0.0,-1575.2,-554.6,3.6,4.5,20.0,0,0
Freshway,GOLDEN_MALT_BLOCK,Freshway|GOLDEN_MALT_BLOCK,2022-10-17,5644,4230.4,1463.7,2579.9,0.0,0.0,-1116.3,0.0,3.6,4.5,20.0,0,0
Freshway,GOLDEN_MALT_BLOCK,Freshway|GOLDEN_MALT_BLOCK,2022-10-24,3755,4298.4,-887.7,0.0,0.0,0.0,-704.5,-183.2,4.5,4.5,0.0,0,0
Freshway,GOLDEN_MALT_BLOCK,Freshway|GOLDEN_MALT_BLOCK,2022-10-31,3747,4366.4,-864.6,0.0,0.0,0.0,0.0,-864.6,4.5,4.5,0.0,0,0
Freshway,GOLDEN_MALT_BLOCK,Freshway|GOLDEN_MALT_BLOCK,2022-11-07,7936,4426.9,3885.9,1116.0,3480.3,0.0,0.0,-710.4,4.05,4.5,10.0,1,0
Freshway,GOLDEN_MALT_BLOCK,Freshway|GOLDEN_MALT_BLOCK,2022-11-14,3926,4483.6,-383.9,0.0,0.0,0.0,-383.9,0.0,4.5,4.5,0.0,0,0
Freshway,GOLDEN_MALT_BLOCK,Freshway|GOLDEN_MALT_BLOCK,2022-11-21,8373,4532.7,5170.0,5170.0,0.0,0.0,0.0,0.0,3.15,4.5,30.0,0,0
Freshway,GOLDEN_MALT_BLOCK,Freshway|GOLDEN_MALT_BLOCK,2022-11-28,3629,4574.2,-1077.2,0.0,0.0,0.0,-1077.2,0.0,4.5,4.5,0.0,0,0
Freshway,GOLDEN_MALT_BLOCK,Freshway|GOLDEN_MALT_BLOCK,2022-12-05,4674,4608.1,0.0,0.0,0.0,0.0,0.0,0.0,4.5,4.5,0.0,0,0
Freshway,GOLDEN_MALT_BLOCK,Freshway|GOLDEN_MALT_BLOCK,2022-12-12,4457,4630.6,-568.8,0.0,0.0,0.0,0.0,-568.8,4.5,4.5,0.0,0,0
Freshway,GOLDEN_MALT_BLOCK,Freshway|GOLDEN_MALT_BLOCK,2022-12-19,4131,4649.3,-573.1,0.0,0.0,0.0,0.0,-573.1,4.5,4.5,0.0,0,0
Freshway,GOLDEN_MALT_BLOCK,Freshway|GOLDEN_MALT_BLOCK,2022-12-26,17142,4656.5,10931.8,1948.6,4147.2,4835.9,0.0,0.0,3.82,4.5,15.0,1,1
Freshway,GOLDEN_MALT_BLOCK,Freshway|GOLDEN_MALT_BLOCK,2023-01-02,3605,4656.1,-1026.5,0.0,0.0,0.0,-585.0,-441.5,4.5,4.5,0.0,0,0
Freshway,GOLDEN_MALT_BLOCK,Freshway|GOLDEN_MALT_BLOCK,2023-01-09,4897,4644.2,0.0,0.0,0.0,0.0,0.0,0.0,4.5,4.5,0.0,0,0
Freshway,GOLDEN_MALT_BLOCK,Freshway|GOLDEN_MALT_BLOCK,2023-01-16,4837,4628.4,0.0,0.0,0.0,0.0,0.0,0.0,4.5,4.5,0.0,0,0
Freshway,GOLDEN_MALT_BLOCK,Freshway|GOLDEN_MALT_BLOCK,2023-01-23,5023,4601.0,0.0,0.0,0.0,0.0,0.0,0.0,4.5,4.5,0.0,0,0
Freshway,GOLDEN_MALT_BLOCK,Freshway|GOLDEN_MALT_BLOCK,2023-01-30,3610,4565.9,-1013.1,0.0,0.0,0.0,0.0,-1013.1,4.5,4.5,0.0,0,0
Freshway,GOLDEN_MALT_BLOCK,Freshway|GOLDEN_MALT_BLOCK,2023-02-06,3529,4523.0,-453.7,0.0,0.0,0.0,0.0,-453.7,4.5,4.5,0.0,0,0
Freshway,GOLDEN_MALT_BLOCK,Freshway|GOLDEN_MALT_BLOCK,2023-02-13,3621,4472.4,-227.9,0.0,0.0,0.0,0.0,-227.9,4.5,4.5,0.0,0,0
Freshway,GOLDEN_MALT_BLOCK,Freshway|GOLDEN_MALT_BLOCK,2023-02-20,10852,4417.7,5584.2,6699.5,0.0,0.0,0.0,-1115.2,2.92,4.5,35.0,0,0
Freshway,GOLDEN_MALT_BLOCK,Freshway|GOLDEN_MALT_BLOCK,2023-02-27,3061,4355.2,-1171.4,0.0,0.0,0.0,-1171.4,0.0,4.5,4.5,0.0,0,0
Freshway,GOLDEN_MALT_BLOCK,Freshway|GOLDEN_MALT_BLOCK,2023-03-06,10520,4292.6,6692.9,3613.2,4963.8,0.0,0.0,-1884.2,3.38,4.5,25.0,1,0
Freshway,GOLDEN_MALT_BLOCK,Freshway|GOLDEN_MALT_BLOCK,2023-03-13,3151,4222.0,-846.5,0.0,0.0,0.0,-846.5,0.0,4.5,4.5,0.0,0,0
Freshway,GOLDEN_MALT_BLOCK,Freshway|GOLDEN_MALT_BLOCK,2023-03-20,3857,4151.3,0.0,0.0,0.0,0.0,0.0,0.0,4.5,4.5,0.0,0,0
Freshway,GOLDEN_MALT_BLOCK,Freshway|GOLDEN_MALT_BLOCK,2023-03-27,3940,4080.5,0.0,0.0,0.0,0.0,0.0,0.0,4.5,4.5,0.0,0,0
Freshway,GOLDEN_MALT_BLOCK,Freshway|GOLDEN_MALT_BLOCK,2023-04-03,4418,4398.3,0.0,0.0,0.0,0.0,0.0,0.0,4.5,4.5,0.0,0,0
Freshway,GOLDEN_MALT_BLOCK,Freshway|GOLDEN_MALT_BLOCK,2023-04-10,10367,4327.7,5705.6,6563.0,0.0,0.0,0.0,-857.4,2.92,4.5,35.0,0,0
Freshway,GOLDEN_MALT_BLOCK,Freshway|GOLDEN_MALT_BLOCK,2023-04-17,3031,4257.0,-1225.0,1073.2,0.0,0.0,-1433.6,-864.6,4.05,4.5,10.0,0,0
Freshway,GOLDEN_MALT_BLOCK,Freshway|GOLDEN_MALT_BLOCK,2023-04-24,6362,4193.8,1912.1,1057.3,0.0,2361.7,-651.8,-855.1,4.05,4.5,10.0,0,1
Freshway,GOLDEN_MALT_BLOCK,Freshway|GOLDEN_MALT_BLOCK,2023-05-01,3279,3739.2,-320.2,0.0,0.0,0.0,-320.2,0.0,4.5,4.5,0.0,0,0
Freshway,GOLDEN_MALT_BLOCK,Freshway|GOLDEN_MALT_BLOCK,2023-05-08,6116,3683.0,2500.2,3100.1,0.0,0.0,0.0,-599.9,3.38,4.5,25.0,0,0
Freshway,GOLDEN_MALT_BLOCK,Freshway|GOLDEN_MALT_BLOCK,2023-05-15,3129,3630.6,-728.0,0.0,0.0,0.0,-728.0,0.0,4.5,4.5,0.0,0,0
Freshway,GOLDEN_MALT_BLOCK,Freshway|GOLDEN_MALT_BLOCK,2023-05-22,5049,3586.0,1500.6,1500.6,0.0,0.0,0.0,0.0,3.82,4.5,15.0,0,0
Freshway,GOLDEN_MALT_BLOCK,Freshway|GOLDEN_MALT_BLOCK,2023-05-29,3458,3549.2,206.8,894.7,0.0,0.0,-558.3,-129.6,4.05,4.5,10.0,0,0
Freshway,GOLDEN_MALT_BLOCK,Freshway|GOLDEN_MALT_BLOCK,2023-06-05,2680,3520.2,-718.1,0.0,0.0,0.0,-301.4,-416.7,4.5,4.5,0.0,0,0
Freshway,GOLDEN_MALT_BLOCK,Freshway|GOLDEN_MALT_BLOCK,2023-06-12,7512,3503.0,3995.5,3995.5,0.0,0.0,0.0,0.0,3.15,4.5,30.0,0,0
Freshway,GOLDEN_MALT_BLOCK,Freshway|GOLDEN_MALT_BLOCK,2023-06-19,2519,3489.7,-444.7,879.8,0.0,0.0,-1029.0,-295.4,4.05,4.5,10.0,0,0
Freshway,GOLDEN_MALT_BLOCK,Freshway|GOLDEN_MALT_BLOCK,2023-06-26,3616,3488.3,-298.7,0.0,0.0,0.0,-298.7,0.0,4.5,4.5,0.0,0,0
Freshway,GOLDEN_MALT_BLOCK,Freshway|GOLDEN_MALT_BLOCK,2023-07-03,13338,3494.8,9555.7,5299.9,5522.0,0.0,0.0,-1266.1,2.92,4.5,35.0,1,0
Freshway,GOLDEN_MALT_BLOCK,Freshway|GOLDEN_MALT_BLOCK,2023-07-10,2565,3513.2,-1147.1,0.0,0.0,0.0,-944.9,-202.2,4.5,4.5,0.0,0,0
Freshway,GOLDEN_MALT_BLOCK,Freshway|GOLDEN_MALT_BLOCK,2023-07-17,3478,3535.6,0.0,0.0,0.0,0.0,0.0,0.0,4.5,4.5,0.0,0,0
Freshway,GOLDEN_MALT_BLOCK,Freshway|GOLDEN_MALT_BLOCK,2023-07-24,3597,3570.0,0.0,0.0,0.0,0.0,0.0,0.0,4.5,4.5,0.0,0,0
Freshway,GOLDEN_MALT_BLOCK,Freshway|GOLDEN_MALT_BLOCK,2023-07-31,3500,3612.3,0.0,0.0,0.0,0.0,0.0,0.0,4.5,4.5,0.0,0,0
Freshway,GOLDEN_MALT_BLOCK,Freshway|GOLDEN_MALT_BLOCK,2023-08-07,3299,3662.6,-449.9,0.0,0.0,0.0,0.0,-449.9,4.5,4.5,0.0,0,0
Freshway,GOLDEN_MALT_BLOCK,Freshway|GOLDEN_MALT_BLOCK,2023-08-14,5925,3720.8,1557.0,1557.0,0.0,0.0,0.0,0.0,3.82,4.5,15.0,0,0
Freshway,GOLDEN_MALT_BLOCK,Freshway|GOLDEN_MALT_BLOCK,2023-08-21,5856,3783.1,1560.6,3184.3,0.0,0.0,-875.4,-748.3,3.38,4.5,25.0,0,0
Freshway,GOLDEN_MALT_BLOCK,Freshway|GOLDEN_MALT_BLOCK,2023-08-28,2984,3853.4,-772.6,0.0,0.0,0.0,-772.6,0.0,4.5,4.5,0.0,0,0
Freshway,GOLDEN_MALT_BLOCK,Freshway|GOLDEN_MALT_BLOCK,2023-09-04,3809,3923.7,0.0,0.0,0.0,0.0,0.0,0.0,4.5,4.5,0.0,0,0
Freshway,GOLDEN_MALT_BLOCK,Freshway|GOLDEN_MALT_BLOCK,2023-09-11,3724,4001.9,0.0,0.0,0.0,0.0,0.0,0.0,4.5,4.5,0.0,0,0
Freshway,GOLDEN_MALT_BLOCK,Freshway|GOLDEN_MALT_BLOCK,2023-09-18,6979,4080.3,2566.6,4653.9,0.0,0.0,0.0,-2087.3,3.15,4.5,30.0,0,0
Freshway,GOLDEN_MALT_BLOCK,Freshway|GOLDEN_MALT_BLOCK,2023-09-25,2768,4158.6,-1324.2,0.0,0.0,0.0,-979.4,-344.8,4.5,4.5,0.0,0,0
Freshway,GOLDEN_MALT_BLOCK,Freshway|GOLDEN_MALT_BLOCK,2023-10-02,10929,4237.1,7076.1,3566.5,0.0,3509.7,0.0,0.0,3.38,4.5,25.0,0,1
Freshway,GOLDEN_MALT_BLOCK,Freshway|GOLDEN_MALT_BLOCK,2023-10-09,3375,4315.5,-865.3,0.0,0.0,0.0,-865.3,0.0,4.5,4.5,0.0,0,0
Freshway,GOLDEN_MALT_BLOCK,Freshway|GOLDEN_MALT_BLOCK,2023-10-16,4153,4394.0,-223.9,0.0,0.0,0.0,0.0,-223.9,4.5,4.5,0.0,0,0
Freshway,GOLDEN_MALT_BLOCK,Freshway|GOLDEN_MALT_BLOCK,2023-10-23,4867,4464.7,0.0,0.0,0.0,0.0,0.0,0.0,4.5,4.5,0.0,0,0
Freshway,GOLDEN_MALT_BLOCK,Freshway|GOLDEN_MALT_BLOCK,2023-10-30,8520,4535.4,4314.4,5173.0,0.0,0.0,0.0,-858.6,3.15,4.5,30.0,0,0
Freshway,GOLDEN_MALT_BLOCK,Freshway|GOLDEN_MALT_BLOCK,2023-11-06,11453,4598.2,5941.1,3870.4,5317.2,0.0,-3246.5,0.0,3.38,4.5,25.0,1,0
Freshway,GOLDEN_MALT_BLOCK,Freshway|GOLDEN_MALT_BLOCK,2023-11-13,3263,4657.1,-1123.5,0.0,0.0,0.0,-933.8,-189.8,4.5,4.5,0.0,0,0
Freshway,GOLDEN_MALT_BLOCK,Freshway|GOLDEN_MALT_BLOCK,2023-11-20,9405,4708.1,4606.1,1970.2,0.0,3003.6,0.0,-367.7,3.82,4.5,15.0,0,1
Freshway,GOLDEN_MALT_BLOCK,Freshway|GOLDEN_MALT_BLOCK,2023-11-27,4527,4751.2,-884.8,0.0,0.0,0.0,-596.9,-287.9,4.5,4.5,0.0,0,0
Freshway,GOLDEN_MALT_BLOCK,Freshway|GOLDEN_MALT_BLOCK,2023-12-04,3926,4786.4,-423.3,0.0,0.0,0.0,0.0,-423.3,4.5,4.5,0.0,0,0
Freshway,GOLDEN_MALT_BLOCK,Freshway|GOLDEN_MALT_BLOCK,2023-12-11,4550,4809.8,0.0,0.0,0.0,0.0,0.0,0.0,4.5,4.5,0.0,0,0
Freshway,GOLDEN_MALT_BLOCK,Freshway|GOLDEN_MALT_BLOCK,2023-12-18,4618,4829.2,0.0,0.0,0.0,0.0,0.0,0.0,4.5,4.5,0.0,0,0
Freshway,GOLDEN_MALT_BLOCK,Freshway|GOLDEN_MALT_BLOCK,2023-12-25,4370,4836.7,-683.3,0.0,0.0,0.0,0.0,-683.3,4.5,4.5,0.0,0,0
Freshway,HONEY_NOUGAT_SINGLE,Freshway|HONEY_NOUGAT_SINGLE,2021-01-04,10975,10193.4,0.0,0.0,0.0,0.0,0.0,0.0,2.0,2.0,0.0,0,0
Freshway,HONEY_NOUGAT_SINGLE,Freshway|HONEY_NOUGAT_SINGLE,2021-01-11,9828,10165.4,-805.7,0.0,0.0,0.0,0.0,-805.7,2.0,2.0,0.0,0,0
Freshway,HONEY_NOUGAT_SINGLE,Freshway|HONEY_NOUGAT_SINGLE,2021-01-18,64158,10128.7,53486.9,18248.8,16096.8,19141.3,0.0,0.0,1.3,2.0,35.0,1,1
Freshway,HONEY_NOUGAT_SINGLE,Freshway|HONEY_NOUGAT_SINGLE,2021-01-25,7338,10065.7,-2949.1,0.0,0.0,0.0,-2949.1,0.0,2.0,2.0,0.0,0,0
Freshway,HONEY_NOUGAT_SINGLE,Freshway|HONEY_NOUGAT_SINGLE,2021-02-01,15862,9985.1,7041.0,7041.0,0.0,0.0,0.0,0.0,1.6,2.0,20.0,0,0
Freshway,HONEY_NOUGAT_SINGLE,Freshway|HONEY_NOUGAT_SINGLE,2021-02-08,9351,9886.9,547.0,2833.2,0.0,0.0,-2286.2,0.0,1.8,2.0,10.0,0,0
Freshway,HONEY_NOUGAT_SINGLE,Freshway|HONEY_NOUGAT_SINGLE,2021-02-15,8021,9771.0,-921.5,0.0,0.0,0.0,-921.5,0.0,2.0,2.0,0.0,0,0
Freshway,HONEY_NOUGAT_SINGLE,Freshway|HONEY_NOUGAT_SINGLE,2021-02-22,9151,9646.2,0.0,0.0,0.0,0.0,0.0,0.0,2.0,2.0,0.0,0,0
Freshway,HONEY_NOUGAT_SINGLE,Freshway|HONEY_NOUGAT_SINGLE,2021-03-01,13514,9503.7,4514.4,4514.4,0.0,0.0,0.0,0.0,1.7,2.0,15.0,0,0
Freshway,HONEY_NOUGAT_SINGLE,Freshway|HONEY_NOUGAT_SINGLE,2021-03-08,7260,9360.9,-2290.2,0.0,0.0,0.0,-1292.5,-997.7,2.0,2.0,0.0,0,0
Freshway,HONEY_NOUGAT_SINGLE,Freshway|HONEY_NOUGAT_SINGLE,2021-03-15,9067,9200.3,0.0,0.0,0.0,0.0,0.0,0.0,2.0,2.0,0.0,0,0
Freshway,HONEY_NOUGAT_SINGLE,Freshway|HONEY_NOUGAT_SINGLE,2021-03-22,9088,9039.5,-1117.8,0.0,0.0,0.0,0.0,-1117.8,2.0,2.0,0.0,0,0
Freshway,HONEY_NOUGAT_SINGLE,Freshway|HONEY_NOUGAT_SINGLE,2021-03-29,8838,8878.4,-1097.8,0.0,0.0,0.0,0.0,-1097.8,2.0,2.0,0.0,0,0
Freshway,HONEY_NOUGAT_SINGLE,Freshway|HONEY_NOUGAT_SINGLE,2021-04-05,9349,9597.7,0.0,0.0,0.0,0.0,0.0,0.0,2.0,2.0,0.0,0,0
Freshway,HONEY_NOUGAT_SINGLE,Freshway|HONEY_NOUGAT_SINGLE,2021-04-12,8901,9436.9,0.0,0.0,0.0,0.0,0.0,0.0,2.0,2.0,0.0,0,0
Freshway,HONEY_NOUGAT_SINGLE,Freshway|HONEY_NOUGAT_SINGLE,2021-04-19,9850,9275.8,0.0,0.0,0.0,0.0,0.0,0.0,2.0,2.0,0.0,0,0
Freshway,HONEY_NOUGAT_SINGLE,Freshway|HONEY_NOUGAT_SINGLE,2021-04-26,18144,9132.1,10599.3,12297.9,0.0,0.0,0.0,-1698.5,1.4,2.0,30.0,0,0
Freshway,HONEY_NOUGAT_SINGLE,Freshway|HONEY_NOUGAT_SINGLE,2021-05-03,16054,8104.7,8764.5,14602.2,0.0,0.0,-5837.7,0.0,1.3,2.0,35.0,0,0
Freshway,HONEY_NOUGAT_SINGLE,Freshway|HONEY_NOUGAT_SINGLE,2021-05-10,5737,7977.5,-2906.9,0.0,0.0,0.0,-2337.3,-569.6,2.0,2.0,0.0,0,0
Freshway,HONEY_NOUGAT_SINGLE,Freshway|HONEY_NOUGAT_SINGLE,2021-05-17,11249,7859.0,3733.1,3733.1,0.0,0.0,0.0,0.0,1.7,2.0,15.0,0,0
Freshway,HONEY_NOUGAT_SINGLE,Freshway|HONEY_NOUGAT_SINGLE,2021-05-24,6842,7758.1,-1601.2,0.0,0.0,0.0,-1071.2,-530.0,2.0,2.0,0.0,0,0
Freshway,HONEY_NOUGAT_SINGLE,Freshway|HONEY_NOUGAT_SINGLE,2021-05-31,8247,7674.7,0.0,0.0,0.0,0.0,0.0,0.0,2.0,2.0,0.0,0,0
Freshway,HONEY_NOUGAT_SINGLE,Freshway|HONEY_NOUGAT_SINGLE,2021-06-07,7288,7608.9,0.0,0.0,0.0,0.0,0.0,0.0,2.0,2.0,0.0,0,0
Freshway,HONEY_NOUGAT_SINGLE,Freshway|HONEY_NOUGAT_SINGLE,2021-06-14,14471,7569.7,5337.7,5337.7,0.0,0.0,0.0,0.0,1.6,2.0,20.0,0,0
Freshway,HONEY_NOUGAT_SINGLE,Freshway|HONEY_NOUGAT_SINGLE,2021-06-21,5755,7539.3,-1355.0,0.0,0.0,0.0,-1355.0,0.0,2.0,2.0,0.0,0,0
Freshway,HONEY_NOUGAT_SINGLE,Freshway|HONEY_NOUGAT_SINGLE,2021-06-28,6971,7535.5,0.0,0.0,0.0,0.0,0.0,0.0,2.0,2.0,0.0,0,0
Freshway,HONEY_NOUGAT_SINGLE,Freshway|HONEY_NOUGAT_SINGLE,2021-07-05,6736,7549.6,-440.7,0.0,0.0,0.0,0.0,-440.7,2.0,2.0,0.0,0,0
Freshway,HONEY_NOUGAT_SINGLE,Freshway|HONEY_NOUGAT_SINGLE,2021-07-12,21842,7590.3,14301.4,2175.1,5539.3,6587.0,0.0,0.0,1.8,2.0,10.0,1,1
Freshway,HONEY_NOUGAT_SINGLE,Freshway|HONEY_NOUGAT_SINGLE,2021-07-19,19600,7640.1,10851.5,5387.4,7389.7,0.0,-1925.6,0.0,1.6,2.0,20.0,1,0
Freshway,HONEY_NOUGAT_SINGLE,Freshway|HONEY_NOUGAT_SINGLE,2021-07-26,6020,7716.6,-1386.9,0.0,0.0,0.0,-1386.9,0.0,2.0,2.0,0.0,0,0
Freshway,HONEY_NOUGAT_SINGLE,Freshway|HONEY_NOUGAT_SINGLE,2021-08-02,7336,7811.1,0.0,0.0,0.0,0.0,0.0,0.0,2.0,2.0,0.0,0,0
Freshway,HONEY_NOUGAT_SINGLE,Freshway|HONEY_NOUGAT_SINGLE,2021-08-09,7619,7923.5,0.0,0.0,0.0,0.0,0.0,0.0,2.0,2.0,0.0,0,0
Freshway,HONEY_NOUGAT_SINGLE,Freshway|HONEY_NOUGAT_SINGLE,2021-08-16,7419,8054.0,-1186.8,0.0,0.0,0.0,0.0,-1186.8,2.0,2.0,0.0,0,0
Freshway,HONEY_NOUGAT_SINGLE,Freshway|HONEY_NOUGAT_SINGLE,2021-08-23,16185,8193.5,8109.3,8109.3,0.0,0.0,0.0,0.0,1.5,2.0,25.0,0,0
Freshway,HONEY_NOUGAT_SINGLE,Freshway|HONEY_NOUGAT_SINGLE,2021-08-30,6436,8351.1,-1832.0,0.0,0.0,0.0,-1832.0,0.0,2.0,2.0,0.0,0,0
Freshway,HONEY_NOUGAT_SINGLE,Freshway|HONEY_NOUGAT_SINGLE,2021-09-06,23356,8508.9,15330.3,15330.3,0.0,0.0,0.0,0.0,1.3,2.0,35.0,0,0
Freshway,HONEY_NOUGAT_SINGLE,Freshway|HONEY_NOUGAT_SINGLE,2021-09-13,5863,8684.7,-2902.9,0.0,0.0,0.0,-2544.5,-358.4,2.0,2.0,0.0,0,0
Freshway,HONEY_NOUGAT_SINGLE,Freshway|HONEY_NOUGAT_SINGLE,2021-09-20,22596,8860.8,16695.1,2539.1,6466.5,7689.5,0.0,0.0,1.8,2.0,10.0,1,1
Freshway,HONEY_NOUGAT_SINGLE,Freshway|HONEY_NOUGAT_SINGLE,2021-09-27,8456,9037.0,-852.3,0.0,0.0,0.0,-852.3,0.0,2.0,2.0,0.0,0,0
Freshway,HONEY_NOUGAT_SINGLE,Freshway|HONEY_NOUGAT_SINGLE,2021-10-04,7947,9213.5,0.0,0.0,0.0,0.0,0.0,0.0,2.0,2.0,0.0,0,0
Freshway,HONEY_NOUGAT_SINGLE,Freshway|HONEY_NOUGAT_SINGLE,2021-10-11,19873,9390.2,10898.9,12645.4,0.0,0.0,0.0,-1746.5,1.4,2.0,30.0,0,0
Freshway,HONEY_NOUGAT_SINGLE,Freshway|HONEY_NOUGAT_SINGLE,2021-10-18,6368,9567.1,-2874.5,0.0,0.0,0.0,-2459.6,-414.9,2.0,2.0,0.0,0,0
Freshway,HONEY_NOUGAT_SINGLE,Freshway|HONEY_NOUGAT_SINGLE,2021-10-25,7687,9726.3,-1433.3,0.0,0.0,0.0,0.0,-1433.3,2.0,2.0,0.0,0,0
Freshway,HONEY_NOUGAT_SINGLE,Freshway|HONEY_NOUGAT_SINGLE,2021-11-01,10139,9885.6,0.0,0.0,0.0,0.0,0.0,0.0,2.0,2.0,0.0,0,0
Freshway,HONEY_NOUGAT_SINGLE,Freshway|HONEY_NOUGAT_SINGLE,2021-11-08,10764,10027.2,0.0,0.0,0.0,0.0,0.0,0.0,2.0,2.0,0.0,0,0
Freshway,HONEY_NOUGAT_SINGLE,Freshway|HONEY_NOUGAT_SINGLE,2021-11-15,9333,10159.9,0.0,0.0,0.0,0.0,0.0,0.0,2.0,2.0,0.0,0,0
Freshway,HONEY_NOUGAT_SINGLE,Freshway|HONEY_NOUGAT_SINGLE,2021-11-22,9456,10274.8,-1037.6,0.0,0.0,0.0,0.0,-1037.6,2.0,2.0,0.0,0,0
Freshway,HONEY_NOUGAT_SINGLE,Freshway|HONEY_NOUGAT_SINGLE,2021-11-29,23910,10371.9,14404.9,18686.9,0.0,0.0,0.0,-4282.1,1.3,2.0,35.0,0,0
Freshway,HONEY_NOUGAT_SINGLE,Freshway|HONEY_NOUGAT_SINGLE,2021-12-06,8802,10451.0,-944.7,2994.8,0.0,0.0,-3939.5,0.0,1.8,2.0,10.0,0,0
Freshway,HONEY_NOUGAT_SINGLE,Freshway|HONEY_NOUGAT_SINGLE,2021-12-13,9614,10503.2,-990.6,0.0,0.0,0.0,-990.6,0.0,2.0,2.0,0.0,0,0
Freshway,HONEY_NOUGAT_SINGLE,Freshway|HONEY_NOUGAT_SINGLE,2021-12-20,10122,10546.4,-1065.1,0.0,0.0,0.0,0.0,-1065.1,2.0,2.0,0.0,0,0
Freshway,HONEY_NOUGAT_SINGLE,Freshway|HONEY_NOUGAT_SINGLE,2021-12-27,9195,10562.7,0.0,0.0,0.0,0.0,0.0,0.0,2.0,2.0,0.0,0,0
Freshway,HONEY_NOUGAT_SINGLE,Freshway|HONEY_NOUGAT_SINGLE,2022-01-03,11239,10560.8,0.0,0.0,0.0,0.0,0.0,0.0,2.0,2.0,0.0,0,0
Freshway,HONEY_NOUGAT_SINGLE,Freshway|HONEY_NOUGAT_SINGLE,2022-01-10,10882,10531.9,0.0,0.0,0.0,0.0,0.0,0.0,2.0,2.0,0.0,0,0
Freshway,HONEY_NOUGAT_SINGLE,Freshway|HONEY_NOUGAT_SINGLE,2022-01-17,8345,10493.8,-1546.4,0.0,0.0,0.0,0.0,-1546.4,2.0,2.0,0.0,0,0
Freshway,HONEY_NOUGAT_SINGLE,Freshway|HONEY_NOUGAT_SINGLE,2022-01-24,10111,10428.5,0.0,0.0,0.0,0.0,0.0,0.0,2.0,2.0,0.0,0,0
Freshway,HONEY_NOUGAT_SINGLE,Freshway|HONEY_NOUGAT_SINGLE,2022-01-31,10954,10345.0,0.0,0.0,0.0,0.0,0.0,0.0,2.0,2.0,0.0,0,0
Freshway,HONEY_NOUGAT_SINGLE,Freshway|HONEY_NOUGAT_SINGLE,2022-02-07,10327,10243.3,0.0,0.0,0.0,0.0,0.0,0.0,2.0,2.0,0.0,0,0
Freshway,HONEY_NOUGAT_SINGLE,Freshway|HONEY_NOUGAT_SINGLE,2022-02-14,11780,10123.2,0.0,0.0,0.0,0.0,0.0,0.0,2.0,2.0,0.0,0,0
Freshway,HONEY_NOUGAT_SINGLE,Freshway|HONEY_NOUGAT_SINGLE,2022-02-21,15678,9993.9,7047.2,7047.2,0.0,0.0,0.0,0.0,1.6,2.0,20.0,0,0
Freshway,HONEY_NOUGAT_SINGLE,Freshway|HONEY_NOUGAT_SINGLE,2022-02-28,7800,9846.2,-1769.6,0.0,0.0,0.0,-1769.6,0.0,2.0,2.0,0.0,0,0
Freshway,HONEY_NOUGAT_SINGLE,Freshway|HONEY_NOUGAT_SINGLE,2022-03-07,9561,9698.3,-566.1,0.0,0.0,0.0,0.0,-566.1,2.0,2.0,0.0,0,0
Freshway,HONEY_NOUGAT_SINGLE,Freshway|HONEY_NOUGAT_SINGLE,2022-03-14,7743,9532.0,-1404.6,0.0,0.0,0.0,0.0,-1404.6,2.0,2.0,0.0,0,0
Freshway,HONEY_NOUGAT_SINGLE,Freshway|HONEY_NOUGAT_SINGLE,2022-03-21,26839,9365.4,16873.5,16873.5,0.0,0.0,0.0,0.0,1.3,2.0,35.0,0,0
Freshway,HONEY_NOUGAT_SINGLE,Freshway|HONEY_NOUGAT_SINGLE,2022-03-28,6511,9198.5,-2695.1,0.0,0.0,0.0,-2695.1,0.0,2.0,2.0,0.0,0,0
Freshway,HONEY_NOUGAT_SINGLE,Freshway|HONEY_NOUGAT_SINGLE,2022-04-04,10545,9943.7,0.0,0.0,0.0,0.0,0.0,0.0,2.0,2.0,0.0,0,0
Freshway,HONEY_NOUGAT_SINGLE,Freshway|HONEY_NOUGAT_SINGLE,2022-04-11,27409,9777.0,17615.2,17615.2,0.0,0.0,0.0,0.0,1.3,2.0,35.0,0,0
Freshway,HONEY_NOUGAT_SINGLE,Freshway|HONEY_NOUGAT_SINGLE,2022-04-18,6578,9610.1,-2815.7,0.0,0.0,0.0,-2815.7,0.0,2.0,2.0,0.0,0,0
Freshway,HONEY_NOUGAT_SINGLE,Freshway|HONEY_NOUGAT_SINGLE,2022-04-25,9268,9461.3,0.0,0.0,0.0,0.0,0.0,0.0,2.0,2.0,0.0,0,0
Freshway,HONEY_NOUGAT_SINGLE,Freshway|HONEY_NOUGAT_SINGLE,2022-05-02,8715,8396.9,0.0,0.0,0.0,0.0,0.0,0.0,2.0,2.0,0.0,0,0
Freshway,HONEY_NOUGAT_SINGLE,Freshway|HONEY_NOUGAT_SINGLE,2022-05-09,12511,8265.1,3926.0,3926.0,0.0,0.0,0.0,0.0,1.7,2.0,15.0,0,0
Freshway,HONEY_NOUGAT_SINGLE,Freshway|HONEY_NOUGAT_SINGLE,2022-05-16,16834,8142.3,10248.5,8058.7,0.0,6972.7,-3199.8,-1583.1,1.5,2.0,25.0,0,1
Freshway,HONEY_NOUGAT_SINGLE,Freshway|HONEY_NOUGAT_SINGLE,2022-05-23,8222,8037.7,34.8,2303.3,0.0,0.0,-2268.5,0.0,1.8,2.0,10.0,0,0
Freshway,HONEY_NOUGAT_SINGLE,Freshway|HONEY_NOUGAT_SINGLE,2022-05-30,7298,7951.3,-749.9,0.0,0.0,0.0,-749.9,0.0,2.0,2.0,0.0,0,0
Freshway,HONEY_NOUGAT_SINGLE,Freshway|HONEY_NOUGAT_SINGLE,2022-06-06,14606,7883.2,5558.8,5558.8,0.0,0.0,0.0,0.0,1.6,2.0,20.0,0,0
Freshway,HONEY_NOUGAT_SINGLE,Freshway|HONEY_NOUGAT_SINGLE,2022-06-13,5182,7842.6,-2357.5,0.0,0.0,0.0,-1409.5,-948.0,2.0,2.0,0.0,0,0
Freshway,HONEY_NOUGAT_SINGLE,Freshway|HONEY_NOUGAT_SINGLE,2022-06-20,28939,7811.1,20916.3,10518.9,10397.5,0.0,0.0,0.0,1.4,2.0,30.0,1,0
Freshway,HONEY_NOUGAT_SINGLE,Freshway|HONEY_NOUGAT_SINGLE,2022-06-27,6350,7807.2,-2007.1,0.0,0.0,0.0,-2007.1,0.0,2.0,2.0,0.0,0,0
Freshway,HONEY_NOUGAT_SINGLE,Freshway|HONEY_NOUGAT_SINGLE,2022-07-04,7449,7821.7,0.0,0.0,0.0,0.0,0.0,0.0,2.0,2.0,0.0,0,0
Freshway,HONEY_NOUGAT_SINGLE,Freshway|HONEY_NOUGAT_SINGLE,2022-07-11,17013,7863.9,8727.7,3735.5,0.0,4992.3,0.0,0.0,1.7,2.0,15.0,0,1
Freshway,HONEY_NOUGAT_SINGLE,Freshway|HONEY_NOUGAT_SINGLE,2022-07-18,15319,7915.5,8094.7,10659.4,0.0,0.0,-2564.8,0.0,1.4,2.0,30.0,0,0
Freshway,HONEY_NOUGAT_SINGLE,Freshway|HONEY_NOUGAT_SINGLE,2022-07-25,4844,7994.8,-2789.8,0.0,0.0,0.0,-2055.4,-734.4,2.0,2.0,0.0,0,0
Freshway,HONEY_NOUGAT_SINGLE,Freshway|HONEY_NOUGAT_SINGLE,2022-08-01,33562,8092.6,24338.7,14580.4,0.0,9758.3,0.0,0.0,1.3,2.0,35.0,0,1
Freshway,HONEY_NOUGAT_SINGLE,Freshway|HONEY_NOUGAT_SINGLE,2022-08-08,6480,8209.1,-2405.2,0.0,0.0,0.0,-2405.2,0.0,2.0,2.0,0.0,0,0
Freshway,HONEY_NOUGAT_SINGLE,Freshway|HONEY_NOUGAT_SINGLE,2022-08-15,11910,8344.3,3963.6,3963.6,0.0,0.0,0.0,0.0,1.7,2.0,15.0,0,0
Freshway,HONEY_NOUGAT_SINGLE,Freshway|HONEY_NOUGAT_SINGLE,2022-08-22,6558,8488.8,-1172.1,0.0,0.0,0.0,-1172.1,0.0,2.0,2.0,0.0,0,0
Freshway,HONEY_NOUGAT_SINGLE,Freshway|HONEY_NOUGAT_SINGLE,2022-08-29,8646,8652.1,0.0,0.0,0.0,0.0,0.0,0.0,2.0,2.0,0.0,0,0
Freshway,HONEY_NOUGAT_SINGLE,Freshway|HONEY_NOUGAT_SINGLE,2022-09-05,8328,8815.6,0.0,0.0,0.0,0.0,0.0,0.0,2.0,2.0,0.0,0,0
Freshway,HONEY_NOUGAT_SINGLE,Freshway|HONEY_NOUGAT_SINGLE,2022-09-12,35147,8997.8,27379.3,16211.2,14299.5,0.0,0.0,-3131.4,1.3,2.0,35.0,1,0
Freshway,HONEY_NOUGAT_SINGLE,Freshway|HONEY_NOUGAT_SINGLE,2022-09-19,6144,9180.2,-3068.5,0.0,0.0,0.0,-2689.7,-378.8,2.0,2.0,0.0,0,0
Freshway,HONEY_NOUGAT_SINGLE,Freshway|HONEY_NOUGAT_SINGLE,2022-09-26,9194,9362.8,0.0,0.0,0.0,0.0,0.0,0.0,2.0,2.0,0.0,0,0
Freshway,HONEY_NOUGAT_SINGLE,Freshway|HONEY_NOUGAT_SINGLE,2022-10-03,38929,9545.6,22495.6,12854.7,0.0,9640.9,0.0,0.0,1.4,2.0,30.0,0,1
Freshway,HONEY_NOUGAT_SINGLE,Freshway|HONEY_NOUGAT_SINGLE,2022-10-10,20567,9728.7,11116.7,2787.8,7099.9,8442.7,-7213.7,0.0,1.8,2.0,10.0,1,1
Freshway,HONEY_NOUGAT_SINGLE,Freshway|HONEY_NOUGAT_SINGLE,2022-10-17,9011,9912.0,-934.8,0.0,0.0,0.0,-934.8,0.0,2.0,2.0,0.0,0,0
Freshway,HONEY_NOUGAT_SINGLE,Freshway|HONEY_NOUGAT_SINGLE,2022-10-24,10428,10076.9,0.0,0.0,0.0,0.0,0.0,0.0,2.0,2.0,0.0,0,0
Freshway,HONEY_NOUGAT_SINGLE,Freshway|HONEY_NOUGAT_SINGLE,2022-10-31,9919,10242.0,-811.8,0.0,0.0,0.0,0.0,-811.8,2.0,2.0,0.0,0,0
Freshway,HONEY_NOUGAT_SINGLE,Freshway|HONEY_NOUGAT_SINGLE,2022-11-07,9545,10388.6,-823.4,0.0,0.0,0.0,0.0,-823.4,2.0,2.0,0.0,0,0
Freshway,HONEY_NOUGAT_SINGLE,Freshway|HONEY_NOUGAT_SINGLE,2022-11-14,11771,10526.1,0.0,0.0,0.0,0.0,0.0,0.0,2.0,2.0,0.0,0,0
Freshway,HONEY_NOUGAT_SINGLE,Freshway|HONEY_NOUGAT_SINGLE,2022-11-21,23263,10645.2,10535.8,10535.8,0.0,0.0,0.0,0.0,1.5,2.0,25.0,0,0
Freshway,HONEY_NOUGAT_SINGLE,Freshway|HONEY_NOUGAT_SINGLE,2022-11-28,18290,10745.7,5945.0,10635.3,0.0,0.0,-4690.3,0.0,1.5,2.0,25.0,0,0
Freshway,HONEY_NOUGAT_SINGLE,Freshway|HONEY_NOUGAT_SINGLE,2022-12-05,9832,10827.7,-2375.2,0.0,0.0,0.0,-2375.2,0.0,2.0,2.0,0.0,0,0
Freshway,HONEY_NOUGAT_SINGLE,Freshway|HONEY_NOUGAT_SINGLE,2022-12-12,9188,10881.8,-1345.6,0.0,0.0,0.0,0.0,-1345.6,2.0,2.0,0.0,0,0
Freshway,HONEY_NOUGAT_SINGLE,Freshway|HONEY_NOUGAT_SINGLE,2022-12-19,17597,10926.6,6617.4,7704.9,0.0,0.0,0.0,-1087.5,1.6,2.0,20.0,0,0
Freshway,HONEY_NOUGAT_SINGLE,Freshway|HONEY_NOUGAT_SINGLE,2022-12-26,10323,10943.4,-1966.8,0.0,0.0,0.0,-1966.8,0.0,2.0,2.0,0.0,0,0
Freshway,HONEY_NOUGAT_SINGLE,Freshway|HONEY_NOUGAT_SINGLE,2023-01-02,10739,10941.5,0.0,0.0,0.0,0.0,0.0,0.0,2.0,2.0,0.0,0,0
Freshway,HONEY_NOUGAT_SINGLE,Freshway|HONEY_NOUGAT_SINGLE,2023-01-09,11509,10911.5,0.0,0.0,0.0,0.0,0.0,0.0,2.0,2.0,0.0,0,0
Freshway,HONEY_NOUGAT_SINGLE,Freshway|HONEY_NOUGAT_SINGLE,2023-01-16,42201,10872.1,29113.0,14641.0,14472.0,0.0,0.0,0.0,1.4,2.0,30.0,1,0
Freshway,HONEY_NOUGAT_SINGLE,Freshway|HONEY_NOUGAT_SINGLE,2023-01-23,7993,10804.4,-2777.7,0.0,0.0,0.0,-2777.7,0.0,2.0,2.0,0.0,0,0
Freshway,HONEY_NOUGAT_SINGLE,Freshway|HONEY_NOUGAT_SINGLE,2023-01-30,8978,10717.9,-1579.4,0.0,0.0,0.0,0.0,-1579.4,2.0,2.0,0.0,0,0
Freshway,HONEY_NOUGAT_SINGLE,Freshway|HONEY_NOUGAT_SINGLE,2023-02-06,17398,10612.5,8371.0,10503.5,0.0,0.0,0.0,-2132.5,1.5,2.0,25.0,0,0
Freshway,HONEY_NOUGAT_SINGLE,Freshway|HONEY_NOUGAT_SINGLE,2023-02-13,8090,10488.1,-2300.8,0.0,0.0,0.0,-2300.8,0.0,2.0,2.0,0.0,0,0
Freshway,HONEY_NOUGAT_SINGLE,Freshway|HONEY_NOUGAT_SINGLE,2023-02-20,13309,10354.2,3376.0,4918.4,0.0,0.0,0.0,-1542.4,1.7,2.0,15.0,0,0
Freshway,HONEY_NOUGAT_SINGLE,Freshway|HONEY_NOUGAT_SINGLE,2023-02-27,7946,10201.2,-1408.6,0.0,0.0,0.0,-1408.6,0.0,2.0,2.0,0.0,0,0
Freshway,HONEY_NOUGAT_SINGLE,Freshway|HONEY_NOUGAT_SINGLE,2023-03-06,11718,10047.9,974.4,2879.3,0.0,0.0,0.0,-1904.9,1.8,2.0,10.0,0,0
Freshway,HONEY_NOUGAT_SINGLE,Freshway|HONEY_NOUGAT_SINGLE,2023-03-13,9212,9875.6,-931.4,0.0,0.0,0.0,-931.4,0.0,2.0,2.0,0.0,0,0
Freshway,HONEY_NOUGAT_SINGLE,Freshway|HONEY_NOUGAT_SINGLE,2023-03-20,10384,9702.9,0.0,0.0,0.0,0.0,0.0,0.0,2.0,2.0,0.0,0,0
Freshway,HONEY_NOUGAT_SINGLE,Freshway|HONEY_NOUGAT_SINGLE,2023-03-27,9712,9530.1,0.0,0.0,0.0,0.0,0.0,0.0,2.0,2.0,0.0,0,0
Freshway,HONEY_NOUGAT_SINGLE,Freshway|HONEY_NOUGAT_SINGLE,2023-04-03,24622,10302.1,14825.0,7264.5,0.0,7560.5,0.0,0.0,1.6,2.0,20.0,0,1
Freshway,HONEY_NOUGAT_SINGLE,Freshway|HONEY_NOUGAT_SINGLE,2023-04-10,8290,10129.5,-2479.1,0.0,0.0,0.0,-1820.6,-658.6,2.0,2.0,0.0,0,0
Freshway,HONEY_NOUGAT_SINGLE,Freshway|HONEY_NOUGAT_SINGLE,2023-04-17,8275,9956.6,-1467.2,0.0,0.0,0.0,0.0,-1467.2,2.0,2.0,0.0,0,0
Freshway,HONEY_NOUGAT_SINGLE,Freshway|HONEY_NOUGAT_SINGLE,2023-04-24,40135,9802.3,28514.4,9701.6,11063.4,13155.9,0.0,-5406.5,1.5,2.0,25.0,1,1
Freshway,HONEY_NOUGAT_SINGLE,Freshway|HONEY_NOUGAT_SINGLE,2023-05-01,6430,8699.5,-1908.4,0.0,0.0,0.0,-1908.4,0.0,2.0,2.0,0.0,0,0
Freshway,HONEY_NOUGAT_SINGLE,Freshway|HONEY_NOUGAT_SINGLE,2023-05-08,13382,8563.0,4067.5,4067.5,0.0,0.0,0.0,0.0,1.7,2.0,15.0,0,0
Freshway,HONEY_NOUGAT_SINGLE,Freshway|HONEY_NOUGAT_SINGLE,2023-05-15,7592,8435.8,-1164.8,0.0,0.0,0.0,-1164.8,0.0,2.0,2.0,0.0,0,0
Freshway,HONEY_NOUGAT_SINGLE,Freshway|HONEY_NOUGAT_SINGLE,2023-05-22,21831,8327.4,10923.1,3955.6,6967.5,0.0,0.0,0.0,1.7,2.0,15.0,1,0
Freshway,HONEY_NOUGAT_SINGLE,Freshway|HONEY_NOUGAT_SINGLE,2023-05-29,10860,8237.9,2235.3,3913.1,0.0,0.0,-1677.8,0.0,1.7,2.0,15.0,0,0
Freshway,HONEY_NOUGAT_SINGLE,Freshway|HONEY_NOUGAT_SINGLE,2023-06-05,7686,8167.3,-1127.7,0.0,0.0,0.0,-1127.7,0.0,2.0,2.0,0.0,0,0
Freshway,HONEY_NOUGAT_SINGLE,Freshway|HONEY_NOUGAT_SINGLE,2023-06-12,8505,8125.2,0.0,0.0,0.0,0.0,0.0,0.0,2.0,2.0,0.0,0,0
Freshway,HONEY_NOUGAT_SINGLE,Freshway|HONEY_NOUGAT_SINGLE,2023-06-19,7863,8092.6,0.0,0.0,0.0,0.0,0.0,0.0,2.0,2.0,0.0,0,0
Freshway,HONEY_NOUGAT_SINGLE,Freshway|HONEY_NOUGAT_SINGLE,2023-06-26,8439,8088.6,0.0,0.0,0.0,0.0,0.0,0.0,2.0,2.0,0.0,0,0
Freshway,HONEY_NOUGAT_SINGLE,Freshway|HONEY_NOUGAT_SINGLE,2023-07-03,7440,8103.7,0.0,0.0,0.0,0.0,0.0,0.0,2.0,2.0,0.0,0,0
Freshway,HONEY_NOUGAT_SINGLE,Freshway|HONEY_NOUGAT_SINGLE,2023-07-10,6159,8147.4,-645.8,0.0,0.0,0.0,0.0,-645.8,2.0,2.0,0.0,0,0
Freshway,HONEY_NOUGAT_SINGLE,Freshway|HONEY_NOUGAT_SINGLE,2023-07-17,8762,8200.8,0.0,0.0,0.0,0.0,0.0,0.0,2.0,2.0,0.0,0,0
Freshway,HONEY_NOUGAT_SINGLE,Freshway|HONEY_NOUGAT_SINGLE,2023-07-24,23364,8282.9,15291.0,8197.8,0.0,7093.2,0.0,0.0,1.5,2.0,25.0,0,1
Freshway,HONEY_NOUGAT_SINGLE,Freshway|HONEY_NOUGAT_SINGLE,2023-07-31,14746,8384.3,6974.8,11290.9,0.0,0.0,-4316.1,0.0,1.4,2.0,30.0,0,0
Freshway,HONEY_NOUGAT_SINGLE,Freshway|HONEY_NOUGAT_SINGLE,2023-08-07,5576,8505.0,-2967.9,0.0,0.0,0.0,-2186.6,-781.3,2.0,2.0,0.0,0,0
Freshway,HONEY_NOUGAT_SINGLE,Freshway|HONEY_NOUGAT_SINGLE,2023-08-14,8952,8645.1,0.0,0.0,0.0,0.0,0.0,0.0,2.0,2.0,0.0,0,0
Freshway,HONEY_NOUGAT_SINGLE,Freshway|HONEY_NOUGAT_SINGLE,2023-08-21,13299,8794.8,5388.8,2520.2,0.0,4869.9,0.0,-2001.3,1.8,2.0,10.0,0,1
Freshway,HONEY_NOUGAT_SINGLE,Freshway|HONEY_NOUGAT_SINGLE,2023-08-28,7674,8964.0,-845.4,0.0,0.0,0.0,-845.4,0.0,2.0,2.0,0.0,0,0
Freshway,HONEY_NOUGAT_SINGLE,Freshway|HONEY_NOUGAT_SINGLE,2023-09-04,9157,9133.3,0.0,0.0,0.0,0.0,0.0,0.0,2.0,2.0,0.0,0,0
Freshway,HONEY_NOUGAT_SINGLE,Freshway|HONEY_NOUGAT_SINGLE,2023-09-11,8634,9322.1,0.0,0.0,0.0,0.0,0.0,0.0,2.0,2.0,0.0,0,0
Freshway,HONEY_NOUGAT_SINGLE,Freshway|HONEY_NOUGAT_SINGLE,2023-09-18,45763,9511.1,33150.5,12808.2,12660.4,15054.9,0.0,-7373.0,1.4,2.0,30.0,1,1
Freshway,HONEY_NOUGAT_SINGLE,Freshway|HONEY_NOUGAT_SINGLE,2023-09-25,7519,9700.3,-2493.8,0.0,0.0,0.0,-2493.8,0.0,2.0,2.0,0.0,0,0
Freshway,HONEY_NOUGAT_SINGLE,Freshway|HONEY_NOUGAT_SINGLE,2023-10-02,11014,9889.7,0.0,0.0,0.0,0.0,0.0,0.0,2.0,2.0,0.0,0,0
Freshway,HONEY_NOUGAT_SINGLE,Freshway|HONEY_NOUGAT_SINGLE,2023-10-09,17688,10079.4,10244.2,2888.3,7355.8,0.0,0.0,0.0,1.8,2.0,10.0,1,0
Freshway,HONEY_NOUGAT_SINGLE,Freshway|HONEY_NOUGAT_SINGLE,2023-10-16,11377,10269.3,1696.7,2942.8,0.0,0.0,-1246.0,0.0,1.8,2.0,10.0,0,0
Freshway,HONEY_NOUGAT_SINGLE,Freshway|HONEY_NOUGAT_SINGLE,2023-10-23,8432,10440.1,-984.6,0.0,0.0,0.0,-984.6,0.0,2.0,2.0,0.0,0,0
Freshway,HONEY_NOUGAT_SINGLE,Freshway|HONEY_NOUGAT_SINGLE,2023-10-30,28873,10611.1,19993.1,3040.7,7743.9,9208.5,0.0,0.0,1.8,2.0,10.0,1,1
Freshway,HONEY_NOUGAT_SINGLE,Freshway|HONEY_NOUGAT_SINGLE,2023-11-06,10872,10763.1,1778.3,3084.3,0.0,0.0,-1306.0,0.0,1.8,2.0,10.0,0,0
Freshway,HONEY_NOUGAT_SINGLE,Freshway|HONEY_NOUGAT_SINGLE,2023-11-13,11187,10905.6,-1028.5,0.0,0.0,0.0,-1028.5,0.0,2.0,2.0,0.0,0,0
Freshway,HONEY_NOUGAT_SINGLE,Freshway|HONEY_NOUGAT_SINGLE,2023-11-20,10640,11028.9,-421.7,0.0,0.0,0.0,0.0,-421.7,2.0,2.0,0.0,0,0
Freshway,HONEY_NOUGAT_SINGLE,Freshway|HONEY_NOUGAT_SINGLE,2023-11-27,31460,11133.1,20058.4,20058.4,0.0,0.0,0.0,0.0,1.3,2.0,35.0,0,0
Freshway,HONEY_NOUGAT_SINGLE,Freshway|HONEY_NOUGAT_SINGLE,2023-12-04,7137,11218.0,-3286.8,0.0,0.0,0.0,-3286.8,0.0,2.0,2.0,0.0,0,0
Freshway,HONEY_NOUGAT_SINGLE,Freshway|HONEY_NOUGAT_SINGLE,2023-12-11,10071,11274.1,0.0,0.0,0.0,0.0,0.0,0.0,2.0,2.0,0.0,0,0
Freshway,HONEY_NOUGAT_SINGLE,Freshway|HONEY_NOUGAT_SINGLE,2023-12-18,11488,11320.5,0.0,0.0,0.0,0.0,0.0,0.0,2.0,2.0,0.0,0,0
Freshway,HONEY_NOUGAT_SINGLE,Freshway|HONEY_NOUGAT_SINGLE,2023-12-25,10689,11337.9,-661.8,0.0,0.0,0.0,0.0,-661.8,2.0,2.0,0.0,0,0
Freshway,SILKEN_BLOCK,Freshway|SILKEN_BLOCK,2021-01-04,26871,8815.7,19391.2,8298.4,11092.8,0.0,0.0,0.0,3.15,4.2,25.0,1,0
Freshway,SILKEN_BLOCK,Freshway|SILKEN_BLOCK,2021-01-11,6972,8794.6,-2118.5,0.0,0.0,0.0,-2118.5,0.0,4.2,4.2,0.0,0,0
Freshway,SILKEN_BLOCK,Freshway|SILKEN_BLOCK,2021-01-18,9416,8766.5,0.0,0.0,0.0,0.0,0.0,0.0,4.2,4.2,0.0,0,0
Freshway,SILKEN_BLOCK,Freshway|SILKEN_BLOCK,2021-01-25,22850,8717.1,14986.0,8205.6,0.0,6780.4,0.0,0.0,3.15,4.2,25.0,0,1
Freshway,SILKEN_BLOCK,Freshway|SILKEN_BLOCK,2021-02-01,6353,8653.5,-2084.5,0.0,0.0,0.0,-2084.5,0.0,4.2,4.2,0.0,0,0
Freshway,SILKEN_BLOCK,Freshway|SILKEN_BLOCK,2021-02-08,8322,8575.6,0.0,0.0,0.0,0.0,0.0,0.0,4.2,4.2,0.0,0,0
Freshway,SILKEN_BLOCK,Freshway|SILKEN_BLOCK,2021-02-15,8753,8483.2,0.0,0.0,0.0,0.0,0.0,0.0,4.2,4.2,0.0,0,0
Freshway,SILKEN_BLOCK,Freshway|SILKEN_BLOCK,2021-02-22,9247,8383.6,0.0,0.0,0.0,0.0,0.0,0.0,4.2,4.2,0.0,0,0
Freshway,SILKEN_BLOCK,Freshway|SILKEN_BLOCK,2021-03-01,8187,8269.4,0.0,0.0,0.0,0.0,0.0,0.0,4.2,4.2,0.0,0,0
Freshway,SILKEN_BLOCK,Freshway|SILKEN_BLOCK,2021-03-08,8091,8154.9,0.0,0.0,0.0,0.0,0.0,0.0,4.2,4.2,0.0,0,0
Freshway,SILKEN_BLOCK,Freshway|SILKEN_BLOCK,2021-03-15,8848,8025.7,0.0,0.0,0.0,0.0,0.0,0.0,4.2,4.2,0.0,0,0
Freshway,SILKEN_BLOCK,Freshway|SILKEN_BLOCK,2021-03-22,7186,7896.1,0.0,0.0,0.0,0.0,0.0,0.0,4.2,4.2,0.0,0,0
Freshway,SILKEN_BLOCK,Freshway|SILKEN_BLOCK,2021-03-29,20530,7766.2,10431.2,5225.7,0.0,5205.4,0.0,0.0,3.36,4.2,20.0,0,1
Freshway,SILKEN_BLOCK,Freshway|SILKEN_BLOCK,2021-04-05,5902,8352.8,-1652.7,0.0,0.0,0.0,-1652.7,0.0,4.2,4.2,0.0,0,0
Freshway,SILKEN_BLOCK,Freshway|SILKEN_BLOCK,2021-04-12,18498,8223.6,9057.8,2261.6,6796.2,0.0,0.0,0.0,3.78,4.2,10.0,1,0
Freshway,SILKEN_BLOCK,Freshway|SILKEN_BLOCK,2021-04-19,7018,8094.0,-844.9,0.0,0.0,0.0,-844.9,0.0,4.2,4.2,0.0,0,0
Freshway,SILKEN_BLOCK,Freshway|SILKEN_BLOCK,2021-04-26,8446,7978.4,0.0,0.0,0.0,0.0,0.0,0.0,4.2,4.2,0.0,0,0
Freshway,SILKEN_BLOCK,Freshway|SILKEN_BLOCK,2021-05-03,8325,7139.2,0.0,0.0,0.0,0.0,0.0,0.0,4.2,4.2,0.0,0,0
Freshway,SILKEN_BLOCK,Freshway|SILKEN_BLOCK,2021-05-10,6694,7035.8,0.0,0.0,0.0,0.0,0.0,0.0,4.2,4.2,0.0,0,0
Freshway,SILKEN_BLOCK,Freshway|SILKEN_BLOCK,2021-05-17,7331,6939.5,0.0,0.0,0.0,0.0,0.0,0.0,4.2,4.2,0.0,0,0
Freshway,SILKEN_BLOCK,Freshway|SILKEN_BLOCK,2021-05-24,19161,6857.5,11659.5,11659.5,0.0,0.0,0.0,0.0,2.73,4.2,35.0,0,0
Freshway,SILKEN_BLOCK,Freshway|SILKEN_BLOCK,2021-05-31,4654,6789.9,-2173.6,0.0,0.0,0.0,-2173.6,0.0,4.2,4.2,0.0,0,0
Freshway,SILKEN_BLOCK,Freshway|SILKEN_BLOCK,2021-06-07,6314,6736.8,0.0,0.0,0.0,0.0,0.0,0.0,4.2,4.2,0.0,0,0
Freshway,SILKEN_BLOCK,Freshway|SILKEN_BLOCK,2021-06-14,14039,6705.5,7385.7,1844.1,5541.6,0.0,0.0,0.0,3.78,4.2,10.0,1,0
Freshway,SILKEN_BLOCK,Freshway|SILKEN_BLOCK,2021-06-21,6300,6681.5,-697.4,0.0,0.0,0.0,-697.4,0.0,4.2,4.2,0.0,0,0
Freshway,SILKEN_BLOCK,Freshway|SILKEN_BLOCK,2021-06-28,9225,6679.6,3036.8,3036.8,0.0,0.0,0.0,0.0,3.57,4.2,15.0,0,0
Freshway,SILKEN_BLOCK,Freshway|SILKEN_BLOCK,2021-07-05,13397,6692.3,6218.5,8540.1,0.0,0.0,-2321.6,0.0,2.94,4.2,30.0,0,0
Freshway,SILKEN_BLOCK,Freshway|SILKEN_BLOCK,2021-07-12,4788,6727.2,-1894.3,0.0,0.0,0.0,-1894.3,0.0,4.2,4.2,0.0,0,0
Freshway,SILKEN_BLOCK,Freshway|SILKEN_BLOCK,2021-07-19,6049,6769.5,0.0,0.0,0.0,0.0,0.0,0.0,4.2,4.2,0.0,0,0
Freshway,SILKEN_BLOCK,Freshway|SILKEN_BLOCK,2021-07-26,6786,6833.9,0.0,0.0,0.0,0.0,0.0,0.0,4.2,4.2,0.0,0,0
Freshway,SILKEN_BLOCK,Freshway|SILKEN_BLOCK,2021-08-02,7009,6913.0,0.0,0.0,0.0,0.0,0.0,0.0,4.2,4.2,0.0,0,0
Freshway,SILKEN_BLOCK,Freshway|SILKEN_BLOCK,2021-08-09,8317,7007.0,1927.0,1927.0,0.0,0.0,0.0,0.0,3.78,4.2,10.0,0,0
Freshway,SILKEN_BLOCK,Freshway|SILKEN_BLOCK,2021-08-16,6623,7115.8,-742.8,0.0,0.0,0.0,-742.8,0.0,4.2,4.2,0.0,0,0
Freshway,SILKEN_BLOCK,Freshway|SILKEN_BLOCK,2021-08-23,6909,7231.9,0.0,0.0,0.0,0.0,0.0,0.0,4.2,4.2,0.0,0,0
Freshway,SILKEN_BLOCK,Freshway|SILKEN_BLOCK,2021-08-30,7676,7362.8,0.0,0.0,0.0,0.0,0.0,0.0,4.2,4.2,0.0,0,0
Freshway,SILKEN_BLOCK,Freshway|SILKEN_BLOCK,2021-09-06,18742,7493.8,10065.3,5042.4,0.0,5022.8,0.0,0.0,3.36,4.2,20.0,0,1
Freshway,SILKEN_BLOCK,Freshway|SILKEN_BLOCK,2021-09-13,5688,7639.4,-1511.6,0.0,0.0,0.0,-1511.6,0.0,4.2,4.2,0.0,0,0
Freshway,SILKEN_BLOCK,Freshway|SILKEN_BLOCK,2021-09-20,8502,7785.1,0.0,0.0,0.0,0.0,0.0,0.0,4.2,4.2,0.0,0,0
Freshway,SILKEN_BLOCK,Freshway|SILKEN_BLOCK,2021-09-27,7741,7930.8,0.0,0.0,0.0,0.0,0.0,0.0,4.2,4.2,0.0,0,0
Freshway,SILKEN_BLOCK,Freshway|SILKEN_BLOCK,2021-10-04,7967,8076.6,0.0,0.0,0.0,0.0,0.0,0.0,4.2,4.2,0.0,0,0
Freshway,SILKEN_BLOCK,Freshway|SILKEN_BLOCK,2021-10-11,8337,8222.4,0.0,0.0,0.0,0.0,0.0,0.0,4.2,4.2,0.0,0,0
Freshway,SILKEN_BLOCK,Freshway|SILKEN_BLOCK,2021-10-18,9068,8368.2,0.0,0.0,0.0,0.0,0.0,0.0,4.2,4.2,0.0,0,0
Freshway,SILKEN_BLOCK,Freshway|SILKEN_BLOCK,2021-10-25,8479,8499.4,0.0,0.0,0.0,0.0,0.0,0.0,4.2,4.2,0.0,0,0
Freshway,SILKEN_BLOCK,Freshway|SILKEN_BLOCK,2021-11-01,9575,8630.7,0.0,0.0,0.0,0.0,0.0,0.0,4.2,4.2,0.0,0,0
Freshway,SILKEN_BLOCK,Freshway|SILKEN_BLOCK,2021-11-08,8278,8747.4,0.0,0.0,0.0,0.0,0.0,0.0,4.2,4.2,0.0,0,0
Freshway,SILKEN_BLOCK,Freshway|SILKEN_BLOCK,2021-11-15,10113,8856.9,0.0,0.0,0.0,0.0,0.0,0.0,4.2,4.2,0.0,0,0
Freshway,SILKEN_BLOCK,Freshway|SILKEN_BLOCK,2021-11-22,8897,8951.8,0.0,0.0,0.0,0.0,0.0,0.0,4.2,4.2,0.0,0,0
Freshway,SILKEN_BLOCK,Freshway|SILKEN_BLOCK,2021-11-29,9137,9032.2,0.0,0.0,0.0,0.0,0.0,0.0,4.2,4.2,0.0,0,0
Freshway,SILKEN_BLOCK,Freshway|SILKEN_BLOCK,2021-12-06,18458,9098.0,12220.0,6121.9,0.0,6098.1,0.0,0.0,3.36,4.2,20.0,0,1
Freshway,SILKEN_BLOCK,Freshway|SILKEN_BLOCK,2021-12-13,16010,9142.0,7548.8,11666.0,0.0,0.0,-4117.2,0.0,2.94,4.2,30.0,0,0
Freshway,SILKEN_BLOCK,Freshway|SILKEN_BLOCK,2021-12-20,7058,9178.7,-2584.7,0.0,0.0,0.0,-2584.7,0.0,4.2,4.2,0.0,0,0
Freshway,SILKEN_BLOCK,Freshway|SILKEN_BLOCK,2021-12-27,9189,9193.4,0.0,0.0,0.0,0.0,0.0,0.0,4.2,4.2,0.0,0,0
Freshway,SILKEN_BLOCK,Freshway|SILKEN_BLOCK,2022-01-03,10141,9193.5,0.0,0.0,0.0,0.0,0.0,0.0,4.2,4.2,0.0,0,0
Freshway,SILKEN_BLOCK,Freshway|SILKEN_BLOCK,2022-01-10,8798,9171.5,0.0,0.0,0.0,0.0,0.0,0.0,4.2,4.2,0.0,0,0
Freshway,SILKEN_BLOCK,Freshway|SILKEN_BLOCK,2022-01-17,9145,9142.2,0.0,0.0,0.0,0.0,0.0,0.0,4.2,4.2,0.0,0,0
Freshway,SILKEN_BLOCK,Freshway|SILKEN_BLOCK,2022-01-24,8117,9090.7,0.0,0.0,0.0,0.0,0.0,0.0,4.2,4.2,0.0,0,0
Freshway,SILKEN_BLOCK,Freshway|SILKEN_BLOCK,2022-01-31,25934,9024.4,17538.0,2481.8,7457.9,7598.3,0.0,0.0,3.78,4.2,10.0,1,1
Freshway,SILKEN_BLOCK,Freshway|SILKEN_BLOCK,2022-02-07,7969,8943.1,-933.5,0.0,0.0,0.0,-933.5,0.0,4.2,4.2,0.0,0,0
Freshway,SILKEN_BLOCK,Freshway|SILKEN_BLOCK,2022-02-14,8751,8846.8,0.0,0.0,0.0,0.0,0.0,0.0,4.2,4.2,0.0,0,0
Freshway,SILKEN_BLOCK,Freshway|SILKEN_BLOCK,2022-02-21,8014,8742.9,0.0,0.0,0.0,0.0,0.0,0.0,4.2,4.2,0.0,0,0
Freshway,SILKEN_BLOCK,Freshway|SILKEN_BLOCK,2022-02-28,7575,8623.8,0.0,0.0,0.0,0.0,0.0,0.0,4.2,4.2,0.0,0,0
Freshway,SILKEN_BLOCK,Freshway|SILKEN_BLOCK,2022-03-07,7851,8504.3,0.0,0.0,0.0,0.0,0.0,0.0,4.2,4.2,0.0,0,0
Freshway,SILKEN_BLOCK,Freshway|SILKEN_BLOCK,2022-03-14,7352,8369.7,0.0,0.0,0.0,0.0,0.0,0.0,4.2,4.2,0.0,0,0
Freshway,SILKEN_BLOCK,Freshway|SILKEN_BLOCK,2022-03-21,13436,8234.5,5540.9,5540.9,0.0,0.0,0.0,0.0,3.36,4.2,20.0,0,0
Freshway,SILKEN_BLOCK,Freshway|SILKEN_BLOCK,2022-03-28,7162,8099.0,-1602.5,0.0,0.0,0.0,-1602.5,0.0,4.2,4.2,0.0,0,0
Freshway,SILKEN_BLOCK,Freshway|SILKEN_BLOCK,2022-04-04,7974,8710.8,0.0,0.0,0.0,0.0,0.0,0.0,4.2,4.2,0.0,0,0
Freshway,SILKEN_BLOCK,Freshway|SILKEN_BLOCK,2022-04-11,31711,8576.1,23860.0,14581.5,0.0,9278.5,0.0,0.0,2.73,4.2,35.0,0,1
Freshway,SILKEN_BLOCK,Freshway|SILKEN_BLOCK,2022-04-18,10707,8440.9,2700.0,7945.6,0.0,0.0,-5245.7,0.0,3.15,4.2,25.0,0,0
Freshway,SILKEN_BLOCK,Freshway|SILKEN_BLOCK,2022-04-25,7244,8320.3,-2004.2,0.0,0.0,0.0,-2004.2,0.0,4.2,4.2,0.0,0,0
Freshway,SILKEN_BLOCK,Freshway|SILKEN_BLOCK,2022-05-02,9197,7445.1,2047.5,2047.5,0.0,0.0,0.0,0.0,3.78,4.2,10.0,0,0
Freshway,SILKEN_BLOCK,Freshway|SILKEN_BLOCK,2022-05-09,12626,7337.4,5420.0,6906.8,0.0,0.0,-1486.8,0.0,3.15,4.2,25.0,0,0
Freshway,SILKEN_BLOCK,Freshway|SILKEN_BLOCK,2022-05-16,5219,7236.9,-1743.2,0.0,0.0,0.0,-1743.2,0.0,4.2,4.2,0.0,0,0
Freshway,SILKEN_BLOCK,Freshway|SILKEN_BLOCK,2022-05-23,7331,7151.4,0.0,0.0,0.0,0.0,0.0,0.0,4.2,4.2,0.0,0,0
Freshway,SILKEN_BLOCK,Freshway|SILKEN_BLOCK,2022-05-30,7302,7080.9,0.0,0.0,0.0,0.0,0.0,0.0,4.2,4.2,0.0,0,0
Freshway,SILKEN_BLOCK,Freshway|SILKEN_BLOCK,2022-06-06,7467,7025.5,0.0,0.0,0.0,0.0,0.0,0.0,4.2,4.2,0.0,0,0
Freshway,SILKEN_BLOCK,Freshway|SILKEN_BLOCK,2022-06-13,7015,6992.9,0.0,0.0,0.0,0.0,0.0,0.0,4.2,4.2,0.0,0,0
Freshway,SILKEN_BLOCK,Freshway|SILKEN_BLOCK,2022-06-20,6859,6967.9,0.0,0.0,0.0,0.0,0.0,0.0,4.2,4.2,0.0,0,0
Freshway,SILKEN_BLOCK,Freshway|SILKEN_BLOCK,2022-06-27,6870,6965.9,0.0,0.0,0.0,0.0,0.0,0.0,4.2,4.2,0.0,0,0
Freshway,SILKEN_BLOCK,Freshway|SILKEN_BLOCK,2022-07-04,6535,6979.2,0.0,0.0,0.0,0.0,0.0,0.0,4.2,4.2,0.0,0,0
Freshway,SILKEN_BLOCK,Freshway|SILKEN_BLOCK,2022-07-11,6368,7015.5,0.0,0.0,0.0,0.0,0.0,0.0,4.2,4.2,0.0,0,0
Freshway,SILKEN_BLOCK,Freshway|SILKEN_BLOCK,2022-07-18,7991,7059.6,0.0,0.0,0.0,0.0,0.0,0.0,4.2,4.2,0.0,0,0
Freshway,SILKEN_BLOCK,Freshway|SILKEN_BLOCK,2022-07-25,14798,7126.7,7393.7,3240.1,0.0,4153.6,0.0,0.0,3.57,4.2,15.0,0,1
Freshway,SILKEN_BLOCK,Freshway|SILKEN_BLOCK,2022-08-01,5943,7209.3,-1098.8,0.0,0.0,0.0,-1098.8,0.0,4.2,4.2,0.0,0,0
Freshway,SILKEN_BLOCK,Freshway|SILKEN_BLOCK,2022-08-08,16632,7307.3,9324.8,9324.8,0.0,0.0,0.0,0.0,2.94,4.2,30.0,0,0
Freshway,SILKEN_BLOCK,Freshway|SILKEN_BLOCK,2022-08-15,5456,7420.7,-2089.6,0.0,0.0,0.0,-2089.6,0.0,4.2,4.2,0.0,0,0
Freshway,SILKEN_BLOCK,Freshway|SILKEN_BLOCK,2022-08-22,6748,7541.9,0.0,0.0,0.0,0.0,0.0,0.0,4.2,4.2,0.0,0,0
Freshway,SILKEN_BLOCK,Freshway|SILKEN_BLOCK,2022-08-29,20066,7678.4,13492.5,5166.7,8325.8,0.0,0.0,0.0,3.36,4.2,20.0,1,0
Freshway,SILKEN_BLOCK,Freshway|SILKEN_BLOCK,2022-09-05,27819,7814.9,20278.6,7356.4,9833.6,10018.6,-6930.0,0.0,3.15,4.2,25.0,1,1
Freshway,SILKEN_BLOCK,Freshway|SILKEN_BLOCK,2022-09-12,6303,7966.8,-1919.1,0.0,0.0,0.0,-1919.1,0.0,4.2,4.2,0.0,0,0
Freshway,SILKEN_BLOCK,Freshway|SILKEN_BLOCK,2022-09-19,8423,8118.8,0.0,0.0,0.0,0.0,0.0,0.0,4.2,4.2,0.0,0,0
Freshway,SILKEN_BLOCK,Freshway|SILKEN_BLOCK,2022-09-26,7904,8270.7,0.0,0.0,0.0,0.0,0.0,0.0,4.2,4.2,0.0,0,0
Freshway,SILKEN_BLOCK,Freshway|SILKEN_BLOCK,2022-10-03,8205,8422.7,0.0,0.0,0.0,0.0,0.0,0.0,4.2,4.2,0.0,0,0
Freshway,SILKEN_BLOCK,Freshway|SILKEN_BLOCK,2022-10-10,32879,8574.8,23592.5,10942.2,12650.3,0.0,0.0,0.0,2.94,4.2,30.0,1,0
Freshway,SILKEN_BLOCK,Freshway|SILKEN_BLOCK,2022-10-17,6326,8726.8,-2457.4,0.0,0.0,0.0,-2457.4,0.0,4.2,4.2,0.0,0,0
Freshway,SILKEN_BLOCK,Freshway|SILKEN_BLOCK,2022-10-24,12234,8863.7,4029.7,4029.7,0.0,0.0,0.0,0.0,3.57,4.2,15.0,0,0
Freshway,SILKEN_BLOCK,Freshway|SILKEN_BLOCK,2022-10-31,21292,9000.6,11599.1,15303.3,0.0,0.0,-3704.2,0.0,2.73,4.2,35.0,0,0
Freshway,SILKEN_BLOCK,Freshway|SILKEN_BLOCK,2022-11-07,5807,9122.3,-2920.2,0.0,0.0,0.0,-2920.2,0.0,4.2,4.2,0.0,0,0
Freshway,SILKEN_BLOCK,Freshway|SILKEN_BLOCK,2022-11-14,8406,9236.5,0.0,0.0,0.0,0.0,0.0,0.0,4.2,4.2,0.0,0,0
Freshway,SILKEN_BLOCK,Freshway|SILKEN_BLOCK,2022-11-21,8990,9335.5,0.0,0.0,0.0,0.0,0.0,0.0,4.2,4.2,0.0,0,0
Freshway,SILKEN_BLOCK,Freshway|SILKEN_BLOCK,2022-11-28,9990,9419.3,0.0,0.0,0.0,0.0,0.0,0.0,4.2,4.2,0.0,0,0
Freshway,SILKEN_BLOCK,Freshway|SILKEN_BLOCK,2022-12-05,10171,9487.9,0.0,0.0,0.0,0.0,0.0,0.0,4.2,4.2,0.0,0,0
Freshway,SILKEN_BLOCK,Freshway|SILKEN_BLOCK,2022-12-12,9995,9533.8,0.0,0.0,0.0,0.0,0.0,0.0,4.2,4.2,0.0,0,0
Freshway,SILKEN_BLOCK,Freshway|SILKEN_BLOCK,2022-12-19,22123,9572.0,12856.7,6440.9,0.0,6415.8,0.0,0.0,3.36,4.2,20.0,0,1
Freshway,SILKEN_BLOCK,Freshway|SILKEN_BLOCK,2022-12-26,8176,9587.4,-1897.0,0.0,0.0,0.0,-1897.0,0.0,4.2,4.2,0.0,0,0
Freshway,SILKEN_BLOCK,Freshway|SILKEN_BLOCK,2023-01-02,22041,9587.5,12234.5,12234.5,0.0,0.0,0.0,0.0,2.94,4.2,30.0,0,0
Freshway,SILKEN_BLOCK,Freshway|SILKEN_BLOCK,2023-01-09,6854,9564.6,-2693.3,0.0,0.0,0.0,-2693.3,0.0,4.2,4.2,0.0,0,0
Freshway,SILKEN_BLOCK,Freshway|SILKEN_BLOCK,2023-01-16,9255,9534.0,0.0,0.0,0.0,0.0,0.0,0.0,4.2,4.2,0.0,0,0
Freshway,SILKEN_BLOCK,Freshway|SILKEN_BLOCK,2023-01-23,10408,9480.3,0.0,0.0,0.0,0.0,0.0,0.0,4.2,4.2,0.0,0,0
Freshway,SILKEN_BLOCK,Freshway|SILKEN_BLOCK,2023-01-30,18589,9411.1,8858.9,8858.9,0.0,0.0,0.0,0.0,3.15,4.2,25.0,0,0
Freshway,SILKEN_BLOCK,Freshway|SILKEN_BLOCK,2023-02-06,7427,9326.4,-2246.6,0.0,0.0,0.0,-2246.6,0.0,4.2,4.2,0.0,0,0
Freshway,SILKEN_BLOCK,Freshway|SILKEN_BLOCK,2023-02-13,21095,9226.0,12893.1,4194.4,8698.7,0.0,0.0,0.0,3.57,4.2,15.0,1,0
Freshway,SILKEN_BLOCK,Freshway|SILKEN_BLOCK,2023-02-20,7393,9117.6,-1389.6,0.0,0.0,0.0,-1389.6,0.0,4.2,4.2,0.0,0,0
Freshway,SILKEN_BLOCK,Freshway|SILKEN_BLOCK,2023-02-27,9447,8993.4,0.0,0.0,0.0,0.0,0.0,0.0,4.2,4.2,0.0,0,0
Freshway,SILKEN_BLOCK,Freshway|SILKEN_BLOCK,2023-03-06,8877,8868.8,0.0,0.0,0.0,0.0,0.0,0.0,4.2,4.2,0.0,0,0
Freshway,SILKEN_BLOCK,Freshway|SILKEN_BLOCK,2023-03-13,8437,8728.4,0.0,0.0,0.0,0.0,0.0,0.0,4.2,4.2,0.0,0,0
Freshway,SILKEN_BLOCK,Freshway|SILKEN_BLOCK,2023-03-20,9675,8587.5,0.0,0.0,0.0,0.0,0.0,0.0,4.2,4.2,0.0,0,0
Freshway,SILKEN_BLOCK,Freshway|SILKEN_BLOCK,2023-03-27,8144,8446.1,0.0,0.0,0.0,0.0,0.0,0.0,4.2,4.2,0.0,0,0
Freshway,SILKEN_BLOCK,Freshway|SILKEN_BLOCK,2023-04-03,10215,9084.1,0.0,0.0,0.0,0.0,0.0,0.0,4.2,4.2,0.0,0,0
Freshway,SILKEN_BLOCK,Freshway|SILKEN_BLOCK,2023-04-10,7769,8943.6,0.0,0.0,0.0,0.0,0.0,0.0,4.2,4.2,0.0,0,0
Freshway,SILKEN_BLOCK,Freshway|SILKEN_BLOCK,2023-04-17,16287,8802.7,8286.2,8286.2,0.0,0.0,0.0,0.0,3.15,4.2,25.0,0,0
Freshway,SILKEN_BLOCK,Freshway|SILKEN_BLOCK,2023-04-24,6209,8676.9,-2090.1,0.0,0.0,0.0,-2090.1,0.0,4.2,4.2,0.0,0,0
Freshway,SILKEN_BLOCK,Freshway|SILKEN_BLOCK,2023-05-01,8407,7764.2,0.0,0.0,0.0,0.0,0.0,0.0,4.2,4.2,0.0,0,0
Freshway,SILKEN_BLOCK,Freshway|SILKEN_BLOCK,2023-05-08,13394,7651.8,7202.8,7202.8,0.0,0.0,0.0,0.0,3.15,4.2,25.0,0,0
Freshway,SILKEN_BLOCK,Freshway|SILKEN_BLOCK,2023-05-15,5541,7547.0,-1818.0,0.0,0.0,0.0,-1818.0,0.0,4.2,4.2,0.0,0,0
Freshway,SILKEN_BLOCK,Freshway|SILKEN_BLOCK,2023-05-22,6900,7457.9,0.0,0.0,0.0,0.0,0.0,0.0,4.2,4.2,0.0,0,0
Freshway,SILKEN_BLOCK,Freshway|SILKEN_BLOCK,2023-05-29,9690,7384.3,2030.7,2030.7,0.0,0.0,0.0,0.0,3.78,4.2,10.0,0,0
Freshway,SILKEN_BLOCK,Freshway|SILKEN_BLOCK,2023-06-05,18800,7326.6,10392.0,12457.0,0.0,0.0,-2065.0,0.0,2.73,4.2,35.0,0,0
Freshway,SILKEN_BLOCK,Freshway|SILKEN_BLOCK,2023-06-12,5016,7292.6,-2334.5,0.0,0.0,0.0,-2334.5,0.0,4.2,4.2,0.0,0,0
Freshway,SILKEN_BLOCK,Freshway|SILKEN_BLOCK,2023-06-19,14280,7266.5,6840.1,6840.1,0.0,0.0,0.0,0.0,3.15,4.2,25.0,0,0
Freshway,SILKEN_BLOCK,Freshway|SILKEN_BLOCK,2023-06-26,5206,7264.4,-1749.9,0.0,0.0,0.0,-1749.9,0.0,4.2,4.2,0.0,0,0
Freshway,SILKEN_BLOCK,Freshway|SILKEN_BLOCK,2023-07-03,16078,7278.3,6851.2,6851.2,0.0,0.0,0.0,0.0,3.15,4.2,25.0,0,0
Freshway,SILKEN_BLOCK,Freshway|SILKEN_BLOCK,2023-07-10,5203,7316.2,-1762.3,0.0,0.0,0.0,-1762.3,0.0,4.2,4.2,0.0,0,0
Freshway,SILKEN_BLOCK,Freshway|SILKEN_BLOCK,2023-07-17,7090,7362.1,0.0,0.0,0.0,0.0,0.0,0.0,4.2,4.2,0.0,0,0
Freshway,SILKEN_BLOCK,Freshway|SILKEN_BLOCK,2023-07-24,7154,7432.2,0.0,0.0,0.0,0.0,0.0,0.0,4.2,4.2,0.0,0,0
Freshway,SILKEN_BLOCK,Freshway|SILKEN_BLOCK,2023-07-31,7343,7518.3,0.0,0.0,0.0,0.0,0.0,0.0,4.2,4.2,0.0,0,0
Freshway,SILKEN_BLOCK,Freshway|SILKEN_BLOCK,2023-08-07,7996,7620.5,0.0,0.0,0.0,0.0,0.0,0.0,4.2,4.2,0.0,0,0
Freshway,SILKEN_BLOCK,Freshway|SILKEN_BLOCK,2023-08-14,7996,7738.8,0.0,0.0,0.0,0.0,0.0,0.0,4.2,4.2,0.0,0,0
Freshway,SILKEN_BLOCK,Freshway|SILKEN_BLOCK,2023-08-21,8955,7865.1,0.0,0.0,0.0,0.0,0.0,0.0,4.2,4.2,0.0,0,0
Freshway,SILKEN_BLOCK,Freshway|SILKEN_BLOCK,2023-08-28,8151,8007.5,0.0,0.0,0.0,0.0,0.0,0.0,4.2,4.2,0.0,0,0
Freshway,SILKEN_BLOCK,Freshway|SILKEN_BLOCK,2023-09-04,7591,8149.9,0.0,0.0,0.0,0.0,0.0,0.0,4.2,4.2,0.0,0,0
Freshway,SILKEN_BLOCK,Freshway|SILKEN_BLOCK,2023-09-11,8156,8308.3,0.0,0.0,0.0,0.0,0.0,0.0,4.2,4.2,0.0,0,0
Freshway,SILKEN_BLOCK,Freshway|SILKEN_BLOCK,2023-09-18,36897,8466.7,23295.3,10804.3,12490.9,0.0,0.0,0.0,2.94,4.2,30.0,1,0
Freshway,SILKEN_BLOCK,Freshway|SILKEN_BLOCK,2023-09-25,22375,8625.2,14619.9,11006.6,12724.7,0.0,-9111.4,0.0,2.94,4.2,30.0,1,0
Freshway,SILKEN_BLOCK,Freshway|SILKEN_BLOCK,2023-10-02,6764,8783.7,-2473.4,0.0,0.0,0.0,-2473.4,0.0,4.2,4.2,0.0,0,0
Freshway,SILKEN_BLOCK,Freshway|SILKEN_BLOCK,2023-10-09,8380,8942.2,0.0,0.0,0.0,0.0,0.0,0.0,4.2,4.2,0.0,0,0
Freshway,SILKEN_BLOCK,Freshway|SILKEN_BLOCK,2023-10-16,20759,9100.8,9441.7,4137.5,0.0,5304.2,0.0,0.0,3.57,4.2,15.0,0,1
Freshway,SILKEN_BLOCK,Freshway|SILKEN_BLOCK,2023-10-23,8277,9243.5,-1408.8,0.0,0.0,0.0,-1408.8,0.0,4.2,4.2,0.0,0,0
Freshway,SILKEN_BLOCK,Freshway|SILKEN_BLOCK,2023-10-30,23859,9386.3,16136.5,8835.6,0.0,7300.9,0.0,0.0,3.15,4.2,25.0,0,1
Freshway,SILKEN_BLOCK,Freshway|SILKEN_BLOCK,2023-11-06,6877,9513.3,-2291.6,0.0,0.0,0.0,-2291.6,0.0,4.2,4.2,0.0,0,0
Freshway,SILKEN_BLOCK,Freshway|SILKEN_BLOCK,2023-11-13,25366,9632.3,13461.0,4379.2,9081.8,0.0,0.0,0.0,3.57,4.2,15.0,1,0
Freshway,SILKEN_BLOCK,Freshway|SILKEN_BLOCK,2023-11-20,8053,9735.6,-1483.8,0.0,0.0,0.0,-1483.8,0.0,4.2,4.2,0.0,0,0
Freshway,SILKEN_BLOCK,Freshway|SILKEN_BLOCK,2023-11-27,24285,9823.0,17260.9,6609.7,10651.2,0.0,0.0,0.0,3.36,4.2,20.0,1,0
Freshway,SILKEN_BLOCK,Freshway|SILKEN_BLOCK,2023-12-04,15855,9894.6,5513.3,9314.0,0.0,0.0,-3800.7,0.0,3.15,4.2,25.0,0,0
Freshway,SILKEN_BLOCK,Freshway|SILKEN_BLOCK,2023-12-11,7897,9942.4,-2395.0,0.0,0.0,0.0,-2395.0,0.0,4.2,4.2,0.0,0,0
Freshway,SILKEN_BLOCK,Freshway|SILKEN_BLOCK,2023-12-18,10393,9982.2,0.0,0.0,0.0,0.0,0.0,0.0,4.2,4.2,0.0,0,0
Freshway,SILKEN_BLOCK,Freshway|SILKEN_BLOCK,2023-12-25,18300,9998.3,9411.6,9411.6,0.0,0.0,0.0,0.0,3.15,4.2,25.0,0,0
Northmart,BITES_BUTTONS_POUCH,Northmart|BITES_BUTTONS_POUCH,2021-01-04,5306,5831.3,-436.4,0.0,0.0,0.0,0.0,-436.4,5.0,5.0,0.0,0,0
Northmart,BITES_BUTTONS_POUCH,Northmart|BITES_BUTTONS_POUCH,2021-01-11,11438,5814.4,6604.6,2181.0,0.0,4423.7,0.0,0.0,4.25,5.0,15.0,0,1
Northmart,BITES_BUTTONS_POUCH,Northmart|BITES_BUTTONS_POUCH,2021-01-18,4747,5792.4,-1478.1,0.0,0.0,0.0,-781.5,-696.6,5.0,5.0,0.0,0,0
Northmart,BITES_BUTTONS_POUCH,Northmart|BITES_BUTTONS_POUCH,2021-01-25,11543,5755.4,6537.6,2158.8,0.0,4378.8,0.0,0.0,4.25,5.0,15.0,0,1
Northmart,BITES_BUTTONS_POUCH,Northmart|BITES_BUTTONS_POUCH,2021-02-01,8112,5708.2,2969.9,4323.3,0.0,0.0,-1353.4,0.0,3.75,5.0,25.0,0,0
Northmart,BITES_BUTTONS_POUCH,Northmart|BITES_BUTTONS_POUCH,2021-02-08,4831,5650.9,-1455.5,0.0,0.0,0.0,-1212.6,-242.9,5.0,5.0,0.0,0,0
Northmart,BITES_BUTTONS_POUCH,Northmart|BITES_BUTTONS_POUCH,2021-02-15,5572,5583.5,0.0,0.0,0.0,0.0,0.0,0.0,5.0,5.0,0.0,0,0
Northmart,BITES_BUTTONS_POUCH,Northmart|BITES_BUTTONS_POUCH,2021-02-22,4544,5510.9,-528.0,0.0,0.0,0.0,0.0,-528.0,5.0,5.0,0.0,0,0
Northmart,BITES_BUTTONS_POUCH,Northmart|BITES_BUTTONS_POUCH,2021-03-01,5781,5428.2,0.0,0.0,0.0,0.0,0.0,0.0,5.0,5.0,0.0,0,0
Northmart,BITES_BUTTONS_POUCH,Northmart|BITES_BUTTONS_POUCH,2021-03-08,5762,5345.4,0.0,0.0,0.0,0.0,0.0,0.0,5.0,5.0,0.0,0,0
Northmart,BITES_BUTTONS_POUCH,Northmart|BITES_BUTTONS_POUCH,2021-03-15,4799,5252.4,-189.4,0.0,0.0,0.0,0.0,-189.4,5.0,5.0,0.0,0,0
Northmart,BITES_BUTTONS_POUCH,Northmart|BITES_BUTTONS_POUCH,2021-03-22,17711,5159.3,11971.6,5220.4,9019.4,0.0,0.0,-2268.2,3.5,5.0,30.0,1,0
Northmart,BITES_BUTTONS_POUCH,Northmart|BITES_BUTTONS_POUCH,2021-03-29,3915,5066.1,-1558.5,0.0,0.0,0.0,-1274.8,-283.7,5.0,5.0,0.0,0,0
Northmart,BITES_BUTTONS_POUCH,Northmart|BITES_BUTTONS_POUCH,2021-04-05,31959,5478.3,26517.3,5543.2,9577.2,11396.9,0.0,0.0,3.5,5.0,30.0,1,1
Northmart,BITES_BUTTONS_POUCH,Northmart|BITES_BUTTONS_POUCH,2021-04-12,3961,5385.2,-1355.1,0.0,0.0,0.0,-1355.1,0.0,5.0,5.0,0.0,0,0
Northmart,BITES_BUTTONS_POUCH,Northmart|BITES_BUTTONS_POUCH,2021-04-19,5383,5292.0,0.0,0.0,0.0,0.0,0.0,0.0,5.0,5.0,0.0,0,0
Northmart,BITES_BUTTONS_POUCH,Northmart|BITES_BUTTONS_POUCH,2021-04-26,5334,5208.8,0.0,0.0,0.0,0.0,0.0,0.0,5.0,5.0,0.0,0,0
Northmart,BITES_BUTTONS_POUCH,Northmart|BITES_BUTTONS_POUCH,2021-05-03,3826,4618.7,0.0,0.0,0.0,0.0,0.0,0.0,5.0,5.0,0.0,0,0
Northmart,BITES_BUTTONS_POUCH,Northmart|BITES_BUTTONS_POUCH,2021-05-10,14909,4545.1,10383.1,3442.4,6940.7,0.0,0.0,0.0,3.75,5.0,25.0,1,0
Northmart,BITES_BUTTONS_POUCH,Northmart|BITES_BUTTONS_POUCH,2021-05-17,2771,4476.5,-1371.7,0.0,0.0,0.0,-960.6,-411.1,5.0,5.0,0.0,0,0
Northmart,BITES_BUTTONS_POUCH,Northmart|BITES_BUTTONS_POUCH,2021-05-24,6339,4418.0,1657.2,1657.2,0.0,0.0,0.0,0.0,4.25,5.0,15.0,0,0
Northmart,BITES_BUTTONS_POUCH,Northmart|BITES_BUTTONS_POUCH,2021-05-31,8122,4369.6,3704.3,1639.0,0.0,3324.5,-1259.2,0.0,4.25,5.0,15.0,0,1
Northmart,BITES_BUTTONS_POUCH,Northmart|BITES_BUTTONS_POUCH,2021-06-07,3971,4331.3,-584.4,0.0,0.0,0.0,-584.4,0.0,5.0,5.0,0.0,0,0
Northmart,BITES_BUTTONS_POUCH,Northmart|BITES_BUTTONS_POUCH,2021-06-14,5509,4308.3,1291.8,1616.0,0.0,0.0,0.0,-324.2,4.25,5.0,15.0,0,0
Northmart,BITES_BUTTONS_POUCH,Northmart|BITES_BUTTONS_POUCH,2021-06-21,3677,4290.2,-578.8,0.0,0.0,0.0,-578.8,0.0,5.0,5.0,0.0,0,0
Northmart,BITES_BUTTONS_POUCH,Northmart|BITES_BUTTONS_POUCH,2021-06-28,3559,4287.5,-501.3,0.0,0.0,0.0,0.0,-501.3,5.0,5.0,0.0,0,0
Northmart,BITES_BUTTONS_POUCH,Northmart|BITES_BUTTONS_POUCH,2021-07-05,7068,4294.9,3252.9,3252.9,0.0,0.0,0.0,0.0,3.75,5.0,25.0,0,0
Northmart,BITES_BUTTONS_POUCH,Northmart|BITES_BUTTONS_POUCH,2021-07-12,3425,4317.6,-926.5,0.0,0.0,0.0,-926.5,0.0,5.0,5.0,0.0,0,0
Northmart,BITES_BUTTONS_POUCH,Northmart|BITES_BUTTONS_POUCH,2021-07-19,4121,4345.5,0.0,0.0,0.0,0.0,0.0,0.0,5.0,5.0,0.0,0,0
Northmart,BITES_BUTTONS_POUCH,Northmart|BITES_BUTTONS_POUCH,2021-07-26,4205,4388.6,0.0,0.0,0.0,0.0,0.0,0.0,5.0,5.0,0.0,0,0
Northmart,BITES_BUTTONS_POUCH,Northmart|BITES_BUTTONS_POUCH,2021-08-02,12988,4442.1,8414.3,2436.9,5977.4,0.0,0.0,0.0,4.0,5.0,20.0,1,0
Northmart,BITES_BUTTONS_POUCH,Northmart|BITES_BUTTONS_POUCH,2021-08-09,3487,4505.8,-995.0,0.0,0.0,0.0,-791.7,-203.3,5.0,5.0,0.0,0,0
Northmart,BITES_BUTTONS_POUCH,Northmart|BITES_BUTTONS_POUCH,2021-08-16,11668,4579.8,6074.3,6074.3,0.0,0.0,0.0,0.0,3.25,5.0,35.0,0,0
Northmart,BITES_BUTTONS_POUCH,Northmart|BITES_BUTTONS_POUCH,2021-08-23,11623,4659.0,7832.5,4714.1,8144.7,0.0,-5026.3,0.0,3.5,5.0,30.0,1,0
Northmart,BITES_BUTTONS_POUCH,Northmart|BITES_BUTTONS_POUCH,2021-08-30,3478,4748.4,-1194.9,0.0,0.0,0.0,-1194.9,0.0,5.0,5.0,0.0,0,0
Northmart,BITES_BUTTONS_POUCH,Northmart|BITES_BUTTONS_POUCH,2021-09-06,5484,4838.0,0.0,0.0,0.0,0.0,0.0,0.0,5.0,5.0,0.0,0,0
Northmart,BITES_BUTTONS_POUCH,Northmart|BITES_BUTTONS_POUCH,2021-09-13,5670,4938.0,0.0,0.0,0.0,0.0,0.0,0.0,5.0,5.0,0.0,0,0
Northmart,BITES_BUTTONS_POUCH,Northmart|BITES_BUTTONS_POUCH,2021-09-20,4826,5038.0,0.0,0.0,0.0,0.0,0.0,0.0,5.0,5.0,0.0,0,0
Northmart,BITES_BUTTONS_POUCH,Northmart|BITES_BUTTONS_POUCH,2021-09-27,4928,5138.1,0.0,0.0,0.0,0.0,0.0,0.0,5.0,5.0,0.0,0,0
Northmart,BITES_BUTTONS_POUCH,Northmart|BITES_BUTTONS_POUCH,2021-10-04,4861,5238.3,-501.9,0.0,0.0,0.0,0.0,-501.9,5.0,5.0,0.0,0,0
Northmart,BITES_BUTTONS_POUCH,Northmart|BITES_BUTTONS_POUCH,2021-10-11,4895,5338.7,0.0,0.0,0.0,0.0,0.0,0.0,5.0,5.0,0.0,0,0
Northmart,BITES_BUTTONS_POUCH,Northmart|BITES_BUTTONS_POUCH,2021-10-18,5922,5439.1,0.0,0.0,0.0,0.0,0.0,0.0,5.0,5.0,0.0,0,0
Northmart,BITES_BUTTONS_POUCH,Northmart|BITES_BUTTONS_POUCH,2021-10-25,6455,5529.3,-199.4,0.0,0.0,0.0,0.0,-199.4,5.0,5.0,0.0,0,0
Northmart,BITES_BUTTONS_POUCH,Northmart|BITES_BUTTONS_POUCH,2021-11-01,5254,5619.7,-307.6,0.0,0.0,0.0,0.0,-307.6,5.0,5.0,0.0,0,0
Northmart,BITES_BUTTONS_POUCH,Northmart|BITES_BUTTONS_POUCH,2021-11-08,6261,5699.9,0.0,0.0,0.0,0.0,0.0,0.0,5.0,5.0,0.0,0,0
Northmart,BITES_BUTTONS_POUCH,Northmart|BITES_BUTTONS_POUCH,2021-11-15,5337,5775.0,-316.1,0.0,0.0,0.0,0.0,-316.1,5.0,5.0,0.0,0,0
Northmart,BITES_BUTTONS_POUCH,Northmart|BITES_BUTTONS_POUCH,2021-11-22,5834,5839.9,0.0,0.0,0.0,0.0,0.0,0.0,5.0,5.0,0.0,0,0
Northmart,BITES_BUTTONS_POUCH,Northmart|BITES_BUTTONS_POUCH,2021-11-29,13153,5894.5,5964.3,5964.3,0.0,0.0,0.0,0.0,3.5,5.0,30.0,0,0
Northmart,BITES_BUTTONS_POUCH,Northmart|BITES_BUTTONS_POUCH,2021-12-06,4659,5938.9,-1494.4,0.0,0.0,0.0,-1494.4,0.0,5.0,5.0,0.0,0,0
Northmart,BITES_BUTTONS_POUCH,Northmart|BITES_BUTTONS_POUCH,2021-12-13,6419,5967.9,-446.7,0.0,0.0,0.0,0.0,-446.7,5.0,5.0,0.0,0,0
Northmart,BITES_BUTTONS_POUCH,Northmart|BITES_BUTTONS_POUCH,2021-12-20,10765,5991.8,4538.2,4538.2,0.0,0.0,0.0,0.0,3.75,5.0,25.0,0,0
Northmart,BITES_BUTTONS_POUCH,Northmart|BITES_BUTTONS_POUCH,2021-12-27,4230,6000.2,-1545.5,0.0,0.0,0.0,-1287.6,-257.9,5.0,5.0,0.0,0,0
Northmart,BITES_BUTTONS_POUCH,Northmart|BITES_BUTTONS_POUCH,2022-01-03,5654,5998.3,0.0,0.0,0.0,0.0,0.0,0.0,5.0,5.0,0.0,0,0
Northmart,BITES_BUTTONS_POUCH,Northmart|BITES_BUTTONS_POUCH,2022-01-10,6133,5980.9,0.0,0.0,0.0,0.0,0.0,0.0,5.0,5.0,0.0,0,0
Northmart,BITES_BUTTONS_POUCH,Northmart|BITES_BUTTONS_POUCH,2022-01-17,9662,5958.3,4512.8,4512.8,0.0,0.0,0.0,0.0,3.75,5.0,25.0,0,0
Northmart,BITES_BUTTONS_POUCH,Northmart|BITES_BUTTONS_POUCH,2022-01-24,4812,5920.2,-1270.4,0.0,0.0,0.0,-1270.4,0.0,5.0,5.0,0.0,0,0
Northmart,BITES_BUTTONS_POUCH,Northmart|BITES_BUTTONS_POUCH,2022-01-31,5041,5871.7,0.0,0.0,0.0,0.0,0.0,0.0,5.0,5.0,0.0,0,0
Northmart,BITES_BUTTONS_POUCH,Northmart|BITES_BUTTONS_POUCH,2022-02-07,6343,5812.7,0.0,0.0,0.0,0.0,0.0,0.0,5.0,5.0,0.0,0,0
Northmart,BITES_BUTTONS_POUCH,Northmart|BITES_BUTTONS_POUCH,2022-02-14,7810,5743.4,2298.6,3150.7,0.0,0.0,0.0,-852.1,4.0,5.0,20.0,0,0
Northmart,BITES_BUTTONS_POUCH,Northmart|BITES_BUTTONS_POUCH,2022-02-21,4538,5668.7,-996.1,0.0,0.0,0.0,-996.1,0.0,5.0,5.0,0.0,0,0
Northmart,BITES_BUTTONS_POUCH,Northmart|BITES_BUTTONS_POUCH,2022-02-28,4686,5583.7,-652.9,0.0,0.0,0.0,0.0,-652.9,5.0,5.0,0.0,0,0
Northmart,BITES_BUTTONS_POUCH,Northmart|BITES_BUTTONS_POUCH,2022-03-07,4554,5498.5,-411.5,0.0,0.0,0.0,0.0,-411.5,5.0,5.0,0.0,0,0
Northmart,BITES_BUTTONS_POUCH,Northmart|BITES_BUTTONS_POUCH,2022-03-14,5834,5402.8,0.0,0.0,0.0,0.0,0.0,0.0,5.0,5.0,0.0,0,0
Northmart,BITES_BUTTONS_POUCH,Northmart|BITES_BUTTONS_POUCH,2022-03-21,5200,5307.0,-737.8,0.0,0.0,0.0,0.0,-737.8,5.0,5.0,0.0,0,0
Northmart,BITES_BUTTONS_POUCH,Northmart|BITES_BUTTONS_POUCH,2022-03-28,7207,5211.2,1954.7,1954.7,0.0,0.0,0.0,0.0,4.25,5.0,15.0,0,0
Northmart,BITES_BUTTONS_POUCH,Northmart|BITES_BUTTONS_POUCH,2022-04-04,5129,5635.2,-1027.1,0.0,0.0,0.0,-760.3,-266.8,5.0,5.0,0.0,0,0
Northmart,BITES_BUTTONS_POUCH,Northmart|BITES_BUTTONS_POUCH,2022-04-11,4493,5539.4,-770.1,0.0,0.0,0.0,0.0,-770.1,5.0,5.0,0.0,0,0
Northmart,BITES_BUTTONS_POUCH,Northmart|BITES_BUTTONS_POUCH,2022-04-18,5123,5443.5,0.0,0.0,0.0,0.0,0.0,0.0,5.0,5.0,0.0,0,0
Northmart,BITES_BUTTONS_POUCH,Northmart|BITES_BUTTONS_POUCH,2022-04-25,5122,5357.9,0.0,0.0,0.0,0.0,0.0,0.0,5.0,5.0,0.0,0,0
Northmart,BITES_BUTTONS_POUCH,Northmart|BITES_BUTTONS_POUCH,2022-05-02,4419,4750.9,-355.6,0.0,0.0,0.0,0.0,-355.6,5.0,5.0,0.0,0,0
Northmart,BITES_BUTTONS_POUCH,Northmart|BITES_BUTTONS_POUCH,2022-05-09,4391,4675.3,0.0,0.0,0.0,0.0,0.0,0.0,5.0,5.0,0.0,0,0
Northmart,BITES_BUTTONS_POUCH,Northmart|BITES_BUTTONS_POUCH,2022-05-16,4651,4604.7,0.0,0.0,0.0,0.0,0.0,0.0,5.0,5.0,0.0,0,0
Northmart,BITES_BUTTONS_POUCH,Northmart|BITES_BUTTONS_POUCH,2022-05-23,9100,4544.5,4598.4,4598.4,0.0,0.0,0.0,0.0,3.5,5.0,30.0,0,0
Northmart,BITES_BUTTONS_POUCH,Northmart|BITES_BUTTONS_POUCH,2022-05-30,2743,4494.8,-1131.0,0.0,0.0,0.0,-1131.0,0.0,5.0,5.0,0.0,0,0
Northmart,BITES_BUTTONS_POUCH,Northmart|BITES_BUTTONS_POUCH,2022-06-06,13063,4455.4,7706.6,3374.5,0.0,4332.1,0.0,0.0,3.75,5.0,25.0,0,1
Northmart,BITES_BUTTONS_POUCH,Northmart|BITES_BUTTONS_POUCH,2022-06-13,3433,4431.6,-951.0,0.0,0.0,0.0,-951.0,0.0,5.0,5.0,0.0,0,0
Northmart,BITES_BUTTONS_POUCH,Northmart|BITES_BUTTONS_POUCH,2022-06-20,4177,4413.1,0.0,0.0,0.0,0.0,0.0,0.0,5.0,5.0,0.0,0,0
Northmart,BITES_BUTTONS_POUCH,Northmart|BITES_BUTTONS_POUCH,2022-06-27,4204,4410.3,0.0,0.0,0.0,0.0,0.0,0.0,5.0,5.0,0.0,0,0
Northmart,BITES_BUTTONS_POUCH,Northmart|BITES_BUTTONS_POUCH,2022-07-04,4693,4417.9,-241.8,0.0,0.0,0.0,0.0,-241.8,5.0,5.0,0.0,0,0
Northmart,BITES_BUTTONS_POUCH,Northmart|BITES_BUTTONS_POUCH,2022-07-11,4534,4441.3,0.0,0.0,0.0,0.0,0.0,0.0,5.0,5.0,0.0,0,0
Northmart,BITES_BUTTONS_POUCH,Northmart|BITES_BUTTONS_POUCH,2022-07-18,8049,4469.9,4065.6,1025.2,0.0,3040.4,0.0,0.0,4.5,5.0,10.0,0,1
Northmart,BITES_BUTTONS_POUCH,Northmart|BITES_BUTTONS_POUCH,2022-07-25,3981,4514.3,-415.8,0.0,0.0,0.0,-415.8,0.0,5.0,5.0,0.0,0,0
Northmart,BITES_BUTTONS_POUCH,Northmart|BITES_BUTTONS_POUCH,2022-08-01,4110,4569.3,-534.3,0.0,0.0,0.0,0.0,-534.3,5.0,5.0,0.0,0,0
Northmart,BITES_BUTTONS_POUCH,Northmart|BITES_BUTTONS_POUCH,2022-08-08,4425,4634.8,-541.9,0.0,0.0,0.0,0.0,-541.9,5.0,5.0,0.0,0,0
Northmart,BITES_BUTTONS_POUCH,Northmart|BITES_BUTTONS_POUCH,2022-08-15,19049,4710.9,13002.3,4766.7,8235.6,0.0,0.0,0.0,3.5,5.0,30.0,1,0
Northmart,BITES_BUTTONS_POUCH,Northmart|BITES_BUTTONS_POUCH,2022-08-22,3654,4792.4,-1402.2,0.0,0.0,0.0,-1205.9,-196.3,5.0,5.0,0.0,0,0
Northmart,BITES_BUTTONS_POUCH,Northmart|BITES_BUTTONS_POUCH,2022-08-29,6480,4884.4,1832.1,1832.1,0.0,0.0,0.0,0.0,4.25,5.0,15.0,0,0
Northmart,BITES_BUTTONS_POUCH,Northmart|BITES_BUTTONS_POUCH,2022-09-05,4249,4976.6,-671.4,0.0,0.0,0.0,-671.4,0.0,5.0,5.0,0.0,0,0
Northmart,BITES_BUTTONS_POUCH,Northmart|BITES_BUTTONS_POUCH,2022-09-12,5250,5079.4,0.0,0.0,0.0,0.0,0.0,0.0,5.0,5.0,0.0,0,0
Northmart,BITES_BUTTONS_POUCH,Northmart|BITES_BUTTONS_POUCH,2022-09-19,5356,5182.3,-283.6,0.0,0.0,0.0,0.0,-283.6,5.0,5.0,0.0,0,0
Northmart,BITES_BUTTONS_POUCH,Northmart|BITES_BUTTONS_POUCH,2022-09-26,4689,5285.2,-289.3,0.0,0.0,0.0,0.0,-289.3,5.0,5.0,0.0,0,0
Northmart,BITES_BUTTONS_POUCH,Northmart|BITES_BUTTONS_POUCH,2022-10-03,10102,5388.3,4413.5,5452.1,0.0,0.0,0.0,-1038.6,3.5,5.0,30.0,0,0
Northmart,BITES_BUTTONS_POUCH,Northmart|BITES_BUTTONS_POUCH,2022-10-10,11013,5491.5,5070.3,2059.8,6561.8,0.0,-3551.3,0.0,4.25,5.0,15.0,1,0
Northmart,BITES_BUTTONS_POUCH,Northmart|BITES_BUTTONS_POUCH,2022-10-17,7526,5594.8,2445.4,4237.5,0.0,0.0,-1326.6,-465.5,3.75,5.0,25.0,0,0
Northmart,BITES_BUTTONS_POUCH,Northmart|BITES_BUTTONS_POUCH,2022-10-24,3081,5687.7,-1742.8,0.0,0.0,0.0,-1220.5,-522.3,5.0,5.0,0.0,0,0
Northmart,BITES_BUTTONS_POUCH,Northmart|BITES_BUTTONS_POUCH,2022-10-31,9315,5780.6,2848.3,3171.2,0.0,0.0,0.0,-322.8,4.0,5.0,20.0,0,0
Northmart,BITES_BUTTONS_POUCH,Northmart|BITES_BUTTONS_POUCH,2022-11-07,4508,5863.1,-1030.2,0.0,0.0,0.0,-1030.2,0.0,5.0,5.0,0.0,0,0
Northmart,BITES_BUTTONS_POUCH,Northmart|BITES_BUTTONS_POUCH,2022-11-14,8595,5940.4,3258.8,3258.8,0.0,0.0,0.0,0.0,4.0,5.0,20.0,0,0
Northmart,BITES_BUTTONS_POUCH,Northmart|BITES_BUTTONS_POUCH,2022-11-21,7283,6007.1,1660.8,3295.4,0.0,0.0,-1634.6,0.0,4.0,5.0,20.0,0,0
Northmart,BITES_BUTTONS_POUCH,Northmart|BITES_BUTTONS_POUCH,2022-11-28,16373,6063.3,11996.4,8042.0,0.0,7804.3,-3849.9,0.0,3.25,5.0,35.0,0,1
Northmart,BITES_BUTTONS_POUCH,Northmart|BITES_BUTTONS_POUCH,2022-12-05,3803,6109.0,-2078.9,0.0,0.0,0.0,-1752.8,-326.0,5.0,5.0,0.0,0,0
Northmart,BITES_BUTTONS_POUCH,Northmart|BITES_BUTTONS_POUCH,2022-12-12,5700,6138.9,0.0,0.0,0.0,0.0,0.0,0.0,5.0,5.0,0.0,0,0
Northmart,BITES_BUTTONS_POUCH,Northmart|BITES_BUTTONS_POUCH,2022-12-19,6299,6163.4,0.0,0.0,0.0,0.0,0.0,0.0,5.0,5.0,0.0,0,0
Northmart,BITES_BUTTONS_POUCH,Northmart|BITES_BUTTONS_POUCH,2022-12-26,6987,6172.1,0.0,0.0,0.0,0.0,0.0,0.0,5.0,5.0,0.0,0,0
Northmart,BITES_BUTTONS_POUCH,Northmart|BITES_BUTTONS_POUCH,2023-01-02,5741,6170.1,0.0,0.0,0.0,0.0,0.0,0.0,5.0,5.0,0.0,0,0
Northmart,BITES_BUTTONS_POUCH,Northmart|BITES_BUTTONS_POUCH,2023-01-09,5795,6152.2,0.0,0.0,0.0,0.0,0.0,0.0,5.0,5.0,0.0,0,0
Northmart,BITES_BUTTONS_POUCH,Northmart|BITES_BUTTONS_POUCH,2023-01-16,5993,6129.0,0.0,0.0,0.0,0.0,0.0,0.0,5.0,5.0,0.0,0,0
Northmart,BITES_BUTTONS_POUCH,Northmart|BITES_BUTTONS_POUCH,2023-01-23,5847,6089.7,-712.0,0.0,0.0,0.0,0.0,-712.0,5.0,5.0,0.0,0,0
Northmart,BITES_BUTTONS_POUCH,Northmart|BITES_BUTTONS_POUCH,2023-01-30,4942,6039.8,-706.2,0.0,0.0,0.0,0.0,-706.2,5.0,5.0,0.0,0,0
Northmart,BITES_BUTTONS_POUCH,Northmart|BITES_BUTTONS_POUCH,2023-02-06,5325,5979.2,-572.9,0.0,0.0,0.0,0.0,-572.9,5.0,5.0,0.0,0,0
Northmart,BITES_BUTTONS_POUCH,Northmart|BITES_BUTTONS_POUCH,2023-02-13,7872,5907.8,2216.0,2216.0,0.0,0.0,0.0,0.0,4.25,5.0,15.0,0,0
Northmart,BITES_BUTTONS_POUCH,Northmart|BITES_BUTTONS_POUCH,2023-02-20,4293,5831.1,-1488.0,0.0,0.0,0.0,-786.7,-701.3,5.0,5.0,0.0,0,0
Northmart,BITES_BUTTONS_POUCH,Northmart|BITES_BUTTONS_POUCH,2023-02-27,19176,5743.6,15852.4,5811.6,10040.8,0.0,0.0,0.0,3.5,5.0,30.0,1,0
Northmart,BITES_BUTTONS_POUCH,Northmart|BITES_BUTTONS_POUCH,2023-03-06,4483,5655.9,-1423.2,0.0,0.0,0.0,-1423.2,0.0,5.0,5.0,0.0,0,0
Northmart,BITES_BUTTONS_POUCH,Northmart|BITES_BUTTONS_POUCH,2023-03-13,5089,5557.5,-649.8,0.0,0.0,0.0,0.0,-649.8,5.0,5.0,0.0,0,0
Northmart,BITES_BUTTONS_POUCH,Northmart|BITES_BUTTONS_POUCH,2023-03-20,21255,5459.0,14266.9,7240.5,0.0,7026.4,0.0,0.0,3.25,5.0,35.0,0,1
Northmart,BITES_BUTTONS_POUCH,Northmart|BITES_BUTTONS_POUCH,2023-03-27,4061,5360.4,-1538.0,0.0,0.0,0.0,-1538.0,0.0,5.0,5.0,0.0,0,0
Northmart,BITES_BUTTONS_POUCH,Northmart|BITES_BUTTONS_POUCH,2023-04-03,5726,5796.6,0.0,0.0,0.0,0.0,0.0,0.0,5.0,5.0,0.0,0,0
Northmart,BITES_BUTTONS_POUCH,Northmart|BITES_BUTTONS_POUCH,2023-04-10,12875,5698.1,6472.5,2137.3,0.0,4335.2,0.0,0.0,4.25,5.0,15.0,0,1
Northmart,BITES_BUTTONS_POUCH,Northmart|BITES_BUTTONS_POUCH,2023-04-17,4134,5599.4,-1321.8,0.0,0.0,0.0,-755.5,-566.4,5.0,5.0,0.0,0,0
Northmart,BITES_BUTTONS_POUCH,Northmart|BITES_BUTTONS_POUCH,2023-04-24,17736,5511.4,11711.4,5576.6,0.0,6134.8,0.0,0.0,3.5,5.0,30.0,0,1
Northmart,BITES_BUTTONS_POUCH,Northmart|BITES_BUTTONS_POUCH,2023-05-01,4050,4887.0,-1229.7,0.0,0.0,0.0,-1229.7,0.0,5.0,5.0,0.0,0,0
Northmart,BITES_BUTTONS_POUCH,Northmart|BITES_BUTTONS_POUCH,2023-05-08,21744,4809.1,16100.1,6378.6,9721.5,0.0,0.0,0.0,3.25,5.0,35.0,1,0
Northmart,BITES_BUTTONS_POUCH,Northmart|BITES_BUTTONS_POUCH,2023-05-15,3643,4736.6,-1359.1,0.0,0.0,0.0,-1359.1,0.0,5.0,5.0,0.0,0,0
Northmart,BITES_BUTTONS_POUCH,Northmart|BITES_BUTTONS_POUCH,2023-05-22,4976,4674.7,0.0,0.0,0.0,0.0,0.0,0.0,5.0,5.0,0.0,0,0
Northmart,BITES_BUTTONS_POUCH,Northmart|BITES_BUTTONS_POUCH,2023-05-29,4445,4623.5,0.0,0.0,0.0,0.0,0.0,0.0,5.0,5.0,0.0,0,0
Northmart,BITES_BUTTONS_POUCH,Northmart|BITES_BUTTONS_POUCH,2023-06-05,5536,4583.0,1051.2,1051.2,0.0,0.0,0.0,0.0,4.5,5.0,10.0,0,0
Northmart,BITES_BUTTONS_POUCH,Northmart|BITES_BUTTONS_POUCH,2023-06-12,3886,4558.5,-419.8,0.0,0.0,0.0,-419.8,0.0,5.0,5.0,0.0,0,0
Northmart,BITES_BUTTONS_POUCH,Northmart|BITES_BUTTONS_POUCH,2023-06-19,4085,4539.5,0.0,0.0,0.0,0.0,0.0,0.0,5.0,5.0,0.0,0,0
Northmart,BITES_BUTTONS_POUCH,Northmart|BITES_BUTTONS_POUCH,2023-06-26,3353,4536.6,-434.6,0.0,0.0,0.0,0.0,-434.6,5.0,5.0,0.0,0,0
Northmart,BITES_BUTTONS_POUCH,Northmart|BITES_BUTTONS_POUCH,2023-07-03,4332,4544.4,-531.3,0.0,0.0,0.0,0.0,-531.3,5.0,5.0,0.0,0,0
Northmart,BITES_BUTTONS_POUCH,Northmart|BITES_BUTTONS_POUCH,2023-07-10,4334,4568.5,0.0,0.0,0.0,0.0,0.0,0.0,5.0,5.0,0.0,0,0
Northmart,BITES_BUTTONS_POUCH,Northmart|BITES_BUTTONS_POUCH,2023-07-17,4593,4597.9,0.0,0.0,0.0,0.0,0.0,0.0,5.0,5.0,0.0,0,0
Northmart,BITES_BUTTONS_POUCH,Northmart|BITES_BUTTONS_POUCH,2023-07-24,5285,4643.6,0.0,0.0,0.0,0.0,0.0,0.0,5.0,5.0,0.0,0,0
Northmart,BITES_BUTTONS_POUCH,Northmart|BITES_BUTTONS_POUCH,2023-07-31,20345,4700.1,15735.2,6234.0,9501.2,0.0,0.0,0.0,3.25,5.0,35.0,1,0
Northmart,BITES_BUTTONS_POUCH,Northmart|BITES_BUTTONS_POUCH,2023-08-07,3639,4767.6,-1367.9,0.0,0.0,0.0,-1367.9,0.0,5.0,5.0,0.0,0,0
Northmart,BITES_BUTTONS_POUCH,Northmart|BITES_BUTTONS_POUCH,2023-08-14,9503,4845.8,4903.2,4903.2,0.0,0.0,0.0,0.0,3.5,5.0,30.0,0,0
Northmart,BITES_BUTTONS_POUCH,Northmart|BITES_BUTTONS_POUCH,2023-08-21,7709,4929.6,3652.6,6538.4,0.0,0.0,-2885.7,0.0,3.25,5.0,35.0,0,0
Northmart,BITES_BUTTONS_POUCH,Northmart|BITES_BUTTONS_POUCH,2023-08-28,4302,5024.3,-1441.6,0.0,0.0,0.0,-1441.6,0.0,5.0,5.0,0.0,0,0
Northmart,BITES_BUTTONS_POUCH,Northmart|BITES_BUTTONS_POUCH,2023-09-04,9675,5119.1,3747.9,5179.7,0.0,0.0,0.0,-1431.8,3.5,5.0,30.0,0,0
Northmart,BITES_BUTTONS_POUCH,Northmart|BITES_BUTTONS_POUCH,2023-09-11,3548,5224.8,-1314.7,0.0,0.0,0.0,-1314.7,0.0,5.0,5.0,0.0,0,0
Northmart,BITES_BUTTONS_POUCH,Northmart|BITES_BUTTONS_POUCH,2023-09-18,5277,5330.7,0.0,0.0,0.0,0.0,0.0,0.0,5.0,5.0,0.0,0,0
Northmart,BITES_BUTTONS_POUCH,Northmart|BITES_BUTTONS_POUCH,2023-09-25,5361,5436.6,-520.9,0.0,0.0,0.0,0.0,-520.9,5.0,5.0,0.0,0,0
Northmart,BITES_BUTTONS_POUCH,Northmart|BITES_BUTTONS_POUCH,2023-10-02,5838,5542.7,0.0,0.0,0.0,0.0,0.0,0.0,5.0,5.0,0.0,0,0
Northmart,BITES_BUTTONS_POUCH,Northmart|BITES_BUTTONS_POUCH,2023-10-09,6017,5648.8,0.0,0.0,0.0,0.0,0.0,0.0,5.0,5.0,0.0,0,0
Northmart,BITES_BUTTONS_POUCH,Northmart|BITES_BUTTONS_POUCH,2023-10-16,5570,5755.1,-672.9,0.0,0.0,0.0,0.0,-672.9,5.0,5.0,0.0,0,0
Northmart,BITES_BUTTONS_POUCH,Northmart|BITES_BUTTONS_POUCH,2023-10-23,5141,5850.6,-684.1,0.0,0.0,0.0,0.0,-684.1,5.0,5.0,0.0,0,0
Northmart,BITES_BUTTONS_POUCH,Northmart|BITES_BUTTONS_POUCH,2023-10-30,5271,5946.2,0.0,0.0,0.0,0.0,0.0,0.0,5.0,5.0,0.0,0,0
Northmart,BITES_BUTTONS_POUCH,Northmart|BITES_BUTTONS_POUCH,2023-11-06,7340,6031.0,0.0,0.0,0.0,0.0,0.0,0.0,5.0,5.0,0.0,0,0
Northmart,BITES_BUTTONS_POUCH,Northmart|BITES_BUTTONS_POUCH,2023-11-13,5660,6110.5,-220.4,0.0,0.0,0.0,0.0,-220.4,5.0,5.0,0.0,0,0
Northmart,BITES_BUTTONS_POUCH,Northmart|BITES_BUTTONS_POUCH,2023-11-20,4499,6179.1,-859.1,0.0,0.0,0.0,0.0,-859.1,5.0,5.0,0.0,0,0
Northmart,BITES_BUTTONS_POUCH,Northmart|BITES_BUTTONS_POUCH,2023-11-27,6098,6237.0,0.0,0.0,0.0,0.0,0.0,0.0,5.0,5.0,0.0,0,0
Northmart,BITES_BUTTONS_POUCH,Northmart|BITES_BUTTONS_POUCH,2023-12-04,6834,6284.0,0.0,0.0,0.0,0.0,0.0,0.0,5.0,5.0,0.0,0,0
Northmart,BITES_BUTTONS_POUCH,Northmart|BITES_BUTTONS_POUCH,2023-12-11,5058,6314.7,0.0,0.0,0.0,0.0,0.0,0.0,5.0,5.0,0.0,0,0
Northmart,BITES_BUTTONS_POUCH,Northmart|BITES_BUTTONS_POUCH,2023-12-18,15709,6339.9,8408.9,8408.9,0.0,0.0,0.0,0.0,3.25,5.0,35.0,0,0
Northmart,BITES_BUTTONS_POUCH,Northmart|BITES_BUTTONS_POUCH,2023-12-25,11616,6348.8,4540.8,3482.9,0.0,5439.7,-4381.8,0.0,4.0,5.0,20.0,0,1
Northmart,BITES_MALT_POUCH,Northmart|BITES_MALT_POUCH,2021-01-04,13691,5562.9,7449.9,3431.5,0.0,4018.5,0.0,0.0,4.4,5.5,20.0,0,1
Northmart,BITES_MALT_POUCH,Northmart|BITES_MALT_POUCH,2021-01-11,4362,5547.3,-1247.9,0.0,0.0,0.0,-1055.7,-192.3,5.5,5.5,0.0,0,0
Northmart,BITES_MALT_POUCH,Northmart|BITES_MALT_POUCH,2021-01-18,13945,5527.0,8405.4,8405.4,0.0,0.0,0.0,0.0,3.58,5.5,35.0,0,0
Northmart,BITES_MALT_POUCH,Northmart|BITES_MALT_POUCH,2021-01-25,3582,5492.9,-1859.1,0.0,0.0,0.0,-1696.6,-162.5,5.5,5.5,0.0,0,0
Northmart,BITES_MALT_POUCH,Northmart|BITES_MALT_POUCH,2021-02-01,5023,5449.5,-406.1,0.0,0.0,0.0,0.0,-406.1,5.5,5.5,0.0,0,0
Northmart,BITES_MALT_POUCH,Northmart|BITES_MALT_POUCH,2021-02-08,7516,5396.8,2243.6,2243.6,0.0,0.0,0.0,0.0,4.68,5.5,15.0,0,0
Northmart,BITES_MALT_POUCH,Northmart|BITES_MALT_POUCH,2021-02-15,3993,5334.7,-781.1,0.0,0.0,0.0,-781.1,0.0,5.5,5.5,0.0,0,0
Northmart,BITES_MALT_POUCH,Northmart|BITES_MALT_POUCH,2021-02-22,9846,5267.9,4545.0,4545.0,0.0,0.0,0.0,0.0,4.12,5.5,25.0,0,0
Northmart,BITES_MALT_POUCH,Northmart|BITES_MALT_POUCH,2021-03-01,4734,5191.7,-1204.1,0.0,0.0,0.0,-1204.1,0.0,5.5,5.5,0.0,0,0
Northmart,BITES_MALT_POUCH,Northmart|BITES_MALT_POUCH,2021-03-08,5564,5115.4,0.0,0.0,0.0,0.0,0.0,0.0,5.5,5.5,0.0,0,0
Northmart,BITES_MALT_POUCH,Northmart|BITES_MALT_POUCH,2021-03-15,6704,5029.6,1280.9,1280.9,0.0,0.0,0.0,0.0,4.95,5.5,10.0,0,0
Northmart,BITES_MALT_POUCH,Northmart|BITES_MALT_POUCH,2021-03-22,8833,4943.7,3767.1,5712.3,0.0,0.0,-1067.4,-877.8,3.85,5.5,30.0,0,0
Northmart,BITES_MALT_POUCH,Northmart|BITES_MALT_POUCH,2021-03-29,5767,4857.6,864.7,2996.5,0.0,0.0,-2131.7,0.0,4.4,5.5,20.0,0,0
Northmart,BITES_MALT_POUCH,Northmart|BITES_MALT_POUCH,2021-04-05,3718,5237.6,-1385.0,0.0,0.0,0.0,-996.8,-388.2,5.5,5.5,0.0,0,0
Northmart,BITES_MALT_POUCH,Northmart|BITES_MALT_POUCH,2021-04-12,5567,5151.8,0.0,0.0,0.0,0.0,0.0,0.0,5.5,5.5,0.0,0,0
Northmart,BITES_MALT_POUCH,Northmart|BITES_MALT_POUCH,2021-04-19,5444,5065.9,0.0,0.0,0.0,0.0,0.0,0.0,5.5,5.5,0.0,0,0
Northmart,BITES_MALT_POUCH,Northmart|BITES_MALT_POUCH,2021-04-26,4832,4989.1,0.0,0.0,0.0,0.0,0.0,0.0,5.5,5.5,0.0,0,0
Northmart,BITES_MALT_POUCH,Northmart|BITES_MALT_POUCH,2021-05-03,4247,4443.7,0.0,0.0,0.0,0.0,0.0,0.0,5.5,5.5,0.0,0,0
Northmart,BITES_MALT_POUCH,Northmart|BITES_MALT_POUCH,2021-05-10,3835,4375.5,-326.0,0.0,0.0,0.0,0.0,-326.0,5.5,5.5,0.0,0,0
Northmart,BITES_MALT_POUCH,Northmart|BITES_MALT_POUCH,2021-05-17,8302,4311.9,4982.2,4982.2,0.0,0.0,0.0,0.0,3.85,5.5,30.0,0,0
Northmart,BITES_MALT_POUCH,Northmart|BITES_MALT_POUCH,2021-05-24,2660,4257.6,-1288.3,0.0,0.0,0.0,-1155.6,-132.8,5.5,5.5,0.0,0,0
Northmart,BITES_MALT_POUCH,Northmart|BITES_MALT_POUCH,2021-05-31,4539,4212.6,-180.3,0.0,0.0,0.0,0.0,-180.3,5.5,5.5,0.0,0,0
Northmart,BITES_MALT_POUCH,Northmart|BITES_MALT_POUCH,2021-06-07,4061,4177.0,0.0,0.0,0.0,0.0,0.0,0.0,5.5,5.5,0.0,0,0
Northmart,BITES_MALT_POUCH,Northmart|BITES_MALT_POUCH,2021-06-14,5828,4155.5,1475.7,1727.6,0.0,0.0,0.0,-251.8,4.68,5.5,15.0,0,0
Northmart,BITES_MALT_POUCH,Northmart|BITES_MALT_POUCH,2021-06-21,3400,4138.8,-606.0,0.0,0.0,0.0,-606.0,0.0,5.5,5.5,0.0,0,0
Northmart,BITES_MALT_POUCH,Northmart|BITES_MALT_POUCH,2021-06-28,8607,4136.2,4779.2,4779.2,0.0,0.0,0.0,0.0,3.85,5.5,30.0,0,0
Northmart,BITES_MALT_POUCH,Northmart|BITES_MALT_POUCH,2021-07-05,2911,4143.0,-1349.4,0.0,0.0,0.0,-1124.5,-224.9,5.5,5.5,0.0,0,0
Northmart,BITES_MALT_POUCH,Northmart|BITES_MALT_POUCH,2021-07-12,4400,4164.1,0.0,0.0,0.0,0.0,0.0,0.0,5.5,5.5,0.0,0,0
Northmart,BITES_MALT_POUCH,Northmart|BITES_MALT_POUCH,2021-07-19,3973,4189.9,0.0,0.0,0.0,0.0,0.0,0.0,5.5,5.5,0.0,0,0
Northmart,BITES_MALT_POUCH,Northmart|BITES_MALT_POUCH,2021-07-26,4220,4229.9,0.0,0.0,0.0,0.0,0.0,0.0,5.5,5.5,0.0,0,0
Northmart,BITES_MALT_POUCH,Northmart|BITES_MALT_POUCH,2021-08-02,4074,4279.5,-249.5,0.0,0.0,0.0,0.0,-249.5,5.5,5.5,0.0,0,0
Northmart,BITES_MALT_POUCH,Northmart|BITES_MALT_POUCH,2021-08-09,5908,4338.5,1803.6,1803.6,0.0,0.0,0.0,0.0,4.68,5.5,15.0,0,0
Northmart,BITES_MALT_POUCH,Northmart|BITES_MALT_POUCH,2021-08-16,3184,4407.0,-1057.2,0.0,0.0,0.0,-645.3,-411.9,5.5,5.5,0.0,0,0
Northmart,BITES_MALT_POUCH,Northmart|BITES_MALT_POUCH,2021-08-23,4229,4480.3,-410.1,0.0,0.0,0.0,0.0,-410.1,5.5,5.5,0.0,0,0
Northmart,BITES_MALT_POUCH,Northmart|BITES_MALT_POUCH,2021-08-30,5124,4563.1,0.0,0.0,0.0,0.0,0.0,0.0,5.5,5.5,0.0,0,0
Northmart,BITES_MALT_POUCH,Northmart|BITES_MALT_POUCH,2021-09-06,5176,4645.9,0.0,0.0,0.0,0.0,0.0,0.0,5.5,5.5,0.0,0,0
Northmart,BITES_MALT_POUCH,Northmart|BITES_MALT_POUCH,2021-09-13,4867,4738.2,0.0,0.0,0.0,0.0,0.0,0.0,5.5,5.5,0.0,0,0
Northmart,BITES_MALT_POUCH,Northmart|BITES_MALT_POUCH,2021-09-20,4333,4830.5,0.0,0.0,0.0,0.0,0.0,0.0,5.5,5.5,0.0,0,0
Northmart,BITES_MALT_POUCH,Northmart|BITES_MALT_POUCH,2021-09-27,5085,4922.9,0.0,0.0,0.0,0.0,0.0,0.0,5.5,5.5,0.0,0,0
Northmart,BITES_MALT_POUCH,Northmart|BITES_MALT_POUCH,2021-10-04,8401,5015.2,4327.0,4327.0,0.0,0.0,0.0,0.0,4.12,5.5,25.0,0,0
Northmart,BITES_MALT_POUCH,Northmart|BITES_MALT_POUCH,2021-10-11,3885,5107.6,-1184.6,0.0,0.0,0.0,-1184.6,0.0,5.5,5.5,0.0,0,0
Northmart,BITES_MALT_POUCH,Northmart|BITES_MALT_POUCH,2021-10-18,4905,5200.1,0.0,0.0,0.0,0.0,0.0,0.0,5.5,5.5,0.0,0,0
Northmart,BITES_MALT_POUCH,Northmart|BITES_MALT_POUCH,2021-10-25,6312,5283.1,1345.4,1345.4,0.0,0.0,0.0,0.0,4.95,5.5,10.0,0,0
Northmart,BITES_MALT_POUCH,Northmart|BITES_MALT_POUCH,2021-11-01,9427,5366.1,4524.0,2230.8,0.0,3394.1,-1101.0,0.0,4.68,5.5,15.0,0,1
Northmart,BITES_MALT_POUCH,Northmart|BITES_MALT_POUCH,2021-11-08,4919,5439.7,-796.5,0.0,0.0,0.0,-796.5,0.0,5.5,5.5,0.0,0,0
Northmart,BITES_MALT_POUCH,Northmart|BITES_MALT_POUCH,2021-11-15,6561,5508.7,2290.1,2290.1,0.0,0.0,0.0,0.0,4.68,5.5,15.0,0,0
Northmart,BITES_MALT_POUCH,Northmart|BITES_MALT_POUCH,2021-11-22,4123,5568.2,-815.3,0.0,0.0,0.0,-815.3,0.0,5.5,5.5,0.0,0,0
Northmart,BITES_MALT_POUCH,Northmart|BITES_MALT_POUCH,2021-11-29,4818,5618.3,-514.3,0.0,0.0,0.0,0.0,-514.3,5.5,5.5,0.0,0,0
Northmart,BITES_MALT_POUCH,Northmart|BITES_MALT_POUCH,2021-12-06,6143,5659.0,0.0,0.0,0.0,0.0,0.0,0.0,5.5,5.5,0.0,0,0
Northmart,BITES_MALT_POUCH,Northmart|BITES_MALT_POUCH,2021-12-13,9336,5685.6,3507.2,3507.2,0.0,0.0,0.0,0.0,4.4,5.5,20.0,0,0
Northmart,BITES_MALT_POUCH,Northmart|BITES_MALT_POUCH,2021-12-20,3995,5707.4,-1430.5,0.0,0.0,0.0,-1086.2,-344.4,5.5,5.5,0.0,0,0
Northmart,BITES_MALT_POUCH,Northmart|BITES_MALT_POUCH,2021-12-27,9716,5715.0,2375.9,2375.9,0.0,0.0,0.0,0.0,4.68,5.5,15.0,0,0
Northmart,BITES_MALT_POUCH,Northmart|BITES_MALT_POUCH,2022-01-03,4476,5713.2,-836.6,0.0,0.0,0.0,-836.6,0.0,5.5,5.5,0.0,0,0
Northmart,BITES_MALT_POUCH,Northmart|BITES_MALT_POUCH,2022-01-10,5970,5697.2,0.0,0.0,0.0,0.0,0.0,0.0,5.5,5.5,0.0,0,0
Northmart,BITES_MALT_POUCH,Northmart|BITES_MALT_POUCH,2022-01-17,5053,5676.5,-423.0,0.0,0.0,0.0,0.0,-423.0,5.5,5.5,0.0,0,0
Northmart,BITES_MALT_POUCH,Northmart|BITES_MALT_POUCH,2022-01-24,5383,5641.4,0.0,0.0,0.0,0.0,0.0,0.0,5.5,5.5,0.0,0,0
Northmart,BITES_MALT_POUCH,Northmart|BITES_MALT_POUCH,2022-01-31,5699,5596.8,0.0,0.0,0.0,0.0,0.0,0.0,5.5,5.5,0.0,0,0
Northmart,BITES_MALT_POUCH,Northmart|BITES_MALT_POUCH,2022-02-07,5136,5542.7,0.0,0.0,0.0,0.0,0.0,0.0,5.5,5.5,0.0,0,0
Northmart,BITES_MALT_POUCH,Northmart|BITES_MALT_POUCH,2022-02-14,13835,5478.9,8426.0,4727.0,0.0,4559.8,0.0,-860.8,4.12,5.5,25.0,0,1
Northmart,BITES_MALT_POUCH,Northmart|BITES_MALT_POUCH,2022-02-21,4178,5410.3,-1254.8,0.0,0.0,0.0,-1254.8,0.0,5.5,5.5,0.0,0,0
Northmart,BITES_MALT_POUCH,Northmart|BITES_MALT_POUCH,2022-02-28,22655,5332.1,14479.1,6161.0,8318.1,0.0,0.0,0.0,3.85,5.5,30.0,1,0
Northmart,BITES_MALT_POUCH,Northmart|BITES_MALT_POUCH,2022-03-07,6518,5253.7,935.2,3240.8,0.0,0.0,-2305.5,0.0,4.4,5.5,20.0,0,0
Northmart,BITES_MALT_POUCH,Northmart|BITES_MALT_POUCH,2022-03-14,3775,5165.6,-983.0,0.0,0.0,0.0,-983.0,0.0,5.5,5.5,0.0,0,0
Northmart,BITES_MALT_POUCH,Northmart|BITES_MALT_POUCH,2022-03-21,14351,5077.4,7721.6,7721.6,0.0,0.0,0.0,0.0,3.58,5.5,35.0,0,0
Northmart,BITES_MALT_POUCH,Northmart|BITES_MALT_POUCH,2022-03-28,3076,4989.0,-1688.5,0.0,0.0,0.0,-1540.9,-147.6,5.5,5.5,0.0,0,0
Northmart,BITES_MALT_POUCH,Northmart|BITES_MALT_POUCH,2022-04-04,7708,5379.2,2236.3,2236.3,0.0,0.0,0.0,0.0,4.68,5.5,15.0,0,0
Northmart,BITES_MALT_POUCH,Northmart|BITES_MALT_POUCH,2022-04-11,12664,5291.1,6093.6,8046.6,0.0,0.0,-1953.0,0.0,3.58,5.5,35.0,0,0
Northmart,BITES_MALT_POUCH,Northmart|BITES_MALT_POUCH,2022-04-18,3626,5202.8,-1607.0,0.0,0.0,0.0,-1607.0,0.0,5.5,5.5,0.0,0,0
Northmart,BITES_MALT_POUCH,Northmart|BITES_MALT_POUCH,2022-04-25,5820,5124.0,0.0,0.0,0.0,0.0,0.0,0.0,5.5,5.5,0.0,0,0
Northmart,BITES_MALT_POUCH,Northmart|BITES_MALT_POUCH,2022-05-02,7491,4563.8,2815.2,2815.2,0.0,0.0,0.0,0.0,4.4,5.5,20.0,0,0
Northmart,BITES_MALT_POUCH,Northmart|BITES_MALT_POUCH,2022-05-09,3793,4493.8,-855.2,0.0,0.0,0.0,-855.2,0.0,5.5,5.5,0.0,0,0
Northmart,BITES_MALT_POUCH,Northmart|BITES_MALT_POUCH,2022-05-16,4751,4428.4,0.0,0.0,0.0,0.0,0.0,0.0,5.5,5.5,0.0,0,0
Northmart,BITES_MALT_POUCH,Northmart|BITES_MALT_POUCH,2022-05-23,3804,4372.7,-400.3,0.0,0.0,0.0,0.0,-400.3,5.5,5.5,0.0,0,0
Northmart,BITES_MALT_POUCH,Northmart|BITES_MALT_POUCH,2022-05-30,4159,4326.5,0.0,0.0,0.0,0.0,0.0,0.0,5.5,5.5,0.0,0,0
Northmart,BITES_MALT_POUCH,Northmart|BITES_MALT_POUCH,2022-06-06,4217,4289.9,-319.7,0.0,0.0,0.0,0.0,-319.7,5.5,5.5,0.0,0,0
Northmart,BITES_MALT_POUCH,Northmart|BITES_MALT_POUCH,2022-06-13,4121,4267.9,0.0,0.0,0.0,0.0,0.0,0.0,5.5,5.5,0.0,0,0
Northmart,BITES_MALT_POUCH,Northmart|BITES_MALT_POUCH,2022-06-20,4396,4250.7,0.0,0.0,0.0,0.0,0.0,0.0,5.5,5.5,0.0,0,0
Northmart,BITES_MALT_POUCH,Northmart|BITES_MALT_POUCH,2022-06-27,4363,4248.0,0.0,0.0,0.0,0.0,0.0,0.0,5.5,5.5,0.0,0,0
Northmart,BITES_MALT_POUCH,Northmart|BITES_MALT_POUCH,2022-07-04,9814,4255.0,6128.7,1768.9,4359.8,0.0,0.0,0.0,4.68,5.5,15.0,1,0
Northmart,BITES_MALT_POUCH,Northmart|BITES_MALT_POUCH,2022-07-11,3945,4276.7,-626.2,0.0,0.0,0.0,-626.2,0.0,5.5,5.5,0.0,0,0
Northmart,BITES_MALT_POUCH,Northmart|BITES_MALT_POUCH,2022-07-18,4380,4303.2,-120.3,0.0,0.0,0.0,0.0,-120.3,5.5,5.5,0.0,0,0
Northmart,BITES_MALT_POUCH,Northmart|BITES_MALT_POUCH,2022-07-25,4427,4344.3,0.0,0.0,0.0,0.0,0.0,0.0,5.5,5.5,0.0,0,0
Northmart,BITES_MALT_POUCH,Northmart|BITES_MALT_POUCH,2022-08-01,12350,4395.2,9311.1,5078.5,0.0,4232.6,0.0,0.0,3.85,5.5,30.0,0,1
Northmart,BITES_MALT_POUCH,Northmart|BITES_MALT_POUCH,2022-08-08,17162,4455.8,12995.3,5148.5,6951.1,7396.6,-6500.9,0.0,3.85,5.5,30.0,1,1
Northmart,BITES_MALT_POUCH,Northmart|BITES_MALT_POUCH,2022-08-15,3002,4526.2,-1530.4,0.0,0.0,0.0,-1228.5,-301.9,5.5,5.5,0.0,0,0
Northmart,BITES_MALT_POUCH,Northmart|BITES_MALT_POUCH,2022-08-22,6898,4601.4,1912.9,1912.9,0.0,0.0,0.0,0.0,4.68,5.5,15.0,0,0
Northmart,BITES_MALT_POUCH,Northmart|BITES_MALT_POUCH,2022-08-29,3693,4686.5,-857.5,0.0,0.0,0.0,-686.2,-171.2,5.5,5.5,0.0,0,0
Northmart,BITES_MALT_POUCH,Northmart|BITES_MALT_POUCH,2022-09-05,5244,4771.5,0.0,0.0,0.0,0.0,0.0,0.0,5.5,5.5,0.0,0,0
Northmart,BITES_MALT_POUCH,Northmart|BITES_MALT_POUCH,2022-09-12,4260,4866.3,0.0,0.0,0.0,0.0,0.0,0.0,5.5,5.5,0.0,0,0
Northmart,BITES_MALT_POUCH,Northmart|BITES_MALT_POUCH,2022-09-19,11028,4961.1,7145.7,2062.5,5083.3,0.0,0.0,0.0,4.68,5.5,15.0,1,0
Northmart,BITES_MALT_POUCH,Northmart|BITES_MALT_POUCH,2022-09-26,5685,5056.0,1053.8,2101.9,0.0,0.0,-1048.1,0.0,4.68,5.5,15.0,0,0
Northmart,BITES_MALT_POUCH,Northmart|BITES_MALT_POUCH,2022-10-03,7676,5150.8,2289.3,4443.9,0.0,0.0,-1404.9,-749.7,4.12,5.5,25.0,0,0
Northmart,BITES_MALT_POUCH,Northmart|BITES_MALT_POUCH,2022-10-10,3901,5245.7,-1389.1,0.0,0.0,0.0,-1216.6,-172.5,5.5,5.5,0.0,0,0
Northmart,BITES_MALT_POUCH,Northmart|BITES_MALT_POUCH,2022-10-17,6931,5340.6,1656.8,2220.2,0.0,0.0,0.0,-563.4,4.68,5.5,15.0,0,0
Northmart,BITES_MALT_POUCH,Northmart|BITES_MALT_POUCH,2022-10-24,9966,5425.9,4556.9,6269.4,0.0,0.0,-1712.5,0.0,3.85,5.5,30.0,0,0
Northmart,BITES_MALT_POUCH,Northmart|BITES_MALT_POUCH,2022-10-31,6465,5511.2,1352.7,1403.5,0.0,3089.3,-2715.2,-424.9,4.95,5.5,10.0,0,1
Northmart,BITES_MALT_POUCH,Northmart|BITES_MALT_POUCH,2022-11-07,4314,5586.8,-559.6,0.0,0.0,0.0,-559.6,0.0,5.5,5.5,0.0,0,0
Northmart,BITES_MALT_POUCH,Northmart|BITES_MALT_POUCH,2022-11-14,4944,5657.6,-329.8,0.0,0.0,0.0,0.0,-329.8,5.5,5.5,0.0,0,0
Northmart,BITES_MALT_POUCH,Northmart|BITES_MALT_POUCH,2022-11-21,5266,5718.7,-333.4,0.0,0.0,0.0,0.0,-333.4,5.5,5.5,0.0,0,0
Northmart,BITES_MALT_POUCH,Northmart|BITES_MALT_POUCH,2022-11-28,5094,5770.2,-631.8,0.0,0.0,0.0,0.0,-631.8,5.5,5.5,0.0,0,0
Northmart,BITES_MALT_POUCH,Northmart|BITES_MALT_POUCH,2022-12-05,17643,5812.0,10386.3,3585.2,6801.2,0.0,0.0,0.0,4.4,5.5,20.0,1,0
Northmart,BITES_MALT_POUCH,Northmart|BITES_MALT_POUCH,2022-12-12,5085,5839.3,-1111.3,0.0,0.0,0.0,-1111.3,0.0,5.5,5.5,0.0,0,0
Northmart,BITES_MALT_POUCH,Northmart|BITES_MALT_POUCH,2022-12-19,5510,5861.7,0.0,0.0,0.0,0.0,0.0,0.0,5.5,5.5,0.0,0,0
Northmart,BITES_MALT_POUCH,Northmart|BITES_MALT_POUCH,2022-12-26,6004,5869.6,0.0,0.0,0.0,0.0,0.0,0.0,5.5,5.5,0.0,0,0
Northmart,BITES_MALT_POUCH,Northmart|BITES_MALT_POUCH,2023-01-02,5477,5867.7,0.0,0.0,0.0,0.0,0.0,0.0,5.5,5.5,0.0,0,0
Northmart,BITES_MALT_POUCH,Northmart|BITES_MALT_POUCH,2023-01-09,5925,5851.3,0.0,0.0,0.0,0.0,0.0,0.0,5.5,5.5,0.0,0,0
Northmart,BITES_MALT_POUCH,Northmart|BITES_MALT_POUCH,2023-01-16,6208,5829.9,0.0,0.0,0.0,0.0,0.0,0.0,5.5,5.5,0.0,0,0
Northmart,BITES_MALT_POUCH,Northmart|BITES_MALT_POUCH,2023-01-23,19650,5793.9,15733.3,6694.7,9038.6,0.0,0.0,0.0,3.85,5.5,30.0,1,0
Northmart,BITES_MALT_POUCH,Northmart|BITES_MALT_POUCH,2023-01-30,15334,5748.1,7312.1,6641.8,0.0,5535.6,-4865.2,0.0,3.85,5.5,30.0,0,1
Northmart,BITES_MALT_POUCH,Northmart|BITES_MALT_POUCH,2023-02-06,13226,5692.5,7624.8,4911.3,7674.5,0.0,-4961.0,0.0,4.12,5.5,25.0,1,0
Northmart,BITES_MALT_POUCH,Northmart|BITES_MALT_POUCH,2023-02-13,4125,5627.1,-1490.1,0.0,0.0,0.0,-1305.1,-185.0,5.5,5.5,0.0,0,0
Northmart,BITES_MALT_POUCH,Northmart|BITES_MALT_POUCH,2023-02-20,22322,5556.6,18587.9,8450.4,10137.5,0.0,0.0,0.0,3.58,5.5,35.0,1,0
Northmart,BITES_MALT_POUCH,Northmart|BITES_MALT_POUCH,2023-02-27,3693,5476.2,-2037.9,0.0,0.0,0.0,-1691.4,-346.5,5.5,5.5,0.0,0,0
Northmart,BITES_MALT_POUCH,Northmart|BITES_MALT_POUCH,2023-03-06,5229,5395.7,0.0,0.0,0.0,0.0,0.0,0.0,5.5,5.5,0.0,0,0
Northmart,BITES_MALT_POUCH,Northmart|BITES_MALT_POUCH,2023-03-13,11500,5305.3,6130.0,6130.0,0.0,0.0,0.0,0.0,3.85,5.5,30.0,0,0
Northmart,BITES_MALT_POUCH,Northmart|BITES_MALT_POUCH,2023-03-20,3373,5214.6,-1831.3,0.0,0.0,0.0,-1415.3,-416.0,5.5,5.5,0.0,0,0
Northmart,BITES_MALT_POUCH,Northmart|BITES_MALT_POUCH,2023-03-27,5809,5123.8,0.0,0.0,0.0,0.0,0.0,0.0,5.5,5.5,0.0,0,0
Northmart,BITES_MALT_POUCH,Northmart|BITES_MALT_POUCH,2023-04-03,5152,5524.6,0.0,0.0,0.0,0.0,0.0,0.0,5.5,5.5,0.0,0,0
Northmart,BITES_MALT_POUCH,Northmart|BITES_MALT_POUCH,2023-04-10,5627,5434.1,-232.6,0.0,0.0,0.0,0.0,-232.6,5.5,5.5,0.0,0,0
Northmart,BITES_MALT_POUCH,Northmart|BITES_MALT_POUCH,2023-04-17,21571,5343.5,14510.1,6174.2,8335.9,0.0,0.0,0.0,3.85,5.5,30.0,1,0
Northmart,BITES_MALT_POUCH,Northmart|BITES_MALT_POUCH,2023-04-24,3316,5262.5,-1779.3,0.0,0.0,0.0,-1428.3,-351.0,5.5,5.5,0.0,0,0
Northmart,BITES_MALT_POUCH,Northmart|BITES_MALT_POUCH,2023-05-01,4560,4687.2,0.0,0.0,0.0,0.0,0.0,0.0,5.5,5.5,0.0,0,0
Northmart,BITES_MALT_POUCH,Northmart|BITES_MALT_POUCH,2023-05-08,4153,4615.3,-505.3,0.0,0.0,0.0,0.0,-505.3,5.5,5.5,0.0,0,0
Northmart,BITES_MALT_POUCH,Northmart|BITES_MALT_POUCH,2023-05-15,4677,4548.2,0.0,0.0,0.0,0.0,0.0,0.0,5.5,5.5,0.0,0,0
Northmart,BITES_MALT_POUCH,Northmart|BITES_MALT_POUCH,2023-05-22,4476,4490.9,0.0,0.0,0.0,0.0,0.0,0.0,5.5,5.5,0.0,0,0
Northmart,BITES_MALT_POUCH,Northmart|BITES_MALT_POUCH,2023-05-29,4539,4443.5,0.0,0.0,0.0,0.0,0.0,0.0,5.5,5.5,0.0,0,0
Northmart,BITES_MALT_POUCH,Northmart|BITES_MALT_POUCH,2023-06-05,4447,4405.9,-123.2,0.0,0.0,0.0,0.0,-123.2,5.5,5.5,0.0,0,0
Northmart,BITES_MALT_POUCH,Northmart|BITES_MALT_POUCH,2023-06-12,4389,4383.3,0.0,0.0,0.0,0.0,0.0,0.0,5.5,5.5,0.0,0,0
Northmart,BITES_MALT_POUCH,Northmart|BITES_MALT_POUCH,2023-06-19,4559,4365.6,0.0,0.0,0.0,0.0,0.0,0.0,5.5,5.5,0.0,0,0
Northmart,BITES_MALT_POUCH,Northmart|BITES_MALT_POUCH,2023-06-26,7283,4362.8,3764.1,3764.1,0.0,0.0,0.0,0.0,4.12,5.5,25.0,0,0
Northmart,BITES_MALT_POUCH,Northmart|BITES_MALT_POUCH,2023-07-03,6790,4370.1,2864.8,5049.5,0.0,0.0,-2184.7,0.0,3.85,5.5,30.0,0,0
Northmart,BITES_MALT_POUCH,Northmart|BITES_MALT_POUCH,2023-07-10,3492,4392.3,-1192.1,0.0,0.0,0.0,-1192.1,0.0,5.5,5.5,0.0,0,0
Northmart,BITES_MALT_POUCH,Northmart|BITES_MALT_POUCH,2023-07-17,4489,4419.5,0.0,0.0,0.0,0.0,0.0,0.0,5.5,5.5,0.0,0,0
Northmart,BITES_MALT_POUCH,Northmart|BITES_MALT_POUCH,2023-07-24,4206,4461.7,0.0,0.0,0.0,0.0,0.0,0.0,5.5,5.5,0.0,0,0
Northmart,BITES_MALT_POUCH,Northmart|BITES_MALT_POUCH,2023-07-31,4269,4514.0,-494.2,0.0,0.0,0.0,0.0,-494.2,5.5,5.5,0.0,0,0
Northmart,BITES_MALT_POUCH,Northmart|BITES_MALT_POUCH,2023-08-07,4077,4576.2,0.0,0.0,0.0,0.0,0.0,0.0,5.5,5.5,0.0,0,0
Northmart,BITES_MALT_POUCH,Northmart|BITES_MALT_POUCH,2023-08-14,4164,4648.5,-425.5,0.0,0.0,0.0,0.0,-425.5,5.5,5.5,0.0,0,0
Northmart,BITES_MALT_POUCH,Northmart|BITES_MALT_POUCH,2023-08-21,4457,4725.8,-517.4,0.0,0.0,0.0,0.0,-517.4,5.5,5.5,0.0,0,0
Northmart,BITES_MALT_POUCH,Northmart|BITES_MALT_POUCH,2023-08-28,4364,4813.2,0.0,0.0,0.0,0.0,0.0,0.0,5.5,5.5,0.0,0,0
Northmart,BITES_MALT_POUCH,Northmart|BITES_MALT_POUCH,2023-09-04,10905,4900.5,6321.8,7452.6,0.0,0.0,0.0,-1130.9,3.58,5.5,35.0,0,0
Northmart,BITES_MALT_POUCH,Northmart|BITES_MALT_POUCH,2023-09-11,3583,4997.9,-1543.7,0.0,0.0,0.0,-1543.7,0.0,5.5,5.5,0.0,0,0
Northmart,BITES_MALT_POUCH,Northmart|BITES_MALT_POUCH,2023-09-18,4952,5095.2,0.0,0.0,0.0,0.0,0.0,0.0,5.5,5.5,0.0,0,0
Northmart,BITES_MALT_POUCH,Northmart|BITES_MALT_POUCH,2023-09-25,9913,5192.6,4480.0,4480.0,0.0,0.0,0.0,0.0,4.12,5.5,25.0,0,0
Northmart,BITES_MALT_POUCH,Northmart|BITES_MALT_POUCH,2023-10-02,4347,5290.1,-1226.9,0.0,0.0,0.0,-1226.9,0.0,5.5,5.5,0.0,0,0
Northmart,BITES_MALT_POUCH,Northmart|BITES_MALT_POUCH,2023-10-09,5731,5387.5,0.0,0.0,0.0,0.0,0.0,0.0,5.5,5.5,0.0,0,0
Northmart,BITES_MALT_POUCH,Northmart|BITES_MALT_POUCH,2023-10-16,17480,5485.0,11619.9,6337.8,0.0,5282.2,0.0,0.0,3.85,5.5,30.0,0,1
Northmart,BITES_MALT_POUCH,Northmart|BITES_MALT_POUCH,2023-10-23,8157,5572.6,3178.8,6438.9,0.0,0.0,-3260.1,0.0,3.85,5.5,30.0,0,0
Northmart,BITES_MALT_POUCH,Northmart|BITES_MALT_POUCH,2023-10-30,4481,5660.2,-1536.3,0.0,0.0,0.0,-1536.3,0.0,5.5,5.5,0.0,0,0
Northmart,BITES_MALT_POUCH,Northmart|BITES_MALT_POUCH,2023-11-06,5141,5737.8,0.0,0.0,0.0,0.0,0.0,0.0,5.5,5.5,0.0,0,0
Northmart,BITES_MALT_POUCH,Northmart|BITES_MALT_POUCH,2023-11-13,7192,5810.5,1479.7,1479.7,0.0,0.0,0.0,0.0,4.95,5.5,10.0,0,0
Northmart,BITES_MALT_POUCH,Northmart|BITES_MALT_POUCH,2023-11-20,23897,5873.3,17091.0,8932.1,10715.4,0.0,-2556.4,0.0,3.58,5.5,35.0,1,0
Northmart,BITES_MALT_POUCH,Northmart|BITES_MALT_POUCH,2023-11-27,3856,5926.2,-1830.4,0.0,0.0,0.0,-1830.4,0.0,5.5,5.5,0.0,0,0
Northmart,BITES_MALT_POUCH,Northmart|BITES_MALT_POUCH,2023-12-04,6100,5969.1,0.0,0.0,0.0,0.0,0.0,0.0,5.5,5.5,0.0,0,0
Northmart,BITES_MALT_POUCH,Northmart|BITES_MALT_POUCH,2023-12-11,5654,5997.1,0.0,0.0,0.0,0.0,0.0,0.0,5.5,5.5,0.0,0,0
Northmart,BITES_MALT_POUCH,Northmart|BITES_MALT_POUCH,2023-12-18,5656,6020.2,-659.1,0.0,0.0,0.0,0.0,-659.1,5.5,5.5,0.0,0,0
Northmart,BITES_MALT_POUCH,Northmart|BITES_MALT_POUCH,2023-12-25,6035,6028.2,-351.4,0.0,0.0,0.0,0.0,-351.4,5.5,5.5,0.0,0,0
Northmart,CLASSIC_DAIRY_BLOCK,Northmart|CLASSIC_DAIRY_BLOCK,2021-01-04,12199,10903.0,20.7,0.0,0.0,0.0,0.0,20.7,4.0,4.0,0.0,0,0
Northmart,CLASSIC_DAIRY_BLOCK,Northmart|CLASSIC_DAIRY_BLOCK,2021-01-11,18221,10872.5,8616.9,8616.9,0.0,0.0,0.0,0.0,3.2,4.0,20.0,0,0
Northmart,CLASSIC_DAIRY_BLOCK,Northmart|CLASSIC_DAIRY_BLOCK,2021-01-18,8762,10833.0,-2015.7,0.0,0.0,0.0,-2047.9,32.2,4.0,4.0,0.0,0,0
Northmart,CLASSIC_DAIRY_BLOCK,Northmart|CLASSIC_DAIRY_BLOCK,2021-01-25,20377,10766.6,11791.9,5703.0,0.0,6187.9,0.0,-99.1,3.4,4.0,15.0,0,1
Northmart,CLASSIC_DAIRY_BLOCK,Northmart|CLASSIC_DAIRY_BLOCK,2021-02-01,23439,10682.3,12521.6,16470.3,0.0,0.0,-3948.8,0.0,2.8,4.0,30.0,0,0
Northmart,CLASSIC_DAIRY_BLOCK,Northmart|CLASSIC_DAIRY_BLOCK,2021-02-08,7643,10579.9,-2842.8,0.0,0.0,0.0,-2853.5,10.6,4.0,4.0,0.0,0,0
Northmart,CLASSIC_DAIRY_BLOCK,Northmart|CLASSIC_DAIRY_BLOCK,2021-02-15,25720,10459.5,16126.8,16126.8,0.0,0.0,0.0,0.0,2.8,4.0,30.0,0,0
Northmart,CLASSIC_DAIRY_BLOCK,Northmart|CLASSIC_DAIRY_BLOCK,2021-02-22,11541,10329.8,1238.3,5471.7,0.0,0.0,-4261.8,28.4,3.4,4.0,15.0,0,0
Northmart,CLASSIC_DAIRY_BLOCK,Northmart|CLASSIC_DAIRY_BLOCK,2021-03-01,8347,10182.0,-1498.7,0.0,0.0,0.0,-1480.8,-18.0,4.0,4.0,0.0,0,0
Northmart,CLASSIC_DAIRY_BLOCK,Northmart|CLASSIC_DAIRY_BLOCK,2021-03-08,10878,10033.9,0.0,0.0,0.0,0.0,0.0,0.0,4.0,4.0,0.0,0,0
Northmart,CLASSIC_DAIRY_BLOCK,Northmart|CLASSIC_DAIRY_BLOCK,2021-03-15,8480,9867.6,8.9,0.0,0.0,0.0,0.0,8.9,4.0,4.0,0.0,0,0
Northmart,CLASSIC_DAIRY_BLOCK,Northmart|CLASSIC_DAIRY_BLOCK,2021-03-22,9117,9700.9,-38.4,0.0,0.0,0.0,0.0,-38.4,4.0,4.0,0.0,0,0
Northmart,CLASSIC_DAIRY_BLOCK,Northmart|CLASSIC_DAIRY_BLOCK,2021-03-29,9848,9533.8,-12.3,0.0,0.0,0.0,0.0,-12.3,4.0,4.0,0.0,0,0
Northmart,CLASSIC_DAIRY_BLOCK,Northmart|CLASSIC_DAIRY_BLOCK,2021-04-05,10787,10269.2,0.0,0.0,0.0,0.0,0.0,0.0,4.0,4.0,0.0,0,0
Northmart,CLASSIC_DAIRY_BLOCK,Northmart|CLASSIC_DAIRY_BLOCK,2021-04-12,9605,10102.8,0.0,0.0,0.0,0.0,0.0,0.0,4.0,4.0,0.0,0,0
Northmart,CLASSIC_DAIRY_BLOCK,Northmart|CLASSIC_DAIRY_BLOCK,2021-04-19,9621,9936.1,0.0,0.0,0.0,0.0,0.0,0.0,4.0,4.0,0.0,0,0
Northmart,CLASSIC_DAIRY_BLOCK,Northmart|CLASSIC_DAIRY_BLOCK,2021-04-26,10002,9787.1,0.0,0.0,0.0,0.0,0.0,0.0,4.0,4.0,0.0,0,0
Northmart,CLASSIC_DAIRY_BLOCK,Northmart|CLASSIC_DAIRY_BLOCK,2021-05-03,24311,8730.1,16757.4,9796.6,0.0,6960.8,0.0,0.0,3.0,4.0,25.0,0,1
Northmart,CLASSIC_DAIRY_BLOCK,Northmart|CLASSIC_DAIRY_BLOCK,2021-05-10,10576,8597.6,1523.5,4554.1,0.0,0.0,-3030.6,0.0,3.4,4.0,15.0,0,0
Northmart,CLASSIC_DAIRY_BLOCK,Northmart|CLASSIC_DAIRY_BLOCK,2021-05-17,14114,8473.9,4436.6,6715.9,0.0,0.0,-2209.0,-70.2,3.2,4.0,20.0,0,0
Northmart,CLASSIC_DAIRY_BLOCK,Northmart|CLASSIC_DAIRY_BLOCK,2021-05-24,7046,8368.3,-1620.2,0.0,0.0,0.0,-1582.0,-38.3,4.0,4.0,0.0,0,0
Northmart,CLASSIC_DAIRY_BLOCK,Northmart|CLASSIC_DAIRY_BLOCK,2021-05-31,8273,8280.8,0.0,0.0,0.0,0.0,0.0,0.0,4.0,4.0,0.0,0,0
Northmart,CLASSIC_DAIRY_BLOCK,Northmart|CLASSIC_DAIRY_BLOCK,2021-06-07,8290,8211.5,0.0,0.0,0.0,0.0,0.0,0.0,4.0,4.0,0.0,0,0
Northmart,CLASSIC_DAIRY_BLOCK,Northmart|CLASSIC_DAIRY_BLOCK,2021-06-14,8050,8169.5,11.2,0.0,0.0,0.0,0.0,11.2,4.0,4.0,0.0,0,0
Northmart,CLASSIC_DAIRY_BLOCK,Northmart|CLASSIC_DAIRY_BLOCK,2021-06-21,11252,8136.7,2581.6,2581.6,0.0,0.0,0.0,0.0,3.6,4.0,10.0,0,0
Northmart,CLASSIC_DAIRY_BLOCK,Northmart|CLASSIC_DAIRY_BLOCK,2021-06-28,24352,8131.4,17549.0,9124.7,11174.3,0.0,-2827.9,77.9,3.0,4.0,25.0,1,0
Northmart,CLASSIC_DAIRY_BLOCK,Northmart|CLASSIC_DAIRY_BLOCK,2021-07-05,24964,8144.4,17320.7,6454.8,9453.8,9037.2,-7625.0,0.0,3.2,4.0,20.0,1,1
Northmart,CLASSIC_DAIRY_BLOCK,Northmart|CLASSIC_DAIRY_BLOCK,2021-07-12,6592,8185.0,-1584.7,0.0,0.0,0.0,-1547.3,-37.4,4.0,4.0,0.0,0,0
Northmart,CLASSIC_DAIRY_BLOCK,Northmart|CLASSIC_DAIRY_BLOCK,2021-07-19,29219,8234.8,20561.1,12696.7,0.0,7864.4,0.0,0.0,2.8,4.0,30.0,0,1
Northmart,CLASSIC_DAIRY_BLOCK,Northmart|CLASSIC_DAIRY_BLOCK,2021-07-26,6284,8312.2,-2284.2,0.0,0.0,0.0,-2241.9,-42.4,4.0,4.0,0.0,0,0
Northmart,CLASSIC_DAIRY_BLOCK,Northmart|CLASSIC_DAIRY_BLOCK,2021-08-02,7346,8408.0,0.0,0.0,0.0,0.0,0.0,0.0,4.0,4.0,0.0,0,0
Northmart,CLASSIC_DAIRY_BLOCK,Northmart|CLASSIC_DAIRY_BLOCK,2021-08-09,8786,8522.1,11.7,0.0,0.0,0.0,0.0,11.7,4.0,4.0,0.0,0,0
Northmart,CLASSIC_DAIRY_BLOCK,Northmart|CLASSIC_DAIRY_BLOCK,2021-08-16,8868,8654.7,0.0,0.0,0.0,0.0,0.0,0.0,4.0,4.0,0.0,0,0
Northmart,CLASSIC_DAIRY_BLOCK,Northmart|CLASSIC_DAIRY_BLOCK,2021-08-23,8700,8796.4,-74.1,0.0,0.0,0.0,0.0,-74.1,4.0,4.0,0.0,0,0
Northmart,CLASSIC_DAIRY_BLOCK,Northmart|CLASSIC_DAIRY_BLOCK,2021-08-30,14486,8956.5,7065.2,7098.4,0.0,0.0,0.0,-33.2,3.2,4.0,20.0,0,0
Northmart,CLASSIC_DAIRY_BLOCK,Northmart|CLASSIC_DAIRY_BLOCK,2021-09-06,7269,9116.6,-1723.4,0.0,0.0,0.0,-1723.4,0.0,4.0,4.0,0.0,0,0
Northmart,CLASSIC_DAIRY_BLOCK,Northmart|CLASSIC_DAIRY_BLOCK,2021-09-13,11187,9295.0,0.0,0.0,0.0,0.0,0.0,0.0,4.0,4.0,0.0,0,0
Northmart,CLASSIC_DAIRY_BLOCK,Northmart|CLASSIC_DAIRY_BLOCK,2021-09-20,35680,9473.4,23372.5,5018.0,9384.0,8970.5,0.0,0.0,3.4,4.0,15.0,1,1
Northmart,CLASSIC_DAIRY_BLOCK,Northmart|CLASSIC_DAIRY_BLOCK,2021-09-27,8947,9651.8,-1403.6,0.0,0.0,0.0,-1403.6,0.0,4.0,4.0,0.0,0,0
Northmart,CLASSIC_DAIRY_BLOCK,Northmart|CLASSIC_DAIRY_BLOCK,2021-10-04,9719,9830.2,3.8,0.0,0.0,0.0,0.0,3.8,4.0,4.0,0.0,0,0
Northmart,CLASSIC_DAIRY_BLOCK,Northmart|CLASSIC_DAIRY_BLOCK,2021-10-11,10462,10008.6,0.0,0.0,0.0,0.0,0.0,0.0,4.0,4.0,0.0,0,0
Northmart,CLASSIC_DAIRY_BLOCK,Northmart|CLASSIC_DAIRY_BLOCK,2021-10-18,11500,10187.0,0.0,0.0,0.0,0.0,0.0,0.0,4.0,4.0,0.0,0,0
Northmart,CLASSIC_DAIRY_BLOCK,Northmart|CLASSIC_DAIRY_BLOCK,2021-10-25,10365,10347.1,9.3,0.0,0.0,0.0,0.0,9.3,4.0,4.0,0.0,0,0
Northmart,CLASSIC_DAIRY_BLOCK,Northmart|CLASSIC_DAIRY_BLOCK,2021-11-01,10127,10507.2,14.5,0.0,0.0,0.0,0.0,14.5,4.0,4.0,0.0,0,0
Northmart,CLASSIC_DAIRY_BLOCK,Northmart|CLASSIC_DAIRY_BLOCK,2021-11-08,10910,10649.2,0.0,0.0,0.0,0.0,0.0,0.0,4.0,4.0,0.0,0,0
Northmart,CLASSIC_DAIRY_BLOCK,Northmart|CLASSIC_DAIRY_BLOCK,2021-11-15,16174,10782.0,8531.7,8545.2,0.0,0.0,0.0,-13.4,3.2,4.0,20.0,0,0
Northmart,CLASSIC_DAIRY_BLOCK,Northmart|CLASSIC_DAIRY_BLOCK,2021-11-22,14738,10896.6,4943.5,8636.0,0.0,0.0,-3692.5,0.0,3.2,4.0,20.0,0,0
Northmart,CLASSIC_DAIRY_BLOCK,Northmart|CLASSIC_DAIRY_BLOCK,2021-11-29,22022,10993.0,10921.2,8712.4,0.0,7403.7,-5124.8,-70.1,3.2,4.0,20.0,0,1
Northmart,CLASSIC_DAIRY_BLOCK,Northmart|CLASSIC_DAIRY_BLOCK,2021-12-06,8199,11071.2,-2143.5,0.0,0.0,0.0,-2092.9,-50.6,4.0,4.0,0.0,0,0
Northmart,CLASSIC_DAIRY_BLOCK,Northmart|CLASSIC_DAIRY_BLOCK,2021-12-13,11199,11122.1,21.2,0.0,0.0,0.0,0.0,21.2,4.0,4.0,0.0,0,0
Northmart,CLASSIC_DAIRY_BLOCK,Northmart|CLASSIC_DAIRY_BLOCK,2021-12-20,11095,11163.9,0.0,0.0,0.0,0.0,0.0,0.0,4.0,4.0,0.0,0,0
Northmart,CLASSIC_DAIRY_BLOCK,Northmart|CLASSIC_DAIRY_BLOCK,2021-12-27,55028,11178.3,42287.7,12543.9,15361.4,14684.4,0.0,-302.0,3.0,4.0,25.0,1,1
Northmart,CLASSIC_DAIRY_BLOCK,Northmart|CLASSIC_DAIRY_BLOCK,2022-01-03,50251,11174.5,38090.3,17229.2,18392.9,17582.3,-14834.9,-279.3,2.8,4.0,30.0,1,1
Northmart,CLASSIC_DAIRY_BLOCK,Northmart|CLASSIC_DAIRY_BLOCK,2022-01-10,8248,11143.2,-3074.0,0.0,0.0,0.0,-3005.4,-68.6,4.0,4.0,0.0,0,0
Northmart,CLASSIC_DAIRY_BLOCK,Northmart|CLASSIC_DAIRY_BLOCK,2022-01-17,17737,11102.7,5762.5,5881.1,0.0,0.0,0.0,-118.6,3.4,4.0,15.0,0,0
Northmart,CLASSIC_DAIRY_BLOCK,Northmart|CLASSIC_DAIRY_BLOCK,2022-01-24,8674,11034.7,-1604.8,0.0,0.0,0.0,-1604.8,0.0,4.0,4.0,0.0,0,0
Northmart,CLASSIC_DAIRY_BLOCK,Northmart|CLASSIC_DAIRY_BLOCK,2022-01-31,19800,10948.3,8677.0,8677.0,0.0,0.0,0.0,0.0,3.2,4.0,20.0,0,0
Northmart,CLASSIC_DAIRY_BLOCK,Northmart|CLASSIC_DAIRY_BLOCK,2022-02-07,9614,10843.4,-2099.4,0.0,0.0,0.0,-2049.9,-49.6,4.0,4.0,0.0,0,0
Northmart,CLASSIC_DAIRY_BLOCK,Northmart|CLASSIC_DAIRY_BLOCK,2022-02-14,11445,10719.9,-7.8,0.0,0.0,0.0,0.0,-7.8,4.0,4.0,0.0,0,0
Northmart,CLASSIC_DAIRY_BLOCK,Northmart|CLASSIC_DAIRY_BLOCK,2022-02-21,10317,10587.1,0.0,0.0,0.0,0.0,0.0,0.0,4.0,4.0,0.0,0,0
Northmart,CLASSIC_DAIRY_BLOCK,Northmart|CLASSIC_DAIRY_BLOCK,2022-02-28,26595,10435.6,15944.8,5527.7,10337.1,0.0,0.0,80.0,3.4,4.0,15.0,1,0
Northmart,CLASSIC_DAIRY_BLOCK,Northmart|CLASSIC_DAIRY_BLOCK,2022-03-07,8922,10283.8,-1478.8,0.0,0.0,0.0,-1495.6,16.7,4.0,4.0,0.0,0,0
Northmart,CLASSIC_DAIRY_BLOCK,Northmart|CLASSIC_DAIRY_BLOCK,2022-03-14,11123,10113.3,0.0,0.0,0.0,0.0,0.0,0.0,4.0,4.0,0.0,0,0
Northmart,CLASSIC_DAIRY_BLOCK,Northmart|CLASSIC_DAIRY_BLOCK,2022-03-21,18878,9942.4,7794.3,7879.8,0.0,0.0,0.0,-85.5,3.2,4.0,20.0,0,0
Northmart,CLASSIC_DAIRY_BLOCK,Northmart|CLASSIC_DAIRY_BLOCK,2022-03-28,13586,9771.2,4433.0,7744.1,0.0,0.0,-3311.2,0.0,3.2,4.0,20.0,0,0
Northmart,CLASSIC_DAIRY_BLOCK,Northmart|CLASSIC_DAIRY_BLOCK,2022-04-04,8338,10524.9,-2049.9,0.0,0.0,0.0,-1989.7,-60.3,4.0,4.0,0.0,0,0
Northmart,CLASSIC_DAIRY_BLOCK,Northmart|CLASSIC_DAIRY_BLOCK,2022-04-11,11069,10354.4,37.9,0.0,0.0,0.0,0.0,37.9,4.0,4.0,0.0,0,0
Northmart,CLASSIC_DAIRY_BLOCK,Northmart|CLASSIC_DAIRY_BLOCK,2022-04-18,9012,10183.5,0.0,0.0,0.0,0.0,0.0,0.0,4.0,4.0,0.0,0,0
Northmart,CLASSIC_DAIRY_BLOCK,Northmart|CLASSIC_DAIRY_BLOCK,2022-04-25,10199,10030.8,0.0,0.0,0.0,0.0,0.0,0.0,4.0,4.0,0.0,0,0
Northmart,CLASSIC_DAIRY_BLOCK,Northmart|CLASSIC_DAIRY_BLOCK,2022-05-02,11244,8947.5,2861.3,2838.9,0.0,0.0,0.0,22.4,3.6,4.0,10.0,0,0
Northmart,CLASSIC_DAIRY_BLOCK,Northmart|CLASSIC_DAIRY_BLOCK,2022-05-09,20008,8811.6,11270.0,13586.1,0.0,0.0,-2227.9,-88.2,2.8,4.0,30.0,0,0
Northmart,CLASSIC_DAIRY_BLOCK,Northmart|CLASSIC_DAIRY_BLOCK,2022-05-16,6183,8684.9,-2342.4,0.0,0.0,0.0,-2342.4,0.0,4.0,4.0,0.0,0,0
Northmart,CLASSIC_DAIRY_BLOCK,Northmart|CLASSIC_DAIRY_BLOCK,2022-05-23,8225,8576.7,0.0,0.0,0.0,0.0,0.0,0.0,4.0,4.0,0.0,0,0
Northmart,CLASSIC_DAIRY_BLOCK,Northmart|CLASSIC_DAIRY_BLOCK,2022-05-30,34543,8487.0,27054.9,13085.5,13969.4,0.0,0.0,0.0,2.8,4.0,30.0,1,0
Northmart,CLASSIC_DAIRY_BLOCK,Northmart|CLASSIC_DAIRY_BLOCK,2022-06-06,6449,8415.9,-2269.8,0.0,0.0,0.0,-2269.8,0.0,4.0,4.0,0.0,0,0
Northmart,CLASSIC_DAIRY_BLOCK,Northmart|CLASSIC_DAIRY_BLOCK,2022-06-13,9187,8373.0,0.0,0.0,0.0,0.0,0.0,0.0,4.0,4.0,0.0,0,0
Northmart,CLASSIC_DAIRY_BLOCK,Northmart|CLASSIC_DAIRY_BLOCK,2022-06-20,12678,8339.3,4417.3,4417.3,0.0,0.0,0.0,0.0,3.4,4.0,15.0,0,0
Northmart,CLASSIC_DAIRY_BLOCK,Northmart|CLASSIC_DAIRY_BLOCK,2022-06-27,7215,8333.9,-1252.1,0.0,0.0,0.0,-1212.0,-40.1,4.0,4.0,0.0,0,0
Northmart,CLASSIC_DAIRY_BLOCK,Northmart|CLASSIC_DAIRY_BLOCK,2022-07-04,8683,8347.2,11.5,0.0,0.0,0.0,0.0,11.5,4.0,4.0,0.0,0,0
Northmart,CLASSIC_DAIRY_BLOCK,Northmart|CLASSIC_DAIRY_BLOCK,2022-07-11,7692,8388.8,-70.7,0.0,0.0,0.0,0.0,-70.7,4.0,4.0,0.0,0,0
Northmart,CLASSIC_DAIRY_BLOCK,Northmart|CLASSIC_DAIRY_BLOCK,2022-07-18,8180,8439.9,-47.6,0.0,0.0,0.0,0.0,-47.6,4.0,4.0,0.0,0,0
Northmart,CLASSIC_DAIRY_BLOCK,Northmart|CLASSIC_DAIRY_BLOCK,2022-07-25,8119,8519.2,-37.3,0.0,0.0,0.0,0.0,-37.3,4.0,4.0,0.0,0,0
Northmart,CLASSIC_DAIRY_BLOCK,Northmart|CLASSIC_DAIRY_BLOCK,2022-08-01,9472,8617.3,-34.1,0.0,0.0,0.0,0.0,-34.1,4.0,4.0,0.0,0,0
Northmart,CLASSIC_DAIRY_BLOCK,Northmart|CLASSIC_DAIRY_BLOCK,2022-08-08,13491,8734.3,4554.3,4626.6,0.0,0.0,0.0,-72.3,3.4,4.0,15.0,0,0
Northmart,CLASSIC_DAIRY_BLOCK,Northmart|CLASSIC_DAIRY_BLOCK,2022-08-15,7074,8870.2,-1332.7,0.0,0.0,0.0,-1290.0,-42.7,4.0,4.0,0.0,0,0
Northmart,CLASSIC_DAIRY_BLOCK,Northmart|CLASSIC_DAIRY_BLOCK,2022-08-22,9012,9015.5,-6.3,0.0,0.0,0.0,0.0,-6.3,4.0,4.0,0.0,0,0
Northmart,CLASSIC_DAIRY_BLOCK,Northmart|CLASSIC_DAIRY_BLOCK,2022-08-29,25158,9179.5,14153.3,14153.3,0.0,0.0,0.0,0.0,2.8,4.0,30.0,0,0
Northmart,CLASSIC_DAIRY_BLOCK,Northmart|CLASSIC_DAIRY_BLOCK,2022-09-05,7647,9343.6,-2520.0,0.0,0.0,0.0,-2520.0,0.0,4.0,4.0,0.0,0,0
Northmart,CLASSIC_DAIRY_BLOCK,Northmart|CLASSIC_DAIRY_BLOCK,2022-09-12,8707,9526.5,-53.7,0.0,0.0,0.0,0.0,-53.7,4.0,4.0,0.0,0,0
Northmart,CLASSIC_DAIRY_BLOCK,Northmart|CLASSIC_DAIRY_BLOCK,2022-09-19,8850,9709.3,13.4,0.0,0.0,0.0,0.0,13.4,4.0,4.0,0.0,0,0
Northmart,CLASSIC_DAIRY_BLOCK,Northmart|CLASSIC_DAIRY_BLOCK,2022-09-26,16734,9892.2,7864.3,7839.9,0.0,0.0,0.0,24.4,3.2,4.0,20.0,0,0
Northmart,CLASSIC_DAIRY_BLOCK,Northmart|CLASSIC_DAIRY_BLOCK,2022-10-03,8011,10075.0,-1884.5,0.0,0.0,0.0,-1904.6,20.1,4.0,4.0,0.0,0,0
Northmart,CLASSIC_DAIRY_BLOCK,Northmart|CLASSIC_DAIRY_BLOCK,2022-10-10,11162,10257.8,0.0,0.0,0.0,0.0,0.0,0.0,4.0,4.0,0.0,0,0
Northmart,CLASSIC_DAIRY_BLOCK,Northmart|CLASSIC_DAIRY_BLOCK,2022-10-17,10561,10440.6,-31.4,0.0,0.0,0.0,0.0,-31.4,4.0,4.0,0.0,0,0
Northmart,CLASSIC_DAIRY_BLOCK,Northmart|CLASSIC_DAIRY_BLOCK,2022-10-24,15810,10604.7,5666.7,5617.3,0.0,0.0,0.0,49.4,3.4,4.0,15.0,0,0
Northmart,CLASSIC_DAIRY_BLOCK,Northmart|CLASSIC_DAIRY_BLOCK,2022-10-31,8289,10768.9,-1557.8,0.0,0.0,0.0,-1566.1,8.3,4.0,4.0,0.0,0,0
Northmart,CLASSIC_DAIRY_BLOCK,Northmart|CLASSIC_DAIRY_BLOCK,2022-11-07,12533,10914.3,0.0,0.0,0.0,0.0,0.0,0.0,4.0,4.0,0.0,0,0
Northmart,CLASSIC_DAIRY_BLOCK,Northmart|CLASSIC_DAIRY_BLOCK,2022-11-14,10763,11050.5,0.0,0.0,0.0,0.0,0.0,0.0,4.0,4.0,0.0,0,0
Northmart,CLASSIC_DAIRY_BLOCK,Northmart|CLASSIC_DAIRY_BLOCK,2022-11-21,12687,11167.9,0.0,0.0,0.0,0.0,0.0,0.0,4.0,4.0,0.0,0,0
Northmart,CLASSIC_DAIRY_BLOCK,Northmart|CLASSIC_DAIRY_BLOCK,2022-11-28,11321,11266.8,-35.9,0.0,0.0,0.0,0.0,-35.9,4.0,4.0,0.0,0,0
Northmart,CLASSIC_DAIRY_BLOCK,Northmart|CLASSIC_DAIRY_BLOCK,2022-12-05,11410,11346.9,21.6,0.0,0.0,0.0,0.0,21.6,4.0,4.0,0.0,0,0
Northmart,CLASSIC_DAIRY_BLOCK,Northmart|CLASSIC_DAIRY_BLOCK,2022-12-12,28821,11399.1,16711.4,9034.2,0.0,7677.2,0.0,0.0,3.2,4.0,20.0,0,1
Northmart,CLASSIC_DAIRY_BLOCK,Northmart|CLASSIC_DAIRY_BLOCK,2022-12-19,22559,11441.9,12143.5,17641.5,0.0,0.0,-5498.0,0.0,2.8,4.0,30.0,0,0
Northmart,CLASSIC_DAIRY_BLOCK,Northmart|CLASSIC_DAIRY_BLOCK,2022-12-26,7420,11456.7,-3090.0,0.0,0.0,0.0,-3090.0,0.0,4.0,4.0,0.0,0,0
Northmart,CLASSIC_DAIRY_BLOCK,Northmart|CLASSIC_DAIRY_BLOCK,2023-01-02,11169,11452.7,0.0,0.0,0.0,0.0,0.0,0.0,4.0,4.0,0.0,0,0
Northmart,CLASSIC_DAIRY_BLOCK,Northmart|CLASSIC_DAIRY_BLOCK,2023-01-09,33978,11420.7,21921.9,12815.8,0.0,9106.1,0.0,0.0,3.0,4.0,25.0,0,1
Northmart,CLASSIC_DAIRY_BLOCK,Northmart|CLASSIC_DAIRY_BLOCK,2023-01-16,9269,11379.2,-2683.3,0.0,0.0,0.0,-2622.1,-61.2,4.0,4.0,0.0,0,0
Northmart,CLASSIC_DAIRY_BLOCK,Northmart|CLASSIC_DAIRY_BLOCK,2023-01-23,36384,11309.5,21809.0,12691.1,0.0,9017.4,0.0,100.5,3.0,4.0,25.0,0,1
Northmart,CLASSIC_DAIRY_BLOCK,Northmart|CLASSIC_DAIRY_BLOCK,2023-01-30,18986,11220.9,7160.3,12591.7,0.0,0.0,-5487.2,55.8,3.0,4.0,25.0,0,0
Northmart,CLASSIC_DAIRY_BLOCK,Northmart|CLASSIC_DAIRY_BLOCK,2023-02-06,11589,11113.4,131.0,3526.1,0.0,0.0,-3373.4,-21.6,3.6,4.0,10.0,0,0
Northmart,CLASSIC_DAIRY_BLOCK,Northmart|CLASSIC_DAIRY_BLOCK,2023-02-13,8789,10986.8,-1092.8,0.0,0.0,0.0,-1092.8,0.0,4.0,4.0,0.0,0,0
Northmart,CLASSIC_DAIRY_BLOCK,Northmart|CLASSIC_DAIRY_BLOCK,2023-02-20,10612,10850.7,39.8,0.0,0.0,0.0,0.0,39.8,4.0,4.0,0.0,0,0
Northmart,CLASSIC_DAIRY_BLOCK,Northmart|CLASSIC_DAIRY_BLOCK,2023-02-27,34224,10695.4,22305.4,22305.4,0.0,0.0,0.0,0.0,2.6,4.0,35.0,0,0
Northmart,CLASSIC_DAIRY_BLOCK,Northmart|CLASSIC_DAIRY_BLOCK,2023-03-06,12356,10539.9,633.6,5582.9,0.0,0.0,-4949.4,0.0,3.4,4.0,15.0,0,0
Northmart,CLASSIC_DAIRY_BLOCK,Northmart|CLASSIC_DAIRY_BLOCK,2023-03-13,7628,10365.1,-1480.4,0.0,0.0,0.0,-1507.4,27.0,4.0,4.0,0.0,0,0
Northmart,CLASSIC_DAIRY_BLOCK,Northmart|CLASSIC_DAIRY_BLOCK,2023-03-20,8643,10190.0,0.0,0.0,0.0,0.0,0.0,0.0,4.0,4.0,0.0,0,0
Northmart,CLASSIC_DAIRY_BLOCK,Northmart|CLASSIC_DAIRY_BLOCK,2023-03-27,9057,10014.6,0.0,0.0,0.0,0.0,0.0,0.0,4.0,4.0,0.0,0,0
Northmart,CLASSIC_DAIRY_BLOCK,Northmart|CLASSIC_DAIRY_BLOCK,2023-04-03,11727,10787.0,0.0,0.0,0.0,0.0,0.0,0.0,4.0,4.0,0.0,0,0
Northmart,CLASSIC_DAIRY_BLOCK,Northmart|CLASSIC_DAIRY_BLOCK,2023-04-10,10706,10612.2,-21.9,0.0,0.0,0.0,0.0,-21.9,4.0,4.0,0.0,0,0
Northmart,CLASSIC_DAIRY_BLOCK,Northmart|CLASSIC_DAIRY_BLOCK,2023-04-17,9639,10437.1,31.8,0.0,0.0,0.0,0.0,31.8,4.0,4.0,0.0,0,0
Northmart,CLASSIC_DAIRY_BLOCK,Northmart|CLASSIC_DAIRY_BLOCK,2023-04-24,9867,10280.6,0.0,0.0,0.0,0.0,0.0,0.0,4.0,4.0,0.0,0,0
Northmart,CLASSIC_DAIRY_BLOCK,Northmart|CLASSIC_DAIRY_BLOCK,2023-05-01,11643,9170.3,0.0,0.0,0.0,0.0,0.0,0.0,4.0,4.0,0.0,0,0
Northmart,CLASSIC_DAIRY_BLOCK,Northmart|CLASSIC_DAIRY_BLOCK,2023-05-08,10078,9031.1,-18.7,0.0,0.0,0.0,0.0,-18.7,4.0,4.0,0.0,0,0
Northmart,CLASSIC_DAIRY_BLOCK,Northmart|CLASSIC_DAIRY_BLOCK,2023-05-15,8138,8901.2,-62.2,0.0,0.0,0.0,0.0,-62.2,4.0,4.0,0.0,0,0
Northmart,CLASSIC_DAIRY_BLOCK,Northmart|CLASSIC_DAIRY_BLOCK,2023-05-22,8595,8790.2,0.0,0.0,0.0,0.0,0.0,0.0,4.0,4.0,0.0,0,0
Northmart,CLASSIC_DAIRY_BLOCK,Northmart|CLASSIC_DAIRY_BLOCK,2023-05-29,8527,8698.3,0.0,0.0,0.0,0.0,0.0,0.0,4.0,4.0,0.0,0,0
Northmart,CLASSIC_DAIRY_BLOCK,Northmart|CLASSIC_DAIRY_BLOCK,2023-06-05,8500,8625.5,0.0,0.0,0.0,0.0,0.0,0.0,4.0,4.0,0.0,0,0
Northmart,CLASSIC_DAIRY_BLOCK,Northmart|CLASSIC_DAIRY_BLOCK,2023-06-12,26323,8581.5,17780.9,17896.7,0.0,0.0,0.0,-115.8,2.6,4.0,35.0,0,0
Northmart,CLASSIC_DAIRY_BLOCK,Northmart|CLASSIC_DAIRY_BLOCK,2023-06-19,13756,8547.0,6424.1,13178.1,0.0,0.0,-6669.1,-84.9,2.8,4.0,30.0,0,0
Northmart,CLASSIC_DAIRY_BLOCK,Northmart|CLASSIC_DAIRY_BLOCK,2023-06-26,12187,8541.4,2667.5,6769.4,0.0,0.0,-4129.4,27.5,3.2,4.0,20.0,0,0
Northmart,CLASSIC_DAIRY_BLOCK,Northmart|CLASSIC_DAIRY_BLOCK,2023-07-03,7258,8555.1,-1596.2,0.0,0.0,0.0,-1617.3,21.1,4.0,4.0,0.0,0,0
Northmart,CLASSIC_DAIRY_BLOCK,Northmart|CLASSIC_DAIRY_BLOCK,2023-07-10,15667,8597.7,6814.0,6814.0,0.0,0.0,0.0,0.0,3.2,4.0,20.0,0,0
Northmart,CLASSIC_DAIRY_BLOCK,Northmart|CLASSIC_DAIRY_BLOCK,2023-07-17,7296,8650.0,-1684.2,0.0,0.0,0.0,-1635.2,-49.0,4.0,4.0,0.0,0,0
Northmart,CLASSIC_DAIRY_BLOCK,Northmart|CLASSIC_DAIRY_BLOCK,2023-07-24,8134,8731.3,0.0,0.0,0.0,0.0,0.0,0.0,4.0,4.0,0.0,0,0
Northmart,CLASSIC_DAIRY_BLOCK,Northmart|CLASSIC_DAIRY_BLOCK,2023-07-31,8632,8831.9,0.0,0.0,0.0,0.0,0.0,0.0,4.0,4.0,0.0,0,0
Northmart,CLASSIC_DAIRY_BLOCK,Northmart|CLASSIC_DAIRY_BLOCK,2023-08-07,8482,8951.8,0.0,0.0,0.0,0.0,0.0,0.0,4.0,4.0,0.0,0,0
Northmart,CLASSIC_DAIRY_BLOCK,Northmart|CLASSIC_DAIRY_BLOCK,2023-08-14,9507,9091.1,0.0,0.0,0.0,0.0,0.0,0.0,4.0,4.0,0.0,0,0
Northmart,CLASSIC_DAIRY_BLOCK,Northmart|CLASSIC_DAIRY_BLOCK,2023-08-21,28197,9239.9,22615.9,4894.4,9152.7,8749.4,0.0,-180.6,3.4,4.0,15.0,1,1
Northmart,CLASSIC_DAIRY_BLOCK,Northmart|CLASSIC_DAIRY_BLOCK,2023-08-28,8033,9408.1,-1368.2,0.0,0.0,0.0,-1368.2,0.0,4.0,4.0,0.0,0,0
Northmart,CLASSIC_DAIRY_BLOCK,Northmart|CLASSIC_DAIRY_BLOCK,2023-09-04,8108,9576.3,35.1,0.0,0.0,0.0,0.0,35.1,4.0,4.0,0.0,0,0
Northmart,CLASSIC_DAIRY_BLOCK,Northmart|CLASSIC_DAIRY_BLOCK,2023-09-11,48031,9763.7,39870.5,20362.3,19508.2,0.0,0.0,0.0,2.6,4.0,35.0,1,0
Northmart,CLASSIC_DAIRY_BLOCK,Northmart|CLASSIC_DAIRY_BLOCK,2023-09-18,12523,9951.1,2410.8,7886.6,0.0,0.0,-5475.8,0.0,3.2,4.0,20.0,0,0
Northmart,CLASSIC_DAIRY_BLOCK,Northmart|CLASSIC_DAIRY_BLOCK,2023-09-25,10712,10138.5,718.7,3216.8,0.0,0.0,-2524.7,26.7,3.6,4.0,10.0,0,0
Northmart,CLASSIC_DAIRY_BLOCK,Northmart|CLASSIC_DAIRY_BLOCK,2023-10-02,10188,10325.9,-1067.8,0.0,0.0,0.0,-1027.1,-40.7,4.0,4.0,0.0,0,0
Northmart,CLASSIC_DAIRY_BLOCK,Northmart|CLASSIC_DAIRY_BLOCK,2023-10-09,15854,10513.2,3335.7,3335.7,0.0,0.0,0.0,0.0,3.6,4.0,10.0,0,0
Northmart,CLASSIC_DAIRY_BLOCK,Northmart|CLASSIC_DAIRY_BLOCK,2023-10-16,8983,10700.6,-1035.1,0.0,0.0,0.0,-1064.4,29.3,4.0,4.0,0.0,0,0
Northmart,CLASSIC_DAIRY_BLOCK,Northmart|CLASSIC_DAIRY_BLOCK,2023-10-23,11491,10868.8,33.1,0.0,0.0,0.0,0.0,33.1,4.0,4.0,0.0,0,0
Northmart,CLASSIC_DAIRY_BLOCK,Northmart|CLASSIC_DAIRY_BLOCK,2023-10-30,16100,11037.0,5846.3,5846.3,0.0,0.0,0.0,0.0,3.4,4.0,15.0,0,0
Northmart,CLASSIC_DAIRY_BLOCK,Northmart|CLASSIC_DAIRY_BLOCK,2023-11-06,9736,11186.1,-1626.8,0.0,0.0,0.0,-1626.8,0.0,4.0,4.0,0.0,0,0
Northmart,CLASSIC_DAIRY_BLOCK,Northmart|CLASSIC_DAIRY_BLOCK,2023-11-13,11218,11325.6,-85.4,0.0,0.0,0.0,0.0,-85.4,4.0,4.0,0.0,0,0
Northmart,CLASSIC_DAIRY_BLOCK,Northmart|CLASSIC_DAIRY_BLOCK,2023-11-20,65617,11446.0,46953.6,23870.8,22869.6,0.0,0.0,213.2,2.6,4.0,35.0,1,0
Northmart,CLASSIC_DAIRY_BLOCK,Northmart|CLASSIC_DAIRY_BLOCK,2023-11-27,9665,11547.3,-1051.8,3663.8,0.0,0.0,-4669.5,-46.1,3.6,4.0,10.0,0,0
Northmart,CLASSIC_DAIRY_BLOCK,Northmart|CLASSIC_DAIRY_BLOCK,2023-12-04,10532,11629.5,-1156.8,0.0,0.0,0.0,-1156.8,0.0,4.0,4.0,0.0,0,0
Northmart,CLASSIC_DAIRY_BLOCK,Northmart|CLASSIC_DAIRY_BLOCK,2023-12-11,49455,11682.9,37691.7,24364.8,0.0,13543.8,0.0,-216.9,2.6,4.0,35.0,0,1
Northmart,CLASSIC_DAIRY_BLOCK,Northmart|CLASSIC_DAIRY_BLOCK,2023-12-18,8019,11726.8,-3599.9,0.0,0.0,0.0,-3599.9,0.0,4.0,4.0,0.0,0,0
Northmart,CLASSIC_DAIRY_BLOCK,Northmart|CLASSIC_DAIRY_BLOCK,2023-12-25,12546,11742.0,0.0,0.0,0.0,0.0,0.0,0.0,4.0,4.0,0.0,0,0
Northmart,DARK_ORCHARD_BLOCK,Northmart|DARK_ORCHARD_BLOCK,2021-01-04,3270,3049.6,0.0,0.0,0.0,0.0,0.0,0.0,5.0,5.0,0.0,0,0
Northmart,DARK_ORCHARD_BLOCK,Northmart|DARK_ORCHARD_BLOCK,2021-01-11,3259,3040.8,-29.0,0.0,0.0,0.0,0.0,-29.0,5.0,5.0,0.0,0,0
Northmart,DARK_ORCHARD_BLOCK,Northmart|DARK_ORCHARD_BLOCK,2021-01-18,3121,3029.3,0.0,0.0,0.0,0.0,0.0,0.0,5.0,5.0,0.0,0,0
Northmart,DARK_ORCHARD_BLOCK,Northmart|DARK_ORCHARD_BLOCK,2021-01-25,6223,3009.8,2697.2,1516.8,0.0,1220.4,0.0,-40.0,4.0,5.0,20.0,0,1
Northmart,DARK_ORCHARD_BLOCK,Northmart|DARK_ORCHARD_BLOCK,2021-02-01,2672,2985.0,-554.7,0.0,0.0,0.0,-517.1,-37.5,5.0,5.0,0.0,0,0
Northmart,DARK_ORCHARD_BLOCK,Northmart|DARK_ORCHARD_BLOCK,2021-02-08,3077,2954.7,0.0,0.0,0.0,0.0,0.0,0.0,5.0,5.0,0.0,0,0
Northmart,DARK_ORCHARD_BLOCK,Northmart|DARK_ORCHARD_BLOCK,2021-02-15,2736,2919.1,-44.4,0.0,0.0,0.0,0.0,-44.4,5.0,5.0,0.0,0,0
Northmart,DARK_ORCHARD_BLOCK,Northmart|DARK_ORCHARD_BLOCK,2021-02-22,2760,2880.7,-7.2,0.0,0.0,0.0,0.0,-7.2,5.0,5.0,0.0,0,0
Northmart,DARK_ORCHARD_BLOCK,Northmart|DARK_ORCHARD_BLOCK,2021-03-01,3432,2836.9,602.9,602.9,0.0,0.0,0.0,0.0,4.5,5.0,10.0,0,0
Northmart,DARK_ORCHARD_BLOCK,Northmart|DARK_ORCHARD_BLOCK,2021-03-08,2622,2793.1,-233.5,0.0,0.0,0.0,-253.4,19.9,5.0,5.0,0.0,0,0
Northmart,DARK_ORCHARD_BLOCK,Northmart|DARK_ORCHARD_BLOCK,2021-03-15,2758,2743.9,0.0,0.0,0.0,0.0,0.0,0.0,5.0,5.0,0.0,0,0
Northmart,DARK_ORCHARD_BLOCK,Northmart|DARK_ORCHARD_BLOCK,2021-03-22,5421,2694.6,2529.5,2478.9,0.0,0.0,0.0,50.6,3.5,5.0,30.0,0,0
Northmart,DARK_ORCHARD_BLOCK,Northmart|DARK_ORCHARD_BLOCK,2021-03-29,2429,2645.3,31.6,915.6,0.0,0.0,-884.0,0.0,4.25,5.0,15.0,0,0
Northmart,DARK_ORCHARD_BLOCK,Northmart|DARK_ORCHARD_BLOCK,2021-04-05,2675,2864.7,-365.8,0.0,0.0,0.0,-380.9,15.2,5.0,5.0,0.0,0,0
Northmart,DARK_ORCHARD_BLOCK,Northmart|DARK_ORCHARD_BLOCK,2021-04-12,3068,2815.3,0.0,0.0,0.0,0.0,0.0,0.0,5.0,5.0,0.0,0,0
Northmart,DARK_ORCHARD_BLOCK,Northmart|DARK_ORCHARD_BLOCK,2021-04-19,2758,2766.0,0.0,0.0,0.0,0.0,0.0,0.0,5.0,5.0,0.0,0,0
Northmart,DARK_ORCHARD_BLOCK,Northmart|DARK_ORCHARD_BLOCK,2021-04-26,2598,2721.9,0.0,0.0,0.0,0.0,0.0,0.0,5.0,5.0,0.0,0,0
Northmart,DARK_ORCHARD_BLOCK,Northmart|DARK_ORCHARD_BLOCK,2021-05-03,2202,2408.7,-29.6,0.0,0.0,0.0,0.0,-29.6,5.0,5.0,0.0,0,0
Northmart,DARK_ORCHARD_BLOCK,Northmart|DARK_ORCHARD_BLOCK,2021-05-10,2333,2369.8,1.9,0.0,0.0,0.0,0.0,1.9,5.0,5.0,0.0,0,0
Northmart,DARK_ORCHARD_BLOCK,Northmart|DARK_ORCHARD_BLOCK,2021-05-17,4847,2333.6,2748.2,2797.2,0.0,0.0,0.0,-49.0,3.25,5.0,35.0,0,0
Northmart,DARK_ORCHARD_BLOCK,Northmart|DARK_ORCHARD_BLOCK,2021-05-24,2700,2302.8,490.8,1594.4,0.0,0.0,-1103.6,0.0,3.75,5.0,25.0,0,0
Northmart,DARK_ORCHARD_BLOCK,Northmart|DARK_ORCHARD_BLOCK,2021-05-31,1913,2277.3,-482.0,0.0,0.0,0.0,-482.0,0.0,5.0,5.0,0.0,0,0
Northmart,DARK_ORCHARD_BLOCK,Northmart|DARK_ORCHARD_BLOCK,2021-06-07,1905,2257.1,26.8,0.0,0.0,0.0,0.0,26.8,5.0,5.0,0.0,0,0
Northmart,DARK_ORCHARD_BLOCK,Northmart|DARK_ORCHARD_BLOCK,2021-06-14,2133,2245.1,13.7,0.0,0.0,0.0,0.0,13.7,5.0,5.0,0.0,0,0
Northmart,DARK_ORCHARD_BLOCK,Northmart|DARK_ORCHARD_BLOCK,2021-06-21,2228,2235.7,-10.1,0.0,0.0,0.0,0.0,-10.1,5.0,5.0,0.0,0,0
Northmart,DARK_ORCHARD_BLOCK,Northmart|DARK_ORCHARD_BLOCK,2021-06-28,2287,2234.4,-27.5,0.0,0.0,0.0,0.0,-27.5,5.0,5.0,0.0,0,0
Northmart,DARK_ORCHARD_BLOCK,Northmart|DARK_ORCHARD_BLOCK,2021-07-05,2227,2238.5,-21.4,0.0,0.0,0.0,0.0,-21.4,5.0,5.0,0.0,0,0
Northmart,DARK_ORCHARD_BLOCK,Northmart|DARK_ORCHARD_BLOCK,2021-07-12,4597,2250.7,1588.2,1558.3,0.0,0.0,0.0,29.8,3.75,5.0,25.0,0,0
Northmart,DARK_ORCHARD_BLOCK,Northmart|DARK_ORCHARD_BLOCK,2021-07-19,1851,2265.6,-506.7,0.0,0.0,0.0,-479.5,-27.2,5.0,5.0,0.0,0,0
Northmart,DARK_ORCHARD_BLOCK,Northmart|DARK_ORCHARD_BLOCK,2021-07-26,5218,2288.7,3334.0,2105.5,0.0,1184.7,0.0,43.7,3.5,5.0,30.0,0,1
Northmart,DARK_ORCHARD_BLOCK,Northmart|DARK_ORCHARD_BLOCK,2021-08-02,1823,2317.3,-575.3,0.0,0.0,0.0,-575.3,0.0,5.0,5.0,0.0,0,0
Northmart,DARK_ORCHARD_BLOCK,Northmart|DARK_ORCHARD_BLOCK,2021-08-09,2084,2351.3,18.4,0.0,0.0,0.0,0.0,18.4,5.0,5.0,0.0,0,0
Northmart,DARK_ORCHARD_BLOCK,Northmart|DARK_ORCHARD_BLOCK,2021-08-16,2504,2390.7,0.0,0.0,0.0,0.0,0.0,0.0,5.0,5.0,0.0,0,0
Northmart,DARK_ORCHARD_BLOCK,Northmart|DARK_ORCHARD_BLOCK,2021-08-23,5554,2433.0,2940.2,2916.3,0.0,0.0,0.0,23.9,3.25,5.0,35.0,0,0
Northmart,DARK_ORCHARD_BLOCK,Northmart|DARK_ORCHARD_BLOCK,2021-08-30,2129,2480.7,-345.2,527.2,0.0,0.0,-851.8,-20.6,4.5,5.0,10.0,0,0
Northmart,DARK_ORCHARD_BLOCK,Northmart|DARK_ORCHARD_BLOCK,2021-09-06,2290,2528.5,-229.4,0.0,0.0,0.0,-229.4,0.0,5.0,5.0,0.0,0,0
Northmart,DARK_ORCHARD_BLOCK,Northmart|DARK_ORCHARD_BLOCK,2021-09-13,2620,2581.9,0.0,0.0,0.0,0.0,0.0,0.0,5.0,5.0,0.0,0,0
Northmart,DARK_ORCHARD_BLOCK,Northmart|DARK_ORCHARD_BLOCK,2021-09-20,2546,2635.3,-18.3,0.0,0.0,0.0,0.0,-18.3,5.0,5.0,0.0,0,0
Northmart,DARK_ORCHARD_BLOCK,Northmart|DARK_ORCHARD_BLOCK,2021-09-27,2577,2688.8,0.0,0.0,0.0,0.0,0.0,0.0,5.0,5.0,0.0,0,0
Northmart,DARK_ORCHARD_BLOCK,Northmart|DARK_ORCHARD_BLOCK,2021-10-04,3003,2742.4,592.3,582.8,0.0,0.0,0.0,9.6,4.5,5.0,10.0,0,0
Northmart,DARK_ORCHARD_BLOCK,Northmart|DARK_ORCHARD_BLOCK,2021-10-11,2555,2796.0,-253.7,0.0,0.0,0.0,-253.7,0.0,5.0,5.0,0.0,0,0
Northmart,DARK_ORCHARD_BLOCK,Northmart|DARK_ORCHARD_BLOCK,2021-10-18,2603,2849.8,17.4,0.0,0.0,0.0,0.0,17.4,5.0,5.0,0.0,0,0
Northmart,DARK_ORCHARD_BLOCK,Northmart|DARK_ORCHARD_BLOCK,2021-10-25,3057,2898.1,0.0,0.0,0.0,0.0,0.0,0.0,5.0,5.0,0.0,0,0
Northmart,DARK_ORCHARD_BLOCK,Northmart|DARK_ORCHARD_BLOCK,2021-11-01,2713,2946.6,23.1,0.0,0.0,0.0,0.0,23.1,5.0,5.0,0.0,0,0
Northmart,DARK_ORCHARD_BLOCK,Northmart|DARK_ORCHARD_BLOCK,2021-11-08,2949,2989.6,0.0,0.0,0.0,0.0,0.0,0.0,5.0,5.0,0.0,0,0
Northmart,DARK_ORCHARD_BLOCK,Northmart|DARK_ORCHARD_BLOCK,2021-11-15,5389,3029.9,2524.6,643.9,1934.2,0.0,0.0,-53.5,4.5,5.0,10.0,1,0
Northmart,DARK_ORCHARD_BLOCK,Northmart|DARK_ORCHARD_BLOCK,2021-11-22,2675,3064.7,-304.7,0.0,0.0,0.0,-278.1,-26.6,5.0,5.0,0.0,0,0
Northmart,DARK_ORCHARD_BLOCK,Northmart|DARK_ORCHARD_BLOCK,2021-11-29,4363,3094.2,1043.1,1070.9,0.0,0.0,0.0,-27.9,4.25,5.0,15.0,0,0
Northmart,DARK_ORCHARD_BLOCK,Northmart|DARK_ORCHARD_BLOCK,2021-12-06,4864,3118.1,1457.2,2158.9,0.0,0.0,-701.7,0.0,3.75,5.0,25.0,0,0
Northmart,DARK_ORCHARD_BLOCK,Northmart|DARK_ORCHARD_BLOCK,2021-12-13,2580,3133.9,-663.2,0.0,0.0,0.0,-663.2,0.0,5.0,5.0,0.0,0,0
Northmart,DARK_ORCHARD_BLOCK,Northmart|DARK_ORCHARD_BLOCK,2021-12-20,3106,3146.9,0.0,0.0,0.0,0.0,0.0,0.0,5.0,5.0,0.0,0,0
Northmart,DARK_ORCHARD_BLOCK,Northmart|DARK_ORCHARD_BLOCK,2021-12-27,5938,3151.6,2825.0,2899.3,0.0,0.0,0.0,-74.4,3.5,5.0,30.0,0,0
Northmart,DARK_ORCHARD_BLOCK,Northmart|DARK_ORCHARD_BLOCK,2022-01-03,5003,3150.8,1861.0,2181.5,0.0,1437.6,-1680.7,-77.4,3.75,5.0,25.0,0,1
Northmart,DARK_ORCHARD_BLOCK,Northmart|DARK_ORCHARD_BLOCK,2022-01-10,5274,3141.7,2319.6,3765.8,0.0,0.0,-1461.9,15.7,3.25,5.0,35.0,0,0
Northmart,DARK_ORCHARD_BLOCK,Northmart|DARK_ORCHARD_BLOCK,2022-01-17,5569,3129.9,2301.0,2879.4,0.0,1620.1,-2160.4,-38.1,3.5,5.0,30.0,0,1
Northmart,DARK_ORCHARD_BLOCK,Northmart|DARK_ORCHARD_BLOCK,2022-01-24,2256,3109.8,-772.0,0.0,0.0,0.0,-772.0,0.0,5.0,5.0,0.0,0,0
Northmart,DARK_ORCHARD_BLOCK,Northmart|DARK_ORCHARD_BLOCK,2022-01-31,2753,3084.1,-29.4,0.0,0.0,0.0,0.0,-29.4,5.0,5.0,0.0,0,0
Northmart,DARK_ORCHARD_BLOCK,Northmart|DARK_ORCHARD_BLOCK,2022-02-07,5736,3052.8,2164.1,2113.7,0.0,0.0,0.0,50.5,3.75,5.0,25.0,0,0
Northmart,DARK_ORCHARD_BLOCK,Northmart|DARK_ORCHARD_BLOCK,2022-02-14,3919,3016.0,1047.5,1043.9,0.0,1094.5,-1090.9,0.0,4.25,5.0,15.0,0,1
Northmart,DARK_ORCHARD_BLOCK,Northmart|DARK_ORCHARD_BLOCK,2022-02-21,2299,2976.3,-395.8,0.0,0.0,0.0,-395.8,0.0,5.0,5.0,0.0,0,0
Northmart,DARK_ORCHARD_BLOCK,Northmart|DARK_ORCHARD_BLOCK,2022-02-28,2984,2931.1,-20.4,0.0,0.0,0.0,0.0,-20.4,5.0,5.0,0.0,0,0
Northmart,DARK_ORCHARD_BLOCK,Northmart|DARK_ORCHARD_BLOCK,2022-03-07,2715,2885.8,12.9,0.0,0.0,0.0,0.0,12.9,5.0,5.0,0.0,0,0
Northmart,DARK_ORCHARD_BLOCK,Northmart|DARK_ORCHARD_BLOCK,2022-03-14,2953,2834.9,0.0,0.0,0.0,0.0,0.0,0.0,5.0,5.0,0.0,0,0
Northmart,DARK_ORCHARD_BLOCK,Northmart|DARK_ORCHARD_BLOCK,2022-03-21,5879,2784.0,3278.6,3337.1,0.0,0.0,0.0,-58.4,3.25,5.0,35.0,0,0
Northmart,DARK_ORCHARD_BLOCK,Northmart|DARK_ORCHARD_BLOCK,2022-03-28,1894,2733.1,-792.6,0.0,0.0,0.0,-773.9,-18.7,5.0,5.0,0.0,0,0
Northmart,DARK_ORCHARD_BLOCK,Northmart|DARK_ORCHARD_BLOCK,2022-04-04,7259,2959.8,3624.9,3547.7,0.0,0.0,0.0,77.2,3.25,5.0,35.0,0,0
Northmart,DARK_ORCHARD_BLOCK,Northmart|DARK_ORCHARD_BLOCK,2022-04-11,2168,2908.8,-823.7,0.0,0.0,0.0,-823.7,0.0,5.0,5.0,0.0,0,0
Northmart,DARK_ORCHARD_BLOCK,Northmart|DARK_ORCHARD_BLOCK,2022-04-18,3208,2857.8,0.0,0.0,0.0,0.0,0.0,0.0,5.0,5.0,0.0,0,0
Northmart,DARK_ORCHARD_BLOCK,Northmart|DARK_ORCHARD_BLOCK,2022-04-25,2715,2812.3,0.0,0.0,0.0,0.0,0.0,0.0,5.0,5.0,0.0,0,0
Northmart,DARK_ORCHARD_BLOCK,Northmart|DARK_ORCHARD_BLOCK,2022-05-02,2470,2488.6,18.1,0.0,0.0,0.0,0.0,18.1,5.0,5.0,0.0,0,0
Northmart,DARK_ORCHARD_BLOCK,Northmart|DARK_ORCHARD_BLOCK,2022-05-09,3440,2448.5,1177.9,1233.9,0.0,0.0,0.0,-56.0,4.0,5.0,20.0,0,0
Northmart,DARK_ORCHARD_BLOCK,Northmart|DARK_ORCHARD_BLOCK,2022-05-16,2118,2411.1,-417.7,0.0,0.0,0.0,-417.7,0.0,5.0,5.0,0.0,0,0
Northmart,DARK_ORCHARD_BLOCK,Northmart|DARK_ORCHARD_BLOCK,2022-05-23,2427,2379.2,0.0,0.0,0.0,0.0,0.0,0.0,5.0,5.0,0.0,0,0
Northmart,DARK_ORCHARD_BLOCK,Northmart|DARK_ORCHARD_BLOCK,2022-05-30,2186,2352.9,-35.8,0.0,0.0,0.0,0.0,-35.8,5.0,5.0,0.0,0,0
Northmart,DARK_ORCHARD_BLOCK,Northmart|DARK_ORCHARD_BLOCK,2022-06-06,2305,2332.0,6.7,0.0,0.0,0.0,0.0,6.7,5.0,5.0,0.0,0,0
Northmart,DARK_ORCHARD_BLOCK,Northmart|DARK_ORCHARD_BLOCK,2022-06-13,2403,2319.6,22.7,0.0,0.0,0.0,0.0,22.7,5.0,5.0,0.0,0,0
Northmart,DARK_ORCHARD_BLOCK,Northmart|DARK_ORCHARD_BLOCK,2022-06-20,2060,2309.9,-16.1,0.0,0.0,0.0,0.0,-16.1,5.0,5.0,0.0,0,0
Northmart,DARK_ORCHARD_BLOCK,Northmart|DARK_ORCHARD_BLOCK,2022-06-27,3509,2308.6,1615.9,1598.4,0.0,0.0,0.0,17.5,3.75,5.0,25.0,0,0
Northmart,DARK_ORCHARD_BLOCK,Northmart|DARK_ORCHARD_BLOCK,2022-07-04,1872,2312.8,-489.5,0.0,0.0,0.0,-489.5,0.0,5.0,5.0,0.0,0,0
Northmart,DARK_ORCHARD_BLOCK,Northmart|DARK_ORCHARD_BLOCK,2022-07-11,7753,2325.4,5479.2,2787.3,2691.9,0.0,0.0,0.0,3.25,5.0,35.0,1,0
Northmart,DARK_ORCHARD_BLOCK,Northmart|DARK_ORCHARD_BLOCK,2022-07-18,4639,2340.9,1994.1,1620.7,2085.8,0.0,-1712.4,0.0,3.75,5.0,25.0,1,0
Northmart,DARK_ORCHARD_BLOCK,Northmart|DARK_ORCHARD_BLOCK,2022-07-25,2759,2364.7,439.0,1191.7,0.0,0.0,-752.7,0.0,4.0,5.0,20.0,0,0
Northmart,DARK_ORCHARD_BLOCK,Northmart|DARK_ORCHARD_BLOCK,2022-08-01,5604,2394.2,3407.1,2202.6,2420.2,0.0,-1215.6,0.0,3.5,5.0,30.0,1,0
Northmart,DARK_ORCHARD_BLOCK,Northmart|DARK_ORCHARD_BLOCK,2022-08-08,4102,2429.3,1557.9,2911.9,0.0,0.0,-1326.0,-27.9,3.25,5.0,35.0,0,0
Northmart,DARK_ORCHARD_BLOCK,Northmart|DARK_ORCHARD_BLOCK,2022-08-15,2834,2470.1,526.5,1710.2,0.0,0.0,-1183.7,0.0,3.75,5.0,25.0,0,0
Northmart,DARK_ORCHARD_BLOCK,Northmart|DARK_ORCHARD_BLOCK,2022-08-22,3718,2513.7,1154.2,534.2,1604.7,0.0,-984.7,0.0,4.5,5.0,10.0,1,0
Northmart,DARK_ORCHARD_BLOCK,Northmart|DARK_ORCHARD_BLOCK,2022-08-29,2193,2563.1,-268.0,0.0,0.0,0.0,-232.6,-35.5,5.0,5.0,0.0,0,0
Northmart,DARK_ORCHARD_BLOCK,Northmart|DARK_ORCHARD_BLOCK,2022-09-05,2905,2612.5,25.5,0.0,0.0,0.0,0.0,25.5,5.0,5.0,0.0,0,0
Northmart,DARK_ORCHARD_BLOCK,Northmart|DARK_ORCHARD_BLOCK,2022-09-12,4375,2667.6,1847.0,1847.0,0.0,0.0,0.0,0.0,3.75,5.0,25.0,0,0
Northmart,DARK_ORCHARD_BLOCK,Northmart|DARK_ORCHARD_BLOCK,2022-09-19,2393,2722.8,-576.2,0.0,0.0,0.0,-576.2,0.0,5.0,5.0,0.0,0,0
Northmart,DARK_ORCHARD_BLOCK,Northmart|DARK_ORCHARD_BLOCK,2022-09-26,3205,2778.1,-26.5,0.0,0.0,0.0,0.0,-26.5,5.0,5.0,0.0,0,0
Northmart,DARK_ORCHARD_BLOCK,Northmart|DARK_ORCHARD_BLOCK,2022-10-03,3277,2833.4,0.0,0.0,0.0,0.0,0.0,0.0,5.0,5.0,0.0,0,0
Northmart,DARK_ORCHARD_BLOCK,Northmart|DARK_ORCHARD_BLOCK,2022-10-10,3053,2888.9,0.0,0.0,0.0,0.0,0.0,0.0,5.0,5.0,0.0,0,0
Northmart,DARK_ORCHARD_BLOCK,Northmart|DARK_ORCHARD_BLOCK,2022-10-17,3894,2944.4,1503.7,1483.8,0.0,0.0,0.0,19.8,4.0,5.0,20.0,0,0
Northmart,DARK_ORCHARD_BLOCK,Northmart|DARK_ORCHARD_BLOCK,2022-10-24,2551,2994.3,-536.0,0.0,0.0,0.0,-518.7,-17.2,5.0,5.0,0.0,0,0
Northmart,DARK_ORCHARD_BLOCK,Northmart|DARK_ORCHARD_BLOCK,2022-10-31,2834,3044.4,0.0,0.0,0.0,0.0,0.0,0.0,5.0,5.0,0.0,0,0
Northmart,DARK_ORCHARD_BLOCK,Northmart|DARK_ORCHARD_BLOCK,2022-11-07,3036,3088.8,0.0,0.0,0.0,0.0,0.0,0.0,5.0,5.0,0.0,0,0
Northmart,DARK_ORCHARD_BLOCK,Northmart|DARK_ORCHARD_BLOCK,2022-11-14,3256,3130.4,0.0,0.0,0.0,0.0,0.0,0.0,5.0,5.0,0.0,0,0
Northmart,DARK_ORCHARD_BLOCK,Northmart|DARK_ORCHARD_BLOCK,2022-11-21,3346,3166.5,19.3,0.0,0.0,0.0,0.0,19.3,5.0,5.0,0.0,0,0
Northmart,DARK_ORCHARD_BLOCK,Northmart|DARK_ORCHARD_BLOCK,2022-11-28,6183,3196.9,3391.1,1106.5,2265.7,0.0,0.0,18.9,4.25,5.0,15.0,1,0
Northmart,DARK_ORCHARD_BLOCK,Northmart|DARK_ORCHARD_BLOCK,2022-12-05,2731,3221.6,-401.1,0.0,0.0,0.0,-428.4,27.3,5.0,5.0,0.0,0,0
Northmart,DARK_ORCHARD_BLOCK,Northmart|DARK_ORCHARD_BLOCK,2022-12-12,3002,3237.9,-21.7,0.0,0.0,0.0,0.0,-21.7,5.0,5.0,0.0,0,0
Northmart,DARK_ORCHARD_BLOCK,Northmart|DARK_ORCHARD_BLOCK,2022-12-19,3220,3251.3,-49.5,0.0,0.0,0.0,0.0,-49.5,5.0,5.0,0.0,0,0
Northmart,DARK_ORCHARD_BLOCK,Northmart|DARK_ORCHARD_BLOCK,2022-12-26,3458,3256.2,14.6,0.0,0.0,0.0,0.0,14.6,5.0,5.0,0.0,0,0
Northmart,DARK_ORCHARD_BLOCK,Northmart|DARK_ORCHARD_BLOCK,2023-01-02,3462,3255.4,38.6,0.0,0.0,0.0,0.0,38.6,5.0,5.0,0.0,0,0
Northmart,DARK_ORCHARD_BLOCK,Northmart|DARK_ORCHARD_BLOCK,2023-01-09,3027,3246.0,-39.9,0.0,0.0,0.0,0.0,-39.9,5.0,5.0,0.0,0,0
Northmart,DARK_ORCHARD_BLOCK,Northmart|DARK_ORCHARD_BLOCK,2023-01-16,5709,3233.8,2975.0,2975.0,0.0,0.0,0.0,0.0,3.5,5.0,30.0,0,0
Northmart,DARK_ORCHARD_BLOCK,Northmart|DARK_ORCHARD_BLOCK,2023-01-23,2466,3213.0,-827.3,0.0,0.0,0.0,-797.6,-29.7,5.0,5.0,0.0,0,0
Northmart,DARK_ORCHARD_BLOCK,Northmart|DARK_ORCHARD_BLOCK,2023-01-30,3428,3186.4,-39.2,0.0,0.0,0.0,0.0,-39.2,5.0,5.0,0.0,0,0
Northmart,DARK_ORCHARD_BLOCK,Northmart|DARK_ORCHARD_BLOCK,2023-02-06,4262,3154.1,1568.1,1589.5,0.0,0.0,0.0,-21.4,4.0,5.0,20.0,0,0
Northmart,DARK_ORCHARD_BLOCK,Northmart|DARK_ORCHARD_BLOCK,2023-02-13,2213,3116.1,-539.8,0.0,0.0,0.0,-539.8,0.0,5.0,5.0,0.0,0,0
Northmart,DARK_ORCHARD_BLOCK,Northmart|DARK_ORCHARD_BLOCK,2023-02-20,2749,3075.1,0.0,0.0,0.0,0.0,0.0,0.0,5.0,5.0,0.0,0,0
Northmart,DARK_ORCHARD_BLOCK,Northmart|DARK_ORCHARD_BLOCK,2023-02-27,3148,3028.4,-26.5,0.0,0.0,0.0,0.0,-26.5,5.0,5.0,0.0,0,0
Northmart,DARK_ORCHARD_BLOCK,Northmart|DARK_ORCHARD_BLOCK,2023-03-06,2894,2981.6,-20.8,0.0,0.0,0.0,0.0,-20.8,5.0,5.0,0.0,0,0
Northmart,DARK_ORCHARD_BLOCK,Northmart|DARK_ORCHARD_BLOCK,2023-03-13,2766,2929.1,0.0,0.0,0.0,0.0,0.0,0.0,5.0,5.0,0.0,0,0
Northmart,DARK_ORCHARD_BLOCK,Northmart|DARK_ORCHARD_BLOCK,2023-03-20,2944,2876.4,17.6,0.0,0.0,0.0,0.0,17.6,5.0,5.0,0.0,0,0
Northmart,DARK_ORCHARD_BLOCK,Northmart|DARK_ORCHARD_BLOCK,2023-03-27,2922,2823.8,17.2,0.0,0.0,0.0,0.0,17.2,5.0,5.0,0.0,0,0
Northmart,DARK_ORCHARD_BLOCK,Northmart|DARK_ORCHARD_BLOCK,2023-04-03,3189,3058.0,0.0,0.0,0.0,0.0,0.0,0.0,5.0,5.0,0.0,0,0
Northmart,DARK_ORCHARD_BLOCK,Northmart|DARK_ORCHARD_BLOCK,2023-04-10,3190,3005.3,638.7,638.7,0.0,0.0,0.0,0.0,4.5,5.0,10.0,0,0
Northmart,DARK_ORCHARD_BLOCK,Northmart|DARK_ORCHARD_BLOCK,2023-04-17,2560,2952.6,-267.9,0.0,0.0,0.0,-267.9,0.0,5.0,5.0,0.0,0,0
Northmart,DARK_ORCHARD_BLOCK,Northmart|DARK_ORCHARD_BLOCK,2023-04-24,3094,2905.6,0.0,0.0,0.0,0.0,0.0,0.0,5.0,5.0,0.0,0,0
Northmart,DARK_ORCHARD_BLOCK,Northmart|DARK_ORCHARD_BLOCK,2023-05-01,2559,2571.2,0.0,0.0,0.0,0.0,0.0,0.0,5.0,5.0,0.0,0,0
Northmart,DARK_ORCHARD_BLOCK,Northmart|DARK_ORCHARD_BLOCK,2023-05-08,3115,2529.7,537.6,537.6,0.0,0.0,0.0,0.0,4.5,5.0,10.0,0,0
Northmart,DARK_ORCHARD_BLOCK,Northmart|DARK_ORCHARD_BLOCK,2023-05-15,4991,2491.1,1884.3,2291.7,0.0,0.0,-434.0,26.5,3.5,5.0,30.0,0,0
Northmart,DARK_ORCHARD_BLOCK,Northmart|DARK_ORCHARD_BLOCK,2023-05-22,1963,2458.2,-610.3,0.0,0.0,0.0,-610.3,0.0,5.0,5.0,0.0,0,0
Northmart,DARK_ORCHARD_BLOCK,Northmart|DARK_ORCHARD_BLOCK,2023-05-29,2460,2431.0,0.0,0.0,0.0,0.0,0.0,0.0,5.0,5.0,0.0,0,0
Northmart,DARK_ORCHARD_BLOCK,Northmart|DARK_ORCHARD_BLOCK,2023-06-05,2576,2409.5,0.0,0.0,0.0,0.0,0.0,0.0,5.0,5.0,0.0,0,0
Northmart,DARK_ORCHARD_BLOCK,Northmart|DARK_ORCHARD_BLOCK,2023-06-12,5691,2396.6,3004.5,1207.8,1897.7,0.0,0.0,-100.9,4.0,5.0,20.0,1,0
Northmart,DARK_ORCHARD_BLOCK,Northmart|DARK_ORCHARD_BLOCK,2023-06-19,3342,2386.6,901.9,1652.4,0.0,0.0,-699.7,-50.8,3.75,5.0,25.0,0,0
Northmart,DARK_ORCHARD_BLOCK,Northmart|DARK_ORCHARD_BLOCK,2023-06-26,1800,2385.2,-522.7,0.0,0.0,0.0,-504.8,-17.9,5.0,5.0,0.0,0,0
Northmart,DARK_ORCHARD_BLOCK,Northmart|DARK_ORCHARD_BLOCK,2023-07-03,2466,2389.6,0.0,0.0,0.0,0.0,0.0,0.0,5.0,5.0,0.0,0,0
Northmart,DARK_ORCHARD_BLOCK,Northmart|DARK_ORCHARD_BLOCK,2023-07-10,2406,2402.6,-22.9,0.0,0.0,0.0,0.0,-22.9,5.0,5.0,0.0,0,0
Northmart,DARK_ORCHARD_BLOCK,Northmart|DARK_ORCHARD_BLOCK,2023-07-17,4803,2418.6,2270.4,2225.0,0.0,0.0,0.0,45.4,3.5,5.0,30.0,0,0
Northmart,DARK_ORCHARD_BLOCK,Northmart|DARK_ORCHARD_BLOCK,2023-07-24,1734,2443.2,-606.5,0.0,0.0,0.0,-606.5,0.0,5.0,5.0,0.0,0,0
Northmart,DARK_ORCHARD_BLOCK,Northmart|DARK_ORCHARD_BLOCK,2023-07-31,2403,2473.7,29.3,0.0,0.0,0.0,0.0,29.3,5.0,5.0,0.0,0,0
Northmart,DARK_ORCHARD_BLOCK,Northmart|DARK_ORCHARD_BLOCK,2023-08-07,2839,2509.9,0.0,0.0,0.0,0.0,0.0,0.0,5.0,5.0,0.0,0,0
Northmart,DARK_ORCHARD_BLOCK,Northmart|DARK_ORCHARD_BLOCK,2023-08-14,2807,2552.1,0.0,0.0,0.0,0.0,0.0,0.0,5.0,5.0,0.0,0,0
Northmart,DARK_ORCHARD_BLOCK,Northmart|DARK_ORCHARD_BLOCK,2023-08-21,4508,2597.2,1801.8,1798.2,0.0,0.0,0.0,3.6,3.75,5.0,25.0,0,0
Northmart,DARK_ORCHARD_BLOCK,Northmart|DARK_ORCHARD_BLOCK,2023-08-28,1850,2648.2,-560.5,0.0,0.0,0.0,-560.5,0.0,5.0,5.0,0.0,0,0
Northmart,DARK_ORCHARD_BLOCK,Northmart|DARK_ORCHARD_BLOCK,2023-09-04,2642,2699.2,16.5,0.0,0.0,0.0,0.0,16.5,5.0,5.0,0.0,0,0
Northmart,DARK_ORCHARD_BLOCK,Northmart|DARK_ORCHARD_BLOCK,2023-09-11,2419,2756.1,-50.6,0.0,0.0,0.0,0.0,-50.6,5.0,5.0,0.0,0,0
Northmart,DARK_ORCHARD_BLOCK,Northmart|DARK_ORCHARD_BLOCK,2023-09-18,2824,2813.2,-26.9,0.0,0.0,0.0,0.0,-26.9,5.0,5.0,0.0,0,0
Northmart,DARK_ORCHARD_BLOCK,Northmart|DARK_ORCHARD_BLOCK,2023-09-25,2874,2870.3,-13.0,0.0,0.0,0.0,0.0,-13.0,5.0,5.0,0.0,0,0
Northmart,DARK_ORCHARD_BLOCK,Northmart|DARK_ORCHARD_BLOCK,2023-10-02,4500,2927.5,1475.3,1475.3,0.0,0.0,0.0,0.0,4.0,5.0,20.0,0,0
Northmart,DARK_ORCHARD_BLOCK,Northmart|DARK_ORCHARD_BLOCK,2023-10-09,2167,2984.8,-528.2,0.0,0.0,0.0,-517.1,-11.1,5.0,5.0,0.0,0,0
Northmart,DARK_ORCHARD_BLOCK,Northmart|DARK_ORCHARD_BLOCK,2023-10-16,3398,3042.1,0.0,0.0,0.0,0.0,0.0,0.0,5.0,5.0,0.0,0,0
Northmart,DARK_ORCHARD_BLOCK,Northmart|DARK_ORCHARD_BLOCK,2023-10-23,3089,3093.7,0.0,0.0,0.0,0.0,0.0,0.0,5.0,5.0,0.0,0,0
Northmart,DARK_ORCHARD_BLOCK,Northmart|DARK_ORCHARD_BLOCK,2023-10-30,3273,3145.4,-21.9,0.0,0.0,0.0,0.0,-21.9,5.0,5.0,0.0,0,0
Northmart,DARK_ORCHARD_BLOCK,Northmart|DARK_ORCHARD_BLOCK,2023-11-06,3121,3191.3,0.0,0.0,0.0,0.0,0.0,0.0,5.0,5.0,0.0,0,0
Northmart,DARK_ORCHARD_BLOCK,Northmart|DARK_ORCHARD_BLOCK,2023-11-13,6780,3234.4,3897.3,3876.8,0.0,0.0,0.0,20.5,3.25,5.0,35.0,0,0
Northmart,DARK_ORCHARD_BLOCK,Northmart|DARK_ORCHARD_BLOCK,2023-11-20,2323,3271.6,-955.4,0.0,0.0,0.0,-926.4,-29.0,5.0,5.0,0.0,0,0
Northmart,DARK_ORCHARD_BLOCK,Northmart|DARK_ORCHARD_BLOCK,2023-11-27,4836,3303.0,1642.1,1664.6,0.0,0.0,0.0,-22.4,4.0,5.0,20.0,0,0
Northmart,DARK_ORCHARD_BLOCK,Northmart|DARK_ORCHARD_BLOCK,2023-12-04,3018,3328.6,-559.8,0.0,0.0,0.0,-576.6,16.8,5.0,5.0,0.0,0,0
Northmart,DARK_ORCHARD_BLOCK,Northmart|DARK_ORCHARD_BLOCK,2023-12-11,5436,3345.4,1593.6,1685.9,0.0,0.0,0.0,-92.3,4.0,5.0,20.0,0,0
Northmart,DARK_ORCHARD_BLOCK,Northmart|DARK_ORCHARD_BLOCK,2023-12-18,2576,3359.2,-565.0,0.0,0.0,0.0,-582.0,17.0,5.0,5.0,0.0,0,0
Northmart,DARK_ORCHARD_BLOCK,Northmart|DARK_ORCHARD_BLOCK,2023-12-25,3383,3364.3,0.0,0.0,0.0,0.0,0.0,0.0,5.0,5.0,0.0,0,0
Northmart,GOLDEN_MALT_BLOCK,Northmart|GOLDEN_MALT_BLOCK,2021-01-04,3082,3603.1,-235.9,0.0,0.0,0.0,0.0,-235.9,4.5,4.5,0.0,0,0
Northmart,GOLDEN_MALT_BLOCK,Northmart|GOLDEN_MALT_BLOCK,2021-01-11,3209,3593.5,-454.6,0.0,0.0,0.0,0.0,-454.6,4.5,4.5,0.0,0,0
Northmart,GOLDEN_MALT_BLOCK,Northmart|GOLDEN_MALT_BLOCK,2021-01-18,3639,3581.0,0.0,0.0,0.0,0.0,0.0,0.0,4.5,4.5,0.0,0,0
Northmart,GOLDEN_MALT_BLOCK,Northmart|GOLDEN_MALT_BLOCK,2021-01-25,2995,3559.9,-625.7,0.0,0.0,0.0,0.0,-625.7,4.5,4.5,0.0,0,0
Northmart,GOLDEN_MALT_BLOCK,Northmart|GOLDEN_MALT_BLOCK,2021-02-01,3092,3533.1,-453.5,0.0,0.0,0.0,0.0,-453.5,4.5,4.5,0.0,0,0
Northmart,GOLDEN_MALT_BLOCK,Northmart|GOLDEN_MALT_BLOCK,2021-02-08,3690,3500.6,0.0,0.0,0.0,0.0,0.0,0.0,4.5,4.5,0.0,0,0
Northmart,GOLDEN_MALT_BLOCK,Northmart|GOLDEN_MALT_BLOCK,2021-02-15,3219,3462.2,-444.4,0.0,0.0,0.0,0.0,-444.4,4.5,4.5,0.0,0,0
Northmart,GOLDEN_MALT_BLOCK,Northmart|GOLDEN_MALT_BLOCK,2021-02-22,8816,3420.9,5523.7,1427.5,2795.0,2967.3,0.0,-1666.1,3.82,4.5,15.0,1,1
Northmart,GOLDEN_MALT_BLOCK,Northmart|GOLDEN_MALT_BLOCK,2021-03-01,2922,3373.7,-493.1,0.0,0.0,0.0,-493.1,0.0,4.5,4.5,0.0,0,0
Northmart,GOLDEN_MALT_BLOCK,Northmart|GOLDEN_MALT_BLOCK,2021-03-08,13274,3326.4,10061.6,2791.0,3526.6,3744.1,0.0,0.0,3.38,4.5,25.0,1,1
Northmart,GOLDEN_MALT_BLOCK,Northmart|GOLDEN_MALT_BLOCK,2021-03-15,2432,3273.3,-968.0,0.0,0.0,0.0,-757.8,-210.3,4.5,4.5,0.0,0,0
Northmart,GOLDEN_MALT_BLOCK,Northmart|GOLDEN_MALT_BLOCK,2021-03-22,6107,3220.0,2954.4,3660.1,0.0,0.0,0.0,-705.7,3.15,4.5,30.0,0,0
Northmart,GOLDEN_MALT_BLOCK,Northmart|GOLDEN_MALT_BLOCK,2021-03-29,2267,3166.5,-857.9,0.0,0.0,0.0,-857.9,0.0,4.5,4.5,0.0,0,0
Northmart,GOLDEN_MALT_BLOCK,Northmart|GOLDEN_MALT_BLOCK,2021-04-05,7128,3402.1,4337.7,2068.6,3153.8,0.0,0.0,-884.6,3.6,4.5,20.0,1,0
Northmart,GOLDEN_MALT_BLOCK,Northmart|GOLDEN_MALT_BLOCK,2021-04-12,2664,3349.0,-636.1,0.0,0.0,0.0,-636.1,0.0,4.5,4.5,0.0,0,0
Northmart,GOLDEN_MALT_BLOCK,Northmart|GOLDEN_MALT_BLOCK,2021-04-19,3331,3295.7,0.0,0.0,0.0,0.0,0.0,0.0,4.5,4.5,0.0,0,0
Northmart,GOLDEN_MALT_BLOCK,Northmart|GOLDEN_MALT_BLOCK,2021-04-26,3310,3248.1,0.0,0.0,0.0,0.0,0.0,0.0,4.5,4.5,0.0,0,0
Northmart,GOLDEN_MALT_BLOCK,Northmart|GOLDEN_MALT_BLOCK,2021-05-03,2700,2908.9,-305.1,0.0,0.0,0.0,0.0,-305.1,4.5,4.5,0.0,0,0
Northmart,GOLDEN_MALT_BLOCK,Northmart|GOLDEN_MALT_BLOCK,2021-05-10,7959,2866.3,4939.6,2404.9,3038.8,0.0,0.0,-504.2,3.38,4.5,25.0,1,0
Northmart,GOLDEN_MALT_BLOCK,Northmart|GOLDEN_MALT_BLOCK,2021-05-17,1982,2826.6,-833.3,0.0,0.0,0.0,-654.4,-178.9,4.5,4.5,0.0,0,0
Northmart,GOLDEN_MALT_BLOCK,Northmart|GOLDEN_MALT_BLOCK,2021-05-24,2985,2792.7,0.0,0.0,0.0,0.0,0.0,0.0,4.5,4.5,0.0,0,0
Northmart,GOLDEN_MALT_BLOCK,Northmart|GOLDEN_MALT_BLOCK,2021-05-31,2766,2764.6,0.0,0.0,0.0,0.0,0.0,0.0,4.5,4.5,0.0,0,0
Northmart,GOLDEN_MALT_BLOCK,Northmart|GOLDEN_MALT_BLOCK,2021-06-07,10793,2742.3,8113.0,4143.4,3969.6,0.0,0.0,0.0,2.92,4.5,35.0,1,0
Northmart,GOLDEN_MALT_BLOCK,Northmart|GOLDEN_MALT_BLOCK,2021-06-14,2907,2728.9,306.2,1659.2,0.0,0.0,-1353.0,0.0,3.6,4.5,20.0,0,0
Northmart,GOLDEN_MALT_BLOCK,Northmart|GOLDEN_MALT_BLOCK,2021-06-21,2100,2718.4,-603.9,0.0,0.0,0.0,-516.4,-87.6,4.5,4.5,0.0,0,0
Northmart,GOLDEN_MALT_BLOCK,Northmart|GOLDEN_MALT_BLOCK,2021-06-28,2205,2716.8,-444.1,0.0,0.0,0.0,0.0,-444.1,4.5,4.5,0.0,0,0
Northmart,GOLDEN_MALT_BLOCK,Northmart|GOLDEN_MALT_BLOCK,2021-07-05,2451,2721.1,-432.8,0.0,0.0,0.0,0.0,-432.8,4.5,4.5,0.0,0,0
Northmart,GOLDEN_MALT_BLOCK,Northmart|GOLDEN_MALT_BLOCK,2021-07-12,4727,2734.2,2294.1,2294.1,0.0,0.0,0.0,0.0,3.38,4.5,25.0,0,0
Northmart,GOLDEN_MALT_BLOCK,Northmart|GOLDEN_MALT_BLOCK,2021-07-19,1914,2750.4,-966.0,0.0,0.0,0.0,-636.7,-329.2,4.5,4.5,0.0,0,0
Northmart,GOLDEN_MALT_BLOCK,Northmart|GOLDEN_MALT_BLOCK,2021-07-26,5455,2775.4,2328.6,2328.6,0.0,0.0,0.0,0.0,3.38,4.5,25.0,0,0
Northmart,GOLDEN_MALT_BLOCK,Northmart|GOLDEN_MALT_BLOCK,2021-08-02,2219,2806.4,-649.7,0.0,0.0,0.0,-649.7,0.0,4.5,4.5,0.0,0,0
Northmart,GOLDEN_MALT_BLOCK,Northmart|GOLDEN_MALT_BLOCK,2021-08-09,5519,2843.2,2385.5,2385.5,0.0,0.0,0.0,0.0,3.38,4.5,25.0,0,0
Northmart,GOLDEN_MALT_BLOCK,Northmart|GOLDEN_MALT_BLOCK,2021-08-16,1958,2886.0,-774.8,0.0,0.0,0.0,-668.1,-106.7,4.5,4.5,0.0,0,0
Northmart,GOLDEN_MALT_BLOCK,Northmart|GOLDEN_MALT_BLOCK,2021-08-23,6449,2931.7,3618.7,1223.3,2395.3,0.0,0.0,0.0,3.82,4.5,15.0,1,0
Northmart,GOLDEN_MALT_BLOCK,Northmart|GOLDEN_MALT_BLOCK,2021-08-30,2542,2983.3,-645.8,0.0,0.0,0.0,-436.0,-209.8,4.5,4.5,0.0,0,0
Northmart,GOLDEN_MALT_BLOCK,Northmart|GOLDEN_MALT_BLOCK,2021-09-06,2987,3034.8,0.0,0.0,0.0,0.0,0.0,0.0,4.5,4.5,0.0,0,0
Northmart,GOLDEN_MALT_BLOCK,Northmart|GOLDEN_MALT_BLOCK,2021-09-13,2938,3092.3,0.0,0.0,0.0,0.0,0.0,0.0,4.5,4.5,0.0,0,0
Northmart,GOLDEN_MALT_BLOCK,Northmart|GOLDEN_MALT_BLOCK,2021-09-20,2479,3149.6,-438.4,0.0,0.0,0.0,0.0,-438.4,4.5,4.5,0.0,0,0
Northmart,GOLDEN_MALT_BLOCK,Northmart|GOLDEN_MALT_BLOCK,2021-09-27,2655,3207.0,-268.1,0.0,0.0,0.0,0.0,-268.1,4.5,4.5,0.0,0,0
Northmart,GOLDEN_MALT_BLOCK,Northmart|GOLDEN_MALT_BLOCK,2021-10-04,4014,3264.3,820.7,820.7,0.0,0.0,0.0,0.0,4.05,4.5,10.0,0,0
Northmart,GOLDEN_MALT_BLOCK,Northmart|GOLDEN_MALT_BLOCK,2021-10-11,3194,3321.5,-581.9,0.0,0.0,0.0,-332.1,-249.9,4.5,4.5,0.0,0,0
Northmart,GOLDEN_MALT_BLOCK,Northmart|GOLDEN_MALT_BLOCK,2021-10-18,5346,3378.8,2054.4,2054.4,0.0,0.0,0.0,0.0,3.6,4.5,20.0,0,0
Northmart,GOLDEN_MALT_BLOCK,Northmart|GOLDEN_MALT_BLOCK,2021-10-25,2706,3430.1,-785.2,0.0,0.0,0.0,-651.6,-133.7,4.5,4.5,0.0,0,0
Northmart,GOLDEN_MALT_BLOCK,Northmart|GOLDEN_MALT_BLOCK,2021-11-01,7512,3481.5,2921.1,2921.1,0.0,0.0,0.0,0.0,3.38,4.5,25.0,0,0
Northmart,GOLDEN_MALT_BLOCK,Northmart|GOLDEN_MALT_BLOCK,2021-11-08,2681,3527.0,-816.5,0.0,0.0,0.0,-816.5,0.0,4.5,4.5,0.0,0,0
Northmart,GOLDEN_MALT_BLOCK,Northmart|GOLDEN_MALT_BLOCK,2021-11-15,2775,3569.6,-629.9,0.0,0.0,0.0,0.0,-629.9,4.5,4.5,0.0,0,0
Northmart,GOLDEN_MALT_BLOCK,Northmart|GOLDEN_MALT_BLOCK,2021-11-22,3139,3606.3,-297.0,0.0,0.0,0.0,0.0,-297.0,4.5,4.5,0.0,0,0
Northmart,GOLDEN_MALT_BLOCK,Northmart|GOLDEN_MALT_BLOCK,2021-11-29,6030,3637.2,2161.2,914.5,0.0,1767.1,0.0,-520.3,4.05,4.5,10.0,0,1
Northmart,GOLDEN_MALT_BLOCK,Northmart|GOLDEN_MALT_BLOCK,2021-12-06,3304,3662.3,-641.6,0.0,0.0,0.0,-366.1,-275.5,4.5,4.5,0.0,0,0
Northmart,GOLDEN_MALT_BLOCK,Northmart|GOLDEN_MALT_BLOCK,2021-12-13,3341,3678.7,0.0,0.0,0.0,0.0,0.0,0.0,4.5,4.5,0.0,0,0
Northmart,GOLDEN_MALT_BLOCK,Northmart|GOLDEN_MALT_BLOCK,2021-12-20,3757,3692.1,0.0,0.0,0.0,0.0,0.0,0.0,4.5,4.5,0.0,0,0
Northmart,GOLDEN_MALT_BLOCK,Northmart|GOLDEN_MALT_BLOCK,2021-12-27,3237,3696.8,-387.7,0.0,0.0,0.0,0.0,-387.7,4.5,4.5,0.0,0,0
Northmart,GOLDEN_MALT_BLOCK,Northmart|GOLDEN_MALT_BLOCK,2022-01-03,3080,3695.7,-629.3,0.0,0.0,0.0,0.0,-629.3,4.5,4.5,0.0,0,0
Northmart,GOLDEN_MALT_BLOCK,Northmart|GOLDEN_MALT_BLOCK,2022-01-10,5624,3685.9,2298.2,926.7,0.0,1790.7,0.0,-419.2,4.05,4.5,10.0,0,1
Northmart,GOLDEN_MALT_BLOCK,Northmart|GOLDEN_MALT_BLOCK,2022-01-17,3160,3673.0,-567.8,0.0,0.0,0.0,-367.2,-200.6,4.5,4.5,0.0,0,0
Northmart,GOLDEN_MALT_BLOCK,Northmart|GOLDEN_MALT_BLOCK,2022-01-24,3511,3651.4,-175.7,0.0,0.0,0.0,0.0,-175.7,4.5,4.5,0.0,0,0
Northmart,GOLDEN_MALT_BLOCK,Northmart|GOLDEN_MALT_BLOCK,2022-01-31,3347,3623.9,-298.4,0.0,0.0,0.0,0.0,-298.4,4.5,4.5,0.0,0,0
Northmart,GOLDEN_MALT_BLOCK,Northmart|GOLDEN_MALT_BLOCK,2022-02-07,7255,3590.5,4081.3,4081.3,0.0,0.0,0.0,0.0,3.15,4.5,30.0,0,0
Northmart,GOLDEN_MALT_BLOCK,Northmart|GOLDEN_MALT_BLOCK,2022-02-14,2482,3551.2,-962.1,0.0,0.0,0.0,-962.1,0.0,4.5,4.5,0.0,0,0
Northmart,GOLDEN_MALT_BLOCK,Northmart|GOLDEN_MALT_BLOCK,2022-02-21,3561,3508.8,0.0,0.0,0.0,0.0,0.0,0.0,4.5,4.5,0.0,0,0
Northmart,GOLDEN_MALT_BLOCK,Northmart|GOLDEN_MALT_BLOCK,2022-02-28,2888,3460.4,-209.9,0.0,0.0,0.0,0.0,-209.9,4.5,4.5,0.0,0,0
Northmart,GOLDEN_MALT_BLOCK,Northmart|GOLDEN_MALT_BLOCK,2022-03-07,7406,3411.9,3844.6,1423.7,2787.7,0.0,0.0,-366.8,3.82,4.5,15.0,1,0
Northmart,GOLDEN_MALT_BLOCK,Northmart|GOLDEN_MALT_BLOCK,2022-03-14,2726,3357.4,-784.7,0.0,0.0,0.0,-490.7,-294.0,4.5,4.5,0.0,0,0
Northmart,GOLDEN_MALT_BLOCK,Northmart|GOLDEN_MALT_BLOCK,2022-03-21,2983,3302.7,-417.8,0.0,0.0,0.0,0.0,-417.8,4.5,4.5,0.0,0,0
Northmart,GOLDEN_MALT_BLOCK,Northmart|GOLDEN_MALT_BLOCK,2022-03-28,3220,3247.9,-410.9,0.0,0.0,0.0,0.0,-410.9,4.5,4.5,0.0,0,0
Northmart,GOLDEN_MALT_BLOCK,Northmart|GOLDEN_MALT_BLOCK,2022-04-04,14336,3489.5,10323.6,5272.4,5051.2,0.0,0.0,0.0,2.92,4.5,35.0,1,0
Northmart,GOLDEN_MALT_BLOCK,Northmart|GOLDEN_MALT_BLOCK,2022-04-11,2406,3435.1,-1173.5,0.0,0.0,0.0,-1059.1,-114.3,4.5,4.5,0.0,0,0
Northmart,GOLDEN_MALT_BLOCK,Northmart|GOLDEN_MALT_BLOCK,2022-04-18,3376,3380.4,0.0,0.0,0.0,0.0,0.0,0.0,4.5,4.5,0.0,0,0
Northmart,GOLDEN_MALT_BLOCK,Northmart|GOLDEN_MALT_BLOCK,2022-04-25,3172,3331.6,0.0,0.0,0.0,0.0,0.0,0.0,4.5,4.5,0.0,0,0
Northmart,GOLDEN_MALT_BLOCK,Northmart|GOLDEN_MALT_BLOCK,2022-05-02,11287,2983.7,8357.3,4508.1,4318.9,0.0,0.0,-469.6,2.92,4.5,35.0,1,0
Northmart,GOLDEN_MALT_BLOCK,Northmart|GOLDEN_MALT_BLOCK,2022-05-09,1548,2940.0,-1384.7,0.0,0.0,0.0,-906.5,-478.2,4.5,4.5,0.0,0,0
Northmart,GOLDEN_MALT_BLOCK,Northmart|GOLDEN_MALT_BLOCK,2022-05-16,2984,2899.3,0.0,0.0,0.0,0.0,0.0,0.0,4.5,4.5,0.0,0,0
Northmart,GOLDEN_MALT_BLOCK,Northmart|GOLDEN_MALT_BLOCK,2022-05-23,2974,2864.5,0.0,0.0,0.0,0.0,0.0,0.0,4.5,4.5,0.0,0,0
Northmart,GOLDEN_MALT_BLOCK,Northmart|GOLDEN_MALT_BLOCK,2022-05-30,2295,2835.6,-363.9,0.0,0.0,0.0,0.0,-363.9,4.5,4.5,0.0,0,0
Northmart,GOLDEN_MALT_BLOCK,Northmart|GOLDEN_MALT_BLOCK,2022-06-06,3829,2812.8,707.2,707.2,0.0,0.0,0.0,0.0,4.05,4.5,10.0,0,0
Northmart,GOLDEN_MALT_BLOCK,Northmart|GOLDEN_MALT_BLOCK,2022-06-13,6970,2799.0,4673.4,3181.6,0.0,2321.8,-830.0,0.0,3.15,4.5,30.0,0,1
Northmart,GOLDEN_MALT_BLOCK,Northmart|GOLDEN_MALT_BLOCK,2022-06-20,1847,2788.3,-1112.7,0.0,0.0,0.0,-755.4,-357.3,4.5,4.5,0.0,0,0
Northmart,GOLDEN_MALT_BLOCK,Northmart|GOLDEN_MALT_BLOCK,2022-06-27,3440,2786.6,972.8,1162.8,0.0,0.0,0.0,-190.0,3.82,4.5,15.0,0,0
Northmart,GOLDEN_MALT_BLOCK,Northmart|GOLDEN_MALT_BLOCK,2022-07-04,2521,2791.0,-407.9,0.0,0.0,0.0,-407.9,0.0,4.5,4.5,0.0,0,0
Northmart,GOLDEN_MALT_BLOCK,Northmart|GOLDEN_MALT_BLOCK,2022-07-11,2630,2804.5,0.0,0.0,0.0,0.0,0.0,0.0,4.5,4.5,0.0,0,0
Northmart,GOLDEN_MALT_BLOCK,Northmart|GOLDEN_MALT_BLOCK,2022-07-18,2367,2821.1,0.0,0.0,0.0,0.0,0.0,0.0,4.5,4.5,0.0,0,0
Northmart,GOLDEN_MALT_BLOCK,Northmart|GOLDEN_MALT_BLOCK,2022-07-25,2726,2846.7,-292.0,0.0,0.0,0.0,0.0,-292.0,4.5,4.5,0.0,0,0
Northmart,GOLDEN_MALT_BLOCK,Northmart|GOLDEN_MALT_BLOCK,2022-08-01,2694,2878.5,-188.4,0.0,0.0,0.0,0.0,-188.4,4.5,4.5,0.0,0,0
Northmart,GOLDEN_MALT_BLOCK,Northmart|GOLDEN_MALT_BLOCK,2022-08-08,2867,2916.3,-356.3,0.0,0.0,0.0,0.0,-356.3,4.5,4.5,0.0,0,0
Northmart,GOLDEN_MALT_BLOCK,Northmart|GOLDEN_MALT_BLOCK,2022-08-15,2535,2960.2,-247.4,0.0,0.0,0.0,0.0,-247.4,4.5,4.5,0.0,0,0
Northmart,GOLDEN_MALT_BLOCK,Northmart|GOLDEN_MALT_BLOCK,2022-08-22,2907,3007.0,0.0,0.0,0.0,0.0,0.0,0.0,4.5,4.5,0.0,0,0
Northmart,GOLDEN_MALT_BLOCK,Northmart|GOLDEN_MALT_BLOCK,2022-08-29,2593,3060.0,-392.7,0.0,0.0,0.0,0.0,-392.7,4.5,4.5,0.0,0,0
Northmart,GOLDEN_MALT_BLOCK,Northmart|GOLDEN_MALT_BLOCK,2022-09-05,5842,3112.8,3538.3,3538.3,0.0,0.0,0.0,0.0,3.15,4.5,30.0,0,0
Northmart,GOLDEN_MALT_BLOCK,Northmart|GOLDEN_MALT_BLOCK,2022-09-12,2273,3171.7,-932.1,0.0,0.0,0.0,-859.3,-72.8,4.5,4.5,0.0,0,0
Northmart,GOLDEN_MALT_BLOCK,Northmart|GOLDEN_MALT_BLOCK,2022-09-19,3058,3230.6,0.0,0.0,0.0,0.0,0.0,0.0,4.5,4.5,0.0,0,0
Northmart,GOLDEN_MALT_BLOCK,Northmart|GOLDEN_MALT_BLOCK,2022-09-26,2796,3289.4,-270.9,0.0,0.0,0.0,0.0,-270.9,4.5,4.5,0.0,0,0
Northmart,GOLDEN_MALT_BLOCK,Northmart|GOLDEN_MALT_BLOCK,2022-10-03,3516,3348.2,0.0,0.0,0.0,0.0,0.0,0.0,4.5,4.5,0.0,0,0
Northmart,GOLDEN_MALT_BLOCK,Northmart|GOLDEN_MALT_BLOCK,2022-10-10,3026,3406.9,0.0,0.0,0.0,0.0,0.0,0.0,4.5,4.5,0.0,0,0
Northmart,GOLDEN_MALT_BLOCK,Northmart|GOLDEN_MALT_BLOCK,2022-10-17,4312,3465.6,1291.6,1446.1,0.0,0.0,0.0,-154.5,3.82,4.5,15.0,0,0
Northmart,GOLDEN_MALT_BLOCK,Northmart|GOLDEN_MALT_BLOCK,2022-10-24,3009,3518.3,-696.4,0.0,0.0,0.0,-514.2,-182.3,4.5,4.5,0.0,0,0
Northmart,GOLDEN_MALT_BLOCK,Northmart|GOLDEN_MALT_BLOCK,2022-10-31,3542,3571.0,0.0,0.0,0.0,0.0,0.0,0.0,4.5,4.5,0.0,0,0
Northmart,GOLDEN_MALT_BLOCK,Northmart|GOLDEN_MALT_BLOCK,2022-11-07,3016,3617.6,-443.2,0.0,0.0,0.0,0.0,-443.2,4.5,4.5,0.0,0,0
Northmart,GOLDEN_MALT_BLOCK,Northmart|GOLDEN_MALT_BLOCK,2022-11-14,4246,3661.3,0.0,0.0,0.0,0.0,0.0,0.0,4.5,4.5,0.0,0,0
Northmart,GOLDEN_MALT_BLOCK,Northmart|GOLDEN_MALT_BLOCK,2022-11-21,5713,3699.0,2249.1,2249.1,0.0,0.0,0.0,0.0,3.6,4.5,20.0,0,0
Northmart,GOLDEN_MALT_BLOCK,Northmart|GOLDEN_MALT_BLOCK,2022-11-28,5359,3730.7,1354.2,938.0,0.0,1812.5,-1231.1,-165.2,4.05,4.5,10.0,0,1
Northmart,GOLDEN_MALT_BLOCK,Northmart|GOLDEN_MALT_BLOCK,2022-12-05,7806,3756.4,3467.5,4269.9,0.0,0.0,-802.4,0.0,3.15,4.5,30.0,0,0
Northmart,GOLDEN_MALT_BLOCK,Northmart|GOLDEN_MALT_BLOCK,2022-12-12,4859,3773.2,1207.0,948.7,2722.1,0.0,-2016.8,-446.9,4.05,4.5,10.0,1,0
Northmart,GOLDEN_MALT_BLOCK,Northmart|GOLDEN_MALT_BLOCK,2022-12-19,2718,3787.0,-959.0,0.0,0.0,0.0,-378.6,-580.4,4.5,4.5,0.0,0,0
Northmart,GOLDEN_MALT_BLOCK,Northmart|GOLDEN_MALT_BLOCK,2022-12-26,7528,3791.8,3668.6,1582.3,0.0,2086.4,0.0,0.0,3.82,4.5,15.0,0,1
Northmart,GOLDEN_MALT_BLOCK,Northmart|GOLDEN_MALT_BLOCK,2023-01-02,12302,3790.7,9021.6,5727.5,5487.1,0.0,-2193.0,0.0,2.92,4.5,35.0,1,0
Northmart,GOLDEN_MALT_BLOCK,Northmart|GOLDEN_MALT_BLOCK,2023-01-09,1996,3780.6,-1635.6,0.0,0.0,0.0,-1165.7,-469.9,4.5,4.5,0.0,0,0
Northmart,GOLDEN_MALT_BLOCK,Northmart|GOLDEN_MALT_BLOCK,2023-01-16,3866,3767.4,0.0,0.0,0.0,0.0,0.0,0.0,4.5,4.5,0.0,0,0
Northmart,GOLDEN_MALT_BLOCK,Northmart|GOLDEN_MALT_BLOCK,2023-01-23,3381,3745.3,-392.8,0.0,0.0,0.0,0.0,-392.8,4.5,4.5,0.0,0,0
Northmart,GOLDEN_MALT_BLOCK,Northmart|GOLDEN_MALT_BLOCK,2023-01-30,2828,3717.1,-389.8,0.0,0.0,0.0,0.0,-389.8,4.5,4.5,0.0,0,0
Northmart,GOLDEN_MALT_BLOCK,Northmart|GOLDEN_MALT_BLOCK,2023-02-06,3406,3682.8,-146.4,0.0,0.0,0.0,0.0,-146.4,4.5,4.5,0.0,0,0
Northmart,GOLDEN_MALT_BLOCK,Northmart|GOLDEN_MALT_BLOCK,2023-02-13,3312,3642.4,0.0,0.0,0.0,0.0,0.0,0.0,4.5,4.5,0.0,0,0
Northmart,GOLDEN_MALT_BLOCK,Northmart|GOLDEN_MALT_BLOCK,2023-02-20,3460,3599.0,-173.2,0.0,0.0,0.0,0.0,-173.2,4.5,4.5,0.0,0,0
Northmart,GOLDEN_MALT_BLOCK,Northmart|GOLDEN_MALT_BLOCK,2023-02-27,7029,3549.3,2875.1,4034.5,0.0,0.0,0.0,-1159.3,3.15,4.5,30.0,0,0
Northmart,GOLDEN_MALT_BLOCK,Northmart|GOLDEN_MALT_BLOCK,2023-03-06,2137,3499.6,-1103.0,0.0,0.0,0.0,-948.2,-154.8,4.5,4.5,0.0,0,0
Northmart,GOLDEN_MALT_BLOCK,Northmart|GOLDEN_MALT_BLOCK,2023-03-13,3349,3443.7,-225.4,0.0,0.0,0.0,0.0,-225.4,4.5,4.5,0.0,0,0
Northmart,GOLDEN_MALT_BLOCK,Northmart|GOLDEN_MALT_BLOCK,2023-03-20,4808,3387.6,1604.4,2059.7,0.0,0.0,0.0,-455.3,3.6,4.5,20.0,0,0
Northmart,GOLDEN_MALT_BLOCK,Northmart|GOLDEN_MALT_BLOCK,2023-03-27,4164,3331.4,799.2,2025.6,0.0,0.0,-1017.6,-208.8,3.6,4.5,20.0,0,0
Northmart,GOLDEN_MALT_BLOCK,Northmart|GOLDEN_MALT_BLOCK,2023-04-03,2863,3579.2,-679.9,0.0,0.0,0.0,-679.9,0.0,4.5,4.5,0.0,0,0
Northmart,GOLDEN_MALT_BLOCK,Northmart|GOLDEN_MALT_BLOCK,2023-04-10,3425,3523.3,-169.5,0.0,0.0,0.0,0.0,-169.5,4.5,4.5,0.0,0,0
Northmart,GOLDEN_MALT_BLOCK,Northmart|GOLDEN_MALT_BLOCK,2023-04-17,3530,3467.3,0.0,0.0,0.0,0.0,0.0,0.0,4.5,4.5,0.0,0,0
Northmart,GOLDEN_MALT_BLOCK,Northmart|GOLDEN_MALT_BLOCK,2023-04-24,3122,3417.2,-350.5,0.0,0.0,0.0,0.0,-350.5,4.5,4.5,0.0,0,0
Northmart,GOLDEN_MALT_BLOCK,Northmart|GOLDEN_MALT_BLOCK,2023-05-01,3148,3060.3,0.0,0.0,0.0,0.0,0.0,0.0,4.5,4.5,0.0,0,0
Northmart,GOLDEN_MALT_BLOCK,Northmart|GOLDEN_MALT_BLOCK,2023-05-08,3002,3015.6,0.0,0.0,0.0,0.0,0.0,0.0,4.5,4.5,0.0,0,0
Northmart,GOLDEN_MALT_BLOCK,Northmart|GOLDEN_MALT_BLOCK,2023-05-15,4561,2973.8,1808.1,1808.1,0.0,0.0,0.0,0.0,3.6,4.5,20.0,0,0
Northmart,GOLDEN_MALT_BLOCK,Northmart|GOLDEN_MALT_BLOCK,2023-05-22,1987,2938.1,-849.7,0.0,0.0,0.0,-558.1,-291.6,4.5,4.5,0.0,0,0
Northmart,GOLDEN_MALT_BLOCK,Northmart|GOLDEN_MALT_BLOCK,2023-05-29,2993,2908.5,0.0,0.0,0.0,0.0,0.0,0.0,4.5,4.5,0.0,0,0
Northmart,GOLDEN_MALT_BLOCK,Northmart|GOLDEN_MALT_BLOCK,2023-06-05,2725,2885.1,-138.8,0.0,0.0,0.0,0.0,-138.8,4.5,4.5,0.0,0,0
Northmart,GOLDEN_MALT_BLOCK,Northmart|GOLDEN_MALT_BLOCK,2023-06-12,2381,2871.0,-438.9,0.0,0.0,0.0,0.0,-438.9,4.5,4.5,0.0,0,0
Northmart,GOLDEN_MALT_BLOCK,Northmart|GOLDEN_MALT_BLOCK,2023-06-19,2717,2859.9,-367.1,0.0,0.0,0.0,0.0,-367.1,4.5,4.5,0.0,0,0
Northmart,GOLDEN_MALT_BLOCK,Northmart|GOLDEN_MALT_BLOCK,2023-06-26,2385,2858.2,-235.4,0.0,0.0,0.0,0.0,-235.4,4.5,4.5,0.0,0,0
Northmart,GOLDEN_MALT_BLOCK,Northmart|GOLDEN_MALT_BLOCK,2023-07-03,2790,2862.7,0.0,0.0,0.0,0.0,0.0,0.0,4.5,4.5,0.0,0,0
Northmart,GOLDEN_MALT_BLOCK,Northmart|GOLDEN_MALT_BLOCK,2023-07-10,3146,2876.6,-236.9,0.0,0.0,0.0,0.0,-236.9,4.5,4.5,0.0,0,0
Northmart,GOLDEN_MALT_BLOCK,Northmart|GOLDEN_MALT_BLOCK,2023-07-17,5295,2893.6,2531.5,3289.1,0.0,0.0,0.0,-757.5,3.15,4.5,30.0,0,0
Northmart,GOLDEN_MALT_BLOCK,Northmart|GOLDEN_MALT_BLOCK,2023-07-24,1687,2919.9,-1051.9,0.0,0.0,0.0,-791.1,-260.8,4.5,4.5,0.0,0,0
Northmart,GOLDEN_MALT_BLOCK,Northmart|GOLDEN_MALT_BLOCK,2023-07-31,7412,2952.5,4460.9,4460.9,0.0,0.0,0.0,0.0,2.92,4.5,35.0,0,0
Northmart,GOLDEN_MALT_BLOCK,Northmart|GOLDEN_MALT_BLOCK,2023-08-07,2111,2991.2,-922.3,0.0,0.0,0.0,-922.3,0.0,4.5,4.5,0.0,0,0
Northmart,GOLDEN_MALT_BLOCK,Northmart|GOLDEN_MALT_BLOCK,2023-08-14,2854,3036.2,-253.8,0.0,0.0,0.0,0.0,-253.8,4.5,4.5,0.0,0,0
Northmart,GOLDEN_MALT_BLOCK,Northmart|GOLDEN_MALT_BLOCK,2023-08-21,8297,3084.3,4286.1,2587.8,3269.9,0.0,0.0,-1571.7,3.38,4.5,25.0,1,0
Northmart,GOLDEN_MALT_BLOCK,Northmart|GOLDEN_MALT_BLOCK,2023-08-28,2707,3138.6,-726.6,0.0,0.0,0.0,-726.6,0.0,4.5,4.5,0.0,0,0
Northmart,GOLDEN_MALT_BLOCK,Northmart|GOLDEN_MALT_BLOCK,2023-09-04,4438,3192.8,1694.3,1941.3,0.0,0.0,0.0,-247.0,3.6,4.5,20.0,0,0
Northmart,GOLDEN_MALT_BLOCK,Northmart|GOLDEN_MALT_BLOCK,2023-09-11,1978,3253.2,-1020.8,0.0,0.0,0.0,-618.0,-402.9,4.5,4.5,0.0,0,0
Northmart,GOLDEN_MALT_BLOCK,Northmart|GOLDEN_MALT_BLOCK,2023-09-18,2934,3313.6,-272.9,0.0,0.0,0.0,0.0,-272.9,4.5,4.5,0.0,0,0
Northmart,GOLDEN_MALT_BLOCK,Northmart|GOLDEN_MALT_BLOCK,2023-09-25,3547,3373.9,-134.2,0.0,0.0,0.0,0.0,-134.2,4.5,4.5,0.0,0,0
Northmart,GOLDEN_MALT_BLOCK,Northmart|GOLDEN_MALT_BLOCK,2023-10-02,2902,3434.2,-224.8,0.0,0.0,0.0,0.0,-224.8,4.5,4.5,0.0,0,0
Northmart,GOLDEN_MALT_BLOCK,Northmart|GOLDEN_MALT_BLOCK,2023-10-09,3450,3494.5,-139.0,0.0,0.0,0.0,0.0,-139.0,4.5,4.5,0.0,0,0
Northmart,GOLDEN_MALT_BLOCK,Northmart|GOLDEN_MALT_BLOCK,2023-10-16,3643,3554.7,0.0,0.0,0.0,0.0,0.0,0.0,4.5,4.5,0.0,0,0
Northmart,GOLDEN_MALT_BLOCK,Northmart|GOLDEN_MALT_BLOCK,2023-10-23,3722,3608.7,-113.5,0.0,0.0,0.0,0.0,-113.5,4.5,4.5,0.0,0,0
Northmart,GOLDEN_MALT_BLOCK,Northmart|GOLDEN_MALT_BLOCK,2023-10-30,3531,3662.7,-222.2,0.0,0.0,0.0,0.0,-222.2,4.5,4.5,0.0,0,0
Northmart,GOLDEN_MALT_BLOCK,Northmart|GOLDEN_MALT_BLOCK,2023-11-06,4034,3710.6,0.0,0.0,0.0,0.0,0.0,0.0,4.5,4.5,0.0,0,0
Northmart,GOLDEN_MALT_BLOCK,Northmart|GOLDEN_MALT_BLOCK,2023-11-13,4681,3755.4,944.2,944.2,0.0,0.0,0.0,0.0,4.05,4.5,10.0,0,0
Northmart,GOLDEN_MALT_BLOCK,Northmart|GOLDEN_MALT_BLOCK,2023-11-20,4765,3794.0,857.5,2306.9,0.0,0.0,-609.9,-839.4,3.6,4.5,20.0,0,0
Northmart,GOLDEN_MALT_BLOCK,Northmart|GOLDEN_MALT_BLOCK,2023-11-27,2920,3826.6,-850.1,0.0,0.0,0.0,-726.9,-123.3,4.5,4.5,0.0,0,0
Northmart,GOLDEN_MALT_BLOCK,Northmart|GOLDEN_MALT_BLOCK,2023-12-04,8632,3853.0,4334.2,2342.7,0.0,2405.3,0.0,-413.8,3.6,4.5,20.0,0,1
Northmart,GOLDEN_MALT_BLOCK,Northmart|GOLDEN_MALT_BLOCK,2023-12-11,2241,3870.2,-1486.8,0.0,0.0,0.0,-735.1,-751.7,4.5,4.5,0.0,0,0
Northmart,GOLDEN_MALT_BLOCK,Northmart|GOLDEN_MALT_BLOCK,2023-12-18,7060,3884.3,2165.3,2361.8,0.0,0.0,0.0,-196.5,3.6,4.5,20.0,0,0
Northmart,GOLDEN_MALT_BLOCK,Northmart|GOLDEN_MALT_BLOCK,2023-12-25,2866,3889.3,-1061.9,0.0,0.0,0.0,-738.8,-323.2,4.5,4.5,0.0,0,0
Northmart,HONEY_NOUGAT_SINGLE,Northmart|HONEY_NOUGAT_SINGLE,2021-01-04,8066,8490.4,0.0,0.0,0.0,0.0,0.0,0.0,2.0,2.0,0.0,0,0
Northmart,HONEY_NOUGAT_SINGLE,Northmart|HONEY_NOUGAT_SINGLE,2021-01-11,8019,8467.3,-778.8,0.0,0.0,0.0,0.0,-778.8,2.0,2.0,0.0,0,0
Northmart,HONEY_NOUGAT_SINGLE,Northmart|HONEY_NOUGAT_SINGLE,2021-01-18,11278,8437.2,2479.0,2479.0,0.0,0.0,0.0,0.0,1.8,2.0,10.0,0,0
Northmart,HONEY_NOUGAT_SINGLE,Northmart|HONEY_NOUGAT_SINGLE,2021-01-25,18928,8385.6,8576.7,11671.0,0.0,0.0,-1859.4,-1234.9,1.4,2.0,30.0,0,0
Northmart,HONEY_NOUGAT_SINGLE,Northmart|HONEY_NOUGAT_SINGLE,2021-02-01,5179,8319.8,-2994.1,0.0,0.0,0.0,-2106.0,-888.1,2.0,2.0,0.0,0,0
Northmart,HONEY_NOUGAT_SINGLE,Northmart|HONEY_NOUGAT_SINGLE,2021-02-08,8031,8239.7,0.0,0.0,0.0,0.0,0.0,0.0,2.0,2.0,0.0,0,0
Northmart,HONEY_NOUGAT_SINGLE,Northmart|HONEY_NOUGAT_SINGLE,2021-02-15,6440,8145.2,-1164.1,0.0,0.0,0.0,0.0,-1164.1,2.0,2.0,0.0,0,0
Northmart,HONEY_NOUGAT_SINGLE,Northmart|HONEY_NOUGAT_SINGLE,2021-02-22,6953,8043.3,-545.8,0.0,0.0,0.0,0.0,-545.8,2.0,2.0,0.0,0,0
Northmart,HONEY_NOUGAT_SINGLE,Northmart|HONEY_NOUGAT_SINGLE,2021-03-01,27902,7927.1,22551.7,11032.8,11518.9,0.0,0.0,0.0,1.4,2.0,30.0,1,0
Northmart,HONEY_NOUGAT_SINGLE,Northmart|HONEY_NOUGAT_SINGLE,2021-03-08,7295,7810.6,-1977.1,0.0,0.0,0.0,-1977.1,0.0,2.0,2.0,0.0,0,0
Northmart,HONEY_NOUGAT_SINGLE,Northmart|HONEY_NOUGAT_SINGLE,2021-03-15,8527,7679.6,0.0,0.0,0.0,0.0,0.0,0.0,2.0,2.0,0.0,0,0
Northmart,HONEY_NOUGAT_SINGLE,Northmart|HONEY_NOUGAT_SINGLE,2021-03-22,7952,7548.3,0.0,0.0,0.0,0.0,0.0,0.0,2.0,2.0,0.0,0,0
Northmart,HONEY_NOUGAT_SINGLE,Northmart|HONEY_NOUGAT_SINGLE,2021-03-29,7563,7416.8,0.0,0.0,0.0,0.0,0.0,0.0,2.0,2.0,0.0,0,0
Northmart,HONEY_NOUGAT_SINGLE,Northmart|HONEY_NOUGAT_SINGLE,2021-04-05,8432,8002.0,0.0,0.0,0.0,0.0,0.0,0.0,2.0,2.0,0.0,0,0
Northmart,HONEY_NOUGAT_SINGLE,Northmart|HONEY_NOUGAT_SINGLE,2021-04-12,7083,7870.9,0.0,0.0,0.0,0.0,0.0,0.0,2.0,2.0,0.0,0,0
Northmart,HONEY_NOUGAT_SINGLE,Northmart|HONEY_NOUGAT_SINGLE,2021-04-19,13244,7739.5,7344.5,3775.9,0.0,3568.6,0.0,0.0,1.7,2.0,15.0,0,1
Northmart,HONEY_NOUGAT_SINGLE,Northmart|HONEY_NOUGAT_SINGLE,2021-04-26,6970,7622.2,-1035.0,0.0,0.0,0.0,-1035.0,0.0,2.0,2.0,0.0,0,0
Northmart,HONEY_NOUGAT_SINGLE,Northmart|HONEY_NOUGAT_SINGLE,2021-05-03,9145,6784.3,2129.2,3309.9,0.0,0.0,0.0,-1180.7,1.7,2.0,15.0,0,0
Northmart,HONEY_NOUGAT_SINGLE,Northmart|HONEY_NOUGAT_SINGLE,2021-05-10,5076,6680.2,-1298.9,0.0,0.0,0.0,-907.1,-391.8,2.0,2.0,0.0,0,0
Northmart,HONEY_NOUGAT_SINGLE,Northmart|HONEY_NOUGAT_SINGLE,2021-05-17,6618,6583.2,-605.5,0.0,0.0,0.0,0.0,-605.5,2.0,2.0,0.0,0,0
Northmart,HONEY_NOUGAT_SINGLE,Northmart|HONEY_NOUGAT_SINGLE,2021-05-24,10674,6500.4,3171.3,3171.3,0.0,0.0,0.0,0.0,1.7,2.0,15.0,0,0
Northmart,HONEY_NOUGAT_SINGLE,Northmart|HONEY_NOUGAT_SINGLE,2021-05-31,5693,6432.0,-873.4,0.0,0.0,0.0,-873.4,0.0,2.0,2.0,0.0,0,0
Northmart,HONEY_NOUGAT_SINGLE,Northmart|HONEY_NOUGAT_SINGLE,2021-06-07,6603,6378.0,0.0,0.0,0.0,0.0,0.0,0.0,2.0,2.0,0.0,0,0
Northmart,HONEY_NOUGAT_SINGLE,Northmart|HONEY_NOUGAT_SINGLE,2021-06-14,14454,6345.7,6475.9,6475.9,0.0,0.0,0.0,0.0,1.5,2.0,25.0,0,0
Northmart,HONEY_NOUGAT_SINGLE,Northmart|HONEY_NOUGAT_SINGLE,2021-06-21,4482,6320.6,-1585.4,0.0,0.0,0.0,-1364.6,-220.7,2.0,2.0,0.0,0,0
Northmart,HONEY_NOUGAT_SINGLE,Northmart|HONEY_NOUGAT_SINGLE,2021-06-28,18378,6317.2,11159.6,8792.2,0.0,4682.4,0.0,-2315.1,1.4,2.0,30.0,0,1
Northmart,HONEY_NOUGAT_SINGLE,Northmart|HONEY_NOUGAT_SINGLE,2021-07-05,6069,6328.5,57.1,3087.5,0.0,0.0,-2383.5,-646.8,1.7,2.0,15.0,0,0
Northmart,HONEY_NOUGAT_SINGLE,Northmart|HONEY_NOUGAT_SINGLE,2021-07-12,5792,6361.5,-863.8,0.0,0.0,0.0,-863.8,0.0,2.0,2.0,0.0,0,0
Northmart,HONEY_NOUGAT_SINGLE,Northmart|HONEY_NOUGAT_SINGLE,2021-07-19,9266,6401.9,4684.6,6533.4,0.0,0.0,0.0,-1848.8,1.5,2.0,25.0,0,0
Northmart,HONEY_NOUGAT_SINGLE,Northmart|HONEY_NOUGAT_SINGLE,2021-07-26,4698,6464.2,-1395.7,0.0,0.0,0.0,-1395.7,0.0,2.0,2.0,0.0,0,0
Northmart,HONEY_NOUGAT_SINGLE,Northmart|HONEY_NOUGAT_SINGLE,2021-08-02,6942,6541.1,0.0,0.0,0.0,0.0,0.0,0.0,2.0,2.0,0.0,0,0
Northmart,HONEY_NOUGAT_SINGLE,Northmart|HONEY_NOUGAT_SINGLE,2021-08-09,6497,6632.7,0.0,0.0,0.0,0.0,0.0,0.0,2.0,2.0,0.0,0,0
Northmart,HONEY_NOUGAT_SINGLE,Northmart|HONEY_NOUGAT_SINGLE,2021-08-16,5818,6738.9,0.0,0.0,0.0,0.0,0.0,0.0,2.0,2.0,0.0,0,0
Northmart,HONEY_NOUGAT_SINGLE,Northmart|HONEY_NOUGAT_SINGLE,2021-08-23,6470,6852.5,0.0,0.0,0.0,0.0,0.0,0.0,2.0,2.0,0.0,0,0
Northmart,HONEY_NOUGAT_SINGLE,Northmart|HONEY_NOUGAT_SINGLE,2021-08-30,5572,6980.8,-642.1,0.0,0.0,0.0,0.0,-642.1,2.0,2.0,0.0,0,0
Northmart,HONEY_NOUGAT_SINGLE,Northmart|HONEY_NOUGAT_SINGLE,2021-09-06,6561,7109.1,0.0,0.0,0.0,0.0,0.0,0.0,2.0,2.0,0.0,0,0
Northmart,HONEY_NOUGAT_SINGLE,Northmart|HONEY_NOUGAT_SINGLE,2021-09-13,10658,7252.1,3538.1,3538.1,0.0,0.0,0.0,0.0,1.7,2.0,15.0,0,0
Northmart,HONEY_NOUGAT_SINGLE,Northmart|HONEY_NOUGAT_SINGLE,2021-09-20,11899,7395.2,4215.4,3607.9,0.0,3409.8,-1957.1,-845.3,1.7,2.0,15.0,0,1
Northmart,HONEY_NOUGAT_SINGLE,Northmart|HONEY_NOUGAT_SINGLE,2021-09-27,5716,7538.3,-1023.6,0.0,0.0,0.0,-1023.6,0.0,2.0,2.0,0.0,0,0
Northmart,HONEY_NOUGAT_SINGLE,Northmart|HONEY_NOUGAT_SINGLE,2021-10-04,7441,7681.6,0.0,0.0,0.0,0.0,0.0,0.0,2.0,2.0,0.0,0,0
Northmart,HONEY_NOUGAT_SINGLE,Northmart|HONEY_NOUGAT_SINGLE,2021-10-11,11562,7824.9,3817.5,3817.5,0.0,0.0,0.0,0.0,1.7,2.0,15.0,0,0
Northmart,HONEY_NOUGAT_SINGLE,Northmart|HONEY_NOUGAT_SINGLE,2021-10-18,6727,7968.4,-1082.0,0.0,0.0,0.0,-1082.0,0.0,2.0,2.0,0.0,0,0
Northmart,HONEY_NOUGAT_SINGLE,Northmart|HONEY_NOUGAT_SINGLE,2021-10-25,18889,8097.3,8744.0,2379.1,6364.9,0.0,0.0,0.0,1.8,2.0,10.0,1,0
Northmart,HONEY_NOUGAT_SINGLE,Northmart|HONEY_NOUGAT_SINGLE,2021-11-01,7476,8226.4,-762.6,0.0,0.0,0.0,-762.6,0.0,2.0,2.0,0.0,0,0
Northmart,HONEY_NOUGAT_SINGLE,Northmart|HONEY_NOUGAT_SINGLE,2021-11-08,22967,8340.9,15571.6,15571.6,0.0,0.0,0.0,0.0,1.3,2.0,35.0,0,0
Northmart,HONEY_NOUGAT_SINGLE,Northmart|HONEY_NOUGAT_SINGLE,2021-11-15,7000,8448.3,-1387.5,2482.3,0.0,0.0,-3154.5,-715.2,1.8,2.0,10.0,0,0
Northmart,HONEY_NOUGAT_SINGLE,Northmart|HONEY_NOUGAT_SINGLE,2021-11-22,6444,8541.1,-1504.6,0.0,0.0,0.0,-791.8,-712.8,2.0,2.0,0.0,0,0
Northmart,HONEY_NOUGAT_SINGLE,Northmart|HONEY_NOUGAT_SINGLE,2021-11-29,10172,8619.5,1506.8,2532.6,0.0,0.0,0.0,-1025.8,1.8,2.0,10.0,0,0
Northmart,HONEY_NOUGAT_SINGLE,Northmart|HONEY_NOUGAT_SINGLE,2021-12-06,7637,8683.3,-805.0,0.0,0.0,0.0,-805.0,0.0,2.0,2.0,0.0,0,0
Northmart,HONEY_NOUGAT_SINGLE,Northmart|HONEY_NOUGAT_SINGLE,2021-12-13,10984,8725.2,2563.6,2563.6,0.0,0.0,0.0,0.0,1.8,2.0,10.0,0,0
Northmart,HONEY_NOUGAT_SINGLE,Northmart|HONEY_NOUGAT_SINGLE,2021-12-20,23242,8759.9,14025.6,16353.8,0.0,0.0,-2328.2,0.0,1.3,2.0,35.0,0,0
Northmart,HONEY_NOUGAT_SINGLE,Northmart|HONEY_NOUGAT_SINGLE,2021-12-27,5785,8772.7,-3261.8,0.0,0.0,0.0,-2531.8,-730.0,2.0,2.0,0.0,0,0
Northmart,HONEY_NOUGAT_SINGLE,Northmart|HONEY_NOUGAT_SINGLE,2022-01-03,10492,8770.9,955.1,2577.0,0.0,0.0,0.0,-1621.9,1.8,2.0,10.0,0,0
Northmart,HONEY_NOUGAT_SINGLE,Northmart|HONEY_NOUGAT_SINGLE,2022-01-10,8989,8747.1,-810.9,0.0,0.0,0.0,-810.9,0.0,2.0,2.0,0.0,0,0
Northmart,HONEY_NOUGAT_SINGLE,Northmart|HONEY_NOUGAT_SINGLE,2022-01-17,8345,8715.9,-591.5,0.0,0.0,0.0,0.0,-591.5,2.0,2.0,0.0,0,0
Northmart,HONEY_NOUGAT_SINGLE,Northmart|HONEY_NOUGAT_SINGLE,2022-01-24,15317,8662.7,6285.5,6285.5,0.0,0.0,0.0,0.0,1.6,2.0,20.0,0,0
Northmart,HONEY_NOUGAT_SINGLE,Northmart|HONEY_NOUGAT_SINGLE,2022-01-31,12947,8594.7,4385.6,8771.1,0.0,0.0,-3070.6,-1314.9,1.5,2.0,25.0,0,0
Northmart,HONEY_NOUGAT_SINGLE,Northmart|HONEY_NOUGAT_SINGLE,2022-02-07,41669,8511.9,31778.8,15890.8,14825.6,12156.7,-11094.3,0.0,1.3,2.0,35.0,1,1
Northmart,HONEY_NOUGAT_SINGLE,Northmart|HONEY_NOUGAT_SINGLE,2022-02-14,5350,8414.2,-2428.3,0.0,0.0,0.0,-2428.3,0.0,2.0,2.0,0.0,0,0
Northmart,HONEY_NOUGAT_SINGLE,Northmart|HONEY_NOUGAT_SINGLE,2022-02-21,8263,8309.0,0.0,0.0,0.0,0.0,0.0,0.0,2.0,2.0,0.0,0,0
Northmart,HONEY_NOUGAT_SINGLE,Northmart|HONEY_NOUGAT_SINGLE,2022-02-28,7856,8188.9,-555.7,0.0,0.0,0.0,0.0,-555.7,2.0,2.0,0.0,0,0
Northmart,HONEY_NOUGAT_SINGLE,Northmart|HONEY_NOUGAT_SINGLE,2022-03-07,8212,8068.6,0.0,0.0,0.0,0.0,0.0,0.0,2.0,2.0,0.0,0,0
Northmart,HONEY_NOUGAT_SINGLE,Northmart|HONEY_NOUGAT_SINGLE,2022-03-14,15991,7933.3,8096.1,8096.1,0.0,0.0,0.0,0.0,1.5,2.0,25.0,0,0
Northmart,HONEY_NOUGAT_SINGLE,Northmart|HONEY_NOUGAT_SINGLE,2022-03-21,5519,7797.7,-2245.9,0.0,0.0,0.0,-1683.6,-562.4,2.0,2.0,0.0,0,0
Northmart,HONEY_NOUGAT_SINGLE,Northmart|HONEY_NOUGAT_SINGLE,2022-03-28,13124,7661.8,6395.2,7819.1,0.0,0.0,0.0,-1423.9,1.5,2.0,25.0,0,0
Northmart,HONEY_NOUGAT_SINGLE,Northmart|HONEY_NOUGAT_SINGLE,2022-04-04,6693,8266.3,-1784.7,0.0,0.0,0.0,-1784.7,0.0,2.0,2.0,0.0,0,0
Northmart,HONEY_NOUGAT_SINGLE,Northmart|HONEY_NOUGAT_SINGLE,2022-04-11,8441,8130.9,0.0,0.0,0.0,0.0,0.0,0.0,2.0,2.0,0.0,0,0
Northmart,HONEY_NOUGAT_SINGLE,Northmart|HONEY_NOUGAT_SINGLE,2022-04-18,12138,7995.2,5801.2,5801.2,0.0,0.0,0.0,0.0,1.6,2.0,20.0,0,0
Northmart,HONEY_NOUGAT_SINGLE,Northmart|HONEY_NOUGAT_SINGLE,2022-04-25,6201,7874.0,-1392.3,0.0,0.0,0.0,-1392.3,0.0,2.0,2.0,0.0,0,0
Northmart,HONEY_NOUGAT_SINGLE,Northmart|HONEY_NOUGAT_SINGLE,2022-05-02,6588,7008.5,-312.1,0.0,0.0,0.0,0.0,-312.1,2.0,2.0,0.0,0,0
Northmart,HONEY_NOUGAT_SINGLE,Northmart|HONEY_NOUGAT_SINGLE,2022-05-09,6289,6900.9,-986.3,0.0,0.0,0.0,0.0,-986.3,2.0,2.0,0.0,0,0
Northmart,HONEY_NOUGAT_SINGLE,Northmart|HONEY_NOUGAT_SINGLE,2022-05-16,15074,6800.6,6940.2,6940.2,0.0,0.0,0.0,0.0,1.5,2.0,25.0,0,0
Northmart,HONEY_NOUGAT_SINGLE,Northmart|HONEY_NOUGAT_SINGLE,2022-05-23,5405,6715.1,-1449.8,0.0,0.0,0.0,-1449.8,0.0,2.0,2.0,0.0,0,0
Northmart,HONEY_NOUGAT_SINGLE,Northmart|HONEY_NOUGAT_SINGLE,2022-05-30,6030,6644.5,-949.7,0.0,0.0,0.0,0.0,-949.7,2.0,2.0,0.0,0,0
Northmart,HONEY_NOUGAT_SINGLE,Northmart|HONEY_NOUGAT_SINGLE,2022-06-06,16392,6588.7,11688.0,4780.6,6907.3,0.0,0.0,0.0,1.6,2.0,20.0,1,0
Northmart,HONEY_NOUGAT_SINGLE,Northmart|HONEY_NOUGAT_SINGLE,2022-06-13,5528,6555.3,-1159.1,0.0,0.0,0.0,-1159.1,0.0,2.0,2.0,0.0,0,0
Northmart,HONEY_NOUGAT_SINGLE,Northmart|HONEY_NOUGAT_SINGLE,2022-06-20,6421,6529.3,-443.1,0.0,0.0,0.0,0.0,-443.1,2.0,2.0,0.0,0,0
Northmart,HONEY_NOUGAT_SINGLE,Northmart|HONEY_NOUGAT_SINGLE,2022-06-27,6737,6525.9,0.0,0.0,0.0,0.0,0.0,0.0,2.0,2.0,0.0,0,0
Northmart,HONEY_NOUGAT_SINGLE,Northmart|HONEY_NOUGAT_SINGLE,2022-07-04,8328,6537.5,1920.8,1920.8,0.0,0.0,0.0,0.0,1.8,2.0,10.0,0,0
Northmart,HONEY_NOUGAT_SINGLE,Northmart|HONEY_NOUGAT_SINGLE,2022-07-11,5695,6571.7,-609.2,0.0,0.0,0.0,-609.2,0.0,2.0,2.0,0.0,0,0
Northmart,HONEY_NOUGAT_SINGLE,Northmart|HONEY_NOUGAT_SINGLE,2022-07-18,6627,6613.4,0.0,0.0,0.0,0.0,0.0,0.0,2.0,2.0,0.0,0,0
Northmart,HONEY_NOUGAT_SINGLE,Northmart|HONEY_NOUGAT_SINGLE,2022-07-25,10557,6677.8,3257.9,3257.9,0.0,0.0,0.0,0.0,1.7,2.0,15.0,0,0
Northmart,HONEY_NOUGAT_SINGLE,Northmart|HONEY_NOUGAT_SINGLE,2022-08-01,15649,6757.2,9984.5,12615.0,0.0,0.0,-2630.5,0.0,1.3,2.0,35.0,0,0
Northmart,HONEY_NOUGAT_SINGLE,Northmart|HONEY_NOUGAT_SINGLE,2022-08-08,4705,6851.8,-2308.2,0.0,0.0,0.0,-1977.4,-330.8,2.0,2.0,0.0,0,0
Northmart,HONEY_NOUGAT_SINGLE,Northmart|HONEY_NOUGAT_SINGLE,2022-08-15,6680,6961.5,0.0,0.0,0.0,0.0,0.0,0.0,2.0,2.0,0.0,0,0
Northmart,HONEY_NOUGAT_SINGLE,Northmart|HONEY_NOUGAT_SINGLE,2022-08-22,7281,7078.9,0.0,0.0,0.0,0.0,0.0,0.0,2.0,2.0,0.0,0,0
Northmart,HONEY_NOUGAT_SINGLE,Northmart|HONEY_NOUGAT_SINGLE,2022-08-29,6158,7211.4,-1030.7,0.0,0.0,0.0,0.0,-1030.7,2.0,2.0,0.0,0,0
Northmart,HONEY_NOUGAT_SINGLE,Northmart|HONEY_NOUGAT_SINGLE,2022-09-05,7444,7343.9,0.0,0.0,0.0,0.0,0.0,0.0,2.0,2.0,0.0,0,0
Northmart,HONEY_NOUGAT_SINGLE,Northmart|HONEY_NOUGAT_SINGLE,2022-09-12,29997,7491.7,21313.0,10426.8,10886.2,0.0,0.0,0.0,1.4,2.0,30.0,1,0
Northmart,HONEY_NOUGAT_SINGLE,Northmart|HONEY_NOUGAT_SINGLE,2022-09-19,6319,7639.5,-1933.8,0.0,0.0,0.0,-1933.8,0.0,2.0,2.0,0.0,0,0
Northmart,HONEY_NOUGAT_SINGLE,Northmart|HONEY_NOUGAT_SINGLE,2022-09-26,7373,7787.4,-716.3,0.0,0.0,0.0,0.0,-716.3,2.0,2.0,0.0,0,0
Northmart,HONEY_NOUGAT_SINGLE,Northmart|HONEY_NOUGAT_SINGLE,2022-10-03,17544,7935.3,8569.1,2331.5,6237.5,0.0,0.0,0.0,1.8,2.0,10.0,1,0
Northmart,HONEY_NOUGAT_SINGLE,Northmart|HONEY_NOUGAT_SINGLE,2022-10-10,20645,8083.4,12942.5,15090.9,0.0,0.0,-2148.4,0.0,1.3,2.0,35.0,0,0
Northmart,HONEY_NOUGAT_SINGLE,Northmart|HONEY_NOUGAT_SINGLE,2022-10-17,5714,8231.6,-2375.6,0.0,0.0,0.0,-2375.6,0.0,2.0,2.0,0.0,0,0
Northmart,HONEY_NOUGAT_SINGLE,Northmart|HONEY_NOUGAT_SINGLE,2022-10-24,7487,8364.8,-567.7,0.0,0.0,0.0,0.0,-567.7,2.0,2.0,0.0,0,0
Northmart,HONEY_NOUGAT_SINGLE,Northmart|HONEY_NOUGAT_SINGLE,2022-10-31,9166,8498.1,0.0,0.0,0.0,0.0,0.0,0.0,2.0,2.0,0.0,0,0
Northmart,HONEY_NOUGAT_SINGLE,Northmart|HONEY_NOUGAT_SINGLE,2022-11-07,8672,8616.5,0.0,0.0,0.0,0.0,0.0,0.0,2.0,2.0,0.0,0,0
Northmart,HONEY_NOUGAT_SINGLE,Northmart|HONEY_NOUGAT_SINGLE,2022-11-14,7529,8727.3,0.0,0.0,0.0,0.0,0.0,0.0,2.0,2.0,0.0,0,0
Northmart,HONEY_NOUGAT_SINGLE,Northmart|HONEY_NOUGAT_SINGLE,2022-11-21,26039,8823.3,16472.1,16472.1,0.0,0.0,0.0,0.0,1.3,2.0,35.0,0,0
Northmart,HONEY_NOUGAT_SINGLE,Northmart|HONEY_NOUGAT_SINGLE,2022-11-28,6361,8904.2,-2569.7,0.0,0.0,0.0,-2569.7,0.0,2.0,2.0,0.0,0,0
Northmart,HONEY_NOUGAT_SINGLE,Northmart|HONEY_NOUGAT_SINGLE,2022-12-05,10026,8970.1,0.0,0.0,0.0,0.0,0.0,0.0,2.0,2.0,0.0,0,0
Northmart,HONEY_NOUGAT_SINGLE,Northmart|HONEY_NOUGAT_SINGLE,2022-12-12,25404,9013.4,16628.2,12544.8,0.0,6680.8,0.0,-2597.4,1.4,2.0,30.0,0,1
Northmart,HONEY_NOUGAT_SINGLE,Northmart|HONEY_NOUGAT_SINGLE,2022-12-19,5949,9049.3,-3256.7,0.0,0.0,0.0,-2290.7,-966.0,2.0,2.0,0.0,0,0
Northmart,HONEY_NOUGAT_SINGLE,Northmart|HONEY_NOUGAT_SINGLE,2022-12-26,8707,9062.5,0.0,0.0,0.0,0.0,0.0,0.0,2.0,2.0,0.0,0,0
Northmart,HONEY_NOUGAT_SINGLE,Northmart|HONEY_NOUGAT_SINGLE,2023-01-02,32623,9060.6,24965.0,16915.2,0.0,8049.8,0.0,0.0,1.3,2.0,35.0,0,1
Northmart,HONEY_NOUGAT_SINGLE,Northmart|HONEY_NOUGAT_SINGLE,2023-01-09,6115,9036.0,-3359.7,0.0,0.0,0.0,-2607.8,-751.9,2.0,2.0,0.0,0,0
Northmart,HONEY_NOUGAT_SINGLE,Northmart|HONEY_NOUGAT_SINGLE,2023-01-16,8915,9003.8,0.0,0.0,0.0,0.0,0.0,0.0,2.0,2.0,0.0,0,0
Northmart,HONEY_NOUGAT_SINGLE,Northmart|HONEY_NOUGAT_SINGLE,2023-01-23,7548,8948.8,-1046.7,0.0,0.0,0.0,0.0,-1046.7,2.0,2.0,0.0,0,0
Northmart,HONEY_NOUGAT_SINGLE,Northmart|HONEY_NOUGAT_SINGLE,2023-01-30,7218,8878.6,-1038.5,0.0,0.0,0.0,0.0,-1038.5,2.0,2.0,0.0,0,0
Northmart,HONEY_NOUGAT_SINGLE,Northmart|HONEY_NOUGAT_SINGLE,2023-02-06,8347,8793.1,-391.6,0.0,0.0,0.0,0.0,-391.6,2.0,2.0,0.0,0,0
Northmart,HONEY_NOUGAT_SINGLE,Northmart|HONEY_NOUGAT_SINGLE,2023-02-13,10532,8692.2,0.0,0.0,0.0,0.0,0.0,0.0,2.0,2.0,0.0,0,0
Northmart,HONEY_NOUGAT_SINGLE,Northmart|HONEY_NOUGAT_SINGLE,2023-02-20,8259,8583.5,0.0,0.0,0.0,0.0,0.0,0.0,2.0,2.0,0.0,0,0
Northmart,HONEY_NOUGAT_SINGLE,Northmart|HONEY_NOUGAT_SINGLE,2023-02-27,7597,8459.4,-1437.7,0.0,0.0,0.0,0.0,-1437.7,2.0,2.0,0.0,0,0
Northmart,HONEY_NOUGAT_SINGLE,Northmart|HONEY_NOUGAT_SINGLE,2023-03-06,7497,8335.1,-565.6,0.0,0.0,0.0,0.0,-565.6,2.0,2.0,0.0,0,0
Northmart,HONEY_NOUGAT_SINGLE,Northmart|HONEY_NOUGAT_SINGLE,2023-03-13,7804,8195.3,0.0,0.0,0.0,0.0,0.0,0.0,2.0,2.0,0.0,0,0
Northmart,HONEY_NOUGAT_SINGLE,Northmart|HONEY_NOUGAT_SINGLE,2023-03-20,7985,8055.3,0.0,0.0,0.0,0.0,0.0,0.0,2.0,2.0,0.0,0,0
Northmart,HONEY_NOUGAT_SINGLE,Northmart|HONEY_NOUGAT_SINGLE,2023-03-27,7924,7914.9,0.0,0.0,0.0,0.0,0.0,0.0,2.0,2.0,0.0,0,0
Northmart,HONEY_NOUGAT_SINGLE,Northmart|HONEY_NOUGAT_SINGLE,2023-04-03,11329,8539.4,2509.0,2509.0,0.0,0.0,0.0,0.0,1.8,2.0,10.0,0,0
Northmart,HONEY_NOUGAT_SINGLE,Northmart|HONEY_NOUGAT_SINGLE,2023-04-10,15904,8399.5,6998.5,8571.9,0.0,0.0,-1573.4,0.0,1.5,2.0,25.0,0,0
Northmart,HONEY_NOUGAT_SINGLE,Northmart|HONEY_NOUGAT_SINGLE,2023-04-17,15627,8259.3,7230.1,11495.2,0.0,0.0,-4265.1,0.0,1.4,2.0,30.0,0,0
Northmart,HONEY_NOUGAT_SINGLE,Northmart|HONEY_NOUGAT_SINGLE,2023-04-24,5616,8134.1,-2059.0,0.0,0.0,0.0,-2059.0,0.0,2.0,2.0,0.0,0,0
Northmart,HONEY_NOUGAT_SINGLE,Northmart|HONEY_NOUGAT_SINGLE,2023-05-01,7550,7240.0,0.0,0.0,0.0,0.0,0.0,0.0,2.0,2.0,0.0,0,0
Northmart,HONEY_NOUGAT_SINGLE,Northmart|HONEY_NOUGAT_SINGLE,2023-05-08,6897,7128.9,0.0,0.0,0.0,0.0,0.0,0.0,2.0,2.0,0.0,0,0
Northmart,HONEY_NOUGAT_SINGLE,Northmart|HONEY_NOUGAT_SINGLE,2023-05-15,6521,7025.3,0.0,0.0,0.0,0.0,0.0,0.0,2.0,2.0,0.0,0,0
Northmart,HONEY_NOUGAT_SINGLE,Northmart|HONEY_NOUGAT_SINGLE,2023-05-22,6841,6937.0,0.0,0.0,0.0,0.0,0.0,0.0,2.0,2.0,0.0,0,0
Northmart,HONEY_NOUGAT_SINGLE,Northmart|HONEY_NOUGAT_SINGLE,2023-05-29,6954,6863.9,0.0,0.0,0.0,0.0,0.0,0.0,2.0,2.0,0.0,0,0
Northmart,HONEY_NOUGAT_SINGLE,Northmart|HONEY_NOUGAT_SINGLE,2023-06-05,6428,6806.3,0.0,0.0,0.0,0.0,0.0,0.0,2.0,2.0,0.0,0,0
Northmart,HONEY_NOUGAT_SINGLE,Northmart|HONEY_NOUGAT_SINGLE,2023-06-12,6128,6771.8,-1150.9,0.0,0.0,0.0,0.0,-1150.9,2.0,2.0,0.0,0,0
Northmart,HONEY_NOUGAT_SINGLE,Northmart|HONEY_NOUGAT_SINGLE,2023-06-19,5534,6745.0,-964.0,0.0,0.0,0.0,0.0,-964.0,2.0,2.0,0.0,0,0
Northmart,HONEY_NOUGAT_SINGLE,Northmart|HONEY_NOUGAT_SINGLE,2023-06-26,6862,6741.5,-620.1,0.0,0.0,0.0,0.0,-620.1,2.0,2.0,0.0,0,0
Northmart,HONEY_NOUGAT_SINGLE,Northmart|HONEY_NOUGAT_SINGLE,2023-07-03,6090,6753.5,0.0,0.0,0.0,0.0,0.0,0.0,2.0,2.0,0.0,0,0
Northmart,HONEY_NOUGAT_SINGLE,Northmart|HONEY_NOUGAT_SINGLE,2023-07-10,18303,6788.8,10883.7,12673.9,0.0,0.0,0.0,-1790.2,1.3,2.0,35.0,0,0
Northmart,HONEY_NOUGAT_SINGLE,Northmart|HONEY_NOUGAT_SINGLE,2023-07-17,5021,6831.9,-1971.7,0.0,0.0,0.0,-1971.7,0.0,2.0,2.0,0.0,0,0
Northmart,HONEY_NOUGAT_SINGLE,Northmart|HONEY_NOUGAT_SINGLE,2023-07-24,7220,6898.4,0.0,0.0,0.0,0.0,0.0,0.0,2.0,2.0,0.0,0,0
Northmart,HONEY_NOUGAT_SINGLE,Northmart|HONEY_NOUGAT_SINGLE,2023-07-31,6875,6980.4,0.0,0.0,0.0,0.0,0.0,0.0,2.0,2.0,0.0,0,0
Northmart,HONEY_NOUGAT_SINGLE,Northmart|HONEY_NOUGAT_SINGLE,2023-08-07,7662,7078.2,0.0,0.0,0.0,0.0,0.0,0.0,2.0,2.0,0.0,0,0
Northmart,HONEY_NOUGAT_SINGLE,Northmart|HONEY_NOUGAT_SINGLE,2023-08-14,7305,7191.5,0.0,0.0,0.0,0.0,0.0,0.0,2.0,2.0,0.0,0,0
Northmart,HONEY_NOUGAT_SINGLE,Northmart|HONEY_NOUGAT_SINGLE,2023-08-21,6847,7312.7,-496.3,0.0,0.0,0.0,0.0,-496.3,2.0,2.0,0.0,0,0
Northmart,HONEY_NOUGAT_SINGLE,Northmart|HONEY_NOUGAT_SINGLE,2023-08-28,7283,7449.6,0.0,0.0,0.0,0.0,0.0,0.0,2.0,2.0,0.0,0,0
Northmart,HONEY_NOUGAT_SINGLE,Northmart|HONEY_NOUGAT_SINGLE,2023-09-04,7950,7586.5,0.0,0.0,0.0,0.0,0.0,0.0,2.0,2.0,0.0,0,0
Northmart,HONEY_NOUGAT_SINGLE,Northmart|HONEY_NOUGAT_SINGLE,2023-09-11,6346,7739.1,-1315.3,0.0,0.0,0.0,0.0,-1315.3,2.0,2.0,0.0,0,0
Northmart,HONEY_NOUGAT_SINGLE,Northmart|HONEY_NOUGAT_SINGLE,2023-09-18,6518,7891.8,-725.9,0.0,0.0,0.0,0.0,-725.9,2.0,2.0,0.0,0,0
Northmart,HONEY_NOUGAT_SINGLE,Northmart|HONEY_NOUGAT_SINGLE,2023-09-25,8214,8044.6,-358.3,0.0,0.0,0.0,0.0,-358.3,2.0,2.0,0.0,0,0
Northmart,HONEY_NOUGAT_SINGLE,Northmart|HONEY_NOUGAT_SINGLE,2023-10-02,18532,8197.5,11409.3,3999.3,7410.0,0.0,0.0,0.0,1.7,2.0,15.0,1,0
Northmart,HONEY_NOUGAT_SINGLE,Northmart|HONEY_NOUGAT_SINGLE,2023-10-09,5769,8350.4,-1455.3,0.0,0.0,0.0,-1133.9,-321.4,2.0,2.0,0.0,0,0
Northmart,HONEY_NOUGAT_SINGLE,Northmart|HONEY_NOUGAT_SINGLE,2023-10-16,23666,8503.5,15084.8,6170.0,8914.8,0.0,0.0,0.0,1.6,2.0,20.0,1,0
Northmart,HONEY_NOUGAT_SINGLE,Northmart|HONEY_NOUGAT_SINGLE,2023-10-23,6660,8641.1,-1527.9,0.0,0.0,0.0,-1527.9,0.0,2.0,2.0,0.0,0,0
Northmart,HONEY_NOUGAT_SINGLE,Northmart|HONEY_NOUGAT_SINGLE,2023-10-30,9410,8778.8,-595.8,0.0,0.0,0.0,0.0,-595.8,2.0,2.0,0.0,0,0
Northmart,HONEY_NOUGAT_SINGLE,Northmart|HONEY_NOUGAT_SINGLE,2023-11-06,8693,8901.1,0.0,0.0,0.0,0.0,0.0,0.0,2.0,2.0,0.0,0,0
Northmart,HONEY_NOUGAT_SINGLE,Northmart|HONEY_NOUGAT_SINGLE,2023-11-13,28253,9015.6,19230.3,12547.9,0.0,6682.5,0.0,0.0,1.4,2.0,30.0,0,1
Northmart,HONEY_NOUGAT_SINGLE,Northmart|HONEY_NOUGAT_SINGLE,2023-11-20,5544,9114.7,-3464.2,0.0,0.0,0.0,-2307.3,-1157.0,2.0,2.0,0.0,0,0
Northmart,HONEY_NOUGAT_SINGLE,Northmart|HONEY_NOUGAT_SINGLE,2023-11-27,8697,9198.3,-409.7,0.0,0.0,0.0,0.0,-409.7,2.0,2.0,0.0,0,0
Northmart,HONEY_NOUGAT_SINGLE,Northmart|HONEY_NOUGAT_SINGLE,2023-12-04,22521,9266.4,11678.9,6723.6,0.0,4955.3,0.0,0.0,1.6,2.0,20.0,0,1
Northmart,HONEY_NOUGAT_SINGLE,Northmart|HONEY_NOUGAT_SINGLE,2023-12-11,5992,9311.2,-2949.1,0.0,0.0,0.0,-1646.4,-1302.7,2.0,2.0,0.0,0,0
Northmart,HONEY_NOUGAT_SINGLE,Northmart|HONEY_NOUGAT_SINGLE,2023-12-18,15723,9348.2,6782.9,6782.9,0.0,0.0,0.0,0.0,1.6,2.0,20.0,0,0
Northmart,HONEY_NOUGAT_SINGLE,Northmart|HONEY_NOUGAT_SINGLE,2023-12-25,7785,9361.9,-1655.4,0.0,0.0,0.0,-1655.4,0.0,2.0,2.0,0.0,0,0
Northmart,SILKEN_BLOCK,Northmart|SILKEN_BLOCK,2021-01-04,12692,7096.2,4710.9,4710.9,0.0,0.0,0.0,0.0,3.36,4.2,20.0,0,0
Northmart,SILKEN_BLOCK,Northmart|SILKEN_BLOCK,2021-01-11,8082,7078.7,1252.3,3177.7,0.0,0.0,-1925.4,0.0,3.57,4.2,15.0,0,0
Northmart,SILKEN_BLOCK,Northmart|SILKEN_BLOCK,2021-01-18,5265,7055.2,-1018.7,0.0,0.0,0.0,-1018.7,0.0,4.2,4.2,0.0,0,0
Northmart,SILKEN_BLOCK,Northmart|SILKEN_BLOCK,2021-01-25,18217,7014.1,11729.2,11729.2,0.0,0.0,0.0,0.0,2.73,4.2,35.0,0,0
Northmart,SILKEN_BLOCK,Northmart|SILKEN_BLOCK,2021-02-01,5156,6961.2,-2123.3,0.0,0.0,0.0,-2123.3,0.0,4.2,4.2,0.0,0,0
Northmart,SILKEN_BLOCK,Northmart|SILKEN_BLOCK,2021-02-08,7392,6896.4,0.0,0.0,0.0,0.0,0.0,0.0,4.2,4.2,0.0,0,0
Northmart,SILKEN_BLOCK,Northmart|SILKEN_BLOCK,2021-02-15,6538,6819.7,0.0,0.0,0.0,0.0,0.0,0.0,4.2,4.2,0.0,0,0
Northmart,SILKEN_BLOCK,Northmart|SILKEN_BLOCK,2021-02-22,15602,6736.9,8465.0,8465.0,0.0,0.0,0.0,0.0,2.94,4.2,30.0,0,0
Northmart,SILKEN_BLOCK,Northmart|SILKEN_BLOCK,2021-03-01,4434,6642.1,-1779.6,0.0,0.0,0.0,-1779.6,0.0,4.2,4.2,0.0,0,0
Northmart,SILKEN_BLOCK,Northmart|SILKEN_BLOCK,2021-03-08,6289,6547.1,0.0,0.0,0.0,0.0,0.0,0.0,4.2,4.2,0.0,0,0
Northmart,SILKEN_BLOCK,Northmart|SILKEN_BLOCK,2021-03-15,12895,6440.0,5975.3,5975.3,0.0,0.0,0.0,0.0,3.15,4.2,25.0,0,0
Northmart,SILKEN_BLOCK,Northmart|SILKEN_BLOCK,2021-03-22,11197,6332.6,4686.5,7957.0,0.0,0.0,-3270.5,0.0,2.94,4.2,30.0,0,0
Northmart,SILKEN_BLOCK,Northmart|SILKEN_BLOCK,2021-03-29,4937,6224.9,-1667.8,0.0,0.0,0.0,-1667.8,0.0,4.2,4.2,0.0,0,0
Northmart,SILKEN_BLOCK,Northmart|SILKEN_BLOCK,2021-04-05,22458,6711.1,14143.3,8432.6,0.0,5710.7,0.0,0.0,2.94,4.2,30.0,0,1
Northmart,SILKEN_BLOCK,Northmart|SILKEN_BLOCK,2021-04-12,4302,6603.9,-1769.4,0.0,0.0,0.0,-1769.4,0.0,4.2,4.2,0.0,0,0
Northmart,SILKEN_BLOCK,Northmart|SILKEN_BLOCK,2021-04-19,6516,6496.4,0.0,0.0,0.0,0.0,0.0,0.0,4.2,4.2,0.0,0,0
Northmart,SILKEN_BLOCK,Northmart|SILKEN_BLOCK,2021-04-26,7466,6400.5,0.0,0.0,0.0,0.0,0.0,0.0,4.2,4.2,0.0,0,0
Northmart,SILKEN_BLOCK,Northmart|SILKEN_BLOCK,2021-05-03,6128,5706.3,0.0,0.0,0.0,0.0,0.0,0.0,4.2,4.2,0.0,0,0
Northmart,SILKEN_BLOCK,Northmart|SILKEN_BLOCK,2021-05-10,5541,5621.0,0.0,0.0,0.0,0.0,0.0,0.0,4.2,4.2,0.0,0,0
Northmart,SILKEN_BLOCK,Northmart|SILKEN_BLOCK,2021-05-17,5399,5541.5,0.0,0.0,0.0,0.0,0.0,0.0,4.2,4.2,0.0,0,0
Northmart,SILKEN_BLOCK,Northmart|SILKEN_BLOCK,2021-05-24,5215,5473.8,0.0,0.0,0.0,0.0,0.0,0.0,4.2,4.2,0.0,0,0
Northmart,SILKEN_BLOCK,Northmart|SILKEN_BLOCK,2021-05-31,6214,5418.1,0.0,0.0,0.0,0.0,0.0,0.0,4.2,4.2,0.0,0,0
Northmart,SILKEN_BLOCK,Northmart|SILKEN_BLOCK,2021-06-07,4981,5374.3,0.0,0.0,0.0,0.0,0.0,0.0,4.2,4.2,0.0,0,0
Northmart,SILKEN_BLOCK,Northmart|SILKEN_BLOCK,2021-06-14,5289,5348.5,0.0,0.0,0.0,0.0,0.0,0.0,4.2,4.2,0.0,0,0
Northmart,SILKEN_BLOCK,Northmart|SILKEN_BLOCK,2021-06-21,6102,5328.7,0.0,0.0,0.0,0.0,0.0,0.0,4.2,4.2,0.0,0,0
Northmart,SILKEN_BLOCK,Northmart|SILKEN_BLOCK,2021-06-28,12655,5327.1,9012.1,3536.4,5475.7,0.0,0.0,0.0,3.36,4.2,20.0,1,0
Northmart,SILKEN_BLOCK,Northmart|SILKEN_BLOCK,2021-07-05,8002,5337.5,3020.6,4952.3,0.0,0.0,-1931.7,0.0,3.15,4.2,25.0,0,0
Northmart,SILKEN_BLOCK,Northmart|SILKEN_BLOCK,2021-07-12,3940,5366.2,-1228.2,0.0,0.0,0.0,-1228.2,0.0,4.2,4.2,0.0,0,0
Northmart,SILKEN_BLOCK,Northmart|SILKEN_BLOCK,2021-07-19,6923,5401.0,1467.7,1467.7,0.0,0.0,0.0,0.0,3.78,4.2,10.0,0,0
Northmart,SILKEN_BLOCK,Northmart|SILKEN_BLOCK,2021-07-26,5058,5454.0,-538.5,0.0,0.0,0.0,-538.5,0.0,4.2,4.2,0.0,0,0
Northmart,SILKEN_BLOCK,Northmart|SILKEN_BLOCK,2021-08-02,4792,5519.2,0.0,0.0,0.0,0.0,0.0,0.0,4.2,4.2,0.0,0,0
Northmart,SILKEN_BLOCK,Northmart|SILKEN_BLOCK,2021-08-09,5515,5596.7,0.0,0.0,0.0,0.0,0.0,0.0,4.2,4.2,0.0,0,0
Northmart,SILKEN_BLOCK,Northmart|SILKEN_BLOCK,2021-08-16,13505,5686.4,7642.7,2552.7,5090.0,0.0,0.0,0.0,3.57,4.2,15.0,1,0
Northmart,SILKEN_BLOCK,Northmart|SILKEN_BLOCK,2021-08-23,4786,5782.3,-834.9,0.0,0.0,0.0,-834.9,0.0,4.2,4.2,0.0,0,0
Northmart,SILKEN_BLOCK,Northmart|SILKEN_BLOCK,2021-08-30,5725,5890.3,0.0,0.0,0.0,0.0,0.0,0.0,4.2,4.2,0.0,0,0
Northmart,SILKEN_BLOCK,Northmart|SILKEN_BLOCK,2021-09-06,5812,5998.5,0.0,0.0,0.0,0.0,0.0,0.0,4.2,4.2,0.0,0,0
Northmart,SILKEN_BLOCK,Northmart|SILKEN_BLOCK,2021-09-13,6236,6118.9,0.0,0.0,0.0,0.0,0.0,0.0,4.2,4.2,0.0,0,0
Northmart,SILKEN_BLOCK,Northmart|SILKEN_BLOCK,2021-09-20,11525,6239.5,5789.2,5789.2,0.0,0.0,0.0,0.0,3.15,4.2,25.0,0,0
Northmart,SILKEN_BLOCK,Northmart|SILKEN_BLOCK,2021-09-27,10070,6360.1,3094.9,5901.1,0.0,0.0,-2806.2,0.0,3.15,4.2,25.0,0,0
Northmart,SILKEN_BLOCK,Northmart|SILKEN_BLOCK,2021-10-04,4933,6480.8,-1483.3,0.0,0.0,0.0,-1483.3,0.0,4.2,4.2,0.0,0,0
Northmart,SILKEN_BLOCK,Northmart|SILKEN_BLOCK,2021-10-11,11780,6601.6,6125.2,6125.2,0.0,0.0,0.0,0.0,3.15,4.2,25.0,0,0
Northmart,SILKEN_BLOCK,Northmart|SILKEN_BLOCK,2021-10-18,5523,6722.5,-1538.6,0.0,0.0,0.0,-1538.6,0.0,4.2,4.2,0.0,0,0
Northmart,SILKEN_BLOCK,Northmart|SILKEN_BLOCK,2021-10-25,9910,6831.3,3066.7,3066.7,0.0,0.0,0.0,0.0,3.57,4.2,15.0,0,0
Northmart,SILKEN_BLOCK,Northmart|SILKEN_BLOCK,2021-11-01,5691,6940.3,-1002.1,0.0,0.0,0.0,-1002.1,0.0,4.2,4.2,0.0,0,0
Northmart,SILKEN_BLOCK,Northmart|SILKEN_BLOCK,2021-11-08,7028,7037.2,0.0,0.0,0.0,0.0,0.0,0.0,4.2,4.2,0.0,0,0
Northmart,SILKEN_BLOCK,Northmart|SILKEN_BLOCK,2021-11-15,16461,7128.1,8956.5,8956.5,0.0,0.0,0.0,0.0,2.94,4.2,30.0,0,0
Northmart,SILKEN_BLOCK,Northmart|SILKEN_BLOCK,2021-11-22,5819,7207.0,-1931.0,0.0,0.0,0.0,-1931.0,0.0,4.2,4.2,0.0,0,0
Northmart,SILKEN_BLOCK,Northmart|SILKEN_BLOCK,2021-11-29,7393,7273.8,0.0,0.0,0.0,0.0,0.0,0.0,4.2,4.2,0.0,0,0
Northmart,SILKEN_BLOCK,Northmart|SILKEN_BLOCK,2021-12-06,14001,7328.5,6799.6,6799.6,0.0,0.0,0.0,0.0,3.15,4.2,25.0,0,0
Northmart,SILKEN_BLOCK,Northmart|SILKEN_BLOCK,2021-12-13,5324,7365.0,-1685.6,0.0,0.0,0.0,-1685.6,0.0,4.2,4.2,0.0,0,0
Northmart,SILKEN_BLOCK,Northmart|SILKEN_BLOCK,2021-12-20,7496,7395.4,0.0,0.0,0.0,0.0,0.0,0.0,4.2,4.2,0.0,0,0
Northmart,SILKEN_BLOCK,Northmart|SILKEN_BLOCK,2021-12-27,7502,7407.6,0.0,0.0,0.0,0.0,0.0,0.0,4.2,4.2,0.0,0,0
Northmart,SILKEN_BLOCK,Northmart|SILKEN_BLOCK,2022-01-03,9383,7407.7,3325.4,3325.4,0.0,0.0,0.0,0.0,3.57,4.2,15.0,0,0
Northmart,SILKEN_BLOCK,Northmart|SILKEN_BLOCK,2022-01-10,10134,7389.3,3130.3,4905.5,0.0,0.0,-1775.2,0.0,3.36,4.2,20.0,0,0
Northmart,SILKEN_BLOCK,Northmart|SILKEN_BLOCK,2022-01-17,6091,7364.9,-1382.6,0.0,0.0,0.0,-1382.6,0.0,4.2,4.2,0.0,0,0
Northmart,SILKEN_BLOCK,Northmart|SILKEN_BLOCK,2022-01-24,10763,7322.0,3287.0,3287.0,0.0,0.0,0.0,0.0,3.57,4.2,15.0,0,0
Northmart,SILKEN_BLOCK,Northmart|SILKEN_BLOCK,2022-01-31,7042,7266.7,-1049.2,0.0,0.0,0.0,-1049.2,0.0,4.2,4.2,0.0,0,0
Northmart,SILKEN_BLOCK,Northmart|SILKEN_BLOCK,2022-02-07,7427,7199.1,0.0,0.0,0.0,0.0,0.0,0.0,4.2,4.2,0.0,0,0
Northmart,SILKEN_BLOCK,Northmart|SILKEN_BLOCK,2022-02-14,7931,7119.0,0.0,0.0,0.0,0.0,0.0,0.0,4.2,4.2,0.0,0,0
Northmart,SILKEN_BLOCK,Northmart|SILKEN_BLOCK,2022-02-21,7087,7032.6,0.0,0.0,0.0,0.0,0.0,0.0,4.2,4.2,0.0,0,0
Northmart,SILKEN_BLOCK,Northmart|SILKEN_BLOCK,2022-02-28,7095,6933.6,0.0,0.0,0.0,0.0,0.0,0.0,4.2,4.2,0.0,0,0
Northmart,SILKEN_BLOCK,Northmart|SILKEN_BLOCK,2022-03-07,14580,6834.4,6802.3,3068.1,0.0,3734.2,0.0,0.0,3.57,4.2,15.0,0,1
Northmart,SILKEN_BLOCK,Northmart|SILKEN_BLOCK,2022-03-14,12480,6722.6,6256.7,8447.0,0.0,0.0,-2190.3,0.0,2.94,4.2,30.0,0,0
Northmart,SILKEN_BLOCK,Northmart|SILKEN_BLOCK,2022-03-21,7322,6610.5,401.3,2967.6,0.0,0.0,-2566.3,0.0,3.57,4.2,15.0,0,0
Northmart,SILKEN_BLOCK,Northmart|SILKEN_BLOCK,2022-03-28,10761,6498.1,4595.5,2917.1,0.0,3550.5,-1872.1,0.0,3.57,4.2,15.0,0,1
Northmart,SILKEN_BLOCK,Northmart|SILKEN_BLOCK,2022-04-04,6650,7005.7,-1011.5,0.0,0.0,0.0,-1011.5,0.0,4.2,4.2,0.0,0,0
Northmart,SILKEN_BLOCK,Northmart|SILKEN_BLOCK,2022-04-11,14339,6893.7,6861.3,3094.7,0.0,3766.6,0.0,0.0,3.57,4.2,15.0,0,1
Northmart,SILKEN_BLOCK,Northmart|SILKEN_BLOCK,2022-04-18,5878,6781.5,-979.2,0.0,0.0,0.0,-979.2,0.0,4.2,4.2,0.0,0,0
Northmart,SILKEN_BLOCK,Northmart|SILKEN_BLOCK,2022-04-25,6002,6681.4,0.0,0.0,0.0,0.0,0.0,0.0,4.2,4.2,0.0,0,0
Northmart,SILKEN_BLOCK,Northmart|SILKEN_BLOCK,2022-05-02,5439,5956.8,0.0,0.0,0.0,0.0,0.0,0.0,4.2,4.2,0.0,0,0
Northmart,SILKEN_BLOCK,Northmart|SILKEN_BLOCK,2022-05-09,14868,5867.7,9812.1,9812.1,0.0,0.0,0.0,0.0,2.73,4.2,35.0,0,0
Northmart,SILKEN_BLOCK,Northmart|SILKEN_BLOCK,2022-05-16,4296,5784.7,-1764.4,0.0,0.0,0.0,-1764.4,0.0,4.2,4.2,0.0,0,0
Northmart,SILKEN_BLOCK,Northmart|SILKEN_BLOCK,2022-05-23,5671,5714.1,0.0,0.0,0.0,0.0,0.0,0.0,4.2,4.2,0.0,0,0
Northmart,SILKEN_BLOCK,Northmart|SILKEN_BLOCK,2022-05-30,4984,5655.9,0.0,0.0,0.0,0.0,0.0,0.0,4.2,4.2,0.0,0,0
Northmart,SILKEN_BLOCK,Northmart|SILKEN_BLOCK,2022-06-06,6030,5610.1,0.0,0.0,0.0,0.0,0.0,0.0,4.2,4.2,0.0,0,0
Northmart,SILKEN_BLOCK,Northmart|SILKEN_BLOCK,2022-06-13,6307,5583.2,0.0,0.0,0.0,0.0,0.0,0.0,4.2,4.2,0.0,0,0
Northmart,SILKEN_BLOCK,Northmart|SILKEN_BLOCK,2022-06-20,14735,5562.6,9301.8,9301.8,0.0,0.0,0.0,0.0,2.73,4.2,35.0,0,0
Northmart,SILKEN_BLOCK,Northmart|SILKEN_BLOCK,2022-06-27,5554,5560.8,38.8,2496.4,0.0,0.0,-2457.5,0.0,3.57,4.2,15.0,0,0
Northmart,SILKEN_BLOCK,Northmart|SILKEN_BLOCK,2022-07-04,5423,5571.8,-804.5,0.0,0.0,0.0,-804.5,0.0,4.2,4.2,0.0,0,0
Northmart,SILKEN_BLOCK,Northmart|SILKEN_BLOCK,2022-07-11,5785,5601.7,0.0,0.0,0.0,0.0,0.0,0.0,4.2,4.2,0.0,0,0
Northmart,SILKEN_BLOCK,Northmart|SILKEN_BLOCK,2022-07-18,5244,5638.0,0.0,0.0,0.0,0.0,0.0,0.0,4.2,4.2,0.0,0,0
Northmart,SILKEN_BLOCK,Northmart|SILKEN_BLOCK,2022-07-25,21201,5693.4,15090.5,7153.8,7936.7,0.0,0.0,0.0,2.94,4.2,30.0,1,0
Northmart,SILKEN_BLOCK,Northmart|SILKEN_BLOCK,2022-08-01,7395,5761.5,1256.4,3824.8,0.0,0.0,-2568.5,0.0,3.36,4.2,20.0,0,0
Northmart,SILKEN_BLOCK,Northmart|SILKEN_BLOCK,2022-08-08,12484,5842.3,6931.6,3878.5,6005.4,0.0,-2952.3,0.0,3.36,4.2,20.0,1,0
Northmart,SILKEN_BLOCK,Northmart|SILKEN_BLOCK,2022-08-15,8567,5936.0,3359.3,5507.6,0.0,0.0,-2148.3,0.0,3.15,4.2,25.0,0,0
Northmart,SILKEN_BLOCK,Northmart|SILKEN_BLOCK,2022-08-22,3996,6036.0,-1381.5,0.0,0.0,0.0,-1381.5,0.0,4.2,4.2,0.0,0,0
Northmart,SILKEN_BLOCK,Northmart|SILKEN_BLOCK,2022-08-29,6945,6148.9,0.0,0.0,0.0,0.0,0.0,0.0,4.2,4.2,0.0,0,0
Northmart,SILKEN_BLOCK,Northmart|SILKEN_BLOCK,2022-09-05,6101,6261.8,0.0,0.0,0.0,0.0,0.0,0.0,4.2,4.2,0.0,0,0
Northmart,SILKEN_BLOCK,Northmart|SILKEN_BLOCK,2022-09-12,13473,6387.5,6754.3,1735.8,5018.4,0.0,0.0,0.0,3.78,4.2,10.0,1,0
Northmart,SILKEN_BLOCK,Northmart|SILKEN_BLOCK,2022-09-19,5530,6513.3,-643.1,0.0,0.0,0.0,-643.1,0.0,4.2,4.2,0.0,0,0
Northmart,SILKEN_BLOCK,Northmart|SILKEN_BLOCK,2022-09-26,6769,6639.2,0.0,0.0,0.0,0.0,0.0,0.0,4.2,4.2,0.0,0,0
Northmart,SILKEN_BLOCK,Northmart|SILKEN_BLOCK,2022-10-03,7100,6765.2,0.0,0.0,0.0,0.0,0.0,0.0,4.2,4.2,0.0,0,0
Northmart,SILKEN_BLOCK,Northmart|SILKEN_BLOCK,2022-10-10,6915,6891.3,0.0,0.0,0.0,0.0,0.0,0.0,4.2,4.2,0.0,0,0
Northmart,SILKEN_BLOCK,Northmart|SILKEN_BLOCK,2022-10-17,15235,7017.5,7420.5,1907.0,5513.4,0.0,0.0,0.0,3.78,4.2,10.0,1,0
Northmart,SILKEN_BLOCK,Northmart|SILKEN_BLOCK,2022-10-24,6639,7131.1,-704.1,0.0,0.0,0.0,-704.1,0.0,4.2,4.2,0.0,0,0
Northmart,SILKEN_BLOCK,Northmart|SILKEN_BLOCK,2022-10-31,7200,7244.9,0.0,0.0,0.0,0.0,0.0,0.0,4.2,4.2,0.0,0,0
Northmart,SILKEN_BLOCK,Northmart|SILKEN_BLOCK,2022-11-07,18876,7346.0,12284.2,12284.2,0.0,0.0,0.0,0.0,2.73,4.2,35.0,0,0
Northmart,SILKEN_BLOCK,Northmart|SILKEN_BLOCK,2022-11-14,5052,7440.9,-2269.6,0.0,0.0,0.0,-2269.6,0.0,4.2,4.2,0.0,0,0
Northmart,SILKEN_BLOCK,Northmart|SILKEN_BLOCK,2022-11-21,7302,7523.3,0.0,0.0,0.0,0.0,0.0,0.0,4.2,4.2,0.0,0,0
Northmart,SILKEN_BLOCK,Northmart|SILKEN_BLOCK,2022-11-28,20361,7593.0,13920.1,2063.4,5965.6,5891.0,0.0,0.0,3.78,4.2,10.0,1,1
Northmart,SILKEN_BLOCK,Northmart|SILKEN_BLOCK,2022-12-05,6435,7650.1,-755.4,0.0,0.0,0.0,-755.4,0.0,4.2,4.2,0.0,0,0
Northmart,SILKEN_BLOCK,Northmart|SILKEN_BLOCK,2022-12-12,7855,7688.2,0.0,0.0,0.0,0.0,0.0,0.0,4.2,4.2,0.0,0,0
Northmart,SILKEN_BLOCK,Northmart|SILKEN_BLOCK,2022-12-19,11847,7720.0,3465.6,3465.6,0.0,0.0,0.0,0.0,3.57,4.2,15.0,0,0
Northmart,SILKEN_BLOCK,Northmart|SILKEN_BLOCK,2022-12-26,6172,7732.7,-1116.5,0.0,0.0,0.0,-1116.5,0.0,4.2,4.2,0.0,0,0
Northmart,SILKEN_BLOCK,Northmart|SILKEN_BLOCK,2023-01-02,6991,7732.8,0.0,0.0,0.0,0.0,0.0,0.0,4.2,4.2,0.0,0,0
Northmart,SILKEN_BLOCK,Northmart|SILKEN_BLOCK,2023-01-09,14306,7713.6,7157.0,7157.0,0.0,0.0,0.0,0.0,3.15,4.2,25.0,0,0
Northmart,SILKEN_BLOCK,Northmart|SILKEN_BLOCK,2023-01-16,6059,7688.1,-1759.6,0.0,0.0,0.0,-1759.6,0.0,4.2,4.2,0.0,0,0
Northmart,SILKEN_BLOCK,Northmart|SILKEN_BLOCK,2023-01-23,7581,7643.3,0.0,0.0,0.0,0.0,0.0,0.0,4.2,4.2,0.0,0,0
Northmart,SILKEN_BLOCK,Northmart|SILKEN_BLOCK,2023-01-30,7607,7585.7,0.0,0.0,0.0,0.0,0.0,0.0,4.2,4.2,0.0,0,0
Northmart,SILKEN_BLOCK,Northmart|SILKEN_BLOCK,2023-02-06,7066,7515.1,0.0,0.0,0.0,0.0,0.0,0.0,4.2,4.2,0.0,0,0
Northmart,SILKEN_BLOCK,Northmart|SILKEN_BLOCK,2023-02-13,7049,7431.5,0.0,0.0,0.0,0.0,0.0,0.0,4.2,4.2,0.0,0,0
Northmart,SILKEN_BLOCK,Northmart|SILKEN_BLOCK,2023-02-20,11231,7341.2,3295.6,3295.6,0.0,0.0,0.0,0.0,3.57,4.2,15.0,0,0
Northmart,SILKEN_BLOCK,Northmart|SILKEN_BLOCK,2023-02-27,6266,7237.9,-1045.1,0.0,0.0,0.0,-1045.1,0.0,4.2,4.2,0.0,0,0
Northmart,SILKEN_BLOCK,Northmart|SILKEN_BLOCK,2023-03-06,7963,7134.4,0.0,0.0,0.0,0.0,0.0,0.0,4.2,4.2,0.0,0,0
Northmart,SILKEN_BLOCK,Northmart|SILKEN_BLOCK,2023-03-13,17772,7017.7,11872.3,4658.8,7213.5,0.0,0.0,0.0,3.36,4.2,20.0,1,0
Northmart,SILKEN_BLOCK,Northmart|SILKEN_BLOCK,2023-03-20,11360,6900.6,3905.3,6402.7,0.0,0.0,-2497.4,0.0,3.15,4.2,25.0,0,0
Northmart,SILKEN_BLOCK,Northmart|SILKEN_BLOCK,2023-03-27,10022,6783.3,3653.7,3045.1,0.0,3706.3,-3097.7,0.0,3.57,4.2,15.0,0,1
Northmart,SILKEN_BLOCK,Northmart|SILKEN_BLOCK,2023-04-03,5457,7313.1,-1055.9,0.0,0.0,0.0,-1055.9,0.0,4.2,4.2,0.0,0,0
Northmart,SILKEN_BLOCK,Northmart|SILKEN_BLOCK,2023-04-10,11250,7196.3,3230.5,3230.5,0.0,0.0,0.0,0.0,3.57,4.2,15.0,0,0
Northmart,SILKEN_BLOCK,Northmart|SILKEN_BLOCK,2023-04-17,6275,7079.1,-1022.1,0.0,0.0,0.0,-1022.1,0.0,4.2,4.2,0.0,0,0
Northmart,SILKEN_BLOCK,Northmart|SILKEN_BLOCK,2023-04-24,25150,6974.6,18486.6,8763.7,9722.9,0.0,0.0,0.0,2.94,4.2,30.0,1,0
Northmart,SILKEN_BLOCK,Northmart|SILKEN_BLOCK,2023-05-01,3995,6218.2,-1666.0,0.0,0.0,0.0,-1666.0,0.0,4.2,4.2,0.0,0,0
Northmart,SILKEN_BLOCK,Northmart|SILKEN_BLOCK,2023-05-08,6290,6125.2,0.0,0.0,0.0,0.0,0.0,0.0,4.2,4.2,0.0,0,0
Northmart,SILKEN_BLOCK,Northmart|SILKEN_BLOCK,2023-05-15,6739,6038.6,0.0,0.0,0.0,0.0,0.0,0.0,4.2,4.2,0.0,0,0
Northmart,SILKEN_BLOCK,Northmart|SILKEN_BLOCK,2023-05-22,19838,5964.9,15985.3,9974.5,0.0,6010.7,0.0,0.0,2.73,4.2,35.0,0,1
Northmart,SILKEN_BLOCK,Northmart|SILKEN_BLOCK,2023-05-29,3654,5904.1,-1800.8,0.0,0.0,0.0,-1800.8,0.0,4.2,4.2,0.0,0,0
Northmart,SILKEN_BLOCK,Northmart|SILKEN_BLOCK,2023-06-05,8244,5856.3,2629.0,2629.0,0.0,0.0,0.0,0.0,3.57,4.2,15.0,0,0
Northmart,SILKEN_BLOCK,Northmart|SILKEN_BLOCK,2023-06-12,5822,5828.3,-841.5,0.0,0.0,0.0,-841.5,0.0,4.2,4.2,0.0,0,0
Northmart,SILKEN_BLOCK,Northmart|SILKEN_BLOCK,2023-06-19,6532,5806.7,0.0,0.0,0.0,0.0,0.0,0.0,4.2,4.2,0.0,0,0
Northmart,SILKEN_BLOCK,Northmart|SILKEN_BLOCK,2023-06-26,5689,5804.9,0.0,0.0,0.0,0.0,0.0,0.0,4.2,4.2,0.0,0,0
Northmart,SILKEN_BLOCK,Northmart|SILKEN_BLOCK,2023-07-03,5625,5816.3,0.0,0.0,0.0,0.0,0.0,0.0,4.2,4.2,0.0,0,0
Northmart,SILKEN_BLOCK,Northmart|SILKEN_BLOCK,2023-07-10,6093,5847.5,0.0,0.0,0.0,0.0,0.0,0.0,4.2,4.2,0.0,0,0
Northmart,SILKEN_BLOCK,Northmart|SILKEN_BLOCK,2023-07-17,15657,5885.4,9841.7,9841.7,0.0,0.0,0.0,0.0,2.73,4.2,35.0,0,0
Northmart,SILKEN_BLOCK,Northmart|SILKEN_BLOCK,2023-07-24,20130,5943.2,11913.1,9938.4,9811.4,0.0,-7836.7,0.0,2.73,4.2,35.0,1,0
Northmart,SILKEN_BLOCK,Northmart|SILKEN_BLOCK,2023-07-31,4095,6014.3,-1834.4,0.0,0.0,0.0,-1834.4,0.0,4.2,4.2,0.0,0,0
Northmart,SILKEN_BLOCK,Northmart|SILKEN_BLOCK,2023-08-07,6005,6098.7,0.0,0.0,0.0,0.0,0.0,0.0,4.2,4.2,0.0,0,0
Northmart,SILKEN_BLOCK,Northmart|SILKEN_BLOCK,2023-08-14,11602,6196.5,5749.3,5749.3,0.0,0.0,0.0,0.0,3.15,4.2,25.0,0,0
Northmart,SILKEN_BLOCK,Northmart|SILKEN_BLOCK,2023-08-21,14376,6300.9,6682.9,10536.5,0.0,0.0,-3853.6,0.0,2.73,4.2,35.0,0,0
Northmart,SILKEN_BLOCK,Northmart|SILKEN_BLOCK,2023-08-28,4356,6418.7,-1957.8,0.0,0.0,0.0,-1957.8,0.0,4.2,4.2,0.0,0,0
Northmart,SILKEN_BLOCK,Northmart|SILKEN_BLOCK,2023-09-04,10352,6536.6,2934.4,2934.4,0.0,0.0,0.0,0.0,3.57,4.2,15.0,0,0
Northmart,SILKEN_BLOCK,Northmart|SILKEN_BLOCK,2023-09-11,5530,6667.8,-962.8,0.0,0.0,0.0,-962.8,0.0,4.2,4.2,0.0,0,0
Northmart,SILKEN_BLOCK,Northmart|SILKEN_BLOCK,2023-09-18,6149,6799.1,0.0,0.0,0.0,0.0,0.0,0.0,4.2,4.2,0.0,0,0
Northmart,SILKEN_BLOCK,Northmart|SILKEN_BLOCK,2023-09-25,6035,6930.6,0.0,0.0,0.0,0.0,0.0,0.0,4.2,4.2,0.0,0,0
Northmart,SILKEN_BLOCK,Northmart|SILKEN_BLOCK,2023-10-02,10900,7062.1,4688.3,4688.3,0.0,0.0,0.0,0.0,3.36,4.2,20.0,0,0
Northmart,SILKEN_BLOCK,Northmart|SILKEN_BLOCK,2023-10-09,5792,7193.7,-1350.5,0.0,0.0,0.0,-1350.5,0.0,4.2,4.2,0.0,0,0
Northmart,SILKEN_BLOCK,Northmart|SILKEN_BLOCK,2023-10-16,7166,7325.5,0.0,0.0,0.0,0.0,0.0,0.0,4.2,4.2,0.0,0,0
Northmart,SILKEN_BLOCK,Northmart|SILKEN_BLOCK,2023-10-23,9662,7444.1,2023.0,2023.0,0.0,0.0,0.0,0.0,3.78,4.2,10.0,0,0
Northmart,SILKEN_BLOCK,Northmart|SILKEN_BLOCK,2023-10-30,6721,7562.8,-746.7,0.0,0.0,0.0,-746.7,0.0,4.2,4.2,0.0,0,0
Northmart,SILKEN_BLOCK,Northmart|SILKEN_BLOCK,2023-11-06,7943,7668.4,0.0,0.0,0.0,0.0,0.0,0.0,4.2,4.2,0.0,0,0
Northmart,SILKEN_BLOCK,Northmart|SILKEN_BLOCK,2023-11-13,7164,7767.5,0.0,0.0,0.0,0.0,0.0,0.0,4.2,4.2,0.0,0,0
Northmart,SILKEN_BLOCK,Northmart|SILKEN_BLOCK,2023-11-20,7479,7853.4,0.0,0.0,0.0,0.0,0.0,0.0,4.2,4.2,0.0,0,0
Northmart,SILKEN_BLOCK,Northmart|SILKEN_BLOCK,2023-11-27,9088,7926.2,0.0,0.0,0.0,0.0,0.0,0.0,4.2,4.2,0.0,0,0
Northmart,SILKEN_BLOCK,Northmart|SILKEN_BLOCK,2023-12-04,26945,7985.8,17792.2,3585.0,7148.2,7058.9,0.0,0.0,3.57,4.2,15.0,1,1
Northmart,SILKEN_BLOCK,Northmart|SILKEN_BLOCK,2023-12-11,16022,8025.6,7469.4,10084.3,0.0,0.0,-2614.9,0.0,2.94,4.2,30.0,0,0
Northmart,SILKEN_BLOCK,Northmart|SILKEN_BLOCK,2023-12-18,8513,8058.8,-555.9,2190.0,0.0,0.0,-2746.0,0.0,3.78,4.2,10.0,0,0
Northmart,SILKEN_BLOCK,Northmart|SILKEN_BLOCK,2023-12-25,16042,8072.1,8344.2,10142.7,0.0,0.0,-1798.5,0.0,2.94,4.2,30.0,0,0
