retailer,promo_group,manufacturer,brand,segment,week_ending,units,value_sales,avg_price,base_price,tpr_discount,catalogue,display,si,retailer_pg,log_qty,log_price,si_log,trend,tpr_lag1,ACT_1_logprice,ACT_2_logprice
Freshway,BITES_BUTTONS_POUCH,CRESTLINE,Happy Buttons,Bitesize Pouch,2021-01-04,7252,36260.0,5.0,5.0,0.0,0,0,1.159,Freshway|BITES_BUTTONS_POUCH,8.889170455363413,1.6094379124341003,0.1475575643576147,0,0.0,1.7047480922384253,
Freshway,BITES_BUTTONS_POUCH,CRESTLINE,Happy Buttons,Bitesize Pouch,2021-01-11,6865,34325.0,5.0,5.0,0.0,0,0,1.155,Freshway|BITES_BUTTONS_POUCH,8.834336974017637,1.6094379124341003,0.14410034397375687,1,0.0,1.7047480922384253,
Freshway,BITES_BUTTONS_POUCH,CRESTLINE,Happy Buttons,Bitesize Pouch,2021-01-18,7504,37520.0,5.0,5.0,0.0,0,0,1.15,Freshway|BITES_BUTTONS_POUCH,8.923324744067562,1.6094379124341003,0.13976194237515863,2,0.0,1.7047480922384253,
Freshway,BITES_BUTTONS_POUCH,CRESTLINE,Happy Buttons,Bitesize Pouch,2021-01-25,7904,39520.0,5.0,5.0,0.0,0,0,1.142,Freshway|BITES_BUTTONS_POUCH,8.975250749643573,1.6094379124341003,0.1327811112338184,3,0.0,1.7047480922384253,
Freshway,BITES_BUTTONS_POUCH,CRESTLINE,Happy Buttons,Bitesize Pouch,2021-02-01,7411,37055.0,5.0,5.0,0.0,0,0,1.132,Freshway|BITES_BUTTONS_POUCH,8.91085558740525,1.6094379124341003,0.1239859797809911,4,0.0,1.5432981099295553,
Freshway,BITES_BUTTONS_POUCH,CRESTLINE,Happy Buttons,Bitesize Pouch,2021-02-08,6150,30750.0,5.0,5.0,0.0,0,0,1.12,Freshway|BITES_BUTTONS_POUCH,8.724369949208368,1.6094379124341003,0.11332868530700327,5,0.0,1.7047480922384253,
Freshway,BITES_BUTTONS_POUCH,CRESTLINE,Happy Buttons,Bitesize Pouch,2021-02-15,7132,35660.0,5.0,5.0,0.0,0,0,1.106,Freshway|BITES_BUTTONS_POUCH,8.872487182278038,1.6094379124341003,0.10074990310014315,6,0.0,1.7047480922384253,
Freshway,BITES_BUTTONS_POUCH,CRESTLINE,Happy Buttons,Bitesize Pouch,2021-02-22,16029,72130.5,4.5,5.0,10.0,1,0,1.091,Freshway|BITES_BUTTONS_POUCH,9.6822172456036,1.5040773967762742,0.08709470685093373,7,0.0,1.7047480922384253,
Freshway,BITES_BUTTONS_POUCH,CRESTLINE,Happy Buttons,Bitesize Pouch,2021-03-01,5697,28485.0,5.0,5.0,0.0,0,0,1.074,Freshway|BITES_BUTTONS_POUCH,8.647870515057853,1.6094379124341003,0.071389996086673,8,10.0,1.7047480922384253,
Freshway,BITES_BUTTONS_POUCH,CRESTLINE,Happy Buttons,Bitesize Pouch,2021-03-08,5808,29040.0,5.0,5.0,0.0,0,0,1.057,Freshway|BITES_BUTTONS_POUCH,8.667163717992533,1.6094379124341003,0.055434706888100524,9,0.0,1.7047480922384253,
Freshway,BITES_BUTTONS_POUCH,CRESTLINE,Happy Buttons,Bitesize Pouch,2021-03-15,9149,34308.75,3.75,5.0,25.0,0,0,1.038,Freshway|BITES_BUTTONS_POUCH,9.121509158269568,1.3217558399823195,0.03729578474369693,10,0.0,1.3480731482996928,
Freshway,BITES_BUTTONS_POUCH,CRESTLINE,Happy Buttons,Bitesize Pouch,2021-03-22,4599,22995.0,5.0,5.0,0.0,0,0,1.019,Freshway|BITES_BUTTONS_POUCH,8.433811582477187,1.6094379124341003,0.018821754240587667,11,25.0,1.7047480922384253,
Freshway,BITES_BUTTONS_POUCH,CRESTLINE,Happy Buttons,Bitesize Pouch,2021-03-29,8714,37034.5,4.25,5.0,15.0,0,0,1.0,Freshway|BITES_BUTTONS_POUCH,9.07280095795412,1.4469189829363254,0.0,12,0.0,1.7047480922384253,
Freshway,BITES_BUTTONS_POUCH,CRESTLINE,Happy Buttons,Bitesize Pouch,2021-04-05,16731,66924.0,4.0,5.0,20.0,1,0,1.081,Freshway|BITES_BUTTONS_POUCH,9.72507833256209,1.3862943611198906,0.0778865386570712,13,15.0,1.7047480922384253,
Freshway,BITES_BUTTONS_POUCH,CRESTLINE,Happy Buttons,Bitesize Pouch,2021-04-12,5455,27275.0,5.0,5.0,0.0,0,0,1.062,Freshway|BITES_BUTTONS_POUCH,8.604471199523298,1.6094379124341003,0.060153922819747144,14,20.0,1.7047480922384253,
Freshway,BITES_BUTTONS_POUCH,CRESTLINE,Happy Buttons,Bitesize Pouch,2021-04-19,6299,31495.0,5.0,5.0,0.0,0,0,1.043,Freshway|BITES_BUTTONS_POUCH,8.748304912379623,1.6094379124341003,0.042101176018635326,15,0.0,1.7047480922384253,
Freshway,BITES_BUTTONS_POUCH,CRESTLINE,Happy Buttons,Bitesize Pouch,2021-04-26,5287,26435.0,5.0,5.0,0.0,0,0,1.026,Freshway|BITES_BUTTONS_POUCH,8.573195381531523,1.6094379124341003,0.025667746748577813,16,0.0,1.275362800412609,
Freshway,BITES_BUTTONS_POUCH,CRESTLINE,Happy Buttons,Bitesize Pouch,2021-05-03,6064,30320.0,5.0,5.0,0.0,0,0,0.909,Freshway|BITES_BUTTONS_POUCH,8.71028982137815,1.6094379124341003,-0.09541018480465818,17,0.0,1.7047480922384253,
Freshway,BITES_BUTTONS_POUCH,CRESTLINE,Happy Buttons,Bitesize Pouch,2021-05-10,5534,27670.0,5.0,5.0,0.0,0,0,0.894,Freshway|BITES_BUTTONS_POUCH,8.618846845142738,1.6094379124341003,-0.11204950380862289,18,0.0,1.7047480922384253,
Freshway,BITES_BUTTONS_POUCH,CRESTLINE,Happy Buttons,Bitesize Pouch,2021-05-17,27637,96729.5,3.5,5.0,30.0,1,1,0.88,Freshway|BITES_BUTTONS_POUCH,10.22694691636343,1.252762968495368,-0.12783337150988489,19,0.0,1.3480731482996928,
Freshway,BITES_BUTTONS_POUCH,CRESTLINE,Happy Buttons,Bitesize Pouch,2021-05-24,4265,21325.0,5.0,5.0,0.0,0,0,0.868,Freshway|BITES_BUTTONS_POUCH,8.358431899031295,1.6094379124341003,-0.14156356432178688,20,30.0,1.7047480922384253,
Freshway,BITES_BUTTONS_POUCH,CRESTLINE,Happy Buttons,Bitesize Pouch,2021-05-31,11994,41979.0,3.5,5.0,30.0,0,0,0.858,Freshway|BITES_BUTTONS_POUCH,9.392245175273795,1.252762968495368,-0.15315117949417478,21,0.0,1.7047480922384253,
Freshway,BITES_BUTTONS_POUCH,CRESTLINE,Happy Buttons,Bitesize Pouch,2021-06-07,4230,21150.0,5.0,5.0,0.0,0,0,0.85,Freshway|BITES_BUTTONS_POUCH,8.350193650720067,1.6094379124341003,-0.16251892949777494,22,30.0,1.7047480922384253,
Freshway,BITES_BUTTONS_POUCH,CRESTLINE,Happy Buttons,Bitesize Pouch,2021-06-14,6207,31035.0,5.0,5.0,0.0,0,0,0.845,Freshway|BITES_BUTTONS_POUCH,8.733594061863055,1.6094379124341003,-0.16841865162496325,23,0.0,1.7047480922384253,
Freshway,BITES_BUTTONS_POUCH,CRESTLINE,Happy Buttons,Bitesize Pouch,2021-06-21,4653,23265.0,5.0,5.0,0.0,0,0,0.841,Freshway|BITES_BUTTONS_POUCH,8.445482343862237,1.6094379124341003,-0.17316361900918903,24,0.0,1.7047480922384253,
Freshway,BITES_BUTTONS_POUCH,CRESTLINE,Happy Buttons,Bitesize Pouch,2021-06-28,6286,26715.5,4.25,5.0,15.0,0,0,0.84,Freshway|BITES_BUTTONS_POUCH,8.74623928838306,1.4469189829363254,-0.1743533871447778,25,0.0,1.4816045409242156,
Freshway,BITES_BUTTONS_POUCH,CRESTLINE,Happy Buttons,Bitesize Pouch,2021-07-05,4294,21470.0,5.0,5.0,0.0,0,0,0.841,Freshway|BITES_BUTTONS_POUCH,8.365206834418355,1.6094379124341003,-0.17316361900918903,26,15.0,1.7047480922384253,
Freshway,BITES_BUTTONS_POUCH,CRESTLINE,Happy Buttons,Bitesize Pouch,2021-07-12,5959,29795.0,5.0,5.0,0.0,0,0,0.845,Freshway|BITES_BUTTONS_POUCH,8.692825760059396,1.6094379124341003,-0.16841865162496325,27,0.0,1.7047480922384253,
Freshway,BITES_BUTTONS_POUCH,CRESTLINE,Happy Buttons,Bitesize Pouch,2021-07-19,8000,32000.0,4.0,5.0,20.0,0,0,0.85,Freshway|BITES_BUTTONS_POUCH,8.987321812850125,1.3862943611198906,-0.16251892949777494,28,0.0,1.7047480922384253,
Freshway,BITES_BUTTONS_POUCH,CRESTLINE,Happy Buttons,Bitesize Pouch,2021-07-26,4186,20930.0,5.0,5.0,0.0,0,0,0.858,Freshway|BITES_BUTTONS_POUCH,8.339739766019143,1.6094379124341003,-0.15315117949417478,29,20.0,1.3480731482996928,
Freshway,BITES_BUTTONS_POUCH,CRESTLINE,Happy Buttons,Bitesize Pouch,2021-08-02,5757,28785.0,5.0,5.0,0.0,0,0,0.868,Freshway|BITES_BUTTONS_POUCH,8.65834547117212,1.6094379124341003,-0.14156356432178688,30,0.0,1.7047480922384253,
Freshway,BITES_BUTTONS_POUCH,CRESTLINE,Happy Buttons,Bitesize Pouch,2021-08-09,7851,33366.75,4.25,5.0,15.0,0,0,0.88,Freshway|BITES_BUTTONS_POUCH,8.968523555396352,1.4469189829363254,-0.12783337150988489,31,0.0,1.599387576580599,
Freshway,BITES_BUTTONS_POUCH,CRESTLINE,Happy Buttons,Bitesize Pouch,2021-08-16,3627,18135.0,5.0,5.0,0.0,0,0,0.894,Freshway|BITES_BUTTONS_POUCH,8.196436811235028,1.6094379124341003,-0.11204950380862289,32,15.0,1.275362800412609,
Freshway,BITES_BUTTONS_POUCH,CRESTLINE,Happy Buttons,Bitesize Pouch,2021-08-23,6176,30880.0,5.0,5.0,0.0,0,0,0.909,Freshway|BITES_BUTTONS_POUCH,8.7285879956959,1.6094379124341003,-0.09541018480465818,33,0.0,1.7047480922384253,
Freshway,BITES_BUTTONS_POUCH,CRESTLINE,Happy Buttons,Bitesize Pouch,2021-08-30,6020,30100.0,5.0,5.0,0.0,0,0,0.926,Freshway|BITES_BUTTONS_POUCH,8.703008637464448,1.6094379124341003,-0.07688104433595762,34,0.0,1.7047480922384253,
Freshway,BITES_BUTTONS_POUCH,CRESTLINE,Happy Buttons,Bitesize Pouch,2021-09-06,22128,82980.0,3.75,5.0,25.0,1,0,0.943,Freshway|BITES_BUTTONS_POUCH,10.004644244495866,1.3217558399823195,-0.05868899634867961,35,0.0,1.7047480922384253,
Freshway,BITES_BUTTONS_POUCH,CRESTLINE,Happy Buttons,Bitesize Pouch,2021-09-13,5129,25645.0,5.0,5.0,0.0,0,0,0.962,Freshway|BITES_BUTTONS_POUCH,8.542860938164814,1.6094379124341003,-0.038740828316430595,36,25.0,1.7047480922384253,
Freshway,BITES_BUTTONS_POUCH,CRESTLINE,Happy Buttons,Bitesize Pouch,2021-09-20,12906,54850.5,4.25,5.0,15.0,0,1,0.981,Freshway|BITES_BUTTONS_POUCH,9.465525078835189,1.4469189829363254,-0.019182819416773987,37,0.0,1.3480731482996928,
Freshway,BITES_BUTTONS_POUCH,CRESTLINE,Happy Buttons,Bitesize Pouch,2021-09-27,20680,72380.0,3.5,5.0,30.0,1,0,1.0,Freshway|BITES_BUTTONS_POUCH,9.936970683352676,1.252762968495368,0.0,38,15.0,1.7047480922384253,
Freshway,BITES_BUTTONS_POUCH,CRESTLINE,Happy Buttons,Bitesize Pouch,2021-10-04,5193,25965.0,5.0,5.0,0.0,0,0,1.019,Freshway|BITES_BUTTONS_POUCH,8.555259392222693,1.6094379124341003,0.018821754240587667,39,30.0,1.5432981099295553,
Freshway,BITES_BUTTONS_POUCH,CRESTLINE,Happy Buttons,Bitesize Pouch,2021-10-11,11621,52294.5,4.5,5.0,10.0,0,1,1.038,Freshway|BITES_BUTTONS_POUCH,9.360655132635051,1.5040773967762742,0.03729578474369693,40,0.0,1.7047480922384253,
Freshway,BITES_BUTTONS_POUCH,CRESTLINE,Happy Buttons,Bitesize Pouch,2021-10-18,6159,30795.0,5.0,5.0,0.0,0,0,1.057,Freshway|BITES_BUTTONS_POUCH,8.725832056527565,1.6094379124341003,0.055434706888100524,41,10.0,1.7047480922384253,
Freshway,BITES_BUTTONS_POUCH,CRESTLINE,Happy Buttons,Bitesize Pouch,2021-10-25,5375,26875.0,5.0,5.0,0.0,0,0,1.074,Freshway|BITES_BUTTONS_POUCH,8.589699882202986,1.6094379124341003,0.071389996086673,42,0.0,1.7047480922384253,
Freshway,BITES_BUTTONS_POUCH,CRESTLINE,Happy Buttons,Bitesize Pouch,2021-11-01,6893,34465.0,5.0,5.0,0.0,0,0,1.091,Freshway|BITES_BUTTONS_POUCH,8.83840674707681,1.6094379124341003,0.08709470685093373,43,0.0,1.7047480922384253,
Freshway,BITES_BUTTONS_POUCH,CRESTLINE,Happy Buttons,Bitesize Pouch,2021-11-08,7213,36065.0,5.0,5.0,0.0,0,0,1.106,Freshway|BITES_BUTTONS_POUCH,8.883778861463485,1.6094379124341003,0.10074990310014315,44,0.0,1.7047480922384253,
Freshway,BITES_BUTTONS_POUCH,CRESTLINE,Happy Buttons,Bitesize Pouch,2021-11-15,11699,46796.0,4.0,5.0,20.0,0,0,1.12,Freshway|BITES_BUTTONS_POUCH,9.367344120785848,1.3862943611198906,0.11332868530700327,45,0.0,1.5432981099295553,
Freshway,BITES_BUTTONS_POUCH,CRESTLINE,Happy Buttons,Bitesize Pouch,2021-11-22,7912,33626.0,4.25,5.0,15.0,0,0,1.132,Freshway|BITES_BUTTONS_POUCH,8.976262255609193,1.4469189829363254,0.1239859797809911,46,20.0,1.7047480922384253,
Freshway,BITES_BUTTONS_POUCH,CRESTLINE,Happy Buttons,Bitesize Pouch,2021-11-29,5466,27330.0,5.0,5.0,0.0,0,0,1.142,Freshway|BITES_BUTTONS_POUCH,8.606485298894999,1.6094379124341003,0.1327811112338184,47,15.0,1.7047480922384253,
Freshway,BITES_BUTTONS_POUCH,CRESTLINE,Happy Buttons,Bitesize Pouch,2021-12-06,6768,33840.0,5.0,5.0,0.0,0,0,1.15,Freshway|BITES_BUTTONS_POUCH,8.820108644508608,1.6094379124341003,0.13976194237515863,48,0.0,1.7047480922384253,
Freshway,BITES_BUTTONS_POUCH,CRESTLINE,Happy Buttons,Bitesize Pouch,2021-12-13,7499,37495.0,5.0,5.0,0.0,0,0,1.155,Freshway|BITES_BUTTONS_POUCH,8.922658299524402,1.6094379124341003,0.14410034397375687,49,0.0,1.7047480922384253,
Freshway,BITES_BUTTONS_POUCH,CRESTLINE,Happy Buttons,Bitesize Pouch,2021-12-20,6558,32790.0,5.0,5.0,0.0,0,0,1.159,Freshway|BITES_BUTTONS_POUCH,8.788593431293735,1.6094379124341003,0.1475575643576147,50,0.0,1.7047480922384253,
Freshway,BITES_BUTTONS_POUCH,CRESTLINE,Happy Buttons,Bitesize Pouch,2021-12-27,8556,42780.0,5.0,5.0,0.0,0,0,1.16,Freshway|BITES_BUTTONS_POUCH,9.054504940418054,1.6094379124341003,0.14842000511827322,51,0.0,1.7047480922384253,
Freshway,BITES_BUTTONS_POUCH,CRESTLINE,Happy Buttons,Bitesize Pouch,2022-01-03,6560,32800.0,5.0,5.0,0.0,0,0,1.159,Freshway|BITES_BUTTONS_POUCH,8.788898309344878,1.6094379124341003,0.1475575643576147,52,0.0,1.275362800412609,
Freshway,BITES_BUTTONS_POUCH,CRESTLINE,Happy Buttons,Bitesize Pouch,2022-01-10,7912,39560.0,5.0,5.0,0.0,0,0,1.155,Freshway|BITES_BUTTONS_POUCH,8.976262255609193,1.6094379124341003,0.14410034397375687,53,0.0,1.7047480922384253,
Freshway,BITES_BUTTONS_POUCH,CRESTLINE,Happy Buttons,Bitesize Pouch,2022-01-17,5493,27465.0,5.0,5.0,0.0,0,0,1.15,Freshway|BITES_BUTTONS_POUCH,8.611411866655219,1.6094379124341003,0.13976194237515863,54,0.0,1.415853163361435,
Freshway,BITES_BUTTONS_POUCH,CRESTLINE,Happy Buttons,Bitesize Pouch,2022-01-24,7096,35480.0,5.0,5.0,0.0,0,0,1.142,Freshway|BITES_BUTTONS_POUCH,8.867427438524983,1.6094379124341003,0.1327811112338184,55,0.0,1.7047480922384253,
Freshway,BITES_BUTTONS_POUCH,CRESTLINE,Happy Buttons,Bitesize Pouch,2022-01-31,6770,33850.0,5.0,5.0,0.0,0,0,1.132,Freshway|BITES_BUTTONS_POUCH,8.820404065485645,1.6094379124341003,0.1239859797809911,56,0.0,1.275362800412609,
Freshway,BITES_BUTTONS_POUCH,CRESTLINE,Happy Buttons,Bitesize Pouch,2022-02-07,7070,35350.0,5.0,5.0,0.0,0,0,1.12,Freshway|BITES_BUTTONS_POUCH,8.863757191604241,1.6094379124341003,0.11332868530700327,57,0.0,1.415853163361435,
Freshway,BITES_BUTTONS_POUCH,CRESTLINE,Happy Buttons,Bitesize Pouch,2022-02-14,8400,42000.0,5.0,5.0,0.0,0,0,1.106,Freshway|BITES_BUTTONS_POUCH,9.036106025364846,1.6094379124341003,0.10074990310014315,58,0.0,1.7047480922384253,
Freshway,BITES_BUTTONS_POUCH,CRESTLINE,Happy Buttons,Bitesize Pouch,2022-02-21,7604,38020.0,5.0,5.0,0.0,0,0,1.091,Freshway|BITES_BUTTONS_POUCH,8.936561204693394,1.6094379124341003,0.08709470685093373,59,0.0,1.7047480922384253,
Freshway,BITES_BUTTONS_POUCH,CRESTLINE,Happy Buttons,Bitesize Pouch,2022-02-28,7569,37845.0,5.0,5.0,0.0,0,0,1.074,Freshway|BITES_BUTTONS_POUCH,8.931948346431495,1.6094379124341003,0.071389996086673,60,0.0,1.7047480922384253,
Freshway,BITES_BUTTONS_POUCH,CRESTLINE,Happy Buttons,Bitesize Pouch,2022-03-07,16062,72279.0,4.5,5.0,10.0,1,0,1.057,Freshway|BITES_BUTTONS_POUCH,9.684273769557766,1.5040773967762742,0.055434706888100524,61,0.0,1.7047480922384253,
Freshway,BITES_BUTTONS_POUCH,CRESTLINE,Happy Buttons,Bitesize Pouch,2022-03-14,10913,35467.25,3.25,5.0,35.0,0,0,1.038,Freshway|BITES_BUTTONS_POUCH,9.297801647746176,1.1786549963416462,0.03729578474369693,62,10.0,1.7047480922384253,
Freshway,BITES_BUTTONS_POUCH,CRESTLINE,Happy Buttons,Bitesize Pouch,2022-03-21,4377,21885.0,5.0,5.0,0.0,0,0,1.019,Freshway|BITES_BUTTONS_POUCH,8.384347278082808,1.6094379124341003,0.018821754240587667,63,35.0,1.7047480922384253,
Freshway,BITES_BUTTONS_POUCH,CRESTLINE,Happy Buttons,Bitesize Pouch,2022-03-28,6917,34585.0,5.0,5.0,0.0,0,0,1.0,Freshway|BITES_BUTTONS_POUCH,8.841881989497114,1.6094379124341003,0.0,64,0.0,1.7047480922384253,
Freshway,BITES_BUTTONS_POUCH,CRESTLINE,Happy Buttons,Bitesize Pouch,2022-04-04,6447,32235.0,5.0,5.0,0.0,0,0,1.081,Freshway|BITES_BUTTONS_POUCH,8.771525284186465,1.6094379124341003,0.0778865386570712,65,0.0,1.4816045409242156,
Freshway,BITES_BUTTONS_POUCH,CRESTLINE,Happy Buttons,Bitesize Pouch,2022-04-11,6273,31365.0,5.0,5.0,0.0,0,0,1.062,Freshway|BITES_BUTTONS_POUCH,8.744169388750624,1.6094379124341003,0.060153922819747144,66,0.0,1.7047480922384253,
Freshway,BITES_BUTTONS_POUCH,CRESTLINE,Happy Buttons,Bitesize Pouch,2022-04-18,31108,116655.0,3.75,5.0,25.0,1,1,1.043,Freshway|BITES_BUTTONS_POUCH,10.34525244536991,1.3217558399823195,0.042101176018635326,67,0.0,1.7047480922384253,
Freshway,BITES_BUTTONS_POUCH,CRESTLINE,Happy Buttons,Bitesize Pouch,2022-04-25,4996,24980.0,5.0,5.0,0.0,0,0,1.026,Freshway|BITES_BUTTONS_POUCH,8.516593011344206,1.6094379124341003,0.025667746748577813,68,25.0,1.7047480922384253,
Freshway,BITES_BUTTONS_POUCH,CRESTLINE,Happy Buttons,Bitesize Pouch,2022-05-02,21267,74434.5,3.5,5.0,30.0,0,1,0.909,Freshway|BITES_BUTTONS_POUCH,9.964958874624228,1.252762968495368,-0.09541018480465818,69,0.0,1.7047480922384253,
Freshway,BITES_BUTTONS_POUCH,CRESTLINE,Happy Buttons,Bitesize Pouch,2022-05-09,3998,19990.0,5.0,5.0,0.0,0,0,0.894,Freshway|BITES_BUTTONS_POUCH,8.293799608846818,1.6094379124341003,-0.11204950380862289,70,30.0,1.7047480922384253,
Freshway,BITES_BUTTONS_POUCH,CRESTLINE,Happy Buttons,Bitesize Pouch,2022-05-16,4719,23595.0,5.0,5.0,0.0,0,0,0.88,Freshway|BITES_BUTTONS_POUCH,8.459564078579602,1.6094379124341003,-0.12783337150988489,71,0.0,1.5432981099295553,
Freshway,BITES_BUTTONS_POUCH,CRESTLINE,Happy Buttons,Bitesize Pouch,2022-05-23,5621,28105.0,5.0,5.0,0.0,0,0,0.868,Freshway|BITES_BUTTONS_POUCH,8.634442751466477,1.6094379124341003,-0.14156356432178688,72,0.0,1.7047480922384253,
Freshway,BITES_BUTTONS_POUCH,CRESTLINE,Happy Buttons,Bitesize Pouch,2022-05-30,6837,30766.5,4.5,5.0,10.0,0,0,0.858,Freshway|BITES_BUTTONS_POUCH,8.830250570199247,1.5040773967762742,-0.15315117949417478,73,0.0,1.7047480922384253,
Freshway,BITES_BUTTONS_POUCH,CRESTLINE,Happy Buttons,Bitesize Pouch,2022-06-06,4862,24310.0,5.0,5.0,0.0,0,0,0.85,Freshway|BITES_BUTTONS_POUCH,8.489410810403786,1.6094379124341003,-0.16251892949777494,74,10.0,1.7047480922384253,
Freshway,BITES_BUTTONS_POUCH,CRESTLINE,Happy Buttons,Bitesize Pouch,2022-06-13,3965,19825.0,5.0,5.0,0.0,0,0,0.845,Freshway|BITES_BUTTONS_POUCH,8.285513309079741,1.6094379124341003,-0.16841865162496325,75,0.0,1.415853163361435,
Freshway,BITES_BUTTONS_POUCH,CRESTLINE,Happy Buttons,Bitesize Pouch,2022-06-20,20871,93919.5,4.5,5.0,10.0,1,1,0.841,Freshway|BITES_BUTTONS_POUCH,9.946163826816564,1.5040773967762742,-0.17316361900918903,76,0.0,1.7047480922384253,
Freshway,BITES_BUTTONS_POUCH,CRESTLINE,Happy Buttons,Bitesize Pouch,2022-06-27,4934,24670.0,5.0,5.0,0.0,0,0,0.84,Freshway|BITES_BUTTONS_POUCH,8.504107951867582,1.6094379124341003,-0.1743533871447778,77,10.0,1.7047480922384253,
Freshway,BITES_BUTTONS_POUCH,CRESTLINE,Happy Buttons,Bitesize Pouch,2022-07-04,5596,27980.0,5.0,5.0,0.0,0,0,0.841,Freshway|BITES_BUTTONS_POUCH,8.62998601889136,1.6094379124341003,-0.17316361900918903,78,0.0,1.7047480922384253,
Freshway,BITES_BUTTONS_POUCH,CRESTLINE,Happy Buttons,Bitesize Pouch,2022-07-11,5582,27910.0,5.0,5.0,0.0,0,0,0.845,Freshway|BITES_BUTTONS_POUCH,8.62748154531036,1.6094379124341003,-0.16841865162496325,79,0.0,1.7047480922384253,
Freshway,BITES_BUTTONS_POUCH,CRESTLINE,Happy Buttons,Bitesize Pouch,2022-07-18,5396,26980.0,5.0,5.0,0.0,0,0,0.85,Freshway|BITES_BUTTONS_POUCH,8.593598522618644,1.6094379124341003,-0.16251892949777494,80,0.0,1.7047480922384253,
Freshway,BITES_BUTTONS_POUCH,CRESTLINE,Happy Buttons,Bitesize Pouch,2022-07-25,4832,24160.0,5.0,5.0,0.0,0,0,0.858,Freshway|BITES_BUTTONS_POUCH,8.483222671845084,1.6094379124341003,-0.15315117949417478,81,0.0,1.4816045409242156,
Freshway,BITES_BUTTONS_POUCH,CRESTLINE,Happy Buttons,Bitesize Pouch,2022-08-01,9214,34552.5,3.75,5.0,25.0,0,0,0.868,Freshway|BITES_BUTTONS_POUCH,9.128587870103924,1.3217558399823195,-0.14156356432178688,82,0.0,1.7047480922384253,
Freshway,BITES_BUTTONS_POUCH,CRESTLINE,Happy Buttons,Bitesize Pouch,2022-08-08,4538,22690.0,5.0,5.0,0.0,0,0,0.88,Freshway|BITES_BUTTONS_POUCH,8.420462002456466,1.6094379124341003,-0.12783337150988489,83,25.0,1.599387576580599,
Freshway,BITES_BUTTONS_POUCH,CRESTLINE,Happy Buttons,Bitesize Pouch,2022-08-15,6059,30295.0,5.0,5.0,0.0,0,0,0.894,Freshway|BITES_BUTTONS_POUCH,8.70946507906336,1.6094379124341003,-0.11204950380862289,84,0.0,1.7047480922384253,
Freshway,BITES_BUTTONS_POUCH,CRESTLINE,Happy Buttons,Bitesize Pouch,2022-08-22,14916,48477.0,3.25,5.0,35.0,0,0,0.909,Freshway|BITES_BUTTONS_POUCH,9.61025678115393,1.1786549963416462,-0.09541018480465818,85,0.0,1.7047480922384253,
Freshway,BITES_BUTTONS_POUCH,CRESTLINE,Happy Buttons,Bitesize Pouch,2022-08-29,4441,22205.0,5.0,5.0,0.0,0,0,0.926,Freshway|BITES_BUTTONS_POUCH,8.398860004454372,1.6094379124341003,-0.07688104433595762,86,35.0,1.7047480922384253,
Freshway,BITES_BUTTONS_POUCH,CRESTLINE,Happy Buttons,Bitesize Pouch,2022-09-05,6494,32470.0,5.0,5.0,0.0,0,0,0.943,Freshway|BITES_BUTTONS_POUCH,8.7787879291047,1.6094379124341003,-0.05868899634867961,87,0.0,1.7047480922384253,
Freshway,BITES_BUTTONS_POUCH,CRESTLINE,Happy Buttons,Bitesize Pouch,2022-09-12,6127,30635.0,5.0,5.0,0.0,0,0,0.962,Freshway|BITES_BUTTONS_POUCH,8.720623711420426,1.6094379124341003,-0.038740828316430595,88,0.0,1.7047480922384253,
Freshway,BITES_BUTTONS_POUCH,CRESTLINE,Happy Buttons,Bitesize Pouch,2022-09-19,14009,45529.25,3.25,5.0,35.0,0,0,0.981,Freshway|BITES_BUTTONS_POUCH,9.547526639331053,1.1786549963416462,-0.019182819416773987,89,0.0,1.5432981099295553,
Freshway,BITES_BUTTONS_POUCH,CRESTLINE,Happy Buttons,Bitesize Pouch,2022-09-26,15010,52535.0,3.5,5.0,30.0,0,1,1.0,Freshway|BITES_BUTTONS_POUCH,9.616538544660177,1.252762968495368,0.0,90,35.0,1.7047480922384253,
Freshway,BITES_BUTTONS_POUCH,CRESTLINE,Happy Buttons,Bitesize Pouch,2022-10-03,6257,31285.0,5.0,5.0,0.0,0,0,1.019,Freshway|BITES_BUTTONS_POUCH,8.741615924228828,1.6094379124341003,0.018821754240587667,91,30.0,1.7047480922384253,
Freshway,BITES_BUTTONS_POUCH,CRESTLINE,Happy Buttons,Bitesize Pouch,2022-10-10,6505,32525.0,5.0,5.0,0.0,0,0,1.038,Freshway|BITES_BUTTONS_POUCH,8.780480107033297,1.6094379124341003,0.03729578474369693,92,0.0,1.4816045409242156,
Freshway,BITES_BUTTONS_POUCH,CRESTLINE,Happy Buttons,Bitesize Pouch,2022-10-17,6433,32165.0,5.0,5.0,0.0,0,0,1.057,Freshway|BITES_BUTTONS_POUCH,8.769351707798972,1.6094379124341003,0.055434706888100524,93,0.0,1.7047480922384253,
Freshway,BITES_BUTTONS_POUCH,CRESTLINE,Happy Buttons,Bitesize Pouch,2022-10-24,13496,47236.0,3.5,5.0,30.0,0,0,1.074,Freshway|BITES_BUTTONS_POUCH,9.510222717509283,1.252762968495368,0.071389996086673,94,0.0,1.7047480922384253,
Freshway,BITES_BUTTONS_POUCH,CRESTLINE,Happy Buttons,Bitesize Pouch,2022-10-31,5159,25795.0,5.0,5.0,0.0,0,0,1.091,Freshway|BITES_BUTTONS_POUCH,8.548691858475609,1.6094379124341003,0.08709470685093373,95,30.0,1.7047480922384253,
Freshway,BITES_BUTTONS_POUCH,CRESTLINE,Happy Buttons,Bitesize Pouch,2022-11-07,27136,88192.0,3.25,5.0,35.0,1,0,1.106,Freshway|BITES_BUTTONS_POUCH,10.208653389327727,1.1786549963416462,0.10074990310014315,96,0.0,1.7047480922384253,
Freshway,BITES_BUTTONS_POUCH,CRESTLINE,Happy Buttons,Bitesize Pouch,2022-11-14,5601,28005.0,5.0,5.0,0.0,0,0,1.12,Freshway|BITES_BUTTONS_POUCH,8.630878955820053,1.6094379124341003,0.11332868530700327,97,35.0,1.7047480922384253,
Freshway,BITES_BUTTONS_POUCH,CRESTLINE,Happy Buttons,Bitesize Pouch,2022-11-21,12574,47152.5,3.75,5.0,25.0,0,0,1.132,Freshway|BITES_BUTTONS_POUCH,9.43946599496794,1.3217558399823195,0.1239859797809911,98,0.0,1.7047480922384253,
Freshway,BITES_BUTTONS_POUCH,CRESTLINE,Happy Buttons,Bitesize Pouch,2022-11-28,6063,30315.0,5.0,5.0,0.0,0,0,1.142,Freshway|BITES_BUTTONS_POUCH,8.710124927322207,1.6094379124341003,0.1327811112338184,99,25.0,1.7047480922384253,
Freshway,BITES_BUTTONS_POUCH,CRESTLINE,Happy Buttons,Bitesize Pouch,2022-12-05,8622,43110.0,5.0,5.0,0.0,0,0,1.15,Freshway|BITES_BUTTONS_POUCH,9.062188330952324,1.6094379124341003,0.13976194237515863,100,0.0,1.3480731482996928,
Freshway,BITES_BUTTONS_POUCH,CRESTLINE,Happy Buttons,Bitesize Pouch,2022-12-12,7130,35650.0,5.0,5.0,0.0,0,0,1.155,Freshway|BITES_BUTTONS_POUCH,8.872206756028303,1.6094379124341003,0.14410034397375687,101,0.0,1.5432981099295553,
Freshway,BITES_BUTTONS_POUCH,CRESTLINE,Happy Buttons,Bitesize Pouch,2022-12-19,25685,96318.75,3.75,5.0,25.0,1,0,1.159,Freshway|BITES_BUTTONS_POUCH,10.153701375373002,1.3217558399823195,0.1475575643576147,102,0.0,1.7047480922384253,
Freshway,BITES_BUTTONS_POUCH,CRESTLINE,Happy Buttons,Bitesize Pouch,2022-12-26,10615,39806.25,3.75,5.0,25.0,0,0,1.16,Freshway|BITES_BUTTONS_POUCH,9.270117576012044,1.3217558399823195,0.14842000511827322,103,25.0,1.7047480922384253,
Freshway,BITES_BUTTONS_POUCH,CRESTLINE,Happy Buttons,Bitesize Pouch,2023-01-02,10111,37916.25,3.75,5.0,25.0,0,0,1.159,Freshway|BITES_BUTTONS_POUCH,9.221478116386638,1.3217558399823195,0.1475575643576147,104,25.0,1.5432981099295553,
Freshway,BITES_BUTTONS_POUCH,CRESTLINE,Happy Buttons,Bitesize Pouch,2023-01-09,6253,31265.0,5.0,5.0,0.0,0,0,1.155,Freshway|BITES_BUTTONS_POUCH,8.740976538017787,1.6094379124341003,0.14410034397375687,105,25.0,1.7047480922384253,
Freshway,BITES_BUTTONS_POUCH,CRESTLINE,Happy Buttons,Bitesize Pouch,2023-01-16,7250,36250.0,5.0,5.0,0.0,0,0,1.15,Freshway|BITES_BUTTONS_POUCH,8.888894669371593,1.6094379124341003,0.13976194237515863,106,0.0,1.7047480922384253,
Freshway,BITES_BUTTONS_POUCH,CRESTLINE,Happy Buttons,Bitesize Pouch,2023-01-23,28684,100394.0,3.5,5.0,30.0,1,0,1.142,Freshway|BITES_BUTTONS_POUCH,10.264129617035971,1.252762968495368,0.1327811112338184,107,0.0,1.7047480922384253,
Freshway,BITES_BUTTONS_POUCH,CRESTLINE,Happy Buttons,Bitesize Pouch,2023-01-30,4490,22450.0,5.0,5.0,0.0,0,0,1.132,Freshway|BITES_BUTTONS_POUCH,8.409830673087738,1.6094379124341003,0.1239859797809911,108,30.0,1.7047480922384253,
Freshway,BITES_BUTTONS_POUCH,CRESTLINE,Happy Buttons,Bitesize Pouch,2023-02-06,6911,34555.0,5.0,5.0,0.0,0,0,1.12,Freshway|BITES_BUTTONS_POUCH,8.841014310483892,1.6094379124341003,0.11332868530700327,109,0.0,1.7047480922384253,
Freshway,BITES_BUTTONS_POUCH,CRESTLINE,Happy Buttons,Bitesize Pouch,2023-02-13,16956,67824.0,4.0,5.0,20.0,0,1,1.106,Freshway|BITES_BUTTONS_POUCH,9.738436006907127,1.3862943611198906,0.10074990310014315,110,0.0,1.7047480922384253,
Freshway,BITES_BUTTONS_POUCH,CRESTLINE,Happy Buttons,Bitesize Pouch,2023-02-20,9441,35403.75,3.75,5.0,25.0,0,0,1.091,Freshway|BITES_BUTTONS_POUCH,9.152923101106232,1.3217558399823195,0.08709470685093373,111,20.0,1.415853163361435,
Freshway,BITES_BUTTONS_POUCH,CRESTLINE,Happy Buttons,Bitesize Pouch,2023-02-27,17240,68960.0,4.0,5.0,20.0,1,0,1.074,Freshway|BITES_BUTTONS_POUCH,9.75504554717585,1.3862943611198906,0.071389996086673,112,25.0,1.7047480922384253,
Freshway,BITES_BUTTONS_POUCH,CRESTLINE,Happy Buttons,Bitesize Pouch,2023-03-06,5336,26680.0,5.0,5.0,0.0,0,0,1.057,Freshway|BITES_BUTTONS_POUCH,8.582418976333944,1.6094379124341003,0.055434706888100524,113,20.0,1.7047480922384253,
Freshway,BITES_BUTTONS_POUCH,CRESTLINE,Happy Buttons,Bitesize Pouch,2023-03-13,10424,41696.0,4.0,5.0,20.0,0,0,1.038,Freshway|BITES_BUTTONS_POUCH,9.251962046667002,1.3862943611198906,0.03729578474369693,114,0.0,1.7047480922384253,
Freshway,BITES_BUTTONS_POUCH,CRESTLINE,Happy Buttons,Bitesize Pouch,2023-03-20,6105,30525.0,5.0,5.0,0.0,0,0,1.019,Freshway|BITES_BUTTONS_POUCH,8.717027173294824,1.6094379124341003,0.018821754240587667,115,20.0,1.7047480922384253,
Freshway,BITES_BUTTONS_POUCH,CRESTLINE,Happy Buttons,Bitesize Pouch,2023-03-27,14285,49997.5,3.5,5.0,30.0,0,0,1.0,Freshway|BITES_BUTTONS_POUCH,9.567035315714918,1.252762968495368,0.0,116,0.0,1.7047480922384253,
Freshway,BITES_BUTTONS_POUCH,CRESTLINE,Happy Buttons,Bitesize Pouch,2023-04-03,6033,30165.0,5.0,5.0,0.0,0,0,1.081,Freshway|BITES_BUTTONS_POUCH,8.705165419719007,1.6094379124341003,0.0778865386570712,117,30.0,1.7047480922384253,
Freshway,BITES_BUTTONS_POUCH,CRESTLINE,Happy Buttons,Bitesize Pouch,2023-04-10,6598,32990.0,5.0,5.0,0.0,0,0,1.062,Freshway|BITES_BUTTONS_POUCH,8.794673401383422,1.6094379124341003,0.060153922819747144,118,0.0,1.7047480922384253,
Freshway,BITES_BUTTONS_POUCH,CRESTLINE,Happy Buttons,Bitesize Pouch,2023-04-17,6391,31955.0,5.0,5.0,0.0,0,0,1.043,Freshway|BITES_BUTTONS_POUCH,8.76280248744611,1.6094379124341003,0.042101176018635326,119,0.0,1.7047480922384253,
Freshway,BITES_BUTTONS_POUCH,CRESTLINE,Happy Buttons,Bitesize Pouch,2023-04-24,5463,27315.0,5.0,5.0,0.0,0,0,1.026,Freshway|BITES_BUTTONS_POUCH,8.605936401250625,1.6094379124341003,0.025667746748577813,120,0.0,1.3480731482996928,
Freshway,BITES_BUTTONS_POUCH,CRESTLINE,Happy Buttons,Bitesize Pouch,2023-05-01,6449,32245.0,5.0,5.0,0.0,0,0,0.909,Freshway|BITES_BUTTONS_POUCH,8.771835409789817,1.6094379124341003,-0.09541018480465818,121,0.0,1.275362800412609,
Freshway,BITES_BUTTONS_POUCH,CRESTLINE,Happy Buttons,Bitesize Pouch,2023-05-08,6936,34680.0,5.0,5.0,0.0,0,0,0.894,Freshway|BITES_BUTTONS_POUCH,8.844624683385302,1.6094379124341003,-0.11204950380862289,122,0.0,1.7047480922384253,
Freshway,BITES_BUTTONS_POUCH,CRESTLINE,Happy Buttons,Bitesize Pouch,2023-05-15,5985,29925.0,5.0,5.0,0.0,0,0,0.88,Freshway|BITES_BUTTONS_POUCH,8.697178688412643,1.6094379124341003,-0.12783337150988489,123,0.0,1.7047480922384253,
Freshway,BITES_BUTTONS_POUCH,CRESTLINE,Happy Buttons,Bitesize Pouch,2023-05-22,5861,29305.0,5.0,5.0,0.0,0,0,0.868,Freshway|BITES_BUTTONS_POUCH,8.676246121270838,1.6094379124341003,-0.14156356432178688,124,0.0,1.415853163361435,
Freshway,BITES_BUTTONS_POUCH,CRESTLINE,Happy Buttons,Bitesize Pouch,2023-05-29,6177,30885.0,5.0,5.0,0.0,0,0,0.858,Freshway|BITES_BUTTONS_POUCH,8.728749873478527,1.6094379124341003,-0.15315117949417478,125,0.0,1.7047480922384253,
Freshway,BITES_BUTTONS_POUCH,CRESTLINE,Happy Buttons,Bitesize Pouch,2023-06-05,5687,28435.0,5.0,5.0,0.0,0,0,0.85,Freshway|BITES_BUTTONS_POUCH,8.646113971483077,1.6094379124341003,-0.16251892949777494,126,0.0,1.7047480922384253,
Freshway,BITES_BUTTONS_POUCH,CRESTLINE,Happy Buttons,Bitesize Pouch,2023-06-12,12202,39656.5,3.25,5.0,35.0,0,0,0.845,Freshway|BITES_BUTTONS_POUCH,9.40943710213184,1.1786549963416462,-0.16841865162496325,127,0.0,1.7047480922384253,
Freshway,BITES_BUTTONS_POUCH,CRESTLINE,Happy Buttons,Bitesize Pouch,2023-06-19,4267,21335.0,5.0,5.0,0.0,0,0,0.841,Freshway|BITES_BUTTONS_POUCH,8.358900612421644,1.6094379124341003,-0.17316361900918903,128,35.0,1.7047480922384253,
Freshway,BITES_BUTTONS_POUCH,CRESTLINE,Happy Buttons,Bitesize Pouch,2023-06-26,12922,41996.5,3.25,5.0,35.0,0,0,0.84,Freshway|BITES_BUTTONS_POUCH,9.466763948525191,1.1786549963416462,-0.1743533871447778,129,0.0,1.7047480922384253,
Freshway,BITES_BUTTONS_POUCH,CRESTLINE,Happy Buttons,Bitesize Pouch,2023-07-03,3948,19740.0,5.0,5.0,0.0,0,0,0.841,Freshway|BITES_BUTTONS_POUCH,8.28121766128665,1.6094379124341003,-0.17316361900918903,130,35.0,1.7047480922384253,
Freshway,BITES_BUTTONS_POUCH,CRESTLINE,Happy Buttons,Bitesize Pouch,2023-07-10,4809,24045.0,5.0,5.0,0.0,0,0,0.845,Freshway|BITES_BUTTONS_POUCH,8.478452363099807,1.6094379124341003,-0.16841865162496325,131,0.0,1.7047480922384253,
Freshway,BITES_BUTTONS_POUCH,CRESTLINE,Happy Buttons,Bitesize Pouch,2023-07-17,5788,28940.0,5.0,5.0,0.0,0,0,0.85,Freshway|BITES_BUTTONS_POUCH,8.663714844079005,1.6094379124341003,-0.16251892949777494,132,0.0,1.7047480922384253,
Freshway,BITES_BUTTONS_POUCH,CRESTLINE,Happy Buttons,Bitesize Pouch,2023-07-24,5262,26310.0,5.0,5.0,0.0,0,0,0.858,Freshway|BITES_BUTTONS_POUCH,8.56845648535378,1.6094379124341003,-0.15315117949417478,133,0.0,1.415853163361435,
Freshway,BITES_BUTTONS_POUCH,CRESTLINE,Happy Buttons,Bitesize Pouch,2023-07-31,5503,27515.0,5.0,5.0,0.0,0,0,0.868,Freshway|BITES_BUTTONS_POUCH,8.61323037961318,1.6094379124341003,-0.14156356432178688,134,0.0,1.415853163361435,
Freshway,BITES_BUTTONS_POUCH,CRESTLINE,Happy Buttons,Bitesize Pouch,2023-08-07,4910,24550.0,5.0,5.0,0.0,0,0,0.88,Freshway|BITES_BUTTONS_POUCH,8.499232866039245,1.6094379124341003,-0.12783337150988489,135,0.0,1.7047480922384253,
Freshway,BITES_BUTTONS_POUCH,CRESTLINE,Happy Buttons,Bitesize Pouch,2023-08-14,7185,35925.0,5.0,5.0,0.0,0,0,0.894,Freshway|BITES_BUTTONS_POUCH,8.879889967673464,1.6094379124341003,-0.11204950380862289,136,0.0,1.7047480922384253,
Freshway,BITES_BUTTONS_POUCH,CRESTLINE,Happy Buttons,Bitesize Pouch,2023-08-21,5883,29415.0,5.0,5.0,0.0,0,0,0.909,Freshway|BITES_BUTTONS_POUCH,8.679992081721329,1.6094379124341003,-0.09541018480465818,137,0.0,1.7047480922384253,
Freshway,BITES_BUTTONS_POUCH,CRESTLINE,Happy Buttons,Bitesize Pouch,2023-08-28,5868,29340.0,5.0,5.0,0.0,0,0,0.926,Freshway|BITES_BUTTONS_POUCH,8.677439540558334,1.6094379124341003,-0.07688104433595762,138,0.0,1.599387576580599,
Freshway,BITES_BUTTONS_POUCH,CRESTLINE,Happy Buttons,Bitesize Pouch,2023-09-04,6499,32495.0,5.0,5.0,0.0,0,0,0.943,Freshway|BITES_BUTTONS_POUCH,8.779557455883728,1.6094379124341003,-0.05868899634867961,139,0.0,1.7047480922384253,
Freshway,BITES_BUTTONS_POUCH,CRESTLINE,Happy Buttons,Bitesize Pouch,2023-09-11,7134,35670.0,5.0,5.0,0.0,0,0,0.962,Freshway|BITES_BUTTONS_POUCH,8.872767529910936,1.6094379124341003,-0.038740828316430595,140,0.0,1.415853163361435,
Freshway,BITES_BUTTONS_POUCH,CRESTLINE,Happy Buttons,Bitesize Pouch,2023-09-18,13622,61299.0,4.5,5.0,10.0,1,0,0.981,Freshway|BITES_BUTTONS_POUCH,9.51951481976606,1.5040773967762742,-0.019182819416773987,141,0.0,1.7047480922384253,
Freshway,BITES_BUTTONS_POUCH,CRESTLINE,Happy Buttons,Bitesize Pouch,2023-09-25,13593,47575.5,3.5,5.0,30.0,0,0,1.0,Freshway|BITES_BUTTONS_POUCH,9.517383797906584,1.252762968495368,0.0,142,10.0,1.7047480922384253,
Freshway,BITES_BUTTONS_POUCH,CRESTLINE,Happy Buttons,Bitesize Pouch,2023-10-02,4992,24960.0,5.0,5.0,0.0,0,0,1.019,Freshway|BITES_BUTTONS_POUCH,8.51579221050061,1.6094379124341003,0.018821754240587667,143,30.0,1.275362800412609,
Freshway,BITES_BUTTONS_POUCH,CRESTLINE,Happy Buttons,Bitesize Pouch,2023-10-09,6074,30370.0,5.0,5.0,0.0,0,0,1.038,Freshway|BITES_BUTTONS_POUCH,8.711937268208748,1.6094379124341003,0.03729578474369693,144,0.0,1.3480731482996928,
Freshway,BITES_BUTTONS_POUCH,CRESTLINE,Happy Buttons,Bitesize Pouch,2023-10-16,7408,37040.0,5.0,5.0,0.0,0,0,1.057,Freshway|BITES_BUTTONS_POUCH,8.910450756416656,1.6094379124341003,0.055434706888100524,145,0.0,1.7047480922384253,
Freshway,BITES_BUTTONS_POUCH,CRESTLINE,Happy Buttons,Bitesize Pouch,2023-10-23,9101,45505.0,5.0,5.0,0.0,0,0,1.074,Freshway|BITES_BUTTONS_POUCH,9.116249448576587,1.6094379124341003,0.071389996086673,146,0.0,1.7047480922384253,
Freshway,BITES_BUTTONS_POUCH,CRESTLINE,Happy Buttons,Bitesize Pouch,2023-10-30,7478,37390.0,5.0,5.0,0.0,0,0,1.091,Freshway|BITES_BUTTONS_POUCH,8.919854372191667,1.6094379124341003,0.08709470685093373,147,0.0,1.7047480922384253,
Freshway,BITES_BUTTONS_POUCH,CRESTLINE,Happy Buttons,Bitesize Pouch,2023-11-06,9787,44041.5,4.5,5.0,10.0,0,0,1.106,Freshway|BITES_BUTTONS_POUCH,9.188912424562563,1.5040773967762742,0.10074990310014315,148,0.0,1.7047480922384253,
Freshway,BITES_BUTTONS_POUCH,CRESTLINE,Happy Buttons,Bitesize Pouch,2023-11-13,7105,35525.0,5.0,5.0,0.0,0,0,1.12,Freshway|BITES_BUTTONS_POUCH,8.868694776580972,1.6094379124341003,0.11332868530700327,149,10.0,1.7047480922384253,
Freshway,BITES_BUTTONS_POUCH,CRESTLINE,Happy Buttons,Bitesize Pouch,2023-11-20,6621,33105.0,5.0,5.0,0.0,0,0,1.132,Freshway|BITES_BUTTONS_POUCH,8.798152718107191,1.6094379124341003,0.1239859797809911,150,0.0,1.3480731482996928,
Freshway,BITES_BUTTONS_POUCH,CRESTLINE,Happy Buttons,Bitesize Pouch,2023-11-27,30683,107390.5,3.5,5.0,30.0,1,0,1.142,Freshway|BITES_BUTTONS_POUCH,10.331496625079186,1.252762968495368,0.1327811112338184,151,0.0,1.7047480922384253,
Freshway,BITES_BUTTONS_POUCH,CRESTLINE,Happy Buttons,Bitesize Pouch,2023-12-04,6346,28557.0,4.5,5.0,10.0,0,0,1.15,Freshway|BITES_BUTTONS_POUCH,8.75573753930647,1.5040773967762742,0.13976194237515863,152,30.0,1.7047480922384253,
Freshway,BITES_BUTTONS_POUCH,CRESTLINE,Happy Buttons,Bitesize Pouch,2023-12-11,7722,38610.0,5.0,5.0,0.0,0,0,1.155,Freshway|BITES_BUTTONS_POUCH,8.951958168569265,1.6094379124341003,0.14410034397375687,153,10.0,1.7047480922384253,
Freshway,BITES_BUTTONS_POUCH,CRESTLINE,Happy Buttons,Bitesize Pouch,2023-12-18,7179,35895.0,5.0,5.0,0.0,0,0,1.159,Freshway|BITES_BUTTONS_POUCH,8.87905466204227,1.6094379124341003,0.1475575643576147,154,0.0,1.7047480922384253,
Freshway,BITES_BUTTONS_POUCH,CRESTLINE,Happy Buttons,Bitesize Pouch,2023-12-25,7559,37795.0,5.0,5.0,0.0,0,0,1.16,Freshway|BITES_BUTTONS_POUCH,8.930626469173578,1.6094379124341003,0.14842000511827322,155,0.0,1.599387576580599,
Freshway,BITES_MALT_POUCH,CRESTLINE,Golden Malt,Bitesize Pouch,2021-01-04,7246,39853.0,5.5,5.5,0.0,0,0,1.159,Freshway|BITES_MALT_POUCH,8.888342869109282,1.7047480922384253,0.1475575643576147,0,0.0,1.6094379124341003,
Freshway,BITES_MALT_POUCH,CRESTLINE,Golden Malt,Bitesize Pouch,2021-01-11,6144,33792.0,5.5,5.5,0.0,0,0,1.155,Freshway|BITES_MALT_POUCH,8.723394022000136,1.7047480922384253,0.14410034397375687,1,0.0,1.6094379124341003,
Freshway,BITES_MALT_POUCH,CRESTLINE,Golden Malt,Bitesize Pouch,2021-01-18,6449,35469.5,5.5,5.5,0.0,0,0,1.15,Freshway|BITES_MALT_POUCH,8.771835409789817,1.7047480922384253,0.13976194237515863,2,0.0,1.6094379124341003,
Freshway,BITES_MALT_POUCH,CRESTLINE,Golden Malt,Bitesize Pouch,2021-01-25,5971,32840.5,5.5,5.5,0.0,0,0,1.142,Freshway|BITES_MALT_POUCH,8.69483715865908,1.7047480922384253,0.1327811112338184,3,0.0,1.6094379124341003,
Freshway,BITES_MALT_POUCH,CRESTLINE,Golden Malt,Bitesize Pouch,2021-02-01,9788,45807.84,4.68,5.5,15.0,0,0,1.132,Freshway|BITES_MALT_POUCH,9.18901458526143,1.5432981099295553,0.1239859797809911,4,0.0,1.6094379124341003,
Freshway,BITES_MALT_POUCH,CRESTLINE,Golden Malt,Bitesize Pouch,2021-02-08,6030,33165.0,5.5,5.5,0.0,0,0,1.12,Freshway|BITES_MALT_POUCH,8.704668113450987,1.7047480922384253,0.11332868530700327,5,15.0,1.6094379124341003,
Freshway,BITES_MALT_POUCH,CRESTLINE,Golden Malt,Bitesize Pouch,2021-02-15,6722,36971.0,5.5,5.5,0.0,0,0,1.106,Freshway|BITES_MALT_POUCH,8.813289762469037,1.7047480922384253,0.10074990310014315,6,0.0,1.6094379124341003,
Freshway,BITES_MALT_POUCH,CRESTLINE,Golden Malt,Bitesize Pouch,2021-02-22,5865,32257.5,5.5,5.5,0.0,0,0,1.091,Freshway|BITES_MALT_POUCH,8.676928249537397,1.7047480922384253,0.08709470685093373,7,0.0,1.5040773967762742,
Freshway,BITES_MALT_POUCH,CRESTLINE,Golden Malt,Bitesize Pouch,2021-03-01,6908,37994.0,5.5,5.5,0.0,0,0,1.074,Freshway|BITES_MALT_POUCH,8.840580188488795,1.7047480922384253,0.071389996086673,8,0.0,1.6094379124341003,
Freshway,BITES_MALT_POUCH,CRESTLINE,Golden Malt,Bitesize Pouch,2021-03-08,7232,39776.0,5.5,5.5,0.0,0,0,1.057,Freshway|BITES_MALT_POUCH,8.886409166849282,1.7047480922384253,0.055434706888100524,9,0.0,1.6094379124341003,
Freshway,BITES_MALT_POUCH,CRESTLINE,Golden Malt,Bitesize Pouch,2021-03-15,20519,78998.15,3.85,5.5,30.0,1,0,1.038,Freshway|BITES_MALT_POUCH,9.929155299284705,1.3480731482996928,0.03729578474369693,10,0.0,1.3217558399823195,
Freshway,BITES_MALT_POUCH,CRESTLINE,Golden Malt,Bitesize Pouch,2021-03-22,4306,23683.0,5.5,5.5,0.0,0,0,1.019,Freshway|BITES_MALT_POUCH,8.36799688505411,1.7047480922384253,0.018821754240587667,11,30.0,1.6094379124341003,
Freshway,BITES_MALT_POUCH,CRESTLINE,Golden Malt,Bitesize Pouch,2021-03-29,5351,29430.5,5.5,5.5,0.0,0,0,1.0,Freshway|BITES_MALT_POUCH,8.585225601808064,1.7047480922384253,0.0,12,0.0,1.4469189829363254,
Freshway,BITES_MALT_POUCH,CRESTLINE,Golden Malt,Bitesize Pouch,2021-04-05,7154,39347.0,5.5,5.5,0.0,0,0,1.081,Freshway|BITES_MALT_POUCH,8.875566691990551,1.7047480922384253,0.0778865386570712,13,0.0,1.3862943611198906,
Freshway,BITES_MALT_POUCH,CRESTLINE,Golden Malt,Bitesize Pouch,2021-04-12,6449,35469.5,5.5,5.5,0.0,0,0,1.062,Freshway|BITES_MALT_POUCH,8.771835409789817,1.7047480922384253,0.060153922819747144,14,0.0,1.6094379124341003,
Freshway,BITES_MALT_POUCH,CRESTLINE,Golden Malt,Bitesize Pouch,2021-04-19,5665,31157.5,5.5,5.5,0.0,0,0,1.043,Freshway|BITES_MALT_POUCH,8.642238680390461,1.7047480922384253,0.042101176018635326,15,0.0,1.6094379124341003,
Freshway,BITES_MALT_POUCH,CRESTLINE,Golden Malt,Bitesize Pouch,2021-04-26,14798,52976.84,3.58,5.5,35.0,0,0,1.026,Freshway|BITES_MALT_POUCH,9.602314889901848,1.275362800412609,0.025667746748577813,16,0.0,1.6094379124341003,
Freshway,BITES_MALT_POUCH,CRESTLINE,Golden Malt,Bitesize Pouch,2021-05-03,4000,22000.0,5.5,5.5,0.0,0,0,0.909,Freshway|BITES_MALT_POUCH,8.294299608857235,1.7047480922384253,-0.09541018480465818,17,35.0,1.6094379124341003,
Freshway,BITES_MALT_POUCH,CRESTLINE,Golden Malt,Bitesize Pouch,2021-05-10,5424,29832.0,5.5,5.5,0.0,0,0,0.894,Freshway|BITES_MALT_POUCH,8.59877317840866,1.7047480922384253,-0.11204950380862289,18,0.0,1.6094379124341003,
Freshway,BITES_MALT_POUCH,CRESTLINE,Golden Malt,Bitesize Pouch,2021-05-17,17770,68414.5,3.85,5.5,30.0,1,0,0.88,Freshway|BITES_MALT_POUCH,9.785323194185485,1.3480731482996928,-0.12783337150988489,19,0.0,1.252762968495368,
Freshway,BITES_MALT_POUCH,CRESTLINE,Golden Malt,Bitesize Pouch,2021-05-24,3274,18007.0,5.5,5.5,0.0,0,0,0.868,Freshway|BITES_MALT_POUCH,8.094073148069352,1.7047480922384253,-0.14156356432178688,20,30.0,1.6094379124341003,
Freshway,BITES_MALT_POUCH,CRESTLINE,Golden Malt,Bitesize Pouch,2021-05-31,5186,28523.0,5.5,5.5,0.0,0,0,0.858,Freshway|BITES_MALT_POUCH,8.553910774351401,1.7047480922384253,-0.15315117949417478,21,0.0,1.252762968495368,
Freshway,BITES_MALT_POUCH,CRESTLINE,Golden Malt,Bitesize Pouch,2021-06-07,5304,29172.0,5.5,5.5,0.0,0,0,0.85,Freshway|BITES_MALT_POUCH,8.576405051048084,1.7047480922384253,-0.16251892949777494,22,0.0,1.6094379124341003,
Freshway,BITES_MALT_POUCH,CRESTLINE,Golden Malt,Bitesize Pouch,2021-06-14,5650,31075.0,5.5,5.5,0.0,0,0,0.845,Freshway|BITES_MALT_POUCH,8.639587799629844,1.7047480922384253,-0.16841865162496325,23,0.0,1.6094379124341003,
Freshway,BITES_MALT_POUCH,CRESTLINE,Golden Malt,Bitesize Pouch,2021-06-21,5187,28528.5,5.5,5.5,0.0,0,0,0.841,Freshway|BITES_MALT_POUCH,8.554103545436334,1.7047480922384253,-0.17316361900918903,24,0.0,1.6094379124341003,
Freshway,BITES_MALT_POUCH,CRESTLINE,Golden Malt,Bitesize Pouch,2021-06-28,14288,62867.2,4.4,5.5,20.0,1,0,0.84,Freshway|BITES_MALT_POUCH,9.56724528946897,1.4816045409242156,-0.1743533871447778,25,0.0,1.4469189829363254,
Freshway,BITES_MALT_POUCH,CRESTLINE,Golden Malt,Bitesize Pouch,2021-07-05,4244,23342.0,5.5,5.5,0.0,0,0,0.841,Freshway|BITES_MALT_POUCH,8.353497098745448,1.7047480922384253,-0.17316361900918903,26,20.0,1.6094379124341003,
Freshway,BITES_MALT_POUCH,CRESTLINE,Golden Malt,Bitesize Pouch,2021-07-12,4414,24277.0,5.5,5.5,0.0,0,0,0.845,Freshway|BITES_MALT_POUCH,8.392763113038061,1.7047480922384253,-0.16841865162496325,27,0.0,1.6094379124341003,
Freshway,BITES_MALT_POUCH,CRESTLINE,Golden Malt,Bitesize Pouch,2021-07-19,4806,26433.0,5.5,5.5,0.0,0,0,0.85,Freshway|BITES_MALT_POUCH,8.47782846789396,1.7047480922384253,-0.16251892949777494,28,0.0,1.3862943611198906,
Freshway,BITES_MALT_POUCH,CRESTLINE,Golden Malt,Bitesize Pouch,2021-07-26,11594,44636.9,3.85,5.5,30.0,0,0,0.858,Freshway|BITES_MALT_POUCH,9.358329249689632,1.3480731482996928,-0.15315117949417478,29,0.0,1.6094379124341003,
Freshway,BITES_MALT_POUCH,CRESTLINE,Golden Malt,Bitesize Pouch,2021-08-02,3691,20300.5,5.5,5.5,0.0,0,0,0.868,Freshway|BITES_MALT_POUCH,8.213923595622743,1.7047480922384253,-0.14156356432178688,30,30.0,1.6094379124341003,
Freshway,BITES_MALT_POUCH,CRESTLINE,Golden Malt,Bitesize Pouch,2021-08-09,6043,29912.85,4.95,5.5,10.0,0,0,0.88,Freshway|BITES_MALT_POUCH,8.70682132339263,1.599387576580599,-0.12783337150988489,31,0.0,1.4469189829363254,
Freshway,BITES_MALT_POUCH,CRESTLINE,Golden Malt,Bitesize Pouch,2021-08-16,12680,45394.4,3.58,5.5,35.0,0,0,0.894,Freshway|BITES_MALT_POUCH,9.447860089234899,1.275362800412609,-0.11204950380862289,32,10.0,1.6094379124341003,
Freshway,BITES_MALT_POUCH,CRESTLINE,Golden Malt,Bitesize Pouch,2021-08-23,3937,21653.5,5.5,5.5,0.0,0,0,0.909,Freshway|BITES_MALT_POUCH,8.278428259199071,1.7047480922384253,-0.09541018480465818,33,35.0,1.6094379124341003,
Freshway,BITES_MALT_POUCH,CRESTLINE,Golden Malt,Bitesize Pouch,2021-08-30,5608,30844.0,5.5,5.5,0.0,0,0,0.926,Freshway|BITES_MALT_POUCH,8.632127729508337,1.7047480922384253,-0.07688104433595762,34,0.0,1.6094379124341003,
Freshway,BITES_MALT_POUCH,CRESTLINE,Golden Malt,Bitesize Pouch,2021-09-06,5387,29628.5,5.5,5.5,0.0,0,0,0.943,Freshway|BITES_MALT_POUCH,8.591929537530255,1.7047480922384253,-0.05868899634867961,35,0.0,1.3217558399823195,
Freshway,BITES_MALT_POUCH,CRESTLINE,Golden Malt,Bitesize Pouch,2021-09-13,6606,36333.0,5.5,5.5,0.0,0,0,0.962,Freshway|BITES_MALT_POUCH,8.795884972029885,1.7047480922384253,-0.038740828316430595,36,0.0,1.6094379124341003,
Freshway,BITES_MALT_POUCH,CRESTLINE,Golden Malt,Bitesize Pouch,2021-09-20,12152,46785.2,3.85,5.5,30.0,0,0,0.981,Freshway|BITES_MALT_POUCH,9.4053313318708,1.3480731482996928,-0.019182819416773987,37,0.0,1.4469189829363254,
Freshway,BITES_MALT_POUCH,CRESTLINE,Golden Malt,Bitesize Pouch,2021-09-27,3867,21268.5,5.5,5.5,0.0,0,0,1.0,Freshway|BITES_MALT_POUCH,8.260492856573185,1.7047480922384253,0.0,38,30.0,1.252762968495368,
Freshway,BITES_MALT_POUCH,CRESTLINE,Golden Malt,Bitesize Pouch,2021-10-04,9330,43664.4,4.68,5.5,15.0,0,0,1.019,Freshway|BITES_MALT_POUCH,9.141097469234023,1.5432981099295553,0.018821754240587667,39,0.0,1.6094379124341003,
Freshway,BITES_MALT_POUCH,CRESTLINE,Golden Malt,Bitesize Pouch,2021-10-11,4829,26559.5,5.5,5.5,0.0,0,0,1.038,Freshway|BITES_MALT_POUCH,8.482601746646619,1.7047480922384253,0.03729578474369693,40,15.0,1.5040773967762742,
Freshway,BITES_MALT_POUCH,CRESTLINE,Golden Malt,Bitesize Pouch,2021-10-18,5756,31658.0,5.5,5.5,0.0,0,0,1.057,Freshway|BITES_MALT_POUCH,8.65817178467581,1.7047480922384253,0.055434706888100524,41,0.0,1.6094379124341003,
Freshway,BITES_MALT_POUCH,CRESTLINE,Golden Malt,Bitesize Pouch,2021-10-25,6766,37213.0,5.5,5.5,0.0,0,0,1.074,Freshway|BITES_MALT_POUCH,8.819813136232225,1.7047480922384253,0.071389996086673,42,0.0,1.6094379124341003,
Freshway,BITES_MALT_POUCH,CRESTLINE,Golden Malt,Bitesize Pouch,2021-11-01,6569,36129.5,5.5,5.5,0.0,0,0,1.091,Freshway|BITES_MALT_POUCH,8.790269111478656,1.7047480922384253,0.08709470685093373,43,0.0,1.6094379124341003,
Freshway,BITES_MALT_POUCH,CRESTLINE,Golden Malt,Bitesize Pouch,2021-11-08,6751,37130.5,5.5,5.5,0.0,0,0,1.106,Freshway|BITES_MALT_POUCH,8.817594036275793,1.7047480922384253,0.10074990310014315,44,0.0,1.6094379124341003,
Freshway,BITES_MALT_POUCH,CRESTLINE,Golden Malt,Bitesize Pouch,2021-11-15,14334,67083.12,4.68,5.5,15.0,0,1,1.12,Freshway|BITES_MALT_POUCH,9.57045937831747,1.5432981099295553,0.11332868530700327,45,0.0,1.3862943611198906,
Freshway,BITES_MALT_POUCH,CRESTLINE,Golden Malt,Bitesize Pouch,2021-11-22,5766,31713.0,5.5,5.5,0.0,0,0,1.132,Freshway|BITES_MALT_POUCH,8.659907293615413,1.7047480922384253,0.1239859797809911,46,15.0,1.4469189829363254,
Freshway,BITES_MALT_POUCH,CRESTLINE,Golden Malt,Bitesize Pouch,2021-11-29,7442,40931.0,5.5,5.5,0.0,0,0,1.142,Freshway|BITES_MALT_POUCH,8.915029272359911,1.7047480922384253,0.1327811112338184,47,0.0,1.6094379124341003,
Freshway,BITES_MALT_POUCH,CRESTLINE,Golden Malt,Bitesize Pouch,2021-12-06,7363,40496.5,5.5,5.5,0.0,0,0,1.15,Freshway|BITES_MALT_POUCH,8.904358542352968,1.7047480922384253,0.13976194237515863,48,0.0,1.6094379124341003,
Freshway,BITES_MALT_POUCH,CRESTLINE,Golden Malt,Bitesize Pouch,2021-12-13,6528,35904.0,5.5,5.5,0.0,0,0,1.155,Freshway|BITES_MALT_POUCH,8.784009071186633,1.7047480922384253,0.14410034397375687,49,0.0,1.6094379124341003,
Freshway,BITES_MALT_POUCH,CRESTLINE,Golden Malt,Bitesize Pouch,2021-12-20,6041,33225.5,5.5,5.5,0.0,0,0,1.159,Freshway|BITES_MALT_POUCH,8.706490361946617,1.7047480922384253,0.1475575643576147,50,0.0,1.6094379124341003,
Freshway,BITES_MALT_POUCH,CRESTLINE,Golden Malt,Bitesize Pouch,2021-12-27,7110,39105.0,5.5,5.5,0.0,0,0,1.16,Freshway|BITES_MALT_POUCH,8.869398159883518,1.7047480922384253,0.14842000511827322,51,0.0,1.6094379124341003,
Freshway,BITES_MALT_POUCH,CRESTLINE,Golden Malt,Bitesize Pouch,2022-01-03,24435,87477.3,3.58,5.5,35.0,0,1,1.159,Freshway|BITES_MALT_POUCH,10.103812733769658,1.275362800412609,0.1475575643576147,52,0.0,1.6094379124341003,
Freshway,BITES_MALT_POUCH,CRESTLINE,Golden Malt,Bitesize Pouch,2022-01-10,4590,25245.0,5.5,5.5,0.0,0,0,1.155,Freshway|BITES_MALT_POUCH,8.431853144249223,1.7047480922384253,0.14410034397375687,53,35.0,1.6094379124341003,
Freshway,BITES_MALT_POUCH,CRESTLINE,Golden Malt,Bitesize Pouch,2022-01-17,14111,58137.32,4.12,5.5,25.0,0,0,1.15,Freshway|BITES_MALT_POUCH,9.554780778246572,1.415853163361435,0.13976194237515863,54,0.0,1.6094379124341003,
Freshway,BITES_MALT_POUCH,CRESTLINE,Golden Malt,Bitesize Pouch,2022-01-24,5444,29942.0,5.5,5.5,0.0,0,0,1.142,Freshway|BITES_MALT_POUCH,8.602453035367061,1.7047480922384253,0.1327811112338184,55,25.0,1.6094379124341003,
Freshway,BITES_MALT_POUCH,CRESTLINE,Golden Malt,Bitesize Pouch,2022-01-31,18497,66219.26,3.58,5.5,35.0,0,0,1.132,Freshway|BITES_MALT_POUCH,9.825417897114205,1.275362800412609,0.1239859797809911,56,0.0,1.6094379124341003,
Freshway,BITES_MALT_POUCH,CRESTLINE,Golden Malt,Bitesize Pouch,2022-02-07,8747,36037.64,4.12,5.5,25.0,0,0,1.12,Freshway|BITES_MALT_POUCH,9.076580381796658,1.415853163361435,0.11332868530700327,57,35.0,1.6094379124341003,
Freshway,BITES_MALT_POUCH,CRESTLINE,Golden Malt,Bitesize Pouch,2022-02-14,5467,30068.5,5.5,5.5,0.0,0,0,1.106,Freshway|BITES_MALT_POUCH,8.60666819784384,1.7047480922384253,0.10074990310014315,58,25.0,1.6094379124341003,
Freshway,BITES_MALT_POUCH,CRESTLINE,Golden Malt,Bitesize Pouch,2022-02-21,6244,34342.0,5.5,5.5,0.0,0,0,1.091,Freshway|BITES_MALT_POUCH,8.739536422559677,1.7047480922384253,0.08709470685093373,59,0.0,1.6094379124341003,
Freshway,BITES_MALT_POUCH,CRESTLINE,Golden Malt,Bitesize Pouch,2022-02-28,6247,34358.5,5.5,5.5,0.0,0,0,1.074,Freshway|BITES_MALT_POUCH,8.740016691519521,1.7047480922384253,0.071389996086673,60,0.0,1.6094379124341003,
Freshway,BITES_MALT_POUCH,CRESTLINE,Golden Malt,Bitesize Pouch,2022-03-07,6059,33324.5,5.5,5.5,0.0,0,0,1.057,Freshway|BITES_MALT_POUCH,8.70946507906336,1.7047480922384253,0.055434706888100524,61,0.0,1.5040773967762742,
Freshway,BITES_MALT_POUCH,CRESTLINE,Golden Malt,Bitesize Pouch,2022-03-14,5372,29546.0,5.5,5.5,0.0,0,0,1.038,Freshway|BITES_MALT_POUCH,8.589141690728821,1.7047480922384253,0.03729578474369693,62,0.0,1.1786549963416462,
Freshway,BITES_MALT_POUCH,CRESTLINE,Golden Malt,Bitesize Pouch,2022-03-21,5569,30629.5,5.5,5.5,0.0,0,0,1.019,Freshway|BITES_MALT_POUCH,8.62515033292133,1.7047480922384253,0.018821754240587667,63,0.0,1.6094379124341003,
Freshway,BITES_MALT_POUCH,CRESTLINE,Golden Malt,Bitesize Pouch,2022-03-28,5805,31927.5,5.5,5.5,0.0,0,0,1.0,Freshway|BITES_MALT_POUCH,8.666647144584575,1.7047480922384253,0.0,64,0.0,1.6094379124341003,
Freshway,BITES_MALT_POUCH,CRESTLINE,Golden Malt,Bitesize Pouch,2022-04-04,10900,47960.0,4.4,5.5,20.0,0,0,1.081,Freshway|BITES_MALT_POUCH,9.296609807128359,1.4816045409242156,0.0778865386570712,65,0.0,1.6094379124341003,
Freshway,BITES_MALT_POUCH,CRESTLINE,Golden Malt,Bitesize Pouch,2022-04-11,4828,26554.0,5.5,5.5,0.0,0,0,1.062,Freshway|BITES_MALT_POUCH,8.482394685873542,1.7047480922384253,0.060153922819747144,66,20.0,1.6094379124341003,
Freshway,BITES_MALT_POUCH,CRESTLINE,Golden Malt,Bitesize Pouch,2022-04-18,6584,36212.0,5.5,5.5,0.0,0,0,1.043,Freshway|BITES_MALT_POUCH,8.792549614177382,1.7047480922384253,0.042101176018635326,67,0.0,1.3217558399823195,
Freshway,BITES_MALT_POUCH,CRESTLINE,Golden Malt,Bitesize Pouch,2022-04-25,6094,33517.0,5.5,5.5,0.0,0,0,1.026,Freshway|BITES_MALT_POUCH,8.715224041915372,1.7047480922384253,0.025667746748577813,68,0.0,1.6094379124341003,
Freshway,BITES_MALT_POUCH,CRESTLINE,Golden Malt,Bitesize Pouch,2022-05-02,4424,24332.0,5.5,5.5,0.0,0,0,0.909,Freshway|BITES_MALT_POUCH,8.39502555744203,1.7047480922384253,-0.09541018480465818,69,0.0,1.252762968495368,
Freshway,BITES_MALT_POUCH,CRESTLINE,Golden Malt,Bitesize Pouch,2022-05-09,5946,32703.0,5.5,5.5,0.0,0,0,0.894,Freshway|BITES_MALT_POUCH,8.690642169706594,1.7047480922384253,-0.11204950380862289,70,0.0,1.6094379124341003,
Freshway,BITES_MALT_POUCH,CRESTLINE,Golden Malt,Bitesize Pouch,2022-05-16,13641,63839.88,4.68,5.5,15.0,1,0,0.88,Freshway|BITES_MALT_POUCH,9.520908548214665,1.5432981099295553,-0.12783337150988489,71,0.0,1.6094379124341003,
Freshway,BITES_MALT_POUCH,CRESTLINE,Golden Malt,Bitesize Pouch,2022-05-23,4154,22847.0,5.5,5.5,0.0,0,0,0.868,Freshway|BITES_MALT_POUCH,8.332067707289548,1.7047480922384253,-0.14156356432178688,72,15.0,1.6094379124341003,
Freshway,BITES_MALT_POUCH,CRESTLINE,Golden Malt,Bitesize Pouch,2022-05-30,4851,26680.5,5.5,5.5,0.0,0,0,0.858,Freshway|BITES_MALT_POUCH,8.48714627006394,1.7047480922384253,-0.15315117949417478,73,0.0,1.5040773967762742,
Freshway,BITES_MALT_POUCH,CRESTLINE,Golden Malt,Bitesize Pouch,2022-06-06,4901,26955.5,5.5,5.5,0.0,0,0,0.85,Freshway|BITES_MALT_POUCH,8.497398564088058,1.7047480922384253,-0.16251892949777494,74,0.0,1.6094379124341003,
Freshway,BITES_MALT_POUCH,CRESTLINE,Golden Malt,Bitesize Pouch,2022-06-13,13115,54033.8,4.12,5.5,25.0,0,1,0.845,Freshway|BITES_MALT_POUCH,9.48158813796454,1.415853163361435,-0.16841865162496325,75,0.0,1.6094379124341003,
Freshway,BITES_MALT_POUCH,CRESTLINE,Golden Malt,Bitesize Pouch,2022-06-20,3575,19662.5,5.5,5.5,0.0,0,0,0.841,Freshway|BITES_MALT_POUCH,8.182000136293405,1.7047480922384253,-0.17316361900918903,76,25.0,1.5040773967762742,
Freshway,BITES_MALT_POUCH,CRESTLINE,Golden Malt,Bitesize Pouch,2022-06-27,5586,30723.0,5.5,5.5,0.0,0,0,0.84,Freshway|BITES_MALT_POUCH,8.628197749459149,1.7047480922384253,-0.1743533871447778,77,0.0,1.6094379124341003,
Freshway,BITES_MALT_POUCH,CRESTLINE,Golden Malt,Bitesize Pouch,2022-07-04,5201,28605.5,5.5,5.5,0.0,0,0,0.841,Freshway|BITES_MALT_POUCH,8.556798446008596,1.7047480922384253,-0.17316361900918903,78,0.0,1.6094379124341003,
Freshway,BITES_MALT_POUCH,CRESTLINE,Golden Malt,Bitesize Pouch,2022-07-11,5142,28281.0,5.5,5.5,0.0,0,0,0.845,Freshway|BITES_MALT_POUCH,8.545391845774915,1.7047480922384253,-0.16841865162496325,79,0.0,1.6094379124341003,
Freshway,BITES_MALT_POUCH,CRESTLINE,Golden Malt,Bitesize Pouch,2022-07-18,4677,25723.5,5.5,5.5,0.0,0,0,0.85,Freshway|BITES_MALT_POUCH,8.450625947144124,1.7047480922384253,-0.16251892949777494,80,0.0,1.6094379124341003,
Freshway,BITES_MALT_POUCH,CRESTLINE,Golden Malt,Bitesize Pouch,2022-07-25,9195,40458.0,4.4,5.5,20.0,0,0,0.858,Freshway|BITES_MALT_POUCH,9.126523885883072,1.4816045409242156,-0.15315117949417478,81,0.0,1.6094379124341003,
Freshway,BITES_MALT_POUCH,CRESTLINE,Golden Malt,Bitesize Pouch,2022-08-01,3775,20762.5,5.5,5.5,0.0,0,0,0.868,Freshway|BITES_MALT_POUCH,8.236420527265391,1.7047480922384253,-0.14156356432178688,82,20.0,1.3217558399823195,
Freshway,BITES_MALT_POUCH,CRESTLINE,Golden Malt,Bitesize Pouch,2022-08-08,9491,46980.45,4.95,5.5,10.0,0,1,0.88,Freshway|BITES_MALT_POUCH,9.158204617555654,1.599387576580599,-0.12783337150988489,83,0.0,1.6094379124341003,
Freshway,BITES_MALT_POUCH,CRESTLINE,Golden Malt,Bitesize Pouch,2022-08-15,4354,23947.0,5.5,5.5,0.0,0,0,0.894,Freshway|BITES_MALT_POUCH,8.379079889286603,1.7047480922384253,-0.11204950380862289,84,10.0,1.6094379124341003,
Freshway,BITES_MALT_POUCH,CRESTLINE,Golden Malt,Bitesize Pouch,2022-08-22,4986,27423.0,5.5,5.5,0.0,0,0,0.909,Freshway|BITES_MALT_POUCH,8.514589805546123,1.7047480922384253,-0.09541018480465818,85,0.0,1.1786549963416462,
Freshway,BITES_MALT_POUCH,CRESTLINE,Golden Malt,Bitesize Pouch,2022-08-29,5438,29909.0,5.5,5.5,0.0,0,0,0.926,Freshway|BITES_MALT_POUCH,8.60135049942296,1.7047480922384253,-0.07688104433595762,86,0.0,1.6094379124341003,
Freshway,BITES_MALT_POUCH,CRESTLINE,Golden Malt,Bitesize Pouch,2022-09-05,5888,32384.0,5.5,5.5,0.0,0,0,0.943,Freshway|BITES_MALT_POUCH,8.68084148294457,1.7047480922384253,-0.05868899634867961,87,0.0,1.6094379124341003,
Freshway,BITES_MALT_POUCH,CRESTLINE,Golden Malt,Bitesize Pouch,2022-09-12,5608,30844.0,5.5,5.5,0.0,0,0,0.962,Freshway|BITES_MALT_POUCH,8.632127729508337,1.7047480922384253,-0.038740828316430595,88,0.0,1.6094379124341003,
Freshway,BITES_MALT_POUCH,CRESTLINE,Golden Malt,Bitesize Pouch,2022-09-19,7860,36784.8,4.68,5.5,15.0,0,0,0.981,Freshway|BITES_MALT_POUCH,8.969669103793757,1.5432981099295553,-0.019182819416773987,89,0.0,1.1786549963416462,
Freshway,BITES_MALT_POUCH,CRESTLINE,Golden Malt,Bitesize Pouch,2022-09-26,5155,28352.5,5.5,5.5,0.0,0,0,1.0,Freshway|BITES_MALT_POUCH,8.547916364059079,1.7047480922384253,0.0,90,15.0,1.252762968495368,
Freshway,BITES_MALT_POUCH,CRESTLINE,Golden Malt,Bitesize Pouch,2022-10-03,6233,34281.5,5.5,5.5,0.0,0,0,1.019,Freshway|BITES_MALT_POUCH,8.737773460327283,1.7047480922384253,0.018821754240587667,91,0.0,1.6094379124341003,
Freshway,BITES_MALT_POUCH,CRESTLINE,Golden Malt,Bitesize Pouch,2022-10-10,9331,41056.4,4.4,5.5,20.0,0,0,1.038,Freshway|BITES_MALT_POUCH,9.14120463314132,1.4816045409242156,0.03729578474369693,92,0.0,1.6094379124341003,
Freshway,BITES_MALT_POUCH,CRESTLINE,Golden Malt,Bitesize Pouch,2022-10-17,5052,27786.0,5.5,5.5,0.0,0,0,1.057,Freshway|BITES_MALT_POUCH,8.527737405291909,1.7047480922384253,0.055434706888100524,93,20.0,1.6094379124341003,
Freshway,BITES_MALT_POUCH,CRESTLINE,Golden Malt,Bitesize Pouch,2022-10-24,5464,30052.0,5.5,5.5,0.0,0,0,1.074,Freshway|BITES_MALT_POUCH,8.60611940061064,1.7047480922384253,0.071389996086673,94,0.0,1.252762968495368,
Freshway,BITES_MALT_POUCH,CRESTLINE,Golden Malt,Bitesize Pouch,2022-10-31,7033,38681.5,5.5,5.5,0.0,0,0,1.091,Freshway|BITES_MALT_POUCH,8.858510813033927,1.7047480922384253,0.08709470685093373,95,0.0,1.6094379124341003,
Freshway,BITES_MALT_POUCH,CRESTLINE,Golden Malt,Bitesize Pouch,2022-11-07,5713,31421.5,5.5,5.5,0.0,0,0,1.106,Freshway|BITES_MALT_POUCH,8.65067458279072,1.7047480922384253,0.10074990310014315,96,0.0,1.1786549963416462,
Freshway,BITES_MALT_POUCH,CRESTLINE,Golden Malt,Bitesize Pouch,2022-11-14,7367,40518.5,5.5,5.5,0.0,0,0,1.12,Freshway|BITES_MALT_POUCH,8.904901577935142,1.7047480922384253,0.11332868530700327,97,0.0,1.6094379124341003,
Freshway,BITES_MALT_POUCH,CRESTLINE,Golden Malt,Bitesize Pouch,2022-11-21,6208,34144.0,5.5,5.5,0.0,0,0,1.132,Freshway|BITES_MALT_POUCH,8.733755131364893,1.7047480922384253,0.1239859797809911,98,0.0,1.3217558399823195,
Freshway,BITES_MALT_POUCH,CRESTLINE,Golden Malt,Bitesize Pouch,2022-11-28,7164,39402.0,5.5,5.5,0.0,0,0,1.142,Freshway|BITES_MALT_POUCH,8.876963340262272,1.7047480922384253,0.1327811112338184,99,0.0,1.6094379124341003,
Freshway,BITES_MALT_POUCH,CRESTLINE,Golden Malt,Bitesize Pouch,2022-12-05,16928,65172.8,3.85,5.5,30.0,0,0,1.15,Freshway|BITES_MALT_POUCH,9.73678340663725,1.3480731482996928,0.13976194237515863,100,0.0,1.6094379124341003,
Freshway,BITES_MALT_POUCH,CRESTLINE,Golden Malt,Bitesize Pouch,2022-12-12,7507,35132.76,4.68,5.5,15.0,0,0,1.155,Freshway|BITES_MALT_POUCH,8.9237243977064,1.5432981099295553,0.14410034397375687,101,30.0,1.6094379124341003,
Freshway,BITES_MALT_POUCH,CRESTLINE,Golden Malt,Bitesize Pouch,2022-12-19,5776,31768.0,5.5,5.5,0.0,0,0,1.159,Freshway|BITES_MALT_POUCH,8.661639795781266,1.7047480922384253,0.1475575643576147,102,15.0,1.3217558399823195,
Freshway,BITES_MALT_POUCH,CRESTLINE,Golden Malt,Bitesize Pouch,2022-12-26,6630,36465.0,5.5,5.5,0.0,0,0,1.16,Freshway|BITES_MALT_POUCH,8.799510901368867,1.7047480922384253,0.14842000511827322,103,0.0,1.3217558399823195,
Freshway,BITES_MALT_POUCH,CRESTLINE,Golden Malt,Bitesize Pouch,2023-01-02,9347,43743.96,4.68,5.5,15.0,0,0,1.159,Freshway|BITES_MALT_POUCH,9.142917695658749,1.5432981099295553,0.1475575643576147,104,0.0,1.3217558399823195,
Freshway,BITES_MALT_POUCH,CRESTLINE,Golden Malt,Bitesize Pouch,2023-01-09,6945,38197.5,5.5,5.5,0.0,0,0,1.155,Freshway|BITES_MALT_POUCH,8.845921233304018,1.7047480922384253,0.14410034397375687,105,15.0,1.6094379124341003,
Freshway,BITES_MALT_POUCH,CRESTLINE,Golden Malt,Bitesize Pouch,2023-01-16,6623,36426.5,5.5,5.5,0.0,0,0,1.15,Freshway|BITES_MALT_POUCH,8.798454696065095,1.7047480922384253,0.13976194237515863,106,0.0,1.6094379124341003,
Freshway,BITES_MALT_POUCH,CRESTLINE,Golden Malt,Bitesize Pouch,2023-01-23,6322,34771.0,5.5,5.5,0.0,0,0,1.142,Freshway|BITES_MALT_POUCH,8.751949058058614,1.7047480922384253,0.1327811112338184,107,0.0,1.252762968495368,
Freshway,BITES_MALT_POUCH,CRESTLINE,Golden Malt,Bitesize Pouch,2023-01-30,7992,43956.0,5.5,5.5,0.0,0,0,1.132,Freshway|BITES_MALT_POUCH,8.98632143762602,1.7047480922384253,0.1239859797809911,108,0.0,1.6094379124341003,
Freshway,BITES_MALT_POUCH,CRESTLINE,Golden Malt,Bitesize Pouch,2023-02-06,6637,36503.5,5.5,5.5,0.0,0,0,1.12,Freshway|BITES_MALT_POUCH,8.80056599227992,1.7047480922384253,0.11332868530700327,109,0.0,1.6094379124341003,
Freshway,BITES_MALT_POUCH,CRESTLINE,Golden Malt,Bitesize Pouch,2023-02-13,6279,34534.5,5.5,5.5,0.0,0,0,1.106,Freshway|BITES_MALT_POUCH,8.745125259462244,1.7047480922384253,0.10074990310014315,110,0.0,1.3862943611198906,
Freshway,BITES_MALT_POUCH,CRESTLINE,Golden Malt,Bitesize Pouch,2023-02-20,21954,90450.48,4.12,5.5,25.0,1,0,1.091,Freshway|BITES_MALT_POUCH,9.996750182995818,1.415853163361435,0.08709470685093373,111,0.0,1.3217558399823195,
Freshway,BITES_MALT_POUCH,CRESTLINE,Golden Malt,Bitesize Pouch,2023-02-27,4614,25377.0,5.5,5.5,0.0,0,0,1.074,Freshway|BITES_MALT_POUCH,8.437067146936952,1.7047480922384253,0.071389996086673,112,25.0,1.3862943611198906,
Freshway,BITES_MALT_POUCH,CRESTLINE,Golden Malt,Bitesize Pouch,2023-03-06,6592,36256.0,5.5,5.5,0.0,0,0,1.057,Freshway|BITES_MALT_POUCH,8.7937637591133,1.7047480922384253,0.055434706888100524,113,0.0,1.6094379124341003,
Freshway,BITES_MALT_POUCH,CRESTLINE,Golden Malt,Bitesize Pouch,2023-03-13,6700,36850.0,5.5,5.5,0.0,0,0,1.038,Freshway|BITES_MALT_POUCH,8.81001204797317,1.7047480922384253,0.03729578474369693,114,0.0,1.3862943611198906,
Freshway,BITES_MALT_POUCH,CRESTLINE,Golden Malt,Bitesize Pouch,2023-03-20,6259,34424.5,5.5,5.5,0.0,0,0,1.019,Freshway|BITES_MALT_POUCH,8.741935464094144,1.7047480922384253,0.018821754240587667,115,0.0,1.6094379124341003,
Freshway,BITES_MALT_POUCH,CRESTLINE,Golden Malt,Bitesize Pouch,2023-03-27,5362,29491.0,5.5,5.5,0.0,0,0,1.0,Freshway|BITES_MALT_POUCH,8.587278798982926,1.7047480922384253,0.0,116,0.0,1.252762968495368,
Freshway,BITES_MALT_POUCH,CRESTLINE,Golden Malt,Bitesize Pouch,2023-04-03,6625,36437.5,5.5,5.5,0.0,0,0,1.081,Freshway|BITES_MALT_POUCH,8.798756582859841,1.7047480922384253,0.0778865386570712,117,0.0,1.6094379124341003,
Freshway,BITES_MALT_POUCH,CRESTLINE,Golden Malt,Bitesize Pouch,2023-04-10,7709,42399.5,5.5,5.5,0.0,0,0,1.062,Freshway|BITES_MALT_POUCH,8.950273466557375,1.7047480922384253,0.060153922819747144,118,0.0,1.6094379124341003,
Freshway,BITES_MALT_POUCH,CRESTLINE,Golden Malt,Bitesize Pouch,2023-04-17,6555,36052.5,5.5,5.5,0.0,0,0,1.043,Freshway|BITES_MALT_POUCH,8.78813593986372,1.7047480922384253,0.042101176018635326,119,0.0,1.6094379124341003,
Freshway,BITES_MALT_POUCH,CRESTLINE,Golden Malt,Bitesize Pouch,2023-04-24,13849,53318.65,3.85,5.5,30.0,0,0,1.026,Freshway|BITES_MALT_POUCH,9.536040511615484,1.3480731482996928,0.025667746748577813,120,0.0,1.6094379124341003,
Freshway,BITES_MALT_POUCH,CRESTLINE,Golden Malt,Bitesize Pouch,2023-05-01,18203,65166.74,3.58,5.5,35.0,1,0,0.909,Freshway|BITES_MALT_POUCH,9.809396629136533,1.275362800412609,-0.09541018480465818,121,30.0,1.6094379124341003,
Freshway,BITES_MALT_POUCH,CRESTLINE,Golden Malt,Bitesize Pouch,2023-05-08,4524,24882.0,5.5,5.5,0.0,0,0,0.894,Freshway|BITES_MALT_POUCH,8.417372856134026,1.7047480922384253,-0.11204950380862289,122,35.0,1.6094379124341003,
Freshway,BITES_MALT_POUCH,CRESTLINE,Golden Malt,Bitesize Pouch,2023-05-15,5278,29029.0,5.5,5.5,0.0,0,0,0.88,Freshway|BITES_MALT_POUCH,8.571491964823617,1.7047480922384253,-0.12783337150988489,123,0.0,1.6094379124341003,
Freshway,BITES_MALT_POUCH,CRESTLINE,Golden Malt,Bitesize Pouch,2023-05-22,19044,78461.28,4.12,5.5,25.0,1,0,0.868,Freshway|BITES_MALT_POUCH,9.854559878912704,1.415853163361435,-0.14156356432178688,124,0.0,1.6094379124341003,
Freshway,BITES_MALT_POUCH,CRESTLINE,Golden Malt,Bitesize Pouch,2023-05-29,3918,21549.0,5.5,5.5,0.0,0,0,0.858,Freshway|BITES_MALT_POUCH,8.273591798199632,1.7047480922384253,-0.15315117949417478,125,25.0,1.6094379124341003,
Freshway,BITES_MALT_POUCH,CRESTLINE,Golden Malt,Bitesize Pouch,2023-06-05,5115,28132.5,5.5,5.5,0.0,0,0,0.85,Freshway|BITES_MALT_POUCH,8.540128162698734,1.7047480922384253,-0.16251892949777494,126,0.0,1.6094379124341003,
Freshway,BITES_MALT_POUCH,CRESTLINE,Golden Malt,Bitesize Pouch,2023-06-12,5084,27962.0,5.5,5.5,0.0,0,0,0.845,Freshway|BITES_MALT_POUCH,8.53405030848266,1.7047480922384253,-0.16841865162496325,127,0.0,1.1786549963416462,
Freshway,BITES_MALT_POUCH,CRESTLINE,Golden Malt,Bitesize Pouch,2023-06-19,5230,28765.0,5.5,5.5,0.0,0,0,0.841,Freshway|BITES_MALT_POUCH,8.562357743370612,1.7047480922384253,-0.17316361900918903,128,0.0,1.6094379124341003,
Freshway,BITES_MALT_POUCH,CRESTLINE,Golden Malt,Bitesize Pouch,2023-06-26,5009,27549.5,5.5,5.5,0.0,0,0,0.84,Freshway|BITES_MALT_POUCH,8.51919119407891,1.7047480922384253,-0.1743533871447778,129,0.0,1.1786549963416462,
Freshway,BITES_MALT_POUCH,CRESTLINE,Golden Malt,Bitesize Pouch,2023-07-03,5041,27725.5,5.5,5.5,0.0,0,0,0.841,Freshway|BITES_MALT_POUCH,8.525558107747866,1.7047480922384253,-0.17316361900918903,130,0.0,1.6094379124341003,
Freshway,BITES_MALT_POUCH,CRESTLINE,Golden Malt,Bitesize Pouch,2023-07-10,4913,27021.5,5.5,5.5,0.0,0,0,0.845,Freshway|BITES_MALT_POUCH,8.499843553081124,1.7047480922384253,-0.16841865162496325,131,0.0,1.6094379124341003,
Freshway,BITES_MALT_POUCH,CRESTLINE,Golden Malt,Bitesize Pouch,2023-07-17,5344,29392.0,5.5,5.5,0.0,0,0,0.85,Freshway|BITES_MALT_POUCH,8.583916823459145,1.7047480922384253,-0.16251892949777494,132,0.0,1.6094379124341003,
Freshway,BITES_MALT_POUCH,CRESTLINE,Golden Malt,Bitesize Pouch,2023-07-24,18691,77006.92,4.12,5.5,25.0,1,0,0.858,Freshway|BITES_MALT_POUCH,9.835850903820317,1.415853163361435,-0.15315117949417478,133,0.0,1.6094379124341003,
Freshway,BITES_MALT_POUCH,CRESTLINE,Golden Malt,Bitesize Pouch,2023-07-31,8901,36672.12,4.12,5.5,25.0,0,0,0.868,Freshway|BITES_MALT_POUCH,9.0940312495758,1.415853163361435,-0.14156356432178688,134,25.0,1.6094379124341003,
Freshway,BITES_MALT_POUCH,CRESTLINE,Golden Malt,Bitesize Pouch,2023-08-07,4419,24304.5,5.5,5.5,0.0,0,0,0.88,Freshway|BITES_MALT_POUCH,8.393894975071744,1.7047480922384253,-0.12783337150988489,135,25.0,1.6094379124341003,
Freshway,BITES_MALT_POUCH,CRESTLINE,Golden Malt,Bitesize Pouch,2023-08-14,5377,29573.5,5.5,5.5,0.0,0,0,0.894,Freshway|BITES_MALT_POUCH,8.59007183682881,1.7047480922384253,-0.11204950380862289,136,0.0,1.6094379124341003,
Freshway,BITES_MALT_POUCH,CRESTLINE,Golden Malt,Bitesize Pouch,2023-08-21,5695,31322.5,5.5,5.5,0.0,0,0,0.909,Freshway|BITES_MALT_POUCH,8.647519453091812,1.7047480922384253,-0.09541018480465818,137,0.0,1.6094379124341003,
Freshway,BITES_MALT_POUCH,CRESTLINE,Golden Malt,Bitesize Pouch,2023-08-28,7960,39402.0,4.95,5.5,10.0,0,0,0.926,Freshway|BITES_MALT_POUCH,8.982309899088579,1.599387576580599,-0.07688104433595762,138,0.0,1.6094379124341003,
Freshway,BITES_MALT_POUCH,CRESTLINE,Golden Malt,Bitesize Pouch,2023-09-04,5689,31289.5,5.5,5.5,0.0,0,0,0.943,Freshway|BITES_MALT_POUCH,8.646465527120377,1.7047480922384253,-0.05868899634867961,139,10.0,1.6094379124341003,
Freshway,BITES_MALT_POUCH,CRESTLINE,Golden Malt,Bitesize Pouch,2023-09-11,18510,76261.2,4.12,5.5,25.0,1,0,0.962,Freshway|BITES_MALT_POUCH,9.826120428959685,1.415853163361435,-0.038740828316430595,140,0.0,1.6094379124341003,
Freshway,BITES_MALT_POUCH,CRESTLINE,Golden Malt,Bitesize Pouch,2023-09-18,4391,24150.5,5.5,5.5,0.0,0,0,0.981,Freshway|BITES_MALT_POUCH,8.387539983189367,1.7047480922384253,-0.019182819416773987,141,25.0,1.5040773967762742,
Freshway,BITES_MALT_POUCH,CRESTLINE,Golden Malt,Bitesize Pouch,2023-09-25,6005,33027.5,5.5,5.5,0.0,0,0,1.0,Freshway|BITES_MALT_POUCH,8.700514248543275,1.7047480922384253,0.0,142,0.0,1.252762968495368,
Freshway,BITES_MALT_POUCH,CRESTLINE,Golden Malt,Bitesize Pouch,2023-10-02,44736,160154.88,3.58,5.5,35.0,1,1,1.019,Freshway|BITES_MALT_POUCH,10.708556178705596,1.275362800412609,0.018821754240587667,143,0.0,1.6094379124341003,
Freshway,BITES_MALT_POUCH,CRESTLINE,Golden Malt,Bitesize Pouch,2023-10-09,9708,37375.8,3.85,5.5,30.0,0,0,1.038,Freshway|BITES_MALT_POUCH,9.180808569370145,1.3480731482996928,0.03729578474369693,144,35.0,1.6094379124341003,
Freshway,BITES_MALT_POUCH,CRESTLINE,Golden Malt,Bitesize Pouch,2023-10-16,5740,31570.0,5.5,5.5,0.0,0,0,1.057,Freshway|BITES_MALT_POUCH,8.655388690167637,1.7047480922384253,0.055434706888100524,145,30.0,1.6094379124341003,
Freshway,BITES_MALT_POUCH,CRESTLINE,Golden Malt,Bitesize Pouch,2023-10-23,6229,34259.5,5.5,5.5,0.0,0,0,1.074,Freshway|BITES_MALT_POUCH,8.737131611781498,1.7047480922384253,0.071389996086673,146,0.0,1.6094379124341003,
Freshway,BITES_MALT_POUCH,CRESTLINE,Golden Malt,Bitesize Pouch,2023-10-30,6659,36624.5,5.5,5.5,0.0,0,0,1.091,Freshway|BITES_MALT_POUCH,8.803874763534434,1.7047480922384253,0.08709470685093373,147,0.0,1.6094379124341003,
Freshway,BITES_MALT_POUCH,CRESTLINE,Golden Malt,Bitesize Pouch,2023-11-06,6327,34798.5,5.5,5.5,0.0,0,0,1.106,Freshway|BITES_MALT_POUCH,8.75273950944749,1.7047480922384253,0.10074990310014315,148,0.0,1.5040773967762742,
Freshway,BITES_MALT_POUCH,CRESTLINE,Golden Malt,Bitesize Pouch,2023-11-13,6497,35733.5,5.5,5.5,0.0,0,0,1.12,Freshway|BITES_MALT_POUCH,8.779249716229046,1.7047480922384253,0.11332868530700327,149,0.0,1.6094379124341003,
Freshway,BITES_MALT_POUCH,CRESTLINE,Golden Malt,Bitesize Pouch,2023-11-20,16120,62062.0,3.85,5.5,30.0,0,0,1.132,Freshway|BITES_MALT_POUCH,9.687878048875998,1.3480731482996928,0.1239859797809911,150,0.0,1.6094379124341003,
Freshway,BITES_MALT_POUCH,CRESTLINE,Golden Malt,Bitesize Pouch,2023-11-27,5064,27852.0,5.5,5.5,0.0,0,0,1.142,Freshway|BITES_MALT_POUCH,8.530109416682784,1.7047480922384253,0.1327811112338184,151,30.0,1.252762968495368,
Freshway,BITES_MALT_POUCH,CRESTLINE,Golden Malt,Bitesize Pouch,2023-12-04,6455,35502.5,5.5,5.5,0.0,0,0,1.15,Freshway|BITES_MALT_POUCH,8.772765209949785,1.7047480922384253,0.13976194237515863,152,0.0,1.5040773967762742,
Freshway,BITES_MALT_POUCH,CRESTLINE,Golden Malt,Bitesize Pouch,2023-12-11,6315,34732.5,5.5,5.5,0.0,0,0,1.155,Freshway|BITES_MALT_POUCH,8.750841375375533,1.7047480922384253,0.14410034397375687,153,0.0,1.6094379124341003,
Freshway,BITES_MALT_POUCH,CRESTLINE,Golden Malt,Bitesize Pouch,2023-12-18,7774,42757.0,5.5,5.5,0.0,0,0,1.159,Freshway|BITES_MALT_POUCH,8.958668737047434,1.7047480922384253,0.1475575643576147,154,0.0,1.6094379124341003,
Freshway,BITES_MALT_POUCH,CRESTLINE,Golden Malt,Bitesize Pouch,2023-12-25,9135,45218.25,4.95,5.5,10.0,0,0,1.16,Freshway|BITES_MALT_POUCH,9.119977931895791,1.599387576580599,0.14842000511827322,155,0.0,1.6094379124341003,
Freshway,CLASSIC_DAIRY_BLOCK,HARTWELL,Hartwell Dairy,Block,2021-01-04,12625,50500.0,4.0,4.0,0.0,0,0,1.159,Freshway|CLASSIC_DAIRY_BLOCK,9.44351345892757,1.3862943611198906,0.1475575643576147,0,0.0,1.6094379124341003,1.7047480922384253
Freshway,CLASSIC_DAIRY_BLOCK,HARTWELL,Hartwell Dairy,Block,2021-01-11,24220,77504.0,3.2,4.0,20.0,0,0,1.155,Freshway|CLASSIC_DAIRY_BLOCK,10.094975304446326,1.1631508098056809,0.14410034397375687,1,0.0,1.6094379124341003,1.7047480922384253
Freshway,CLASSIC_DAIRY_BLOCK,HARTWELL,Hartwell Dairy,Block,2021-01-18,10693,42772.0,4.0,4.0,0.0,0,0,1.15,Freshway|CLASSIC_DAIRY_BLOCK,9.277438115508676,1.3862943611198906,0.13976194237515863,2,20.0,1.6094379124341003,1.7047480922384253
Freshway,CLASSIC_DAIRY_BLOCK,HARTWELL,Hartwell Dairy,Block,2021-01-25,12118,48472.0,4.0,4.0,0.0,0,0,1.142,Freshway|CLASSIC_DAIRY_BLOCK,9.402529747968487,1.3862943611198906,0.1327811112338184,3,0.0,1.6094379124341003,1.7047480922384253
Freshway,CLASSIC_DAIRY_BLOCK,HARTWELL,Hartwell Dairy,Block,2021-02-01,12798,51192.0,4.0,4.0,0.0,0,0,1.132,Freshway|CLASSIC_DAIRY_BLOCK,9.457122321855792,1.3862943611198906,0.1239859797809911,4,0.0,1.3862943611198906,1.5432981099295553
Freshway,CLASSIC_DAIRY_BLOCK,HARTWELL,Hartwell Dairy,Block,2021-02-08,12574,50296.0,4.0,4.0,0.0,0,0,1.12,Freshway|CLASSIC_DAIRY_BLOCK,9.43946599496794,1.3862943611198906,0.11332868530700327,5,0.0,1.6094379124341003,1.7047480922384253
Freshway,CLASSIC_DAIRY_BLOCK,HARTWELL,Hartwell Dairy,Block,2021-02-15,13484,53936.0,4.0,4.0,0.0,0,0,1.106,Freshway|CLASSIC_DAIRY_BLOCK,9.50933323557383,1.3862943611198906,0.10074990310014315,6,0.0,1.5040773967762742,1.7047480922384253
Freshway,CLASSIC_DAIRY_BLOCK,HARTWELL,Hartwell Dairy,Block,2021-02-22,12785,51140.0,4.0,4.0,0.0,0,0,1.091,Freshway|CLASSIC_DAIRY_BLOCK,9.456106101326672,1.3862943611198906,0.08709470685093373,7,0.0,1.6094379124341003,1.7047480922384253
Freshway,CLASSIC_DAIRY_BLOCK,HARTWELL,Hartwell Dairy,Block,2021-03-01,12219,48876.0,4.0,4.0,0.0,0,0,1.074,Freshway|CLASSIC_DAIRY_BLOCK,9.410829232725586,1.3862943611198906,0.071389996086673,8,0.0,1.6094379124341003,1.7047480922384253
Freshway,CLASSIC_DAIRY_BLOCK,HARTWELL,Hartwell Dairy,Block,2021-03-08,31187,87323.6,2.8,4.0,30.0,0,0,1.057,Freshway|CLASSIC_DAIRY_BLOCK,10.34778868442949,1.0296194171811581,0.055434706888100524,9,0.0,1.6094379124341003,1.7047480922384253
Freshway,CLASSIC_DAIRY_BLOCK,HARTWELL,Hartwell Dairy,Block,2021-03-15,8841,35364.0,4.0,4.0,0.0,0,0,1.038,Freshway|CLASSIC_DAIRY_BLOCK,9.087268374386188,1.3862943611198906,0.03729578474369693,10,30.0,1.1786549963416462,1.3480731482996928
Freshway,CLASSIC_DAIRY_BLOCK,HARTWELL,Hartwell Dairy,Block,2021-03-22,33314,93279.2,2.8,4.0,30.0,0,0,1.019,Freshway|CLASSIC_DAIRY_BLOCK,10.413763024996637,1.0296194171811581,0.018821754240587667,11,0.0,1.3862943611198906,1.7047480922384253
Freshway,CLASSIC_DAIRY_BLOCK,HARTWELL,Hartwell Dairy,Block,2021-03-29,20259,56725.2,2.8,4.0,30.0,0,0,1.0,Freshway|CLASSIC_DAIRY_BLOCK,9.916403777802675,1.0296194171811581,0.0,12,30.0,1.1786549963416462,1.7047480922384253
Freshway,CLASSIC_DAIRY_BLOCK,HARTWELL,Hartwell Dairy,Block,2021-04-05,9379,37516.0,4.0,4.0,0.0,0,0,1.081,Freshway|CLASSIC_DAIRY_BLOCK,9.14633504200027,1.3862943611198906,0.0778865386570712,13,30.0,1.6094379124341003,1.7047480922384253
Freshway,CLASSIC_DAIRY_BLOCK,HARTWELL,Hartwell Dairy,Block,2021-04-12,11797,47188.0,4.0,4.0,0.0,0,0,1.062,Freshway|CLASSIC_DAIRY_BLOCK,9.37568530456302,1.3862943611198906,0.060153922819747144,14,0.0,1.6094379124341003,1.7047480922384253
Freshway,CLASSIC_DAIRY_BLOCK,HARTWELL,Hartwell Dairy,Block,2021-04-19,12402,49608.0,4.0,4.0,0.0,0,0,1.043,Freshway|CLASSIC_DAIRY_BLOCK,9.42569365781533,1.3862943611198906,0.042101176018635326,15,0.0,1.3217558399823195,1.7047480922384253
Freshway,CLASSIC_DAIRY_BLOCK,HARTWELL,Hartwell Dairy,Block,2021-04-26,36958,118265.6,3.2,4.0,20.0,1,0,1.026,Freshway|CLASSIC_DAIRY_BLOCK,10.517564469112537,1.1631508098056809,0.025667746748577813,16,0.0,1.6094379124341003,1.275362800412609
Freshway,CLASSIC_DAIRY_BLOCK,HARTWELL,Hartwell Dairy,Block,2021-05-03,8335,33340.0,4.0,4.0,0.0,0,0,0.909,Freshway|CLASSIC_DAIRY_BLOCK,9.028338763993148,1.3862943611198906,-0.09541018480465818,17,20.0,1.3862943611198906,1.7047480922384253
Freshway,CLASSIC_DAIRY_BLOCK,HARTWELL,Hartwell Dairy,Block,2021-05-10,25675,77025.0,3.0,4.0,25.0,0,0,0.894,Freshway|CLASSIC_DAIRY_BLOCK,10.153311982431669,1.0986122886681098,-0.11204950380862289,18,0.0,1.6094379124341003,1.7047480922384253
Freshway,CLASSIC_DAIRY_BLOCK,HARTWELL,Hartwell Dairy,Block,2021-05-17,8136,32544.0,4.0,4.0,0.0,0,0,0.88,Freshway|CLASSIC_DAIRY_BLOCK,9.004176840696656,1.3862943611198906,-0.12783337150988489,19,25.0,1.3217558399823195,1.3480731482996928
Freshway,CLASSIC_DAIRY_BLOCK,HARTWELL,Hartwell Dairy,Block,2021-05-24,24046,76947.2,3.2,4.0,20.0,0,1,0.868,Freshway|CLASSIC_DAIRY_BLOCK,10.08776552762847,1.1631508098056809,-0.14156356432178688,20,0.0,1.6094379124341003,1.7047480922384253
Freshway,CLASSIC_DAIRY_BLOCK,HARTWELL,Hartwell Dairy,Block,2021-05-31,8468,33872.0,4.0,4.0,0.0,0,0,0.858,Freshway|CLASSIC_DAIRY_BLOCK,9.0441677169216,1.3862943611198906,-0.15315117949417478,21,20.0,1.4469189829363254,1.7047480922384253
Freshway,CLASSIC_DAIRY_BLOCK,HARTWELL,Hartwell Dairy,Block,2021-06-07,10300,41200.0,4.0,4.0,0.0,0,0,0.85,Freshway|CLASSIC_DAIRY_BLOCK,9.239996256883693,1.3862943611198906,-0.16251892949777494,22,0.0,1.6094379124341003,1.7047480922384253
Freshway,CLASSIC_DAIRY_BLOCK,HARTWELL,Hartwell Dairy,Block,2021-06-14,10122,40488.0,4.0,4.0,0.0,0,0,0.845,Freshway|CLASSIC_DAIRY_BLOCK,9.222565341598752,1.3862943611198906,-0.16841865162496325,23,0.0,1.252762968495368,1.7047480922384253
Freshway,CLASSIC_DAIRY_BLOCK,HARTWELL,Hartwell Dairy,Block,2021-06-21,10187,40748.0,4.0,4.0,0.0,0,0,0.841,Freshway|CLASSIC_DAIRY_BLOCK,9.228965836099349,1.3862943611198906,-0.17316361900918903,24,0.0,1.6094379124341003,1.7047480922384253
Freshway,CLASSIC_DAIRY_BLOCK,HARTWELL,Hartwell Dairy,Block,2021-06-28,10369,41476.0,4.0,4.0,0.0,0,0,0.84,Freshway|CLASSIC_DAIRY_BLOCK,9.246672301223573,1.3862943611198906,-0.1743533871447778,25,0.0,1.6094379124341003,1.4816045409242156
Freshway,CLASSIC_DAIRY_BLOCK,HARTWELL,Hartwell Dairy,Block,2021-07-05,13644,46389.6,3.4,4.0,15.0,0,0,0.841,Freshway|CLASSIC_DAIRY_BLOCK,9.521128433142438,1.2237754316221157,-0.17316361900918903,26,0.0,1.6094379124341003,1.7047480922384253
Freshway,CLASSIC_DAIRY_BLOCK,HARTWELL,Hartwell Dairy,Block,2021-07-12,8708,34832.0,4.0,4.0,0.0,0,0,0.845,Freshway|CLASSIC_DAIRY_BLOCK,9.07211225269274,1.3862943611198906,-0.16841865162496325,27,15.0,1.6094379124341003,1.7047480922384253
Freshway,CLASSIC_DAIRY_BLOCK,HARTWELL,Hartwell Dairy,Block,2021-07-19,9119,36476.0,4.0,4.0,0.0,0,0,0.85,Freshway|CLASSIC_DAIRY_BLOCK,9.118225083068378,1.3862943611198906,-0.16251892949777494,28,0.0,1.252762968495368,1.7047480922384253
Freshway,CLASSIC_DAIRY_BLOCK,HARTWELL,Hartwell Dairy,Block,2021-07-26,11168,44672.0,4.0,4.0,0.0,0,0,0.858,Freshway|CLASSIC_DAIRY_BLOCK,9.320897362540826,1.3862943611198906,-0.15315117949417478,29,0.0,1.6094379124341003,1.3480731482996928
Freshway,CLASSIC_DAIRY_BLOCK,HARTWELL,Hartwell Dairy,Block,2021-08-02,10564,42256.0,4.0,4.0,0.0,0,0,0.868,Freshway|CLASSIC_DAIRY_BLOCK,9.265301930050157,1.3862943611198906,-0.14156356432178688,30,0.0,1.6094379124341003,1.7047480922384253
Freshway,CLASSIC_DAIRY_BLOCK,HARTWELL,Hartwell Dairy,Block,2021-08-09,10321,41284.0,4.0,4.0,0.0,0,0,0.88,Freshway|CLASSIC_DAIRY_BLOCK,9.242032818708672,1.3862943611198906,-0.12783337150988489,31,0.0,1.3217558399823195,1.599387576580599
Freshway,CLASSIC_DAIRY_BLOCK,HARTWELL,Hartwell Dairy,Block,2021-08-16,49592,128939.2,2.6,4.0,35.0,1,0,0.894,Freshway|CLASSIC_DAIRY_BLOCK,10.811604973721122,0.9555114450274363,-0.11204950380862289,32,0.0,1.6094379124341003,1.275362800412609
Freshway,CLASSIC_DAIRY_BLOCK,HARTWELL,Hartwell Dairy,Block,2021-08-23,8135,32540.0,4.0,4.0,0.0,0,0,0.909,Freshway|CLASSIC_DAIRY_BLOCK,9.004053937728395,1.3862943611198906,-0.09541018480465818,33,35.0,1.6094379124341003,1.7047480922384253
Freshway,CLASSIC_DAIRY_BLOCK,HARTWELL,Hartwell Dairy,Block,2021-08-30,10453,41812.0,4.0,4.0,0.0,0,0,0.926,Freshway|CLASSIC_DAIRY_BLOCK,9.254739959272866,1.3862943611198906,-0.07688104433595762,34,0.0,1.6094379124341003,1.7047480922384253
Freshway,CLASSIC_DAIRY_BLOCK,HARTWELL,Hartwell Dairy,Block,2021-09-06,11927,47708.0,4.0,4.0,0.0,0,0,0.943,Freshway|CLASSIC_DAIRY_BLOCK,9.386643856444575,1.3862943611198906,-0.05868899634867961,35,0.0,1.6094379124341003,1.7047480922384253
Freshway,CLASSIC_DAIRY_BLOCK,HARTWELL,Hartwell Dairy,Block,2021-09-13,18230,61982.0,3.4,4.0,15.0,0,0,0.962,Freshway|CLASSIC_DAIRY_BLOCK,9.810878720803466,1.2237754316221157,-0.038740828316430595,36,0.0,1.6094379124341003,1.7047480922384253
Freshway,CLASSIC_DAIRY_BLOCK,HARTWELL,Hartwell Dairy,Block,2021-09-20,10076,40304.0,4.0,4.0,0.0,0,0,0.981,Freshway|CLASSIC_DAIRY_BLOCK,9.218010878280403,1.3862943611198906,-0.019182819416773987,37,15.0,1.6094379124341003,1.3480731482996928
Freshway,CLASSIC_DAIRY_BLOCK,HARTWELL,Hartwell Dairy,Block,2021-09-27,12354,49416.0,4.0,4.0,0.0,0,0,1.0,Freshway|CLASSIC_DAIRY_BLOCK,9.42181611842271,1.3862943611198906,0.0,38,0.0,1.3862943611198906,1.7047480922384253
Freshway,CLASSIC_DAIRY_BLOCK,HARTWELL,Hartwell Dairy,Block,2021-10-04,11539,46156.0,4.0,4.0,0.0,0,0,1.019,Freshway|CLASSIC_DAIRY_BLOCK,9.353574540062091,1.3862943611198906,0.018821754240587667,39,0.0,1.6094379124341003,1.5432981099295553
Freshway,CLASSIC_DAIRY_BLOCK,HARTWELL,Hartwell Dairy,Block,2021-10-11,30804,98572.8,3.2,4.0,20.0,0,1,1.038,Freshway|CLASSIC_DAIRY_BLOCK,10.33543229344867,1.1631508098056809,0.03729578474369693,40,0.0,1.6094379124341003,1.7047480922384253
Freshway,CLASSIC_DAIRY_BLOCK,HARTWELL,Hartwell Dairy,Block,2021-10-18,14470,49198.0,3.4,4.0,15.0,0,0,1.057,Freshway|CLASSIC_DAIRY_BLOCK,9.579901925737992,1.2237754316221157,0.055434706888100524,41,20.0,1.6094379124341003,1.7047480922384253
Freshway,CLASSIC_DAIRY_BLOCK,HARTWELL,Hartwell Dairy,Block,2021-10-25,45717,118864.2,2.6,4.0,35.0,0,1,1.074,Freshway|CLASSIC_DAIRY_BLOCK,10.730247372419994,0.9555114450274363,0.071389996086673,42,15.0,1.6094379124341003,1.7047480922384253
Freshway,CLASSIC_DAIRY_BLOCK,HARTWELL,Hartwell Dairy,Block,2021-11-01,8696,34784.0,4.0,4.0,0.0,0,0,1.091,Freshway|CLASSIC_DAIRY_BLOCK,9.070733417589766,1.3862943611198906,0.08709470685093373,43,35.0,1.6094379124341003,1.7047480922384253
Freshway,CLASSIC_DAIRY_BLOCK,HARTWELL,Hartwell Dairy,Block,2021-11-08,12049,48196.0,4.0,4.0,0.0,0,0,1.106,Freshway|CLASSIC_DAIRY_BLOCK,9.396819938918801,1.3862943611198906,0.10074990310014315,44,0.0,1.6094379124341003,1.7047480922384253
Freshway,CLASSIC_DAIRY_BLOCK,HARTWELL,Hartwell Dairy,Block,2021-11-15,11566,46264.0,4.0,4.0,0.0,0,0,1.12,Freshway|CLASSIC_DAIRY_BLOCK,9.355911495295402,1.3862943611198906,0.11332868530700327,45,0.0,1.6094379124341003,1.5432981099295553
Freshway,CLASSIC_DAIRY_BLOCK,HARTWELL,Hartwell Dairy,Block,2021-11-22,41910,125730.0,3.0,4.0,25.0,1,0,1.132,Freshway|CLASSIC_DAIRY_BLOCK,10.643303601288238,1.0986122886681098,0.1239859797809911,46,0.0,1.6094379124341003,1.7047480922384253
Freshway,CLASSIC_DAIRY_BLOCK,HARTWELL,Hartwell Dairy,Block,2021-11-29,53292,138559.2,2.6,4.0,35.0,1,0,1.142,Freshway|CLASSIC_DAIRY_BLOCK,10.883560269446571,0.9555114450274363,0.1327811112338184,47,25.0,1.6094379124341003,1.7047480922384253
Freshway,CLASSIC_DAIRY_BLOCK,HARTWELL,Hartwell Dairy,Block,2021-12-06,9765,39060.0,4.0,4.0,0.0,0,0,1.15,Freshway|CLASSIC_DAIRY_BLOCK,9.186662244621605,1.3862943611198906,0.13976194237515863,48,35.0,1.6094379124341003,1.7047480922384253
Freshway,CLASSIC_DAIRY_BLOCK,HARTWELL,Hartwell Dairy,Block,2021-12-13,12015,48060.0,4.0,4.0,0.0,0,0,1.155,Freshway|CLASSIC_DAIRY_BLOCK,9.393994374003915,1.3862943611198906,0.14410034397375687,49,0.0,1.6094379124341003,1.7047480922384253
Freshway,CLASSIC_DAIRY_BLOCK,HARTWELL,Hartwell Dairy,Block,2021-12-20,28572,85716.0,3.0,4.0,25.0,0,0,1.159,Freshway|CLASSIC_DAIRY_BLOCK,10.260217494962417,1.0986122886681098,0.1475575643576147,50,0.0,1.6094379124341003,1.7047480922384253
Freshway,CLASSIC_DAIRY_BLOCK,HARTWELL,Hartwell Dairy,Block,2021-12-27,10804,43216.0,4.0,4.0,0.0,0,0,1.16,Freshway|CLASSIC_DAIRY_BLOCK,9.287764268940986,1.3862943611198906,0.14842000511827322,51,25.0,1.6094379124341003,1.7047480922384253
Freshway,CLASSIC_DAIRY_BLOCK,HARTWELL,Hartwell Dairy,Block,2022-01-03,15217,60868.0,4.0,4.0,0.0,0,0,1.159,Freshway|CLASSIC_DAIRY_BLOCK,9.630234216736469,1.3862943611198906,0.1475575643576147,52,0.0,1.6094379124341003,1.275362800412609
Freshway,CLASSIC_DAIRY_BLOCK,HARTWELL,Hartwell Dairy,Block,2022-01-10,12742,50968.0,4.0,4.0,0.0,0,0,1.155,Freshway|CLASSIC_DAIRY_BLOCK,9.452737380212278,1.3862943611198906,0.14410034397375687,53,0.0,1.3862943611198906,1.7047480922384253
Freshway,CLASSIC_DAIRY_BLOCK,HARTWELL,Hartwell Dairy,Block,2022-01-17,86044,223714.4,2.6,4.0,35.0,1,1,1.15,Freshway|CLASSIC_DAIRY_BLOCK,11.36262569419901,0.9555114450274363,0.13976194237515863,54,0.0,1.6094379124341003,1.415853163361435
Freshway,CLASSIC_DAIRY_BLOCK,HARTWELL,Hartwell Dairy,Block,2022-01-24,10234,40936.0,4.0,4.0,0.0,0,0,1.142,Freshway|CLASSIC_DAIRY_BLOCK,9.23356849809539,1.3862943611198906,0.1327811112338184,55,35.0,1.252762968495368,1.7047480922384253
Freshway,CLASSIC_DAIRY_BLOCK,HARTWELL,Hartwell Dairy,Block,2022-01-31,14870,59480.0,4.0,4.0,0.0,0,0,1.132,Freshway|CLASSIC_DAIRY_BLOCK,9.607168286688683,1.3862943611198906,0.1239859797809911,56,0.0,1.3862943611198906,1.275362800412609
Freshway,CLASSIC_DAIRY_BLOCK,HARTWELL,Hartwell Dairy,Block,2022-02-07,13148,52592.0,4.0,4.0,0.0,0,0,1.12,Freshway|CLASSIC_DAIRY_BLOCK,9.484100989086919,1.3862943611198906,0.11332868530700327,57,0.0,1.6094379124341003,1.415853163361435
Freshway,CLASSIC_DAIRY_BLOCK,HARTWELL,Hartwell Dairy,Block,2022-02-14,13340,53360.0,4.0,4.0,0.0,0,0,1.106,Freshway|CLASSIC_DAIRY_BLOCK,9.498597279178806,1.3862943611198906,0.10074990310014315,58,0.0,1.6094379124341003,1.7047480922384253
Freshway,CLASSIC_DAIRY_BLOCK,HARTWELL,Hartwell Dairy,Block,2022-02-21,12170,48680.0,4.0,4.0,0.0,0,0,1.091,Freshway|CLASSIC_DAIRY_BLOCK,9.406811351874557,1.3862943611198906,0.08709470685093373,59,0.0,1.6094379124341003,1.7047480922384253
Freshway,CLASSIC_DAIRY_BLOCK,HARTWELL,Hartwell Dairy,Block,2022-02-28,11978,47912.0,4.0,4.0,0.0,0,0,1.074,Freshway|CLASSIC_DAIRY_BLOCK,9.39091039573133,1.3862943611198906,0.071389996086673,60,0.0,1.6094379124341003,1.7047480922384253
Freshway,CLASSIC_DAIRY_BLOCK,HARTWELL,Hartwell Dairy,Block,2022-03-07,20783,70662.2,3.4,4.0,15.0,0,0,1.057,Freshway|CLASSIC_DAIRY_BLOCK,9.94193873891038,1.2237754316221157,0.055434706888100524,61,0.0,1.6094379124341003,1.7047480922384253
Freshway,CLASSIC_DAIRY_BLOCK,HARTWELL,Hartwell Dairy,Block,2022-03-14,32301,83982.6,2.6,4.0,35.0,0,0,1.038,Freshway|CLASSIC_DAIRY_BLOCK,10.382884426798459,0.9555114450274363,0.03729578474369693,62,15.0,1.3217558399823195,1.7047480922384253
Freshway,CLASSIC_DAIRY_BLOCK,HARTWELL,Hartwell Dairy,Block,2022-03-21,7846,31384.0,4.0,4.0,0.0,0,0,1.019,Freshway|CLASSIC_DAIRY_BLOCK,8.967886572127473,1.3862943611198906,0.018821754240587667,63,35.0,1.6094379124341003,1.7047480922384253
Freshway,CLASSIC_DAIRY_BLOCK,HARTWELL,Hartwell Dairy,Block,2022-03-28,11088,44352.0,4.0,4.0,0.0,0,0,1.0,Freshway|CLASSIC_DAIRY_BLOCK,9.313708904953216,1.3862943611198906,0.0,64,0.0,1.6094379124341003,1.7047480922384253
Freshway,CLASSIC_DAIRY_BLOCK,HARTWELL,Hartwell Dairy,Block,2022-04-04,11217,44868.0,4.0,4.0,0.0,0,0,1.081,Freshway|CLASSIC_DAIRY_BLOCK,9.325274910068282,1.3862943611198906,0.0778865386570712,65,0.0,1.3862943611198906,1.4816045409242156
Freshway,CLASSIC_DAIRY_BLOCK,HARTWELL,Hartwell Dairy,Block,2022-04-11,13055,52220.0,4.0,4.0,0.0,0,0,1.062,Freshway|CLASSIC_DAIRY_BLOCK,9.477003077203888,1.3862943611198906,0.060153922819747144,66,0.0,1.1786549963416462,1.7047480922384253
Freshway,CLASSIC_DAIRY_BLOCK,HARTWELL,Hartwell Dairy,Block,2022-04-18,13145,52580.0,4.0,4.0,0.0,0,0,1.043,Freshway|CLASSIC_DAIRY_BLOCK,9.483872808823522,1.3862943611198906,0.042101176018635326,67,0.0,1.1786549963416462,1.7047480922384253
Freshway,CLASSIC_DAIRY_BLOCK,HARTWELL,Hartwell Dairy,Block,2022-04-25,13416,53664.0,4.0,4.0,0.0,0,0,1.026,Freshway|CLASSIC_DAIRY_BLOCK,9.504277838590472,1.3862943611198906,0.025667746748577813,68,0.0,1.6094379124341003,1.7047480922384253
Freshway,CLASSIC_DAIRY_BLOCK,HARTWELL,Hartwell Dairy,Block,2022-05-02,10854,43416.0,4.0,4.0,0.0,0,0,0.909,Freshway|CLASSIC_DAIRY_BLOCK,9.292381082312392,1.3862943611198906,-0.09541018480465818,69,0.0,1.4469189829363254,1.7047480922384253
Freshway,CLASSIC_DAIRY_BLOCK,HARTWELL,Hartwell Dairy,Block,2022-05-09,11098,44392.0,4.0,4.0,0.0,0,0,0.894,Freshway|CLASSIC_DAIRY_BLOCK,9.31461029315198,1.3862943611198906,-0.11204950380862289,70,0.0,1.6094379124341003,1.7047480922384253
Freshway,CLASSIC_DAIRY_BLOCK,HARTWELL,Hartwell Dairy,Block,2022-05-16,36158,115705.6,3.2,4.0,20.0,1,1,0.88,Freshway|CLASSIC_DAIRY_BLOCK,10.495681159256453,1.1631508098056809,-0.12783337150988489,71,0.0,1.6094379124341003,1.5432981099295553
Freshway,CLASSIC_DAIRY_BLOCK,HARTWELL,Hartwell Dairy,Block,2022-05-23,9058,36232.0,4.0,4.0,0.0,0,0,0.868,Freshway|CLASSIC_DAIRY_BLOCK,9.111514017669288,1.3862943611198906,-0.14156356432178688,72,20.0,1.6094379124341003,1.7047480922384253
Freshway,CLASSIC_DAIRY_BLOCK,HARTWELL,Hartwell Dairy,Block,2022-05-30,9283,37132.0,4.0,4.0,0.0,0,0,0.858,Freshway|CLASSIC_DAIRY_BLOCK,9.136047767394327,1.3862943611198906,-0.15315117949417478,73,0.0,1.6094379124341003,1.7047480922384253
Freshway,CLASSIC_DAIRY_BLOCK,HARTWELL,Hartwell Dairy,Block,2022-06-06,10825,43300.0,4.0,4.0,0.0,0,0,0.85,Freshway|CLASSIC_DAIRY_BLOCK,9.289705927356923,1.3862943611198906,-0.16251892949777494,74,0.0,1.4469189829363254,1.7047480922384253
Freshway,CLASSIC_DAIRY_BLOCK,HARTWELL,Hartwell Dairy,Block,2022-06-13,27027,70270.2,2.6,4.0,35.0,0,0,0.845,Freshway|CLASSIC_DAIRY_BLOCK,10.204628644672065,0.9555114450274363,-0.16841865162496325,75,0.0,1.6094379124341003,1.415853163361435
Freshway,CLASSIC_DAIRY_BLOCK,HARTWELL,Hartwell Dairy,Block,2022-06-20,7179,28716.0,4.0,4.0,0.0,0,0,0.841,Freshway|CLASSIC_DAIRY_BLOCK,8.87905466204227,1.3862943611198906,-0.17316361900918903,76,35.0,1.6094379124341003,1.7047480922384253
Freshway,CLASSIC_DAIRY_BLOCK,HARTWELL,Hartwell Dairy,Block,2022-06-27,10668,42672.0,4.0,4.0,0.0,0,0,0.84,Freshway|CLASSIC_DAIRY_BLOCK,9.275097619191461,1.3862943611198906,-0.1743533871447778,77,0.0,1.6094379124341003,1.7047480922384253
Freshway,CLASSIC_DAIRY_BLOCK,HARTWELL,Hartwell Dairy,Block,2022-07-04,10287,41148.0,4.0,4.0,0.0,0,0,0.841,Freshway|CLASSIC_DAIRY_BLOCK,9.2387334464774,1.3862943611198906,-0.17316361900918903,78,0.0,1.4469189829363254,1.7047480922384253
Freshway,CLASSIC_DAIRY_BLOCK,HARTWELL,Hartwell Dairy,Block,2022-07-11,10145,40580.0,4.0,4.0,0.0,0,0,0.845,Freshway|CLASSIC_DAIRY_BLOCK,9.224834818126634,1.3862943611198906,-0.16841865162496325,79,0.0,1.6094379124341003,1.7047480922384253
Freshway,CLASSIC_DAIRY_BLOCK,HARTWELL,Hartwell Dairy,Block,2022-07-18,11337,45348.0,4.0,4.0,0.0,0,0,0.85,Freshway|CLASSIC_DAIRY_BLOCK,9.33591519488425,1.3862943611198906,-0.16251892949777494,80,0.0,1.6094379124341003,1.7047480922384253
Freshway,CLASSIC_DAIRY_BLOCK,HARTWELL,Hartwell Dairy,Block,2022-07-25,25247,70691.6,2.8,4.0,30.0,0,0,0.858,Freshway|CLASSIC_DAIRY_BLOCK,10.1365022236456,1.0296194171811581,-0.15315117949417478,81,0.0,1.6094379124341003,1.4816045409242156
Freshway,CLASSIC_DAIRY_BLOCK,HARTWELL,Hartwell Dairy,Block,2022-08-01,8132,32528.0,4.0,4.0,0.0,0,0,0.868,Freshway|CLASSIC_DAIRY_BLOCK,9.003685138166775,1.3862943611198906,-0.14156356432178688,82,30.0,1.6094379124341003,1.7047480922384253
Freshway,CLASSIC_DAIRY_BLOCK,HARTWELL,Hartwell Dairy,Block,2022-08-08,9935,39740.0,4.0,4.0,0.0,0,0,0.88,Freshway|CLASSIC_DAIRY_BLOCK,9.20391980417326,1.3862943611198906,-0.12783337150988489,83,0.0,1.6094379124341003,1.599387576580599
Freshway,CLASSIC_DAIRY_BLOCK,HARTWELL,Hartwell Dairy,Block,2022-08-15,10735,42940.0,4.0,4.0,0.0,0,0,0.894,Freshway|CLASSIC_DAIRY_BLOCK,9.281357859211463,1.3862943611198906,-0.11204950380862289,84,0.0,1.3217558399823195,1.7047480922384253
Freshway,CLASSIC_DAIRY_BLOCK,HARTWELL,Hartwell Dairy,Block,2022-08-22,10127,40508.0,4.0,4.0,0.0,0,0,0.909,Freshway|CLASSIC_DAIRY_BLOCK,9.223059144383958,1.3862943611198906,-0.09541018480465818,85,0.0,1.3217558399823195,1.7047480922384253
Freshway,CLASSIC_DAIRY_BLOCK,HARTWELL,Hartwell Dairy,Block,2022-08-29,11937,47748.0,4.0,4.0,0.0,0,0,0.926,Freshway|CLASSIC_DAIRY_BLOCK,9.387481868728596,1.3862943611198906,-0.07688104433595762,86,0.0,1.6094379124341003,1.7047480922384253
Freshway,CLASSIC_DAIRY_BLOCK,HARTWELL,Hartwell Dairy,Block,2022-09-05,11397,45588.0,4.0,4.0,0.0,0,0,0.943,Freshway|CLASSIC_DAIRY_BLOCK,9.341193180394946,1.3862943611198906,-0.05868899634867961,87,0.0,1.3862943611198906,1.7047480922384253
Freshway,CLASSIC_DAIRY_BLOCK,HARTWELL,Hartwell Dairy,Block,2022-09-12,19262,61638.4,3.2,4.0,20.0,0,0,0.962,Freshway|CLASSIC_DAIRY_BLOCK,9.865941436462158,1.1631508098056809,-0.038740828316430595,88,0.0,1.6094379124341003,1.7047480922384253
Freshway,CLASSIC_DAIRY_BLOCK,HARTWELL,Hartwell Dairy,Block,2022-09-19,23181,78815.4,3.4,4.0,15.0,1,0,0.981,Freshway|CLASSIC_DAIRY_BLOCK,10.05113139444869,1.2237754316221157,-0.019182819416773987,89,20.0,1.6094379124341003,1.5432981099295553
Freshway,CLASSIC_DAIRY_BLOCK,HARTWELL,Hartwell Dairy,Block,2022-09-26,11552,46208.0,4.0,4.0,0.0,0,0,1.0,Freshway|CLASSIC_DAIRY_BLOCK,9.354700422483019,1.3862943611198906,0.0,90,15.0,1.6094379124341003,1.7047480922384253
Freshway,CLASSIC_DAIRY_BLOCK,HARTWELL,Hartwell Dairy,Block,2022-10-03,13142,52568.0,4.0,4.0,0.0,0,0,1.019,Freshway|CLASSIC_DAIRY_BLOCK,9.483644576482009,1.3862943611198906,0.018821754240587667,91,0.0,1.6094379124341003,1.7047480922384253
Freshway,CLASSIC_DAIRY_BLOCK,HARTWELL,Hartwell Dairy,Block,2022-10-10,12512,50048.0,4.0,4.0,0.0,0,0,1.038,Freshway|CLASSIC_DAIRY_BLOCK,9.434523382865056,1.3862943611198906,0.03729578474369693,92,0.0,1.6094379124341003,1.4816045409242156
Freshway,CLASSIC_DAIRY_BLOCK,HARTWELL,Hartwell Dairy,Block,2022-10-17,13378,53512.0,4.0,4.0,0.0,0,0,1.057,Freshway|CLASSIC_DAIRY_BLOCK,9.501441592473618,1.3862943611198906,0.055434706888100524,93,0.0,1.6094379124341003,1.7047480922384253
Freshway,CLASSIC_DAIRY_BLOCK,HARTWELL,Hartwell Dairy,Block,2022-10-24,14180,56720.0,4.0,4.0,0.0,0,0,1.074,Freshway|CLASSIC_DAIRY_BLOCK,9.559658319461347,1.3862943611198906,0.071389996086673,94,0.0,1.6094379124341003,1.7047480922384253
Freshway,CLASSIC_DAIRY_BLOCK,HARTWELL,Hartwell Dairy,Block,2022-10-31,40721,130307.2,3.2,4.0,20.0,1,0,1.091,Freshway|CLASSIC_DAIRY_BLOCK,10.614523765931814,1.1631508098056809,0.08709470685093373,95,0.0,1.6094379124341003,1.7047480922384253
Freshway,CLASSIC_DAIRY_BLOCK,HARTWELL,Hartwell Dairy,Block,2022-11-07,19404,62092.8,3.2,4.0,20.0,0,0,1.106,Freshway|CLASSIC_DAIRY_BLOCK,9.873286043803006,1.1631508098056809,0.10074990310014315,96,20.0,1.6094379124341003,1.7047480922384253
Freshway,CLASSIC_DAIRY_BLOCK,HARTWELL,Hartwell Dairy,Block,2022-11-14,11134,44536.0,4.0,4.0,0.0,0,0,1.12,Freshway|CLASSIC_DAIRY_BLOCK,9.317848579691468,1.3862943611198906,0.11332868530700327,97,20.0,1.252762968495368,1.7047480922384253
Freshway,CLASSIC_DAIRY_BLOCK,HARTWELL,Hartwell Dairy,Block,2022-11-21,15241,60964.0,4.0,4.0,0.0,0,0,1.132,Freshway|CLASSIC_DAIRY_BLOCK,9.631810054226063,1.3862943611198906,0.1239859797809911,98,0.0,1.6094379124341003,1.7047480922384253
Freshway,CLASSIC_DAIRY_BLOCK,HARTWELL,Hartwell Dairy,Block,2022-11-28,13950,55800.0,4.0,4.0,0.0,0,0,1.142,Freshway|CLASSIC_DAIRY_BLOCK,9.543306469268108,1.3862943611198906,0.1327811112338184,99,0.0,1.6094379124341003,1.7047480922384253
Freshway,CLASSIC_DAIRY_BLOCK,HARTWELL,Hartwell Dairy,Block,2022-12-05,15041,60164.0,4.0,4.0,0.0,0,0,1.15,Freshway|CLASSIC_DAIRY_BLOCK,9.618601567386348,1.3862943611198906,0.13976194237515863,100,0.0,1.252762968495368,1.3480731482996928
Freshway,CLASSIC_DAIRY_BLOCK,HARTWELL,Hartwell Dairy,Block,2022-12-12,33414,93559.2,2.8,4.0,30.0,0,0,1.155,Freshway|CLASSIC_DAIRY_BLOCK,10.41676017994517,1.0296194171811581,0.14410034397375687,101,0.0,1.6094379124341003,1.5432981099295553
Freshway,CLASSIC_DAIRY_BLOCK,HARTWELL,Hartwell Dairy,Block,2022-12-19,28172,95784.8,3.4,4.0,15.0,1,0,1.159,Freshway|CLASSIC_DAIRY_BLOCK,10.246119351472723,1.2237754316221157,0.1475575643576147,102,30.0,1.6094379124341003,1.7047480922384253
Freshway,CLASSIC_DAIRY_BLOCK,HARTWELL,Hartwell Dairy,Block,2022-12-26,12060,48240.0,4.0,4.0,0.0,0,0,1.16,Freshway|CLASSIC_DAIRY_BLOCK,9.397732385583243,1.3862943611198906,0.14842000511827322,103,15.0,1.6094379124341003,1.7047480922384253
Freshway,CLASSIC_DAIRY_BLOCK,HARTWELL,Hartwell Dairy,Block,2023-01-02,13541,54164.0,4.0,4.0,0.0,0,0,1.159,Freshway|CLASSIC_DAIRY_BLOCK,9.51355124604559,1.3862943611198906,0.1475575643576147,104,0.0,1.6094379124341003,1.5432981099295553
Freshway,CLASSIC_DAIRY_BLOCK,HARTWELL,Hartwell Dairy,Block,2023-01-09,15191,60764.0,4.0,4.0,0.0,0,0,1.155,Freshway|CLASSIC_DAIRY_BLOCK,9.628524252492122,1.3862943611198906,0.14410034397375687,105,0.0,1.6094379124341003,1.7047480922384253
Freshway,CLASSIC_DAIRY_BLOCK,HARTWELL,Hartwell Dairy,Block,2023-01-16,12106,48424.0,4.0,4.0,0.0,0,0,1.15,Freshway|CLASSIC_DAIRY_BLOCK,9.40153907670774,1.3862943611198906,0.13976194237515863,106,0.0,1.252762968495368,1.7047480922384253
Freshway,CLASSIC_DAIRY_BLOCK,HARTWELL,Hartwell Dairy,Block,2023-01-23,12990,51960.0,4.0,4.0,0.0,0,0,1.142,Freshway|CLASSIC_DAIRY_BLOCK,9.472012088995733,1.3862943611198906,0.1327811112338184,107,0.0,1.6094379124341003,1.7047480922384253
Freshway,CLASSIC_DAIRY_BLOCK,HARTWELL,Hartwell Dairy,Block,2023-01-30,56974,148132.4,2.6,4.0,35.0,0,1,1.132,Freshway|CLASSIC_DAIRY_BLOCK,10.950367854113885,0.9555114450274363,0.1239859797809911,108,0.0,1.6094379124341003,1.7047480922384253
Freshway,CLASSIC_DAIRY_BLOCK,HARTWELL,Hartwell Dairy,Block,2023-02-06,32165,96495.0,3.0,4.0,25.0,1,0,1.12,Freshway|CLASSIC_DAIRY_BLOCK,10.378665273055592,1.0986122886681098,0.11332868530700327,109,35.0,1.6094379124341003,1.7047480922384253
Freshway,CLASSIC_DAIRY_BLOCK,HARTWELL,Hartwell Dairy,Block,2023-02-13,10451,41804.0,4.0,4.0,0.0,0,0,1.106,Freshway|CLASSIC_DAIRY_BLOCK,9.254548626640503,1.3862943611198906,0.10074990310014315,110,25.0,1.5040773967762742,1.7047480922384253
Freshway,CLASSIC_DAIRY_BLOCK,HARTWELL,Hartwell Dairy,Block,2023-02-20,28094,84282.0,3.0,4.0,25.0,0,0,1.091,Freshway|CLASSIC_DAIRY_BLOCK,10.243346903546298,1.0986122886681098,0.08709470685093373,111,0.0,1.4469189829363254,1.415853163361435
Freshway,CLASSIC_DAIRY_BLOCK,HARTWELL,Hartwell Dairy,Block,2023-02-27,10379,41516.0,4.0,4.0,0.0,0,0,1.074,Freshway|CLASSIC_DAIRY_BLOCK,9.24763615671988,1.3862943611198906,0.071389996086673,112,25.0,1.6094379124341003,1.7047480922384253
Freshway,CLASSIC_DAIRY_BLOCK,HARTWELL,Hartwell Dairy,Block,2023-03-06,39069,101579.4,2.6,4.0,35.0,0,0,1.057,Freshway|CLASSIC_DAIRY_BLOCK,10.573110188049116,0.9555114450274363,0.055434706888100524,113,0.0,1.6094379124341003,1.7047480922384253
Freshway,CLASSIC_DAIRY_BLOCK,HARTWELL,Hartwell Dairy,Block,2023-03-13,8341,33364.0,4.0,4.0,0.0,0,0,1.038,Freshway|CLASSIC_DAIRY_BLOCK,9.02905827475689,1.3862943611198906,0.03729578474369693,114,35.0,1.6094379124341003,1.7047480922384253
Freshway,CLASSIC_DAIRY_BLOCK,HARTWELL,Hartwell Dairy,Block,2023-03-20,12752,51008.0,4.0,4.0,0.0,0,0,1.019,Freshway|CLASSIC_DAIRY_BLOCK,9.4535218170269,1.3862943611198906,0.018821754240587667,115,0.0,1.1786549963416462,1.7047480922384253
Freshway,CLASSIC_DAIRY_BLOCK,HARTWELL,Hartwell Dairy,Block,2023-03-27,11496,45984.0,4.0,4.0,0.0,0,0,1.0,Freshway|CLASSIC_DAIRY_BLOCK,9.34984141075374,1.3862943611198906,0.0,116,0.0,1.1786549963416462,1.7047480922384253
Freshway,CLASSIC_DAIRY_BLOCK,HARTWELL,Hartwell Dairy,Block,2023-04-03,12285,49140.0,4.0,4.0,0.0,0,0,1.081,Freshway|CLASSIC_DAIRY_BLOCK,9.416215681723873,1.3862943611198906,0.0778865386570712,117,0.0,1.6094379124341003,1.7047480922384253
Freshway,CLASSIC_DAIRY_BLOCK,HARTWELL,Hartwell Dairy,Block,2023-04-10,43104,137932.8,3.2,4.0,20.0,1,0,1.062,Freshway|CLASSIC_DAIRY_BLOCK,10.671394278644025,1.1631508098056809,0.060153922819747144,118,0.0,1.6094379124341003,1.7047480922384253
Freshway,CLASSIC_DAIRY_BLOCK,HARTWELL,Hartwell Dairy,Block,2023-04-17,66158,172010.8,2.6,4.0,35.0,1,1,1.043,Freshway|CLASSIC_DAIRY_BLOCK,11.099816214710307,0.9555114450274363,0.042101176018635326,119,20.0,1.5040773967762742,1.7047480922384253
Freshway,CLASSIC_DAIRY_BLOCK,HARTWELL,Hartwell Dairy,Block,2023-04-24,23544,65923.2,2.8,4.0,30.0,0,0,1.026,Freshway|CLASSIC_DAIRY_BLOCK,10.066668762677654,1.0296194171811581,0.025667746748577813,120,35.0,1.6094379124341003,1.3480731482996928
Freshway,CLASSIC_DAIRY_BLOCK,HARTWELL,Hartwell Dairy,Block,2023-05-01,8176,32704.0,4.0,4.0,0.0,0,0,0.909,Freshway|CLASSIC_DAIRY_BLOCK,9.009080614161977,1.3862943611198906,-0.09541018480465818,121,30.0,1.3862943611198906,1.275362800412609
Freshway,CLASSIC_DAIRY_BLOCK,HARTWELL,Hartwell Dairy,Block,2023-05-08,12062,48248.0,4.0,4.0,0.0,0,0,0.894,Freshway|CLASSIC_DAIRY_BLOCK,9.397898195565384,1.3862943611198906,-0.11204950380862289,122,0.0,1.6094379124341003,1.7047480922384253
Freshway,CLASSIC_DAIRY_BLOCK,HARTWELL,Hartwell Dairy,Block,2023-05-15,9836,39344.0,4.0,4.0,0.0,0,0,0.88,Freshway|CLASSIC_DAIRY_BLOCK,9.193906065512758,1.3862943611198906,-0.12783337150988489,123,0.0,1.3862943611198906,1.7047480922384253
Freshway,CLASSIC_DAIRY_BLOCK,HARTWELL,Hartwell Dairy,Block,2023-05-22,11177,44708.0,4.0,4.0,0.0,0,0,0.868,Freshway|CLASSIC_DAIRY_BLOCK,9.321702839829644,1.3862943611198906,-0.14156356432178688,124,0.0,1.6094379124341003,1.415853163361435
Freshway,CLASSIC_DAIRY_BLOCK,HARTWELL,Hartwell Dairy,Block,2023-05-29,10870,43480.0,4.0,4.0,0.0,0,0,0.858,Freshway|CLASSIC_DAIRY_BLOCK,9.293853972204001,1.3862943611198906,-0.15315117949417478,125,0.0,1.6094379124341003,1.7047480922384253
Freshway,CLASSIC_DAIRY_BLOCK,HARTWELL,Hartwell Dairy,Block,2023-06-05,11032,44128.0,4.0,4.0,0.0,0,0,0.85,Freshway|CLASSIC_DAIRY_BLOCK,9.308646060760307,1.3862943611198906,-0.16251892949777494,126,0.0,1.4469189829363254,1.7047480922384253
Freshway,CLASSIC_DAIRY_BLOCK,HARTWELL,Hartwell Dairy,Block,2023-06-12,11604,46416.0,4.0,4.0,0.0,0,0,0.845,Freshway|CLASSIC_DAIRY_BLOCK,9.359191318708538,1.3862943611198906,-0.16841865162496325,127,0.0,1.6094379124341003,1.7047480922384253
Freshway,CLASSIC_DAIRY_BLOCK,HARTWELL,Hartwell Dairy,Block,2023-06-19,10293,41172.0,4.0,4.0,0.0,0,0,0.841,Freshway|CLASSIC_DAIRY_BLOCK,9.2393164802127,1.3862943611198906,-0.17316361900918903,128,0.0,1.6094379124341003,1.7047480922384253
Freshway,CLASSIC_DAIRY_BLOCK,HARTWELL,Hartwell Dairy,Block,2023-06-26,11791,47164.0,4.0,4.0,0.0,0,0,0.84,Freshway|CLASSIC_DAIRY_BLOCK,9.375176614429117,1.3862943611198906,-0.1743533871447778,129,0.0,1.6094379124341003,1.7047480922384253
Freshway,CLASSIC_DAIRY_BLOCK,HARTWELL,Hartwell Dairy,Block,2023-07-03,10104,40416.0,4.0,4.0,0.0,0,0,0.841,Freshway|CLASSIC_DAIRY_BLOCK,9.22078562983772,1.3862943611198906,-0.17316361900918903,130,0.0,1.252762968495368,1.7047480922384253
Freshway,CLASSIC_DAIRY_BLOCK,HARTWELL,Hartwell Dairy,Block,2023-07-10,18126,58003.2,3.2,4.0,20.0,0,0,0.845,Freshway|CLASSIC_DAIRY_BLOCK,9.805157818462918,1.1631508098056809,-0.16841865162496325,131,0.0,1.5040773967762742,1.7047480922384253
Freshway,CLASSIC_DAIRY_BLOCK,HARTWELL,Hartwell Dairy,Block,2023-07-17,8991,35964.0,4.0,4.0,0.0,0,0,0.85,Freshway|CLASSIC_DAIRY_BLOCK,9.104090572133472,1.3862943611198906,-0.16251892949777494,132,20.0,1.3217558399823195,1.7047480922384253
Freshway,CLASSIC_DAIRY_BLOCK,HARTWELL,Hartwell Dairy,Block,2023-07-24,10270,41080.0,4.0,4.0,0.0,0,0,0.858,Freshway|CLASSIC_DAIRY_BLOCK,9.237079669165805,1.3862943611198906,-0.15315117949417478,133,0.0,1.6094379124341003,1.415853163361435
Freshway,CLASSIC_DAIRY_BLOCK,HARTWELL,Hartwell Dairy,Block,2023-07-31,9748,38992.0,4.0,4.0,0.0,0,0,0.868,Freshway|CLASSIC_DAIRY_BLOCK,9.184919994629272,1.3862943611198906,-0.14156356432178688,134,0.0,1.3862943611198906,1.415853163361435
Freshway,CLASSIC_DAIRY_BLOCK,HARTWELL,Hartwell Dairy,Block,2023-08-07,40586,113640.8,2.8,4.0,30.0,0,1,0.88,Freshway|CLASSIC_DAIRY_BLOCK,10.61120309727147,1.0296194171811581,-0.12783337150988489,135,0.0,1.3217558399823195,1.7047480922384253
Freshway,CLASSIC_DAIRY_BLOCK,HARTWELL,Hartwell Dairy,Block,2023-08-14,7804,31216.0,4.0,4.0,0.0,0,0,0.894,Freshway|CLASSIC_DAIRY_BLOCK,8.962519832949532,1.3862943611198906,-0.11204950380862289,136,30.0,1.6094379124341003,1.7047480922384253
Freshway,CLASSIC_DAIRY_BLOCK,HARTWELL,Hartwell Dairy,Block,2023-08-21,48646,136208.8,2.8,4.0,30.0,1,0,0.909,Freshway|CLASSIC_DAIRY_BLOCK,10.79234542075904,1.0296194171811581,-0.09541018480465818,137,0.0,1.6094379124341003,1.7047480922384253
Freshway,CLASSIC_DAIRY_BLOCK,HARTWELL,Hartwell Dairy,Block,2023-08-28,8669,34676.0,4.0,4.0,0.0,0,0,0.926,Freshway|CLASSIC_DAIRY_BLOCK,9.067624069774588,1.3862943611198906,-0.07688104433595762,138,30.0,1.6094379124341003,1.599387576580599
Freshway,CLASSIC_DAIRY_BLOCK,HARTWELL,Hartwell Dairy,Block,2023-09-04,13112,52448.0,4.0,4.0,0.0,0,0,0.943,Freshway|CLASSIC_DAIRY_BLOCK,9.481359383531425,1.3862943611198906,-0.05868899634867961,139,0.0,1.6094379124341003,1.7047480922384253
Freshway,CLASSIC_DAIRY_BLOCK,HARTWELL,Hartwell Dairy,Block,2023-09-11,12751,51004.0,4.0,4.0,0.0,0,0,0.962,Freshway|CLASSIC_DAIRY_BLOCK,9.453443401029997,1.3862943611198906,-0.038740828316430595,140,0.0,1.3217558399823195,1.415853163361435
Freshway,CLASSIC_DAIRY_BLOCK,HARTWELL,Hartwell Dairy,Block,2023-09-18,46974,122132.4,2.6,4.0,35.0,0,1,0.981,Freshway|CLASSIC_DAIRY_BLOCK,10.757370824281667,0.9555114450274363,-0.019182819416773987,141,0.0,1.6094379124341003,1.7047480922384253
Freshway,CLASSIC_DAIRY_BLOCK,HARTWELL,Hartwell Dairy,Block,2023-09-25,9942,39768.0,4.0,4.0,0.0,0,0,1.0,Freshway|CLASSIC_DAIRY_BLOCK,9.204624064980074,1.3862943611198906,0.0,142,35.0,1.6094379124341003,1.7047480922384253
Freshway,CLASSIC_DAIRY_BLOCK,HARTWELL,Hartwell Dairy,Block,2023-10-02,14362,57448.0,4.0,4.0,0.0,0,0,1.019,Freshway|CLASSIC_DAIRY_BLOCK,9.572410734431823,1.3862943611198906,0.018821754240587667,143,0.0,1.6094379124341003,1.275362800412609
Freshway,CLASSIC_DAIRY_BLOCK,HARTWELL,Hartwell Dairy,Block,2023-10-09,14578,58312.0,4.0,4.0,0.0,0,0,1.038,Freshway|CLASSIC_DAIRY_BLOCK,9.587337416104821,1.3862943611198906,0.03729578474369693,144,0.0,1.6094379124341003,1.3480731482996928
Freshway,CLASSIC_DAIRY_BLOCK,HARTWELL,Hartwell Dairy,Block,2023-10-16,14648,58592.0,4.0,4.0,0.0,0,0,1.057,Freshway|CLASSIC_DAIRY_BLOCK,9.59212735272977,1.3862943611198906,0.055434706888100524,145,0.0,1.3862943611198906,1.7047480922384253
Freshway,CLASSIC_DAIRY_BLOCK,HARTWELL,Hartwell Dairy,Block,2023-10-23,13580,54320.0,4.0,4.0,0.0,0,0,1.074,Freshway|CLASSIC_DAIRY_BLOCK,9.516427036104067,1.3862943611198906,0.071389996086673,146,0.0,1.6094379124341003,1.7047480922384253
Freshway,CLASSIC_DAIRY_BLOCK,HARTWELL,Hartwell Dairy,Block,2023-10-30,13729,54916.0,4.0,4.0,0.0,0,0,1.091,Freshway|CLASSIC_DAIRY_BLOCK,9.527338498762017,1.3862943611198906,0.08709470685093373,147,0.0,1.6094379124341003,1.7047480922384253
Freshway,CLASSIC_DAIRY_BLOCK,HARTWELL,Hartwell Dairy,Block,2023-11-06,14401,57604.0,4.0,4.0,0.0,0,0,1.106,Freshway|CLASSIC_DAIRY_BLOCK,9.575122364808813,1.3862943611198906,0.10074990310014315,148,0.0,1.6094379124341003,1.7047480922384253
Freshway,CLASSIC_DAIRY_BLOCK,HARTWELL,Hartwell Dairy,Block,2023-11-13,14916,59664.0,4.0,4.0,0.0,0,0,1.12,Freshway|CLASSIC_DAIRY_BLOCK,9.61025678115393,1.3862943611198906,0.11332868530700327,149,0.0,1.1786549963416462,1.7047480922384253
Freshway,CLASSIC_DAIRY_BLOCK,HARTWELL,Hartwell Dairy,Block,2023-11-20,20572,74059.2,3.6,4.0,10.0,0,0,1.132,Freshway|CLASSIC_DAIRY_BLOCK,9.93173481547423,1.2809338454620642,0.1239859797809911,150,0.0,1.5040773967762742,1.3480731482996928
Freshway,CLASSIC_DAIRY_BLOCK,HARTWELL,Hartwell Dairy,Block,2023-11-27,12660,50640.0,4.0,4.0,0.0,0,0,1.142,Freshway|CLASSIC_DAIRY_BLOCK,9.446281681520253,1.3862943611198906,0.1327811112338184,151,10.0,1.6094379124341003,1.7047480922384253
Freshway,CLASSIC_DAIRY_BLOCK,HARTWELL,Hartwell Dairy,Block,2023-12-04,15073,60292.0,4.0,4.0,0.0,0,0,1.15,Freshway|CLASSIC_DAIRY_BLOCK,9.620726684403415,1.3862943611198906,0.13976194237515863,152,0.0,1.6094379124341003,1.7047480922384253
Freshway,CLASSIC_DAIRY_BLOCK,HARTWELL,Hartwell Dairy,Block,2023-12-11,14990,59960.0,4.0,4.0,0.0,0,0,1.155,Freshway|CLASSIC_DAIRY_BLOCK,9.615205300012315,1.3862943611198906,0.14410034397375687,153,0.0,1.5040773967762742,1.7047480922384253
Freshway,CLASSIC_DAIRY_BLOCK,HARTWELL,Hartwell Dairy,Block,2023-12-18,14359,57436.0,4.0,4.0,0.0,0,0,1.159,Freshway|CLASSIC_DAIRY_BLOCK,9.572201842602215,1.3862943611198906,0.1475575643576147,154,0.0,1.1786549963416462,1.7047480922384253
Freshway,CLASSIC_DAIRY_BLOCK,HARTWELL,Hartwell Dairy,Block,2023-12-25,24645,83793.0,3.4,4.0,15.0,0,0,1.16,Freshway|CLASSIC_DAIRY_BLOCK,10.112369894498068,1.2237754316221157,0.14842000511827322,155,0.0,1.6094379124341003,1.599387576580599
Freshway,DARK_ORCHARD_BLOCK,ORCHARD,Orchard Dark,Block,2021-01-04,3841,19205.0,5.0,5.0,0.0,0,0,1.159,Freshway|DARK_ORCHARD_BLOCK,8.253748343328501,1.6094379124341003,0.1475575643576147,0,0.0,1.2809338454620642,1.3862943611198906
Freshway,DARK_ORCHARD_BLOCK,ORCHARD,Orchard Dark,Block,2021-01-11,3958,19790.0,5.0,5.0,0.0,0,0,1.155,Freshway|DARK_ORCHARD_BLOCK,8.28374674710613,1.6094379124341003,0.14410034397375687,1,0.0,1.5040773967762742,1.1631508098056809
Freshway,DARK_ORCHARD_BLOCK,ORCHARD,Orchard Dark,Block,2021-01-18,3868,19340.0,5.0,5.0,0.0,0,0,1.15,Freshway|DARK_ORCHARD_BLOCK,8.260751354700513,1.6094379124341003,0.13976194237515863,2,0.0,1.1474024528375417,1.3862943611198906
Freshway,DARK_ORCHARD_BLOCK,ORCHARD,Orchard Dark,Block,2021-01-25,3984,19920.0,5.0,5.0,0.0,0,0,1.142,Freshway|DARK_ORCHARD_BLOCK,8.290292591224315,1.6094379124341003,0.1327811112338184,3,0.0,1.2178757094949273,1.3862943611198906
Freshway,DARK_ORCHARD_BLOCK,ORCHARD,Orchard Dark,Block,2021-02-01,8501,34004.0,4.0,5.0,20.0,1,0,1.132,Freshway|DARK_ORCHARD_BLOCK,9.048056708918736,1.3862943611198906,0.1239859797809911,4,0.0,1.5040773967762742,1.3862943611198906
Freshway,DARK_ORCHARD_BLOCK,ORCHARD,Orchard Dark,Block,2021-02-08,3071,15355.0,5.0,5.0,0.0,0,0,1.12,Freshway|DARK_ORCHARD_BLOCK,8.030084094267563,1.6094379124341003,0.11332868530700327,5,20.0,1.0715836162801904,1.3862943611198906
Freshway,DARK_ORCHARD_BLOCK,ORCHARD,Orchard Dark,Block,2021-02-15,4316,19422.0,4.5,5.0,10.0,0,0,1.106,Freshway|DARK_ORCHARD_BLOCK,8.370315995555478,1.5040773967762742,0.10074990310014315,6,0.0,1.5040773967762742,1.3862943611198906
Freshway,DARK_ORCHARD_BLOCK,ORCHARD,Orchard Dark,Block,2021-02-22,3543,17715.0,5.0,5.0,0.0,0,0,1.091,Freshway|DARK_ORCHARD_BLOCK,8.173011311724972,1.6094379124341003,0.08709470685093373,7,10.0,1.5040773967762742,1.3862943611198906
Freshway,DARK_ORCHARD_BLOCK,ORCHARD,Orchard Dark,Block,2021-03-01,3434,17170.0,5.0,5.0,0.0,0,0,1.074,Freshway|DARK_ORCHARD_BLOCK,8.14177220465645,1.6094379124341003,0.071389996086673,8,0.0,1.5040773967762742,1.3862943611198906
Freshway,DARK_ORCHARD_BLOCK,ORCHARD,Orchard Dark,Block,2021-03-08,3382,16910.0,5.0,5.0,0.0,0,0,1.057,Freshway|DARK_ORCHARD_BLOCK,8.12651816878071,1.6094379124341003,0.055434706888100524,9,0.0,1.2809338454620642,1.0296194171811581
Freshway,DARK_ORCHARD_BLOCK,ORCHARD,Orchard Dark,Block,2021-03-15,10722,34846.5,3.25,5.0,35.0,0,1,1.038,Freshway|DARK_ORCHARD_BLOCK,9.280146246220145,1.1786549963416462,0.03729578474369693,10,0.0,1.3987168811184478,1.3862943611198906
Freshway,DARK_ORCHARD_BLOCK,ORCHARD,Orchard Dark,Block,2021-03-22,3654,14616.0,4.0,5.0,20.0,0,0,1.019,Freshway|DARK_ORCHARD_BLOCK,8.203851372183879,1.3862943611198906,0.018821754240587667,11,35.0,1.5040773967762742,1.0296194171811581
Freshway,DARK_ORCHARD_BLOCK,ORCHARD,Orchard Dark,Block,2021-03-29,5742,18661.5,3.25,5.0,35.0,0,0,1.0,Freshway|DARK_ORCHARD_BLOCK,8.655737000864297,1.1786549963416462,0.0,12,20.0,1.5040773967762742,1.0296194171811581
Freshway,DARK_ORCHARD_BLOCK,ORCHARD,Orchard Dark,Block,2021-04-05,2319,11595.0,5.0,5.0,0.0,0,0,1.081,Freshway|DARK_ORCHARD_BLOCK,7.749322464660356,1.6094379124341003,0.0778865386570712,13,35.0,1.5040773967762742,1.3862943611198906
Freshway,DARK_ORCHARD_BLOCK,ORCHARD,Orchard Dark,Block,2021-04-12,3372,16860.0,5.0,5.0,0.0,0,0,1.062,Freshway|DARK_ORCHARD_BLOCK,8.12355783506165,1.6094379124341003,0.060153922819747144,14,0.0,1.5040773967762742,1.3862943611198906
Freshway,DARK_ORCHARD_BLOCK,ORCHARD,Orchard Dark,Block,2021-04-19,6568,24630.0,3.75,5.0,25.0,0,0,1.043,Freshway|DARK_ORCHARD_BLOCK,8.790116892892472,1.3217558399823195,0.042101176018635326,15,0.0,1.5040773967762742,1.3862943611198906
Freshway,DARK_ORCHARD_BLOCK,ORCHARD,Orchard Dark,Block,2021-04-26,2964,14820.0,5.0,5.0,0.0,0,0,1.026,Freshway|DARK_ORCHARD_BLOCK,7.994632311431825,1.6094379124341003,0.025667746748577813,16,25.0,1.5040773967762742,1.1631508098056809
Freshway,DARK_ORCHARD_BLOCK,ORCHARD,Orchard Dark,Block,2021-05-03,4405,17620.0,4.0,5.0,20.0,0,0,0.909,Freshway|DARK_ORCHARD_BLOCK,8.39072252736229,1.3862943611198906,-0.09541018480465818,17,0.0,1.5040773967762742,1.3862943611198906
Freshway,DARK_ORCHARD_BLOCK,ORCHARD,Orchard Dark,Block,2021-05-10,2511,12555.0,5.0,5.0,0.0,0,0,0.894,Freshway|DARK_ORCHARD_BLOCK,7.828834527588089,1.6094379124341003,-0.11204950380862289,18,20.0,1.2809338454620642,1.0986122886681098
Freshway,DARK_ORCHARD_BLOCK,ORCHARD,Orchard Dark,Block,2021-05-17,7694,28852.5,3.75,5.0,25.0,1,0,0.88,Freshway|DARK_ORCHARD_BLOCK,8.94832604627298,1.3217558399823195,-0.12783337150988489,19,0.0,1.5040773967762742,1.3862943611198906
Freshway,DARK_ORCHARD_BLOCK,ORCHARD,Orchard Dark,Block,2021-05-24,2038,10190.0,5.0,5.0,0.0,0,0,0.868,Freshway|DARK_ORCHARD_BLOCK,7.620214770574455,1.6094379124341003,-0.14156356432178688,20,25.0,1.5040773967762742,1.1631508098056809
Freshway,DARK_ORCHARD_BLOCK,ORCHARD,Orchard Dark,Block,2021-05-31,3938,16736.5,4.25,5.0,15.0,0,0,0.858,Freshway|DARK_ORCHARD_BLOCK,8.278682162970906,1.4469189829363254,-0.15315117949417478,21,0.0,1.0715836162801904,1.3862943611198906
Freshway,DARK_ORCHARD_BLOCK,ORCHARD,Orchard Dark,Block,2021-06-07,2180,10900.0,5.0,5.0,0.0,0,0,0.85,Freshway|DARK_ORCHARD_BLOCK,7.687538766201629,1.6094379124341003,-0.16251892949777494,22,15.0,1.2809338454620642,1.3862943611198906
Freshway,DARK_ORCHARD_BLOCK,ORCHARD,Orchard Dark,Block,2021-06-14,5611,19638.5,3.5,5.0,30.0,0,0,0.845,Freshway|DARK_ORCHARD_BLOCK,8.632662441222351,1.252762968495368,-0.16841865162496325,23,0.0,1.5040773967762742,1.3862943611198906
Freshway,DARK_ORCHARD_BLOCK,ORCHARD,Orchard Dark,Block,2021-06-21,2203,11015.0,5.0,5.0,0.0,0,0,0.841,Freshway|DARK_ORCHARD_BLOCK,7.698029170272805,1.6094379124341003,-0.17316361900918903,24,30.0,1.5040773967762742,1.3862943611198906
Freshway,DARK_ORCHARD_BLOCK,ORCHARD,Orchard Dark,Block,2021-06-28,2797,13985.0,5.0,5.0,0.0,0,0,0.84,Freshway|DARK_ORCHARD_BLOCK,7.936660155225426,1.6094379124341003,-0.1743533871447778,25,0.0,1.5040773967762742,1.3862943611198906
Freshway,DARK_ORCHARD_BLOCK,ORCHARD,Orchard Dark,Block,2021-07-05,2783,13915.0,5.0,5.0,0.0,0,0,0.841,Freshway|DARK_ORCHARD_BLOCK,7.931644021454311,1.6094379124341003,-0.17316361900918903,26,0.0,1.5040773967762742,1.2237754316221157
Freshway,DARK_ORCHARD_BLOCK,ORCHARD,Orchard Dark,Block,2021-07-12,2762,13810.0,5.0,5.0,0.0,0,0,0.845,Freshway|DARK_ORCHARD_BLOCK,7.924072324923417,1.6094379124341003,-0.16841865162496325,27,0.0,1.5040773967762742,1.3862943611198906
Freshway,DARK_ORCHARD_BLOCK,ORCHARD,Orchard Dark,Block,2021-07-19,5277,18469.5,3.5,5.0,30.0,0,0,0.85,Freshway|DARK_ORCHARD_BLOCK,8.57130251706327,1.252762968495368,-0.16251892949777494,28,0.0,1.5040773967762742,1.3862943611198906
Freshway,DARK_ORCHARD_BLOCK,ORCHARD,Orchard Dark,Block,2021-07-26,2195,10975.0,5.0,5.0,0.0,0,0,0.858,Freshway|DARK_ORCHARD_BLOCK,7.694392802629421,1.6094379124341003,-0.15315117949417478,29,30.0,1.1474024528375417,1.3862943611198906
Freshway,DARK_ORCHARD_BLOCK,ORCHARD,Orchard Dark,Block,2021-08-02,2747,13735.0,5.0,5.0,0.0,0,0,0.868,Freshway|DARK_ORCHARD_BLOCK,7.91862865334224,1.6094379124341003,-0.14156356432178688,30,0.0,1.5040773967762742,1.3862943611198906
Freshway,DARK_ORCHARD_BLOCK,ORCHARD,Orchard Dark,Block,2021-08-09,5619,21071.25,3.75,5.0,25.0,0,0,0.88,Freshway|DARK_ORCHARD_BLOCK,8.634086942887738,1.3217558399823195,-0.12783337150988489,31,0.0,1.2809338454620642,1.3862943611198906
Freshway,DARK_ORCHARD_BLOCK,ORCHARD,Orchard Dark,Block,2021-08-16,2391,11955.0,5.0,5.0,0.0,0,0,0.894,Freshway|DARK_ORCHARD_BLOCK,7.779885115070522,1.6094379124341003,-0.11204950380862289,32,25.0,1.5040773967762742,0.9555114450274363
Freshway,DARK_ORCHARD_BLOCK,ORCHARD,Orchard Dark,Block,2021-08-23,3182,15910.0,5.0,5.0,0.0,0,0,0.909,Freshway|DARK_ORCHARD_BLOCK,8.065579427282092,1.6094379124341003,-0.09541018480465818,33,0.0,1.2809338454620642,1.3862943611198906
Freshway,DARK_ORCHARD_BLOCK,ORCHARD,Orchard Dark,Block,2021-08-30,2859,14295.0,5.0,5.0,0.0,0,0,0.926,Freshway|DARK_ORCHARD_BLOCK,7.958576903813898,1.6094379124341003,-0.07688104433595762,34,0.0,1.5040773967762742,1.3862943611198906
Freshway,DARK_ORCHARD_BLOCK,ORCHARD,Orchard Dark,Block,2021-09-06,2858,14290.0,5.0,5.0,0.0,0,0,0.943,Freshway|DARK_ORCHARD_BLOCK,7.958227192322312,1.6094379124341003,-0.05868899634867961,35,0.0,1.5040773967762742,1.3862943611198906
Freshway,DARK_ORCHARD_BLOCK,ORCHARD,Orchard Dark,Block,2021-09-13,3003,15015.0,5.0,5.0,0.0,0,0,0.962,Freshway|DARK_ORCHARD_BLOCK,8.007700012884026,1.6094379124341003,-0.038740828316430595,36,0.0,1.5040773967762742,1.2237754316221157
Freshway,DARK_ORCHARD_BLOCK,ORCHARD,Orchard Dark,Block,2021-09-20,3080,15400.0,5.0,5.0,0.0,0,0,0.981,Freshway|DARK_ORCHARD_BLOCK,8.033009498596668,1.6094379124341003,-0.019182819416773987,37,0.0,1.5040773967762742,1.3862943611198906
Freshway,DARK_ORCHARD_BLOCK,ORCHARD,Orchard Dark,Block,2021-09-27,6717,26868.0,4.0,5.0,20.0,0,1,1.0,Freshway|DARK_ORCHARD_BLOCK,8.812545770172239,1.3862943611198906,0.0,38,0.0,1.5040773967762742,1.3862943611198906
Freshway,DARK_ORCHARD_BLOCK,ORCHARD,Orchard Dark,Block,2021-10-04,2739,13695.0,5.0,5.0,0.0,0,0,1.019,Freshway|DARK_ORCHARD_BLOCK,7.915713199382116,1.6094379124341003,0.018821754240587667,39,20.0,1.5040773967762742,1.3862943611198906
Freshway,DARK_ORCHARD_BLOCK,ORCHARD,Orchard Dark,Block,2021-10-11,3431,17155.0,5.0,5.0,0.0,0,0,1.038,Freshway|DARK_ORCHARD_BLOCK,8.140898460607852,1.6094379124341003,0.03729578474369693,40,0.0,1.5040773967762742,1.1631508098056809
Freshway,DARK_ORCHARD_BLOCK,ORCHARD,Orchard Dark,Block,2021-10-18,3349,16745.0,5.0,5.0,0.0,0,0,1.057,Freshway|DARK_ORCHARD_BLOCK,8.116715624819111,1.6094379124341003,0.055434706888100524,41,0.0,1.5040773967762742,1.2237754316221157
Freshway,DARK_ORCHARD_BLOCK,ORCHARD,Orchard Dark,Block,2021-10-25,3028,15140.0,5.0,5.0,0.0,0,0,1.074,Freshway|DARK_ORCHARD_BLOCK,8.015987811027237,1.6094379124341003,0.071389996086673,42,0.0,1.3987168811184478,0.9555114450274363
Freshway,DARK_ORCHARD_BLOCK,ORCHARD,Orchard Dark,Block,2021-11-01,3460,17300.0,5.0,5.0,0.0,0,0,1.091,Freshway|DARK_ORCHARD_BLOCK,8.149312843635345,1.6094379124341003,0.08709470685093373,43,0.0,1.5040773967762742,1.3862943611198906
Freshway,DARK_ORCHARD_BLOCK,ORCHARD,Orchard Dark,Block,2021-11-08,3648,18240.0,5.0,5.0,0.0,0,0,1.106,Freshway|DARK_ORCHARD_BLOCK,8.202208436436448,1.6094379124341003,0.10074990310014315,44,0.0,1.5040773967762742,1.3862943611198906
Freshway,DARK_ORCHARD_BLOCK,ORCHARD,Orchard Dark,Block,2021-11-15,4259,21295.0,5.0,5.0,0.0,0,0,1.12,Freshway|DARK_ORCHARD_BLOCK,8.357024439263416,1.6094379124341003,0.11332868530700327,45,0.0,1.5040773967762742,1.3862943611198906
Freshway,DARK_ORCHARD_BLOCK,ORCHARD,Orchard Dark,Block,2021-11-22,3646,18230.0,5.0,5.0,0.0,0,0,1.132,Freshway|DARK_ORCHARD_BLOCK,8.20166019080868,1.6094379124341003,0.1239859797809911,46,0.0,1.5040773967762742,1.0986122886681098
Freshway,DARK_ORCHARD_BLOCK,ORCHARD,Orchard Dark,Block,2021-11-29,3457,17285.0,5.0,5.0,0.0,0,0,1.142,Freshway|DARK_ORCHARD_BLOCK,8.148445666243235,1.6094379124341003,0.1327811112338184,47,0.0,1.1474024528375417,0.9555114450274363
Freshway,DARK_ORCHARD_BLOCK,ORCHARD,Orchard Dark,Block,2021-12-06,3497,17485.0,5.0,5.0,0.0,0,0,1.15,Freshway|DARK_ORCHARD_BLOCK,8.159946655578548,1.6094379124341003,0.13976194237515863,48,0.0,1.5040773967762742,1.3862943611198906
Freshway,DARK_ORCHARD_BLOCK,ORCHARD,Orchard Dark,Block,2021-12-13,3863,19315.0,5.0,5.0,0.0,0,0,1.155,Freshway|DARK_ORCHARD_BLOCK,8.259458195332408,1.6094379124341003,0.14410034397375687,49,0.0,1.5040773967762742,1.3862943611198906
Freshway,DARK_ORCHARD_BLOCK,ORCHARD,Orchard Dark,Block,2021-12-20,3652,18260.0,5.0,5.0,0.0,0,0,1.159,Freshway|DARK_ORCHARD_BLOCK,8.203304026795282,1.6094379124341003,0.1475575643576147,50,0.0,1.5040773967762742,1.0986122886681098
Freshway,DARK_ORCHARD_BLOCK,ORCHARD,Orchard Dark,Block,2021-12-27,3923,19615.0,5.0,5.0,0.0,0,0,1.16,Freshway|DARK_ORCHARD_BLOCK,8.274866820685254,1.6094379124341003,0.14842000511827322,51,0.0,1.5040773967762742,1.3862943611198906
Freshway,DARK_ORCHARD_BLOCK,ORCHARD,Orchard Dark,Block,2022-01-03,3789,18945.0,5.0,5.0,0.0,0,0,1.159,Freshway|DARK_ORCHARD_BLOCK,8.240121298076472,1.6094379124341003,0.1475575643576147,52,0.0,1.2178757094949273,1.3862943611198906
Freshway,DARK_ORCHARD_BLOCK,ORCHARD,Orchard Dark,Block,2022-01-10,5772,23088.0,4.0,5.0,20.0,0,0,1.155,Freshway|DARK_ORCHARD_BLOCK,8.660947155060933,1.3862943611198906,0.14410034397375687,53,0.0,1.0715836162801904,1.3862943611198906
Freshway,DARK_ORCHARD_BLOCK,ORCHARD,Orchard Dark,Block,2022-01-17,3042,15210.0,5.0,5.0,0.0,0,0,1.15,Freshway|DARK_ORCHARD_BLOCK,8.02059914989697,1.6094379124341003,0.13976194237515863,54,20.0,1.5040773967762742,0.9555114450274363
Freshway,DARK_ORCHARD_BLOCK,ORCHARD,Orchard Dark,Block,2022-01-24,7619,26666.5,3.5,5.0,30.0,0,0,1.142,Freshway|DARK_ORCHARD_BLOCK,8.938531648680692,1.252762968495368,0.1327811112338184,55,0.0,1.5040773967762742,1.3862943611198906
Freshway,DARK_ORCHARD_BLOCK,ORCHARD,Orchard Dark,Block,2022-01-31,6372,25488.0,4.0,5.0,20.0,1,0,1.132,Freshway|DARK_ORCHARD_BLOCK,8.759825595314295,1.3862943611198906,0.1239859797809911,56,30.0,1.5040773967762742,1.3862943611198906
Freshway,DARK_ORCHARD_BLOCK,ORCHARD,Orchard Dark,Block,2022-02-07,3193,15965.0,5.0,5.0,0.0,0,0,1.12,Freshway|DARK_ORCHARD_BLOCK,8.069029328774958,1.6094379124341003,0.11332868530700327,57,20.0,1.2178757094949273,1.3862943611198906
Freshway,DARK_ORCHARD_BLOCK,ORCHARD,Orchard Dark,Block,2022-02-14,3784,18920.0,5.0,5.0,0.0,0,0,1.106,Freshway|DARK_ORCHARD_BLOCK,8.23880116587155,1.6094379124341003,0.10074990310014315,58,0.0,1.5040773967762742,1.3862943611198906
Freshway,DARK_ORCHARD_BLOCK,ORCHARD,Orchard Dark,Block,2022-02-21,4310,21550.0,5.0,5.0,0.0,0,0,1.091,Freshway|DARK_ORCHARD_BLOCK,8.368925174747135,1.6094379124341003,0.08709470685093373,59,0.0,1.3987168811184478,1.3862943611198906
Freshway,DARK_ORCHARD_BLOCK,ORCHARD,Orchard Dark,Block,2022-02-28,3654,18270.0,5.0,5.0,0.0,0,0,1.074,Freshway|DARK_ORCHARD_BLOCK,8.203851372183879,1.6094379124341003,0.071389996086673,60,0.0,1.2178757094949273,1.3862943611198906
Freshway,DARK_ORCHARD_BLOCK,ORCHARD,Orchard Dark,Block,2022-03-07,3704,18520.0,5.0,5.0,0.0,0,0,1.057,Freshway|DARK_ORCHARD_BLOCK,8.217438537730187,1.6094379124341003,0.055434706888100524,61,0.0,1.5040773967762742,1.2237754316221157
Freshway,DARK_ORCHARD_BLOCK,ORCHARD,Orchard Dark,Block,2022-03-14,5712,21420.0,3.75,5.0,25.0,0,0,1.038,Freshway|DARK_ORCHARD_BLOCK,8.650499558724462,1.3217558399823195,0.03729578474369693,62,0.0,1.1474024528375417,0.9555114450274363
Freshway,DARK_ORCHARD_BLOCK,ORCHARD,Orchard Dark,Block,2022-03-21,2905,14525.0,5.0,5.0,0.0,0,0,1.019,Freshway|DARK_ORCHARD_BLOCK,7.974532844130228,1.6094379124341003,0.018821754240587667,63,25.0,1.0715836162801904,1.3862943611198906
Freshway,DARK_ORCHARD_BLOCK,ORCHARD,Orchard Dark,Block,2022-03-28,3831,19155.0,5.0,5.0,0.0,0,0,1.0,Freshway|DARK_ORCHARD_BLOCK,8.251142139090751,1.6094379124341003,0.0,64,0.0,1.5040773967762742,1.3862943611198906
Freshway,DARK_ORCHARD_BLOCK,ORCHARD,Orchard Dark,Block,2022-04-04,5669,22676.0,4.0,5.0,20.0,0,0,1.081,Freshway|DARK_ORCHARD_BLOCK,8.642944396721798,1.3862943611198906,0.0778865386570712,65,0.0,1.5040773967762742,1.3862943611198906
Freshway,DARK_ORCHARD_BLOCK,ORCHARD,Orchard Dark,Block,2022-04-11,6324,20553.0,3.25,5.0,35.0,0,0,1.062,Freshway|DARK_ORCHARD_BLOCK,8.752265313595721,1.1786549963416462,0.060153922819747144,66,20.0,1.5040773967762742,1.3862943611198906
Freshway,DARK_ORCHARD_BLOCK,ORCHARD,Orchard Dark,Block,2022-04-18,8987,29207.75,3.25,5.0,35.0,0,1,1.043,Freshway|DARK_ORCHARD_BLOCK,9.10364563330522,1.1786549963416462,0.042101176018635326,67,35.0,1.5040773967762742,1.3862943611198906
Freshway,DARK_ORCHARD_BLOCK,ORCHARD,Orchard Dark,Block,2022-04-25,2446,12230.0,5.0,5.0,0.0,0,0,1.026,Freshway|DARK_ORCHARD_BLOCK,7.802618063442671,1.6094379124341003,0.025667746748577813,68,35.0,1.5040773967762742,1.3862943611198906
Freshway,DARK_ORCHARD_BLOCK,ORCHARD,Orchard Dark,Block,2022-05-02,3705,15746.25,4.25,5.0,15.0,0,0,0.909,Freshway|DARK_ORCHARD_BLOCK,8.217708406845306,1.4469189829363254,-0.09541018480465818,69,0.0,1.5040773967762742,1.3862943611198906
Freshway,DARK_ORCHARD_BLOCK,ORCHARD,Orchard Dark,Block,2022-05-09,2671,13355.0,5.0,5.0,0.0,0,0,0.894,Freshway|DARK_ORCHARD_BLOCK,7.890582534656536,1.6094379124341003,-0.11204950380862289,70,15.0,1.5040773967762742,1.3862943611198906
Freshway,DARK_ORCHARD_BLOCK,ORCHARD,Orchard Dark,Block,2022-05-16,2891,14455.0,5.0,5.0,0.0,0,0,0.88,Freshway|DARK_ORCHARD_BLOCK,7.969703583278656,1.6094379124341003,-0.12783337150988489,71,0.0,1.5040773967762742,1.1631508098056809
Freshway,DARK_ORCHARD_BLOCK,ORCHARD,Orchard Dark,Block,2022-05-23,2804,14020.0,5.0,5.0,0.0,0,0,0.868,Freshway|DARK_ORCHARD_BLOCK,7.9391588179567965,1.6094379124341003,-0.14156356432178688,72,0.0,1.3402504226184837,1.3862943611198906
Freshway,DARK_ORCHARD_BLOCK,ORCHARD,Orchard Dark,Block,2022-05-30,2933,14665.0,5.0,5.0,0.0,0,0,0.858,Freshway|DARK_ORCHARD_BLOCK,7.984121958702927,1.6094379124341003,-0.15315117949417478,73,0.0,1.5040773967762742,1.3862943611198906
Freshway,DARK_ORCHARD_BLOCK,ORCHARD,Orchard Dark,Block,2022-06-06,4485,19061.25,4.25,5.0,15.0,0,0,0.85,Freshway|DARK_ORCHARD_BLOCK,8.408716715080153,1.4469189829363254,-0.16251892949777494,74,0.0,1.5040773967762742,1.3862943611198906
Freshway,DARK_ORCHARD_BLOCK,ORCHARD,Orchard Dark,Block,2022-06-13,2203,11015.0,5.0,5.0,0.0,0,0,0.845,Freshway|DARK_ORCHARD_BLOCK,7.698029170272805,1.6094379124341003,-0.16841865162496325,75,15.0,1.5040773967762742,0.9555114450274363
Freshway,DARK_ORCHARD_BLOCK,ORCHARD,Orchard Dark,Block,2022-06-20,2567,12835.0,5.0,5.0,0.0,0,0,0.841,Freshway|DARK_ORCHARD_BLOCK,7.850882664809852,1.6094379124341003,-0.17316361900918903,76,0.0,1.5040773967762742,1.3862943611198906
Freshway,DARK_ORCHARD_BLOCK,ORCHARD,Orchard Dark,Block,2022-06-27,2898,14490.0,5.0,5.0,0.0,0,0,0.84,Freshway|DARK_ORCHARD_BLOCK,7.972121128921655,1.6094379124341003,-0.1743533871447778,77,0.0,1.3402504226184837,1.3862943611198906
Freshway,DARK_ORCHARD_BLOCK,ORCHARD,Orchard Dark,Block,2022-07-04,4800,20400.0,4.25,5.0,15.0,0,0,0.841,Freshway|DARK_ORCHARD_BLOCK,8.476579508530941,1.4469189829363254,-0.17316361900918903,78,0.0,1.5040773967762742,1.3862943611198906
Freshway,DARK_ORCHARD_BLOCK,ORCHARD,Orchard Dark,Block,2022-07-11,2368,11840.0,5.0,5.0,0.0,0,0,0.845,Freshway|DARK_ORCHARD_BLOCK,7.7702232041587855,1.6094379124341003,-0.16841865162496325,79,15.0,1.5040773967762742,1.3862943611198906
Freshway,DARK_ORCHARD_BLOCK,ORCHARD,Orchard Dark,Block,2022-07-18,2747,13735.0,5.0,5.0,0.0,0,0,0.85,Freshway|DARK_ORCHARD_BLOCK,7.91862865334224,1.6094379124341003,-0.16251892949777494,80,0.0,1.5040773967762742,1.3862943611198906
Freshway,DARK_ORCHARD_BLOCK,ORCHARD,Orchard Dark,Block,2022-07-25,2956,14780.0,5.0,5.0,0.0,0,0,0.858,Freshway|DARK_ORCHARD_BLOCK,7.9919305198524775,1.6094379124341003,-0.15315117949417478,81,0.0,1.5040773967762742,1.0296194171811581
Freshway,DARK_ORCHARD_BLOCK,ORCHARD,Orchard Dark,Block,2022-08-01,2868,14340.0,5.0,5.0,0.0,0,0,0.868,Freshway|DARK_ORCHARD_BLOCK,7.9617188159813645,1.6094379124341003,-0.14156356432178688,82,0.0,1.5040773967762742,1.3862943611198906
Freshway,DARK_ORCHARD_BLOCK,ORCHARD,Orchard Dark,Block,2022-08-08,3123,15615.0,5.0,5.0,0.0,0,0,0.88,Freshway|DARK_ORCHARD_BLOCK,8.046869510959576,1.6094379124341003,-0.12783337150988489,83,0.0,1.5040773967762742,1.3862943611198906
Freshway,DARK_ORCHARD_BLOCK,ORCHARD,Orchard Dark,Block,2022-08-15,5214,19552.5,3.75,5.0,25.0,0,0,0.894,Freshway|DARK_ORCHARD_BLOCK,8.559294367434873,1.3217558399823195,-0.11204950380862289,84,0.0,1.2178757094949273,1.3862943611198906
Freshway,DARK_ORCHARD_BLOCK,ORCHARD,Orchard Dark,Block,2022-08-22,6310,23662.5,3.75,5.0,25.0,1,0,0.909,Freshway|DARK_ORCHARD_BLOCK,8.75004942158424,1.3217558399823195,-0.09541018480465818,85,25.0,1.5040773967762742,1.3862943611198906
Freshway,DARK_ORCHARD_BLOCK,ORCHARD,Orchard Dark,Block,2022-08-29,2312,11560.0,5.0,5.0,0.0,0,0,0.926,Freshway|DARK_ORCHARD_BLOCK,7.746300662231439,1.6094379124341003,-0.07688104433595762,86,25.0,1.5040773967762742,1.3862943611198906
Freshway,DARK_ORCHARD_BLOCK,ORCHARD,Orchard Dark,Block,2022-09-05,7521,30084.0,4.0,5.0,20.0,1,0,0.943,Freshway|DARK_ORCHARD_BLOCK,8.925587339030281,1.3862943611198906,-0.05868899634867961,87,0.0,1.2178757094949273,1.3862943611198906
Freshway,DARK_ORCHARD_BLOCK,ORCHARD,Orchard Dark,Block,2022-09-12,2752,13760.0,5.0,5.0,0.0,0,0,0.962,Freshway|DARK_ORCHARD_BLOCK,7.920446505142607,1.6094379124341003,-0.038740828316430595,88,20.0,1.5040773967762742,1.1631508098056809
Freshway,DARK_ORCHARD_BLOCK,ORCHARD,Orchard Dark,Block,2022-09-19,3255,16275.0,5.0,5.0,0.0,0,0,0.981,Freshway|DARK_ORCHARD_BLOCK,8.08825472712243,1.6094379124341003,-0.019182819416773987,89,0.0,1.5040773967762742,1.2237754316221157
Freshway,DARK_ORCHARD_BLOCK,ORCHARD,Orchard Dark,Block,2022-09-26,3666,18330.0,5.0,5.0,0.0,0,0,1.0,Freshway|DARK_ORCHARD_BLOCK,8.207129168071326,1.6094379124341003,0.0,90,0.0,1.5040773967762742,1.3862943611198906
Freshway,DARK_ORCHARD_BLOCK,ORCHARD,Orchard Dark,Block,2022-10-03,3533,17665.0,5.0,5.0,0.0,0,0,1.019,Freshway|DARK_ORCHARD_BLOCK,8.170185652879642,1.6094379124341003,0.018821754240587667,91,0.0,1.1474024528375417,1.3862943611198906
Freshway,DARK_ORCHARD_BLOCK,ORCHARD,Orchard Dark,Block,2022-10-10,3883,19415.0,5.0,5.0,0.0,0,0,1.038,Freshway|DARK_ORCHARD_BLOCK,8.264620829411216,1.6094379124341003,0.03729578474369693,92,0.0,1.2809338454620642,1.3862943611198906
Freshway,DARK_ORCHARD_BLOCK,ORCHARD,Orchard Dark,Block,2022-10-17,3636,18180.0,5.0,5.0,0.0,0,0,1.057,Freshway|DARK_ORCHARD_BLOCK,8.19891444498699,1.6094379124341003,0.055434706888100524,93,0.0,1.2809338454620642,1.3862943611198906
Freshway,DARK_ORCHARD_BLOCK,ORCHARD,Orchard Dark,Block,2022-10-24,3372,16860.0,5.0,5.0,0.0,0,0,1.074,Freshway|DARK_ORCHARD_BLOCK,8.12355783506165,1.6094379124341003,0.071389996086673,94,0.0,1.5040773967762742,1.3862943611198906
Freshway,DARK_ORCHARD_BLOCK,ORCHARD,Orchard Dark,Block,2022-10-31,3624,18120.0,5.0,5.0,0.0,0,0,1.091,Freshway|DARK_ORCHARD_BLOCK,8.195609567288775,1.6094379124341003,0.08709470685093373,95,0.0,1.5040773967762742,1.1631508098056809
Freshway,DARK_ORCHARD_BLOCK,ORCHARD,Orchard Dark,Block,2022-11-07,3847,19235.0,5.0,5.0,0.0,0,0,1.106,Freshway|DARK_ORCHARD_BLOCK,8.255308811785596,1.6094379124341003,0.10074990310014315,96,0.0,1.3987168811184478,1.1631508098056809
Freshway,DARK_ORCHARD_BLOCK,ORCHARD,Orchard Dark,Block,2022-11-14,7149,25021.5,3.5,5.0,30.0,0,0,1.12,Freshway|DARK_ORCHARD_BLOCK,8.874867635688053,1.252762968495368,0.11332868530700327,97,0.0,1.5040773967762742,1.3862943611198906
Freshway,DARK_ORCHARD_BLOCK,ORCHARD,Orchard Dark,Block,2022-11-21,3167,15835.0,5.0,5.0,0.0,0,0,1.132,Freshway|DARK_ORCHARD_BLOCK,8.060855752934316,1.6094379124341003,0.1239859797809911,98,30.0,1.1474024528375417,1.3862943611198906
Freshway,DARK_ORCHARD_BLOCK,ORCHARD,Orchard Dark,Block,2022-11-28,3694,18470.0,5.0,5.0,0.0,0,0,1.142,Freshway|DARK_ORCHARD_BLOCK,8.214735833382303,1.6094379124341003,0.1327811112338184,99,0.0,1.5040773967762742,1.3862943611198906
Freshway,DARK_ORCHARD_BLOCK,ORCHARD,Orchard Dark,Block,2022-12-05,8171,28598.5,3.5,5.0,30.0,0,0,1.15,Freshway|DARK_ORCHARD_BLOCK,9.008468955937513,1.252762968495368,0.13976194237515863,100,0.0,1.5040773967762742,1.3862943611198906
Freshway,DARK_ORCHARD_BLOCK,ORCHARD,Orchard Dark,Block,2022-12-12,2933,14665.0,5.0,5.0,0.0,0,0,1.155,Freshway|DARK_ORCHARD_BLOCK,7.984121958702927,1.6094379124341003,0.14410034397375687,101,30.0,1.5040773967762742,1.0296194171811581
Freshway,DARK_ORCHARD_BLOCK,ORCHARD,Orchard Dark,Block,2022-12-19,4107,20535.0,5.0,5.0,0.0,0,0,1.159,Freshway|DARK_ORCHARD_BLOCK,8.32069157104845,1.6094379124341003,0.1475575643576147,102,0.0,1.5040773967762742,1.2237754316221157
Freshway,DARK_ORCHARD_BLOCK,ORCHARD,Orchard Dark,Block,2022-12-26,3666,18330.0,5.0,5.0,0.0,0,0,1.16,Freshway|DARK_ORCHARD_BLOCK,8.207129168071326,1.6094379124341003,0.14842000511827322,103,0.0,1.3402504226184837,1.3862943611198906
Freshway,DARK_ORCHARD_BLOCK,ORCHARD,Orchard Dark,Block,2023-01-02,4759,23795.0,5.0,5.0,0.0,0,0,1.159,Freshway|DARK_ORCHARD_BLOCK,8.468002947225466,1.6094379124341003,0.1475575643576147,104,0.0,1.5040773967762742,1.3862943611198906
Freshway,DARK_ORCHARD_BLOCK,ORCHARD,Orchard Dark,Block,2023-01-09,3751,18755.0,5.0,5.0,0.0,0,0,1.155,Freshway|DARK_ORCHARD_BLOCK,8.230044310126114,1.6094379124341003,0.14410034397375687,105,0.0,1.5040773967762742,1.3862943611198906
Freshway,DARK_ORCHARD_BLOCK,ORCHARD,Orchard Dark,Block,2023-01-16,7476,26166.0,3.5,5.0,30.0,0,0,1.15,Freshway|DARK_ORCHARD_BLOCK,8.919586920999915,1.252762968495368,0.13976194237515863,106,0.0,1.5040773967762742,1.3862943611198906
Freshway,DARK_ORCHARD_BLOCK,ORCHARD,Orchard Dark,Block,2023-01-23,2754,13770.0,5.0,5.0,0.0,0,0,1.142,Freshway|DARK_ORCHARD_BLOCK,7.9211727215870145,1.6094379124341003,0.1327811112338184,107,30.0,1.5040773967762742,1.3862943611198906
Freshway,DARK_ORCHARD_BLOCK,ORCHARD,Orchard Dark,Block,2023-01-30,4262,21310.0,5.0,5.0,0.0,0,0,1.132,Freshway|DARK_ORCHARD_BLOCK,8.35772841676521,1.6094379124341003,0.1239859797809911,108,0.0,1.5040773967762742,0.9555114450274363
Freshway,DARK_ORCHARD_BLOCK,ORCHARD,Orchard Dark,Block,2023-02-06,4007,20035.0,5.0,5.0,0.0,0,0,1.12,Freshway|DARK_ORCHARD_BLOCK,8.2960476427647,1.6094379124341003,0.11332868530700327,109,0.0,1.5040773967762742,1.0986122886681098
Freshway,DARK_ORCHARD_BLOCK,ORCHARD,Orchard Dark,Block,2023-02-13,4958,22311.0,4.5,5.0,10.0,0,0,1.106,Freshway|DARK_ORCHARD_BLOCK,8.508959386489133,1.5040773967762742,0.10074990310014315,110,0.0,1.5040773967762742,1.3862943611198906
Freshway,DARK_ORCHARD_BLOCK,ORCHARD,Orchard Dark,Block,2023-02-20,4457,18942.25,4.25,5.0,15.0,0,0,1.091,Freshway|DARK_ORCHARD_BLOCK,8.402455513945814,1.4469189829363254,0.08709470685093373,111,10.0,1.0715836162801904,1.0986122886681098
Freshway,DARK_ORCHARD_BLOCK,ORCHARD,Orchard Dark,Block,2023-02-27,3129,15645.0,5.0,5.0,0.0,0,0,1.074,Freshway|DARK_ORCHARD_BLOCK,8.048788283534199,1.6094379124341003,0.071389996086673,112,15.0,1.5040773967762742,1.3862943611198906
Freshway,DARK_ORCHARD_BLOCK,ORCHARD,Orchard Dark,Block,2023-03-06,4036,20180.0,5.0,5.0,0.0,0,0,1.057,Freshway|DARK_ORCHARD_BLOCK,8.30325712085294,1.6094379124341003,0.055434706888100524,113,0.0,1.2178757094949273,0.9555114450274363
Freshway,DARK_ORCHARD_BLOCK,ORCHARD,Orchard Dark,Block,2023-03-13,3103,15515.0,5.0,5.0,0.0,0,0,1.038,Freshway|DARK_ORCHARD_BLOCK,8.04044688130311,1.6094379124341003,0.03729578474369693,114,0.0,1.5040773967762742,1.3862943611198906
Freshway,DARK_ORCHARD_BLOCK,ORCHARD,Orchard Dark,Block,2023-03-20,11686,37979.5,3.25,5.0,35.0,1,0,1.019,Freshway|DARK_ORCHARD_BLOCK,9.366232391933156,1.1786549963416462,0.018821754240587667,115,0.0,1.5040773967762742,1.3862943611198906
Freshway,DARK_ORCHARD_BLOCK,ORCHARD,Orchard Dark,Block,2023-03-27,7091,23045.75,3.25,5.0,35.0,1,0,1.0,Freshway|DARK_ORCHARD_BLOCK,8.866722667194098,1.1786549963416462,0.0,116,35.0,1.5040773967762742,1.3862943611198906
Freshway,DARK_ORCHARD_BLOCK,ORCHARD,Orchard Dark,Block,2023-04-03,2412,12060.0,5.0,5.0,0.0,0,0,1.081,Freshway|DARK_ORCHARD_BLOCK,7.7886260656250315,1.6094379124341003,0.0778865386570712,117,35.0,1.5040773967762742,1.3862943611198906
Freshway,DARK_ORCHARD_BLOCK,ORCHARD,Orchard Dark,Block,2023-04-10,3602,18010.0,5.0,5.0,0.0,0,0,1.062,Freshway|DARK_ORCHARD_BLOCK,8.189522110748094,1.6094379124341003,0.060153922819747144,118,0.0,1.0715836162801904,1.1631508098056809
Freshway,DARK_ORCHARD_BLOCK,ORCHARD,Orchard Dark,Block,2023-04-17,5178,23301.0,4.5,5.0,10.0,0,1,1.043,Freshway|DARK_ORCHARD_BLOCK,8.552367266423891,1.5040773967762742,0.042101176018635326,119,0.0,1.3987168811184478,0.9555114450274363
Freshway,DARK_ORCHARD_BLOCK,ORCHARD,Orchard Dark,Block,2023-04-24,3191,15955.0,5.0,5.0,0.0,0,0,1.026,Freshway|DARK_ORCHARD_BLOCK,8.068402958569699,1.6094379124341003,0.025667746748577813,120,10.0,1.3987168811184478,1.0296194171811581
Freshway,DARK_ORCHARD_BLOCK,ORCHARD,Orchard Dark,Block,2023-05-01,4966,19864.0,4.0,5.0,20.0,0,0,0.909,Freshway|DARK_ORCHARD_BLOCK,8.51057131510735,1.3862943611198906,-0.09541018480465818,121,0.0,1.5040773967762742,1.3862943611198906
Freshway,DARK_ORCHARD_BLOCK,ORCHARD,Orchard Dark,Block,2023-05-08,2520,12600.0,5.0,5.0,0.0,0,0,0.894,Freshway|DARK_ORCHARD_BLOCK,7.83241092718792,1.6094379124341003,-0.11204950380862289,122,20.0,1.2178757094949273,1.3862943611198906
Freshway,DARK_ORCHARD_BLOCK,ORCHARD,Orchard Dark,Block,2023-05-15,4593,18372.0,4.0,5.0,20.0,0,0,0.88,Freshway|DARK_ORCHARD_BLOCK,8.432506383249043,1.3862943611198906,-0.12783337150988489,123,0.0,1.5040773967762742,1.3862943611198906
Freshway,DARK_ORCHARD_BLOCK,ORCHARD,Orchard Dark,Block,2023-05-22,2424,12120.0,5.0,5.0,0.0,0,0,0.868,Freshway|DARK_ORCHARD_BLOCK,7.793586803371584,1.6094379124341003,-0.14156356432178688,124,20.0,1.3402504226184837,1.3862943611198906
Freshway,DARK_ORCHARD_BLOCK,ORCHARD,Orchard Dark,Block,2023-05-29,2541,12705.0,5.0,5.0,0.0,0,0,0.858,Freshway|DARK_ORCHARD_BLOCK,7.8407064517494,1.6094379124341003,-0.15315117949417478,125,0.0,1.3987168811184478,1.3862943611198906
Freshway,DARK_ORCHARD_BLOCK,ORCHARD,Orchard Dark,Block,2023-06-05,4250,18062.5,4.25,5.0,15.0,0,0,0.85,Freshway|DARK_ORCHARD_BLOCK,8.35490952835879,1.4469189829363254,-0.16251892949777494,126,0.0,1.5040773967762742,1.3862943611198906
Freshway,DARK_ORCHARD_BLOCK,ORCHARD,Orchard Dark,Block,2023-06-12,2654,13270.0,5.0,5.0,0.0,0,0,0.845,Freshway|DARK_ORCHARD_BLOCK,7.884199933676039,1.6094379124341003,-0.16841865162496325,127,15.0,1.1474024528375417,1.3862943611198906
Freshway,DARK_ORCHARD_BLOCK,ORCHARD,Orchard Dark,Block,2023-06-19,3276,16380.0,5.0,5.0,0.0,0,0,0.841,Freshway|DARK_ORCHARD_BLOCK,8.094683648698815,1.6094379124341003,-0.17316361900918903,128,0.0,1.3987168811184478,1.3862943611198906
Freshway,DARK_ORCHARD_BLOCK,ORCHARD,Orchard Dark,Block,2023-06-26,2903,14515.0,5.0,5.0,0.0,0,0,0.84,Freshway|DARK_ORCHARD_BLOCK,7.973844375944687,1.6094379124341003,-0.1743533871447778,129,0.0,1.5040773967762742,1.3862943611198906
Freshway,DARK_ORCHARD_BLOCK,ORCHARD,Orchard Dark,Block,2023-07-03,6037,21129.5,3.5,5.0,30.0,0,0,0.841,Freshway|DARK_ORCHARD_BLOCK,8.705828110266784,1.252762968495368,-0.17316361900918903,130,0.0,1.0715836162801904,1.3862943611198906
Freshway,DARK_ORCHARD_BLOCK,ORCHARD,Orchard Dark,Block,2023-07-10,2758,12411.0,4.5,5.0,10.0,0,0,0.845,Freshway|DARK_ORCHARD_BLOCK,7.922623574217286,1.5040773967762742,-0.16841865162496325,131,30.0,1.5040773967762742,1.1631508098056809
Freshway,DARK_ORCHARD_BLOCK,ORCHARD,Orchard Dark,Block,2023-07-17,4468,16755.0,3.75,5.0,25.0,0,0,0.85,Freshway|DARK_ORCHARD_BLOCK,8.404919948933452,1.3217558399823195,-0.16251892949777494,132,10.0,1.5040773967762742,1.3862943611198906
Freshway,DARK_ORCHARD_BLOCK,ORCHARD,Orchard Dark,Block,2023-07-24,2357,11785.0,5.0,5.0,0.0,0,0,0.858,Freshway|DARK_ORCHARD_BLOCK,7.765569081097317,1.6094379124341003,-0.15315117949417478,133,25.0,1.5040773967762742,1.3862943611198906
Freshway,DARK_ORCHARD_BLOCK,ORCHARD,Orchard Dark,Block,2023-07-31,5077,20308.0,4.0,5.0,20.0,0,0,0.868,Freshway|DARK_ORCHARD_BLOCK,8.532672762264625,1.3862943611198906,-0.14156356432178688,134,0.0,1.5040773967762742,1.3862943611198906
Freshway,DARK_ORCHARD_BLOCK,ORCHARD,Orchard Dark,Block,2023-08-07,4629,17358.75,3.75,5.0,25.0,0,0,0.88,Freshway|DARK_ORCHARD_BLOCK,8.440312147080279,1.3217558399823195,-0.12783337150988489,135,20.0,1.5040773967762742,1.0296194171811581
Freshway,DARK_ORCHARD_BLOCK,ORCHARD,Orchard Dark,Block,2023-08-14,2140,10700.0,5.0,5.0,0.0,0,0,0.894,Freshway|DARK_ORCHARD_BLOCK,7.669028288589683,1.6094379124341003,-0.11204950380862289,136,25.0,1.3402504226184837,1.3862943611198906
Freshway,DARK_ORCHARD_BLOCK,ORCHARD,Orchard Dark,Block,2023-08-21,3354,16770.0,5.0,5.0,0.0,0,0,0.909,Freshway|DARK_ORCHARD_BLOCK,8.118207049405783,1.6094379124341003,-0.09541018480465818,137,0.0,1.2178757094949273,1.0296194171811581
Freshway,DARK_ORCHARD_BLOCK,ORCHARD,Orchard Dark,Block,2023-08-28,3206,16030.0,5.0,5.0,0.0,0,0,0.926,Freshway|DARK_ORCHARD_BLOCK,8.073091199693154,1.6094379124341003,-0.07688104433595762,138,0.0,1.5040773967762742,1.3862943611198906
Freshway,DARK_ORCHARD_BLOCK,ORCHARD,Orchard Dark,Block,2023-09-04,3189,15945.0,5.0,5.0,0.0,0,0,0.943,Freshway|DARK_ORCHARD_BLOCK,8.06777619577889,1.6094379124341003,-0.05868899634867961,139,0.0,1.5040773967762742,1.3862943611198906
Freshway,DARK_ORCHARD_BLOCK,ORCHARD,Orchard Dark,Block,2023-09-11,5544,20790.0,3.75,5.0,25.0,0,0,0.962,Freshway|DARK_ORCHARD_BLOCK,8.620651899784468,1.3217558399823195,-0.038740828316430595,140,0.0,1.5040773967762742,1.3862943611198906
Freshway,DARK_ORCHARD_BLOCK,ORCHARD,Orchard Dark,Block,2023-09-18,2991,14955.0,5.0,5.0,0.0,0,0,0.981,Freshway|DARK_ORCHARD_BLOCK,8.003697339094368,1.6094379124341003,-0.019182819416773987,141,25.0,1.1474024528375417,0.9555114450274363
Freshway,DARK_ORCHARD_BLOCK,ORCHARD,Orchard Dark,Block,2023-09-25,3016,15080.0,5.0,5.0,0.0,0,0,1.0,Freshway|DARK_ORCHARD_BLOCK,8.012018239159062,1.6094379124341003,0.0,142,0.0,1.5040773967762742,1.3862943611198906
Freshway,DARK_ORCHARD_BLOCK,ORCHARD,Orchard Dark,Block,2023-10-02,3366,16830.0,5.0,5.0,0.0,0,0,1.019,Freshway|DARK_ORCHARD_BLOCK,8.121777419161074,1.6094379124341003,0.018821754240587667,143,0.0,1.2178757094949273,1.3862943611198906
Freshway,DARK_ORCHARD_BLOCK,ORCHARD,Orchard Dark,Block,2023-10-09,3652,18260.0,5.0,5.0,0.0,0,0,1.038,Freshway|DARK_ORCHARD_BLOCK,8.203304026795282,1.6094379124341003,0.03729578474369693,144,0.0,1.5040773967762742,1.3862943611198906
Freshway,DARK_ORCHARD_BLOCK,ORCHARD,Orchard Dark,Block,2023-10-16,5478,21912.0,4.0,5.0,20.0,0,0,1.057,Freshway|DARK_ORCHARD_BLOCK,8.608677881538416,1.3862943611198906,0.055434706888100524,145,0.0,1.5040773967762742,1.3862943611198906
Freshway,DARK_ORCHARD_BLOCK,ORCHARD,Orchard Dark,Block,2023-10-23,3560,17800.0,5.0,5.0,0.0,0,0,1.074,Freshway|DARK_ORCHARD_BLOCK,8.177796683277778,1.6094379124341003,0.071389996086673,146,20.0,1.5040773967762742,1.3862943611198906
Freshway,DARK_ORCHARD_BLOCK,ORCHARD,Orchard Dark,Block,2023-10-30,3716,18580.0,5.0,5.0,0.0,0,0,1.091,Freshway|DARK_ORCHARD_BLOCK,8.220672170297252,1.6094379124341003,0.08709470685093373,147,0.0,1.1474024528375417,1.3862943611198906
Freshway,DARK_ORCHARD_BLOCK,ORCHARD,Orchard Dark,Block,2023-11-06,3511,17555.0,5.0,5.0,0.0,0,0,1.106,Freshway|DARK_ORCHARD_BLOCK,8.163940954755008,1.6094379124341003,0.10074990310014315,148,0.0,1.2178757094949273,1.3862943611198906
Freshway,DARK_ORCHARD_BLOCK,ORCHARD,Orchard Dark,Block,2023-11-13,8538,27748.5,3.25,5.0,35.0,0,0,1.12,Freshway|DARK_ORCHARD_BLOCK,9.052399183907607,1.1786549963416462,0.11332868530700327,149,0.0,1.5040773967762742,1.3862943611198906
Freshway,DARK_ORCHARD_BLOCK,ORCHARD,Orchard Dark,Block,2023-11-20,4973,22378.5,4.5,5.0,10.0,1,0,1.132,Freshway|DARK_ORCHARD_BLOCK,8.51197962436335,1.5040773967762742,0.1239859797809911,150,35.0,1.3402504226184837,1.2809338454620642
Freshway,DARK_ORCHARD_BLOCK,ORCHARD,Orchard Dark,Block,2023-11-27,3256,16280.0,5.0,5.0,0.0,0,0,1.142,Freshway|DARK_ORCHARD_BLOCK,8.088561805276234,1.6094379124341003,0.1327811112338184,151,10.0,1.5040773967762742,1.3862943611198906
Freshway,DARK_ORCHARD_BLOCK,ORCHARD,Orchard Dark,Block,2023-12-04,3918,19590.0,5.0,5.0,0.0,0,0,1.15,Freshway|DARK_ORCHARD_BLOCK,8.273591798199632,1.6094379124341003,0.13976194237515863,152,0.0,1.5040773967762742,1.3862943611198906
Freshway,DARK_ORCHARD_BLOCK,ORCHARD,Orchard Dark,Block,2023-12-11,4405,19822.5,4.5,5.0,10.0,0,0,1.155,Freshway|DARK_ORCHARD_BLOCK,8.39072252736229,1.5040773967762742,0.14410034397375687,153,0.0,1.5040773967762742,1.3862943611198906
Freshway,DARK_ORCHARD_BLOCK,ORCHARD,Orchard Dark,Block,2023-12-18,7608,24726.0,3.25,5.0,35.0,0,0,1.159,Freshway|DARK_ORCHARD_BLOCK,8.937087036176523,1.1786549963416462,0.1475575643576147,154,10.0,1.5040773967762742,1.3862943611198906
Freshway,DARK_ORCHARD_BLOCK,ORCHARD,Orchard Dark,Block,2023-12-25,3222,16110.0,5.0,5.0,0.0,0,0,1.16,Freshway|DARK_ORCHARD_BLOCK,8.078067881815437,1.6094379124341003,0.14842000511827322,155,35.0,1.5040773967762742,1.2237754316221157
Freshway,GOLDEN_MALT_BLOCK,CRESTLINE,Golden Malt,Block,2021-01-04,6449,23216.4,3.6,4.5,20.0,0,0,1.159,Freshway|GOLDEN_MALT_BLOCK,8.771835409789817,1.2809338454620642,0.1475575643576147,0,0.0,1.1474024528375417,1.3862943611198906
Freshway,GOLDEN_MALT_BLOCK,CRESTLINE,Golden Malt,Block,2021-01-11,3173,14278.5,4.5,4.5,0.0,0,0,1.155,Freshway|GOLDEN_MALT_BLOCK,8.062747901086354,1.5040773967762742,0.14410034397375687,1,20.0,1.4350845252893227,1.1631508098056809
Freshway,GOLDEN_MALT_BLOCK,CRESTLINE,Golden Malt,Block,2021-01-18,9283,29241.45,3.15,4.5,30.0,0,0,1.15,Freshway|GOLDEN_MALT_BLOCK,9.136047767394327,1.1474024528375417,0.13976194237515863,2,0.0,1.4350845252893227,1.3862943611198906
Freshway,GOLDEN_MALT_BLOCK,CRESTLINE,Golden Malt,Block,2021-01-25,5390,18218.2,3.38,4.5,25.0,0,0,1.142,Freshway|GOLDEN_MALT_BLOCK,8.592486175451668,1.2178757094949273,0.1327811112338184,3,30.0,1.1474024528375417,1.3862943611198906
Freshway,GOLDEN_MALT_BLOCK,CRESTLINE,Golden Malt,Block,2021-02-01,3293,14818.5,4.5,4.5,0.0,0,0,1.132,Freshway|GOLDEN_MALT_BLOCK,8.099857910737585,1.5040773967762742,0.1239859797809911,4,25.0,1.4350845252893227,1.3862943611198906
Freshway,GOLDEN_MALT_BLOCK,CRESTLINE,Golden Malt,Block,2021-02-08,17308,50539.36,2.92,4.5,35.0,1,0,1.12,Freshway|GOLDEN_MALT_BLOCK,9.758981876426398,1.0715836162801904,0.11332868530700327,5,0.0,1.4350845252893227,1.3862943611198906
Freshway,GOLDEN_MALT_BLOCK,CRESTLINE,Golden Malt,Block,2021-02-15,3285,14782.5,4.5,4.5,0.0,0,0,1.106,Freshway|GOLDEN_MALT_BLOCK,8.097426298597213,1.5040773967762742,0.10074990310014315,6,35.0,1.4350845252893227,1.3862943611198906
Freshway,GOLDEN_MALT_BLOCK,CRESTLINE,Golden Malt,Block,2021-02-22,3872,17424.0,4.5,4.5,0.0,0,0,1.091,Freshway|GOLDEN_MALT_BLOCK,8.261784679514752,1.5040773967762742,0.08709470685093373,7,0.0,1.4350845252893227,1.3862943611198906
Freshway,GOLDEN_MALT_BLOCK,CRESTLINE,Golden Malt,Block,2021-03-01,3984,17928.0,4.5,4.5,0.0,0,0,1.074,Freshway|GOLDEN_MALT_BLOCK,8.290292591224315,1.5040773967762742,0.071389996086673,8,0.0,1.4350845252893227,1.3862943611198906
Freshway,GOLDEN_MALT_BLOCK,CRESTLINE,Golden Malt,Block,2021-03-08,9797,35269.2,3.6,4.5,20.0,1,0,1.057,Freshway|GOLDEN_MALT_BLOCK,9.18993356219852,1.2809338454620642,0.055434706888100524,9,0.0,1.4350845252893227,1.0296194171811581
Freshway,GOLDEN_MALT_BLOCK,CRESTLINE,Golden Malt,Block,2021-03-15,7161,29002.05,4.05,4.5,10.0,1,0,1.038,Freshway|GOLDEN_MALT_BLOCK,8.876544550558378,1.3987168811184478,0.03729578474369693,10,20.0,1.4350845252893227,1.3862943611198906
Freshway,GOLDEN_MALT_BLOCK,CRESTLINE,Golden Malt,Block,2021-03-22,2973,13378.5,4.5,4.5,0.0,0,0,1.019,Freshway|GOLDEN_MALT_BLOCK,7.9976631270201,1.5040773967762742,0.018821754240587667,11,10.0,1.4350845252893227,1.0296194171811581
Freshway,GOLDEN_MALT_BLOCK,CRESTLINE,Golden Malt,Block,2021-03-29,3186,14337.0,4.5,4.5,0.0,0,0,1.0,Freshway|GOLDEN_MALT_BLOCK,8.066835314417336,1.5040773967762742,0.0,12,0.0,1.2119409739751128,1.0296194171811581
Freshway,GOLDEN_MALT_BLOCK,CRESTLINE,Golden Malt,Block,2021-04-05,4189,18850.5,4.5,4.5,0.0,0,0,1.081,Freshway|GOLDEN_MALT_BLOCK,8.340456012916183,1.5040773967762742,0.0778865386570712,13,0.0,1.4350845252893227,1.3862943611198906
Freshway,GOLDEN_MALT_BLOCK,CRESTLINE,Golden Malt,Block,2021-04-12,3748,16866.0,4.5,4.5,0.0,0,0,1.062,Freshway|GOLDEN_MALT_BLOCK,8.229244416735913,1.5040773967762742,0.060153922819747144,14,0.0,1.3297240096314962,1.3862943611198906
Freshway,GOLDEN_MALT_BLOCK,CRESTLINE,Golden Malt,Block,2021-04-19,4031,18139.5,4.5,4.5,0.0,0,0,1.043,Freshway|GOLDEN_MALT_BLOCK,8.302017809751204,1.5040773967762742,0.042101176018635326,15,0.0,1.4350845252893227,1.3862943611198906
Freshway,GOLDEN_MALT_BLOCK,CRESTLINE,Golden Malt,Block,2021-04-26,3640,16380.0,4.5,4.5,0.0,0,0,1.026,Freshway|GOLDEN_MALT_BLOCK,8.200013648175434,1.5040773967762742,0.025667746748577813,16,0.0,1.4350845252893227,1.1631508098056809
Freshway,GOLDEN_MALT_BLOCK,CRESTLINE,Golden Malt,Block,2021-05-03,3645,16402.5,4.5,4.5,0.0,0,0,0.909,Freshway|GOLDEN_MALT_BLOCK,8.201385955238608,1.5040773967762742,-0.09541018480465818,17,0.0,1.4350845252893227,1.3862943611198906
Freshway,GOLDEN_MALT_BLOCK,CRESTLINE,Golden Malt,Block,2021-05-10,4791,17247.6,3.6,4.5,20.0,0,0,0.894,Freshway|GOLDEN_MALT_BLOCK,8.474703139795285,1.2809338454620642,-0.11204950380862289,18,0.0,1.4350845252893227,1.0986122886681098
Freshway,GOLDEN_MALT_BLOCK,CRESTLINE,Golden Malt,Block,2021-05-17,2723,12253.5,4.5,4.5,0.0,0,0,0.88,Freshway|GOLDEN_MALT_BLOCK,7.909856667269403,1.5040773967762742,-0.12783337150988489,19,20.0,1.4350845252893227,1.3862943611198906
Freshway,GOLDEN_MALT_BLOCK,CRESTLINE,Golden Malt,Block,2021-05-24,2848,12816.0,4.5,4.5,0.0,0,0,0.868,Freshway|GOLDEN_MALT_BLOCK,7.954723334497908,1.5040773967762742,-0.14156356432178688,20,0.0,1.0043016091968684,1.1631508098056809
Freshway,GOLDEN_MALT_BLOCK,CRESTLINE,Golden Malt,Block,2021-05-31,8976,26209.92,2.92,4.5,35.0,0,0,0.858,Freshway|GOLDEN_MALT_BLOCK,9.10242102975669,1.0715836162801904,-0.15315117949417478,21,0.0,1.4350845252893227,1.3862943611198906
Freshway,GOLDEN_MALT_BLOCK,CRESTLINE,Golden Malt,Block,2021-06-07,3973,14302.8,3.6,4.5,20.0,0,0,0.85,Freshway|GOLDEN_MALT_BLOCK,8.287528423111763,1.2809338454620642,-0.16251892949777494,22,35.0,1.4350845252893227,1.3862943611198906
Freshway,GOLDEN_MALT_BLOCK,CRESTLINE,Golden Malt,Block,2021-06-14,2716,12222.0,4.5,4.5,0.0,0,0,0.845,Freshway|GOLDEN_MALT_BLOCK,7.907283609426348,1.5040773967762742,-0.16841865162496325,23,20.0,1.3297240096314962,1.3862943611198906
Freshway,GOLDEN_MALT_BLOCK,CRESTLINE,Golden Malt,Block,2021-06-21,3341,15034.5,4.5,4.5,0.0,0,0,0.841,Freshway|GOLDEN_MALT_BLOCK,8.114324709155339,1.5040773967762742,-0.17316361900918903,24,0.0,1.4350845252893227,1.3862943611198906
Freshway,GOLDEN_MALT_BLOCK,CRESTLINE,Golden Malt,Block,2021-06-28,3114,14013.0,4.5,4.5,0.0,0,0,0.84,Freshway|GOLDEN_MALT_BLOCK,8.043984431221553,1.5040773967762742,-0.1743533871447778,25,0.0,1.2725655957915476,1.3862943611198906
Freshway,GOLDEN_MALT_BLOCK,CRESTLINE,Golden Malt,Block,2021-07-05,2869,12910.5,4.5,4.5,0.0,0,0,0.841,Freshway|GOLDEN_MALT_BLOCK,7.962067308753666,1.5040773967762742,-0.17316361900918903,26,0.0,1.0784095813505903,1.2237754316221157
Freshway,GOLDEN_MALT_BLOCK,CRESTLINE,Golden Malt,Block,2021-07-12,2723,12253.5,4.5,4.5,0.0,0,0,0.845,Freshway|GOLDEN_MALT_BLOCK,7.909856667269403,1.5040773967762742,-0.16841865162496325,27,0.0,1.4350845252893227,1.3862943611198906
Freshway,GOLDEN_MALT_BLOCK,CRESTLINE,Golden Malt,Block,2021-07-19,3070,13815.0,4.5,4.5,0.0,0,0,0.85,Freshway|GOLDEN_MALT_BLOCK,8.029758520440822,1.5040773967762742,-0.16251892949777494,28,0.0,1.4350845252893227,1.3862943611198906
Freshway,GOLDEN_MALT_BLOCK,CRESTLINE,Golden Malt,Block,2021-07-26,7074,22283.1,3.15,4.5,30.0,0,0,0.858,Freshway|GOLDEN_MALT_BLOCK,8.864322722511439,1.1474024528375417,-0.15315117949417478,29,0.0,1.4350845252893227,1.3862943611198906
Freshway,GOLDEN_MALT_BLOCK,CRESTLINE,Golden Malt,Block,2021-08-02,2476,11142.0,4.5,4.5,0.0,0,0,0.868,Freshway|GOLDEN_MALT_BLOCK,7.814803429489359,1.5040773967762742,-0.14156356432178688,30,30.0,1.4350845252893227,1.3862943611198906
Freshway,GOLDEN_MALT_BLOCK,CRESTLINE,Golden Malt,Block,2021-08-09,4603,16570.8,3.6,4.5,20.0,0,0,0.88,Freshway|GOLDEN_MALT_BLOCK,8.434680769841773,1.2809338454620642,-0.12783337150988489,31,0.0,1.3297240096314962,1.3862943611198906
Freshway,GOLDEN_MALT_BLOCK,CRESTLINE,Golden Malt,Block,2021-08-16,2312,10404.0,4.5,4.5,0.0,0,0,0.894,Freshway|GOLDEN_MALT_BLOCK,7.746300662231439,1.5040773967762742,-0.11204950380862289,32,20.0,1.4350845252893227,0.9555114450274363
Freshway,GOLDEN_MALT_BLOCK,CRESTLINE,Golden Malt,Block,2021-08-23,5998,21592.8,3.6,4.5,20.0,0,0,0.909,Freshway|GOLDEN_MALT_BLOCK,8.699348067653093,1.2809338454620642,-0.09541018480465818,33,0.0,1.4350845252893227,1.3862943611198906
Freshway,GOLDEN_MALT_BLOCK,CRESTLINE,Golden Malt,Block,2021-08-30,3014,13563.0,4.5,4.5,0.0,0,0,0.926,Freshway|GOLDEN_MALT_BLOCK,8.011355109161286,1.5040773967762742,-0.07688104433595762,34,20.0,1.4350845252893227,1.3862943611198906
Freshway,GOLDEN_MALT_BLOCK,CRESTLINE,Golden Malt,Block,2021-09-06,3376,15192.0,4.5,4.5,0.0,0,0,0.943,Freshway|GOLDEN_MALT_BLOCK,8.124743020385568,1.5040773967762742,-0.05868899634867961,35,0.0,1.2119409739751128,1.3862943611198906
Freshway,GOLDEN_MALT_BLOCK,CRESTLINE,Golden Malt,Block,2021-09-13,3629,16330.5,4.5,4.5,0.0,0,0,0.962,Freshway|GOLDEN_MALT_BLOCK,8.196987927258897,1.5040773967762742,-0.038740828316430595,36,0.0,1.4350845252893227,1.2237754316221157
Freshway,GOLDEN_MALT_BLOCK,CRESTLINE,Golden Malt,Block,2021-09-20,3401,15304.5,4.5,4.5,0.0,0,0,0.981,Freshway|GOLDEN_MALT_BLOCK,8.132118772955806,1.5040773967762742,-0.019182819416773987,37,0.0,1.4350845252893227,1.3862943611198906
Freshway,GOLDEN_MALT_BLOCK,CRESTLINE,Golden Malt,Block,2021-09-27,4042,18189.0,4.5,4.5,0.0,0,0,1.0,Freshway|GOLDEN_MALT_BLOCK,8.304742269640771,1.5040773967762742,0.0,38,0.0,1.4350845252893227,1.3862943611198906
Freshway,GOLDEN_MALT_BLOCK,CRESTLINE,Golden Malt,Block,2021-10-04,4335,19507.5,4.5,4.5,0.0,0,0,1.019,Freshway|GOLDEN_MALT_BLOCK,8.374707543119483,1.5040773967762742,0.018821754240587667,39,0.0,1.4350845252893227,1.3862943611198906
Freshway,GOLDEN_MALT_BLOCK,CRESTLINE,Golden Malt,Block,2021-10-11,3416,15372.0,4.5,4.5,0.0,0,0,1.038,Freshway|GOLDEN_MALT_BLOCK,8.136518252115291,1.5040773967762742,0.03729578474369693,40,0.0,1.4350845252893227,1.1631508098056809
Freshway,GOLDEN_MALT_BLOCK,CRESTLINE,Golden Malt,Block,2021-10-18,4242,19089.0,4.5,4.5,0.0,0,0,1.057,Freshway|GOLDEN_MALT_BLOCK,8.353025845202325,1.5040773967762742,0.055434706888100524,41,0.0,1.4350845252893227,1.2237754316221157
Freshway,GOLDEN_MALT_BLOCK,CRESTLINE,Golden Malt,Block,2021-10-25,4265,17273.25,4.05,4.5,10.0,0,0,1.074,Freshway|GOLDEN_MALT_BLOCK,8.358431899031295,1.3987168811184478,0.071389996086673,42,0.0,1.4350845252893227,0.9555114450274363
Freshway,GOLDEN_MALT_BLOCK,CRESTLINE,Golden Malt,Block,2021-11-01,3633,16348.5,4.5,4.5,0.0,0,0,1.091,Freshway|GOLDEN_MALT_BLOCK,8.198089248956116,1.5040773967762742,0.08709470685093373,43,10.0,1.4350845252893227,1.3862943611198906
Freshway,GOLDEN_MALT_BLOCK,CRESTLINE,Golden Malt,Block,2021-11-08,3855,17347.5,4.5,4.5,0.0,0,0,1.106,Freshway|GOLDEN_MALT_BLOCK,8.257385655730436,1.5040773967762742,0.10074990310014315,44,0.0,1.4350845252893227,1.3862943611198906
Freshway,GOLDEN_MALT_BLOCK,CRESTLINE,Golden Malt,Block,2021-11-15,4824,21708.0,4.5,4.5,0.0,0,0,1.12,Freshway|GOLDEN_MALT_BLOCK,8.481566013773087,1.5040773967762742,0.11332868530700327,45,0.0,1.4350845252893227,1.3862943611198906
Freshway,GOLDEN_MALT_BLOCK,CRESTLINE,Golden Malt,Block,2021-11-22,3870,17415.0,4.5,4.5,0.0,0,0,1.132,Freshway|GOLDEN_MALT_BLOCK,8.261268150577648,1.5040773967762742,0.1239859797809911,46,0.0,1.4350845252893227,1.0986122886681098
Freshway,GOLDEN_MALT_BLOCK,CRESTLINE,Golden Malt,Block,2021-11-29,17005,53565.75,3.15,4.5,30.0,1,1,1.142,Freshway|GOLDEN_MALT_BLOCK,9.741321501945738,1.1474024528375417,0.1327811112338184,47,0.0,1.4350845252893227,0.9555114450274363
Freshway,GOLDEN_MALT_BLOCK,CRESTLINE,Golden Malt,Block,2021-12-06,3006,13527.0,4.5,4.5,0.0,0,0,1.15,Freshway|GOLDEN_MALT_BLOCK,8.008698182988528,1.5040773967762742,0.13976194237515863,48,30.0,1.2119409739751128,1.3862943611198906
Freshway,GOLDEN_MALT_BLOCK,CRESTLINE,Golden Malt,Block,2021-12-13,3755,16897.5,4.5,4.5,0.0,0,0,1.155,Freshway|GOLDEN_MALT_BLOCK,8.231109840328154,1.5040773967762742,0.14410034397375687,49,0.0,1.0784095813505903,1.3862943611198906
Freshway,GOLDEN_MALT_BLOCK,CRESTLINE,Golden Malt,Block,2021-12-20,4232,19044.0,4.5,4.5,0.0,0,0,1.159,Freshway|GOLDEN_MALT_BLOCK,8.350666240520924,1.5040773967762742,0.1475575643576147,50,0.0,1.4350845252893227,1.0986122886681098
Freshway,GOLDEN_MALT_BLOCK,CRESTLINE,Golden Malt,Block,2021-12-27,4557,20506.5,4.5,4.5,0.0,0,0,1.16,Freshway|GOLDEN_MALT_BLOCK,8.42463920980563,1.5040773967762742,0.14842000511827322,51,0.0,1.4350845252893227,1.3862943611198906
Freshway,GOLDEN_MALT_BLOCK,CRESTLINE,Golden Malt,Block,2022-01-03,8128,27472.64,3.38,4.5,25.0,0,0,1.159,Freshway|GOLDEN_MALT_BLOCK,9.003193193746572,1.2178757094949273,0.1475575643576147,52,0.0,1.4350845252893227,1.3862943611198906
Freshway,GOLDEN_MALT_BLOCK,CRESTLINE,Golden Malt,Block,2022-01-10,8267,24139.64,2.92,4.5,35.0,0,0,1.155,Freshway|GOLDEN_MALT_BLOCK,9.020147920801659,1.0715836162801904,0.14410034397375687,53,25.0,1.4350845252893227,1.3862943611198906
Freshway,GOLDEN_MALT_BLOCK,CRESTLINE,Golden Malt,Block,2022-01-17,2773,12478.5,4.5,4.5,0.0,0,0,1.15,Freshway|GOLDEN_MALT_BLOCK,7.928045600874777,1.5040773967762742,0.13976194237515863,54,35.0,1.4350845252893227,0.9555114450274363
Freshway,GOLDEN_MALT_BLOCK,CRESTLINE,Golden Malt,Block,2022-01-24,3998,17991.0,4.5,4.5,0.0,0,0,1.142,Freshway|GOLDEN_MALT_BLOCK,8.293799608846818,1.5040773967762742,0.1327811112338184,55,0.0,1.4350845252893227,1.3862943611198906
Freshway,GOLDEN_MALT_BLOCK,CRESTLINE,Golden Malt,Block,2022-01-31,4319,19435.5,4.5,4.5,0.0,0,0,1.132,Freshway|GOLDEN_MALT_BLOCK,8.371010681238156,1.5040773967762742,0.1239859797809911,56,0.0,1.3297240096314962,1.3862943611198906
Freshway,GOLDEN_MALT_BLOCK,CRESTLINE,Golden Malt,Block,2022-02-07,9071,30659.98,3.38,4.5,25.0,0,0,1.12,Freshway|GOLDEN_MALT_BLOCK,9.112948025967533,1.2178757094949273,0.11332868530700327,57,0.0,1.4350845252893227,1.3862943611198906
Freshway,GOLDEN_MALT_BLOCK,CRESTLINE,Golden Malt,Block,2022-02-14,3374,15183.0,4.5,4.5,0.0,0,0,1.106,Freshway|GOLDEN_MALT_BLOCK,8.12415060330663,1.5040773967762742,0.10074990310014315,58,25.0,1.4350845252893227,1.3862943611198906
Freshway,GOLDEN_MALT_BLOCK,CRESTLINE,Golden Malt,Block,2022-02-21,7708,31217.4,4.05,4.5,10.0,0,1,1.091,Freshway|GOLDEN_MALT_BLOCK,8.950143756459262,1.3987168811184478,0.08709470685093373,59,0.0,1.4350845252893227,1.3862943611198906
Freshway,GOLDEN_MALT_BLOCK,CRESTLINE,Golden Malt,Block,2022-02-28,7884,26647.92,3.38,4.5,25.0,0,0,1.074,Freshway|GOLDEN_MALT_BLOCK,8.972717499397138,1.2178757094949273,0.071389996086673,60,10.0,1.4350845252893227,1.3862943611198906
Freshway,GOLDEN_MALT_BLOCK,CRESTLINE,Golden Malt,Block,2022-03-07,3324,14958.0,4.5,4.5,0.0,0,0,1.057,Freshway|GOLDEN_MALT_BLOCK,8.109224953089955,1.5040773967762742,0.055434706888100524,61,25.0,1.4350845252893227,1.2237754316221157
Freshway,GOLDEN_MALT_BLOCK,CRESTLINE,Golden Malt,Block,2022-03-14,6385,20112.75,3.15,4.5,30.0,0,0,1.038,Freshway|GOLDEN_MALT_BLOCK,8.761863373274727,1.1474024528375417,0.03729578474369693,62,0.0,1.4350845252893227,0.9555114450274363
Freshway,GOLDEN_MALT_BLOCK,CRESTLINE,Golden Malt,Block,2022-03-21,10702,31249.84,2.92,4.5,35.0,1,0,1.019,Freshway|GOLDEN_MALT_BLOCK,9.278279354984376,1.0715836162801904,0.018821754240587667,63,30.0,1.2119409739751128,1.3862943611198906
Freshway,GOLDEN_MALT_BLOCK,CRESTLINE,Golden Malt,Block,2022-03-28,3157,14206.5,4.5,4.5,0.0,0,0,1.0,Freshway|GOLDEN_MALT_BLOCK,8.057694194815587,1.5040773967762742,0.0,64,35.0,1.4350845252893227,1.3862943611198906
Freshway,GOLDEN_MALT_BLOCK,CRESTLINE,Golden Malt,Block,2022-04-04,4406,19827.0,4.5,4.5,0.0,0,0,1.081,Freshway|GOLDEN_MALT_BLOCK,8.390949464841986,1.5040773967762742,0.0778865386570712,65,0.0,1.4350845252893227,1.3862943611198906
Freshway,GOLDEN_MALT_BLOCK,CRESTLINE,Golden Malt,Block,2022-04-11,3463,15583.5,4.5,4.5,0.0,0,0,1.062,Freshway|GOLDEN_MALT_BLOCK,8.150179269682326,1.5040773967762742,0.060153922819747144,66,0.0,1.0043016091968684,1.3862943611198906
Freshway,GOLDEN_MALT_BLOCK,CRESTLINE,Golden Malt,Block,2022-04-18,4031,18139.5,4.5,4.5,0.0,0,0,1.043,Freshway|GOLDEN_MALT_BLOCK,8.302017809751204,1.5040773967762742,0.042101176018635326,67,0.0,1.1474024528375417,1.3862943611198906
Freshway,GOLDEN_MALT_BLOCK,CRESTLINE,Golden Malt,Block,2022-04-25,4458,20061.0,4.5,4.5,0.0,0,0,1.026,Freshway|GOLDEN_MALT_BLOCK,8.402679804627477,1.5040773967762742,0.025667746748577813,68,0.0,1.4350845252893227,1.3862943611198906
Freshway,GOLDEN_MALT_BLOCK,CRESTLINE,Golden Malt,Block,2022-05-02,3365,15142.5,4.5,4.5,0.0,0,0,0.909,Freshway|GOLDEN_MALT_BLOCK,8.121480374750751,1.5040773967762742,-0.09541018480465818,69,0.0,1.3297240096314962,1.3862943611198906
Freshway,GOLDEN_MALT_BLOCK,CRESTLINE,Golden Malt,Block,2022-05-09,3002,13509.0,4.5,4.5,0.0,0,0,0.894,Freshway|GOLDEN_MALT_BLOCK,8.00736706798333,1.5040773967762742,-0.11204950380862289,70,0.0,1.1474024528375417,1.3862943611198906
Freshway,GOLDEN_MALT_BLOCK,CRESTLINE,Golden Malt,Block,2022-05-16,2983,13423.5,4.5,4.5,0.0,0,0,0.88,Freshway|GOLDEN_MALT_BLOCK,8.001019961323651,1.5040773967762742,-0.12783337150988489,71,0.0,1.4350845252893227,1.1631508098056809
Freshway,GOLDEN_MALT_BLOCK,CRESTLINE,Golden Malt,Block,2022-05-23,7478,28565.96,3.82,4.5,15.0,1,0,0.868,Freshway|GOLDEN_MALT_BLOCK,8.919854372191667,1.3402504226184837,-0.14156356432178688,72,0.0,1.4350845252893227,1.3862943611198906
Freshway,GOLDEN_MALT_BLOCK,CRESTLINE,Golden Malt,Block,2022-05-30,2975,13387.5,4.5,4.5,0.0,0,0,0.858,Freshway|GOLDEN_MALT_BLOCK,7.998335395952982,1.5040773967762742,-0.15315117949417478,73,15.0,1.4350845252893227,1.3862943611198906
Freshway,GOLDEN_MALT_BLOCK,CRESTLINE,Golden Malt,Block,2022-06-06,3278,14751.0,4.5,4.5,0.0,0,0,0.85,Freshway|GOLDEN_MALT_BLOCK,8.095293776844649,1.5040773967762742,-0.16251892949777494,74,0.0,1.4350845252893227,1.3862943611198906
Freshway,GOLDEN_MALT_BLOCK,CRESTLINE,Golden Malt,Block,2022-06-13,3043,13693.5,4.5,4.5,0.0,0,0,0.845,Freshway|GOLDEN_MALT_BLOCK,8.020927718981577,1.5040773967762742,-0.16841865162496325,75,0.0,1.4350845252893227,0.9555114450274363
Freshway,GOLDEN_MALT_BLOCK,CRESTLINE,Golden Malt,Block,2022-06-20,3606,16227.0,4.5,4.5,0.0,0,0,0.841,Freshway|GOLDEN_MALT_BLOCK,8.19063168090354,1.5040773967762742,-0.17316361900918903,76,0.0,1.4350845252893227,1.3862943611198906
Freshway,GOLDEN_MALT_BLOCK,CRESTLINE,Golden Malt,Block,2022-06-27,5711,21816.02,3.82,4.5,15.0,0,0,0.84,Freshway|GOLDEN_MALT_BLOCK,8.65032450401942,1.3402504226184837,-0.1743533871447778,77,0.0,1.4350845252893227,1.3862943611198906
Freshway,GOLDEN_MALT_BLOCK,CRESTLINE,Golden Malt,Block,2022-07-04,2792,12564.0,4.5,4.5,0.0,0,0,0.841,Freshway|GOLDEN_MALT_BLOCK,7.934871565945176,1.5040773967762742,-0.17316361900918903,78,15.0,1.4350845252893227,1.3862943611198906
Freshway,GOLDEN_MALT_BLOCK,CRESTLINE,Golden Malt,Block,2022-07-11,3262,14679.0,4.5,4.5,0.0,0,0,0.845,Freshway|GOLDEN_MALT_BLOCK,8.09040229659332,1.5040773967762742,-0.16841865162496325,79,0.0,1.4350845252893227,1.3862943611198906
Freshway,GOLDEN_MALT_BLOCK,CRESTLINE,Golden Malt,Block,2022-07-18,3421,15394.5,4.5,4.5,0.0,0,0,0.85,Freshway|GOLDEN_MALT_BLOCK,8.137980454452139,1.5040773967762742,-0.16251892949777494,80,0.0,1.4350845252893227,1.3862943611198906
Freshway,GOLDEN_MALT_BLOCK,CRESTLINE,Golden Malt,Block,2022-07-25,2663,11983.5,4.5,4.5,0.0,0,0,0.858,Freshway|GOLDEN_MALT_BLOCK,7.88758403166028,1.5040773967762742,-0.15315117949417478,81,0.0,1.2725655957915476,1.0296194171811581
Freshway,GOLDEN_MALT_BLOCK,CRESTLINE,Golden Malt,Block,2022-08-01,3475,15637.5,4.5,4.5,0.0,0,0,0.868,Freshway|GOLDEN_MALT_BLOCK,8.153637486385282,1.5040773967762742,-0.14156356432178688,82,0.0,1.4350845252893227,1.3862943611198906
Freshway,GOLDEN_MALT_BLOCK,CRESTLINE,Golden Malt,Block,2022-08-08,3615,16267.5,4.5,4.5,0.0,0,0,0.88,Freshway|GOLDEN_MALT_BLOCK,8.193123721512068,1.5040773967762742,-0.12783337150988489,83,0.0,1.0784095813505903,1.3862943611198906
Freshway,GOLDEN_MALT_BLOCK,CRESTLINE,Golden Malt,Block,2022-08-15,6356,21483.28,3.38,4.5,25.0,0,0,0.894,Freshway|GOLDEN_MALT_BLOCK,8.757311846936409,1.2178757094949273,-0.11204950380862289,84,0.0,1.4350845252893227,1.3862943611198906
Freshway,GOLDEN_MALT_BLOCK,CRESTLINE,Golden Malt,Block,2022-08-22,2968,13356.0,4.5,4.5,0.0,0,0,0.909,Freshway|GOLDEN_MALT_BLOCK,7.99598047476376,1.5040773967762742,-0.09541018480465818,85,25.0,1.4350845252893227,1.3862943611198906
Freshway,GOLDEN_MALT_BLOCK,CRESTLINE,Golden Malt,Block,2022-08-29,3327,14971.5,4.5,4.5,0.0,0,0,0.926,Freshway|GOLDEN_MALT_BLOCK,8.1101268019411,1.5040773967762742,-0.07688104433595762,86,0.0,1.2119409739751128,1.3862943611198906
Freshway,GOLDEN_MALT_BLOCK,CRESTLINE,Golden Malt,Block,2022-09-05,6930,23423.4,3.38,4.5,25.0,0,0,0.943,Freshway|GOLDEN_MALT_BLOCK,8.843759381917984,1.2178757094949273,-0.05868899634867961,87,0.0,1.1474024528375417,1.3862943611198906
Freshway,GOLDEN_MALT_BLOCK,CRESTLINE,Golden Malt,Block,2022-09-12,2666,11997.0,4.5,4.5,0.0,0,0,0.962,Freshway|GOLDEN_MALT_BLOCK,7.888709524182015,1.5040773967762742,-0.038740828316430595,88,25.0,1.4350845252893227,1.1631508098056809
Freshway,GOLDEN_MALT_BLOCK,CRESTLINE,Golden Malt,Block,2022-09-19,3841,17284.5,4.5,4.5,0.0,0,0,0.981,Freshway|GOLDEN_MALT_BLOCK,8.253748343328501,1.5040773967762742,-0.019182819416773987,89,0.0,1.4350845252893227,1.2237754316221157
Freshway,GOLDEN_MALT_BLOCK,CRESTLINE,Golden Malt,Block,2022-09-26,3985,17932.5,4.5,4.5,0.0,0,0,1.0,Freshway|GOLDEN_MALT_BLOCK,8.29054350077274,1.5040773967762742,0.0,90,0.0,1.4350845252893227,1.3862943611198906
Freshway,GOLDEN_MALT_BLOCK,CRESTLINE,Golden Malt,Block,2022-10-03,8076,25439.4,3.15,4.5,30.0,0,0,1.019,Freshway|GOLDEN_MALT_BLOCK,8.996775795442296,1.1474024528375417,0.018821754240587667,91,0.0,1.4350845252893227,1.3862943611198906
Freshway,GOLDEN_MALT_BLOCK,CRESTLINE,Golden Malt,Block,2022-10-10,4843,17434.8,3.6,4.5,20.0,0,0,1.038,Freshway|GOLDEN_MALT_BLOCK,8.485496104672983,1.2809338454620642,0.03729578474369693,92,30.0,1.0784095813505903,1.3862943611198906
Freshway,GOLDEN_MALT_BLOCK,CRESTLINE,Golden Malt,Block,2022-10-17,5644,20318.4,3.6,4.5,20.0,0,0,1.057,Freshway|GOLDEN_MALT_BLOCK,8.638525476583762,1.2809338454620642,0.055434706888100524,93,20.0,1.4350845252893227,1.3862943611198906
Freshway,GOLDEN_MALT_BLOCK,CRESTLINE,Golden Malt,Block,2022-10-24,3755,16897.5,4.5,4.5,0.0,0,0,1.074,Freshway|GOLDEN_MALT_BLOCK,8.231109840328154,1.5040773967762742,0.071389996086673,94,20.0,1.2725655957915476,1.3862943611198906
Freshway,GOLDEN_MALT_BLOCK,CRESTLINE,Golden Malt,Block,2022-10-31,3747,16861.5,4.5,4.5,0.0,0,0,1.091,Freshway|GOLDEN_MALT_BLOCK,8.228977643358313,1.5040773967762742,0.08709470685093373,95,0.0,1.0043016091968684,1.1631508098056809
Freshway,GOLDEN_MALT_BLOCK,CRESTLINE,Golden Malt,Block,2022-11-07,7936,32140.8,4.05,4.5,10.0,1,0,1.106,Freshway|GOLDEN_MALT_BLOCK,8.979290649090876,1.3987168811184478,0.10074990310014315,96,0.0,1.4350845252893227,1.1631508098056809
Freshway,GOLDEN_MALT_BLOCK,CRESTLINE,Golden Malt,Block,2022-11-14,3926,17667.0,4.5,4.5,0.0,0,0,1.12,Freshway|GOLDEN_MALT_BLOCK,8.27563105457801,1.5040773967762742,0.11332868530700327,97,10.0,1.4350845252893227,1.3862943611198906
Freshway,GOLDEN_MALT_BLOCK,CRESTLINE,Golden Malt,Block,2022-11-21,8373,26374.95,3.15,4.5,30.0,0,0,1.132,Freshway|GOLDEN_MALT_BLOCK,9.032886946579088,1.1474024528375417,0.1239859797809911,98,0.0,1.4350845252893227,1.3862943611198906
Freshway,GOLDEN_MALT_BLOCK,CRESTLINE,Golden Malt,Block,2022-11-28,3629,16330.5,4.5,4.5,0.0,0,0,1.142,Freshway|GOLDEN_MALT_BLOCK,8.196987927258897,1.5040773967762742,0.1327811112338184,99,30.0,1.4350845252893227,1.3862943611198906
Freshway,GOLDEN_MALT_BLOCK,CRESTLINE,Golden Malt,Block,2022-12-05,4674,21033.0,4.5,4.5,0.0,0,0,1.15,Freshway|GOLDEN_MALT_BLOCK,8.449984441722787,1.5040773967762742,0.13976194237515863,100,0.0,1.4350845252893227,1.3862943611198906
Freshway,GOLDEN_MALT_BLOCK,CRESTLINE,Golden Malt,Block,2022-12-12,4457,20056.5,4.5,4.5,0.0,0,0,1.155,Freshway|GOLDEN_MALT_BLOCK,8.402455513945814,1.5040773967762742,0.14410034397375687,101,0.0,1.4350845252893227,1.0296194171811581
Freshway,GOLDEN_MALT_BLOCK,CRESTLINE,Golden Malt,Block,2022-12-19,4131,18589.5,4.5,4.5,0.0,0,0,1.159,Freshway|GOLDEN_MALT_BLOCK,8.326516830239528,1.5040773967762742,0.1475575643576147,102,0.0,1.2119409739751128,1.2237754316221157
Freshway,GOLDEN_MALT_BLOCK,CRESTLINE,Golden Malt,Block,2022-12-26,17142,65482.44,3.82,4.5,15.0,1,1,1.16,Freshway|GOLDEN_MALT_BLOCK,9.749345206007481,1.3402504226184837,0.14842000511827322,103,0.0,1.4350845252893227,1.3862943611198906
Freshway,GOLDEN_MALT_BLOCK,CRESTLINE,Golden Malt,Block,2023-01-02,3605,16222.5,4.5,4.5,0.0,0,0,1.159,Freshway|GOLDEN_MALT_BLOCK,8.190354403763262,1.5040773967762742,0.1475575643576147,104,15.0,1.0784095813505903,1.3862943611198906
Freshway,GOLDEN_MALT_BLOCK,CRESTLINE,Golden Malt,Block,2023-01-09,4897,22036.5,4.5,4.5,0.0,0,0,1.155,Freshway|GOLDEN_MALT_BLOCK,8.496582237512113,1.5040773967762742,0.14410034397375687,105,0.0,1.4350845252893227,1.3862943611198906
Freshway,GOLDEN_MALT_BLOCK,CRESTLINE,Golden Malt,Block,2023-01-16,4837,21766.5,4.5,4.5,0.0,0,0,1.15,Freshway|GOLDEN_MALT_BLOCK,8.484256691169973,1.5040773967762742,0.13976194237515863,106,0.0,1.4350845252893227,1.3862943611198906
Freshway,GOLDEN_MALT_BLOCK,CRESTLINE,Golden Malt,Block,2023-01-23,5023,22603.5,4.5,4.5,0.0,0,0,1.142,Freshway|GOLDEN_MALT_BLOCK,8.521981708148035,1.5040773967762742,0.1327811112338184,107,0.0,1.4350845252893227,1.3862943611198906
Freshway,GOLDEN_MALT_BLOCK,CRESTLINE,Golden Malt,Block,2023-01-30,3610,16245.0,4.5,4.5,0.0,0,0,1.132,Freshway|GOLDEN_MALT_BLOCK,8.191740021277457,1.5040773967762742,0.1239859797809911,108,0.0,1.1474024528375417,0.9555114450274363
Freshway,GOLDEN_MALT_BLOCK,CRESTLINE,Golden Malt,Block,2023-02-06,3529,15880.5,4.5,4.5,0.0,0,0,1.12,Freshway|GOLDEN_MALT_BLOCK,8.169053149927343,1.5040773967762742,0.11332868530700327,109,0.0,1.4350845252893227,1.0986122886681098
Freshway,GOLDEN_MALT_BLOCK,CRESTLINE,Golden Malt,Block,2023-02-13,3621,16294.5,4.5,4.5,0.0,0,0,1.106,Freshway|GOLDEN_MALT_BLOCK,8.19478163844336,1.5040773967762742,0.10074990310014315,110,0.0,1.2725655957915476,1.3862943611198906
Freshway,GOLDEN_MALT_BLOCK,CRESTLINE,Golden Malt,Block,2023-02-20,10852,31687.84,2.92,4.5,35.0,0,0,1.091,Freshway|GOLDEN_MALT_BLOCK,9.292196818446016,1.0715836162801904,0.08709470685093373,111,0.0,1.4350845252893227,1.0986122886681098
Freshway,GOLDEN_MALT_BLOCK,CRESTLINE,Golden Malt,Block,2023-02-27,3061,13774.5,4.5,4.5,0.0,0,0,1.074,Freshway|GOLDEN_MALT_BLOCK,8.026823576217629,1.5040773967762742,0.071389996086673,112,35.0,1.4350845252893227,1.3862943611198906
Freshway,GOLDEN_MALT_BLOCK,CRESTLINE,Golden Malt,Block,2023-03-06,10520,35557.6,3.38,4.5,25.0,1,0,1.057,Freshway|GOLDEN_MALT_BLOCK,9.261128538808288,1.2178757094949273,0.055434706888100524,113,0.0,1.4350845252893227,0.9555114450274363
Freshway,GOLDEN_MALT_BLOCK,CRESTLINE,Golden Malt,Block,2023-03-13,3151,14179.5,4.5,4.5,0.0,0,0,1.038,Freshway|GOLDEN_MALT_BLOCK,8.05579245097777,1.5040773967762742,0.03729578474369693,114,25.0,1.4350845252893227,1.3862943611198906
Freshway,GOLDEN_MALT_BLOCK,CRESTLINE,Golden Malt,Block,2023-03-20,3857,17356.5,4.5,4.5,0.0,0,0,1.019,Freshway|GOLDEN_MALT_BLOCK,8.257904193465674,1.5040773967762742,0.018821754240587667,115,0.0,1.4350845252893227,1.3862943611198906
Freshway,GOLDEN_MALT_BLOCK,CRESTLINE,Golden Malt,Block,2023-03-27,3940,17730.0,4.5,4.5,0.0,0,0,1.0,Freshway|GOLDEN_MALT_BLOCK,8.279189777195004,1.5040773967762742,0.0,116,0.0,1.4350845252893227,1.3862943611198906
Freshway,GOLDEN_MALT_BLOCK,CRESTLINE,Golden Malt,Block,2023-04-03,4418,19881.0,4.5,4.5,0.0,0,0,1.081,Freshway|GOLDEN_MALT_BLOCK,8.39366870513074,1.5040773967762742,0.0778865386570712,117,0.0,1.4350845252893227,1.3862943611198906
Freshway,GOLDEN_MALT_BLOCK,CRESTLINE,Golden Malt,Block,2023-04-10,10367,30271.64,2.92,4.5,35.0,0,0,1.062,Freshway|GOLDEN_MALT_BLOCK,9.246479418592056,1.0715836162801904,0.060153922819747144,118,0.0,1.4350845252893227,1.1631508098056809
Freshway,GOLDEN_MALT_BLOCK,CRESTLINE,Golden Malt,Block,2023-04-17,3031,12275.55,4.05,4.5,10.0,0,0,1.043,Freshway|GOLDEN_MALT_BLOCK,8.016977746762262,1.3987168811184478,0.042101176018635326,119,35.0,1.1474024528375417,0.9555114450274363
Freshway,GOLDEN_MALT_BLOCK,CRESTLINE,Golden Malt,Block,2023-04-24,6362,25766.1,4.05,4.5,10.0,0,1,1.026,Freshway|GOLDEN_MALT_BLOCK,8.758255243232792,1.3987168811184478,0.025667746748577813,120,10.0,1.4350845252893227,1.0296194171811581
Freshway,GOLDEN_MALT_BLOCK,CRESTLINE,Golden Malt,Block,2023-05-01,3279,14755.5,4.5,4.5,0.0,0,0,0.909,Freshway|GOLDEN_MALT_BLOCK,8.09559870137819,1.5040773967762742,-0.09541018480465818,121,10.0,1.4350845252893227,1.3862943611198906
Freshway,GOLDEN_MALT_BLOCK,CRESTLINE,Golden Malt,Block,2023-05-08,6116,20672.08,3.38,4.5,25.0,0,0,0.894,Freshway|GOLDEN_MALT_BLOCK,8.718827059242566,1.2178757094949273,-0.11204950380862289,122,0.0,1.1474024528375417,1.3862943611198906
Freshway,GOLDEN_MALT_BLOCK,CRESTLINE,Golden Malt,Block,2023-05-15,3129,14080.5,4.5,4.5,0.0,0,0,0.88,Freshway|GOLDEN_MALT_BLOCK,8.048788283534199,1.5040773967762742,-0.12783337150988489,123,25.0,1.4350845252893227,1.3862943611198906
Freshway,GOLDEN_MALT_BLOCK,CRESTLINE,Golden Malt,Block,2023-05-22,5049,19287.18,3.82,4.5,15.0,0,0,0.868,Freshway|GOLDEN_MALT_BLOCK,8.527143522269405,1.3402504226184837,-0.14156356432178688,124,0.0,1.4350845252893227,1.3862943611198906
Freshway,GOLDEN_MALT_BLOCK,CRESTLINE,Golden Malt,Block,2023-05-29,3458,14004.9,4.05,4.5,10.0,0,0,0.858,Freshway|GOLDEN_MALT_BLOCK,8.148734808937169,1.3987168811184478,-0.15315117949417478,125,15.0,1.3297240096314962,1.3862943611198906
Freshway,GOLDEN_MALT_BLOCK,CRESTLINE,Golden Malt,Block,2023-06-05,2680,12060.0,4.5,4.5,0.0,0,0,0.85,Freshway|GOLDEN_MALT_BLOCK,7.893945138235959,1.5040773967762742,-0.16251892949777494,126,10.0,1.0043016091968684,1.3862943611198906
Freshway,GOLDEN_MALT_BLOCK,CRESTLINE,Golden Malt,Block,2023-06-12,7512,23662.8,3.15,4.5,30.0,0,0,0.845,Freshway|GOLDEN_MALT_BLOCK,8.92439013236916,1.1474024528375417,-0.16841865162496325,127,0.0,1.4350845252893227,1.3862943611198906
Freshway,GOLDEN_MALT_BLOCK,CRESTLINE,Golden Malt,Block,2023-06-19,2519,10201.95,4.05,4.5,10.0,0,0,0.841,Freshway|GOLDEN_MALT_BLOCK,7.832014180505469,1.3987168811184478,-0.17316361900918903,128,30.0,1.1474024528375417,1.3862943611198906
Freshway,GOLDEN_MALT_BLOCK,CRESTLINE,Golden Malt,Block,2023-06-26,3616,16272.0,4.5,4.5,0.0,0,0,0.84,Freshway|GOLDEN_MALT_BLOCK,8.193400231952097,1.5040773967762742,-0.1743533871447778,129,10.0,1.4350845252893227,1.3862943611198906
Freshway,GOLDEN_MALT_BLOCK,CRESTLINE,Golden Malt,Block,2023-07-03,13338,38946.96,2.92,4.5,35.0,1,0,0.841,Freshway|GOLDEN_MALT_BLOCK,9.498447354141044,1.0715836162801904,-0.17316361900918903,130,0.0,1.1474024528375417,1.3862943611198906
Freshway,GOLDEN_MALT_BLOCK,CRESTLINE,Golden Malt,Block,2023-07-10,2565,11542.5,4.5,4.5,0.0,0,0,0.845,Freshway|GOLDEN_MALT_BLOCK,7.850103545175582,1.5040773967762742,-0.16841865162496325,131,35.0,1.4350845252893227,1.1631508098056809
Freshway,GOLDEN_MALT_BLOCK,CRESTLINE,Golden Malt,Block,2023-07-17,3478,15651.0,4.5,4.5,0.0,0,0,0.85,Freshway|GOLDEN_MALT_BLOCK,8.154500175151941,1.5040773967762742,-0.16251892949777494,132,0.0,1.4350845252893227,1.3862943611198906
Freshway,GOLDEN_MALT_BLOCK,CRESTLINE,Golden Malt,Block,2023-07-24,3597,16186.5,4.5,4.5,0.0,0,0,0.858,Freshway|GOLDEN_MALT_BLOCK,8.188133414510478,1.5040773967762742,-0.15315117949417478,133,0.0,1.4350845252893227,1.3862943611198906
Freshway,GOLDEN_MALT_BLOCK,CRESTLINE,Golden Malt,Block,2023-07-31,3500,15750.0,4.5,4.5,0.0,0,0,0.868,Freshway|GOLDEN_MALT_BLOCK,8.160803920954665,1.5040773967762742,-0.14156356432178688,134,0.0,1.4350845252893227,1.3862943611198906
Freshway,GOLDEN_MALT_BLOCK,CRESTLINE,Golden Malt,Block,2023-08-07,3299,14845.5,4.5,4.5,0.0,0,0,0.88,Freshway|GOLDEN_MALT_BLOCK,8.101677747454572,1.5040773967762742,-0.12783337150988489,135,0.0,1.4350845252893227,1.0296194171811581
Freshway,GOLDEN_MALT_BLOCK,CRESTLINE,Golden Malt,Block,2023-08-14,5925,22633.5,3.82,4.5,15.0,0,0,0.894,Freshway|GOLDEN_MALT_BLOCK,8.68710472813351,1.3402504226184837,-0.11204950380862289,136,0.0,1.4350845252893227,1.3862943611198906
Freshway,GOLDEN_MALT_BLOCK,CRESTLINE,Golden Malt,Block,2023-08-21,5856,19793.28,3.38,4.5,25.0,0,0,0.909,Freshway|GOLDEN_MALT_BLOCK,8.675392806089782,1.2178757094949273,-0.09541018480465818,137,15.0,1.4350845252893227,1.0296194171811581
Freshway,GOLDEN_MALT_BLOCK,CRESTLINE,Golden Malt,Block,2023-08-28,2984,13428.0,4.5,4.5,0.0,0,0,0.926,Freshway|GOLDEN_MALT_BLOCK,8.001355025826703,1.5040773967762742,-0.07688104433595762,138,25.0,1.4350845252893227,1.3862943611198906
Freshway,GOLDEN_MALT_BLOCK,CRESTLINE,Golden Malt,Block,2023-09-04,3809,17140.5,4.5,4.5,0.0,0,0,0.943,Freshway|GOLDEN_MALT_BLOCK,8.245384468120747,1.5040773967762742,-0.05868899634867961,139,0.0,1.4350845252893227,1.3862943611198906
Freshway,GOLDEN_MALT_BLOCK,CRESTLINE,Golden Malt,Block,2023-09-11,3724,16758.0,4.5,4.5,0.0,0,0,0.962,Freshway|GOLDEN_MALT_BLOCK,8.22282213081366,1.5040773967762742,-0.038740828316430595,140,0.0,1.4350845252893227,1.3862943611198906
Freshway,GOLDEN_MALT_BLOCK,CRESTLINE,Golden Malt,Block,2023-09-18,6979,21983.85,3.15,4.5,30.0,0,0,0.981,Freshway|GOLDEN_MALT_BLOCK,8.850804195756417,1.1474024528375417,-0.019182819416773987,141,0.0,1.0784095813505903,0.9555114450274363
Freshway,GOLDEN_MALT_BLOCK,CRESTLINE,Golden Malt,Block,2023-09-25,2768,12456.0,4.5,4.5,0.0,0,0,1.0,Freshway|GOLDEN_MALT_BLOCK,7.926241523170962,1.5040773967762742,0.0,142,30.0,1.0784095813505903,1.3862943611198906
Freshway,GOLDEN_MALT_BLOCK,CRESTLINE,Golden Malt,Block,2023-10-02,10929,36940.02,3.38,4.5,25.0,0,1,1.019,Freshway|GOLDEN_MALT_BLOCK,9.299266581170585,1.2178757094949273,0.018821754240587667,143,0.0,1.4350845252893227,1.3862943611198906
Freshway,GOLDEN_MALT_BLOCK,CRESTLINE,Golden Malt,Block,2023-10-09,3375,15187.5,4.5,4.5,0.0,0,0,1.038,Freshway|GOLDEN_MALT_BLOCK,8.124446855715847,1.5040773967762742,0.03729578474369693,144,25.0,1.4350845252893227,1.3862943611198906
Freshway,GOLDEN_MALT_BLOCK,CRESTLINE,Golden Malt,Block,2023-10-16,4153,18688.5,4.5,4.5,0.0,0,0,1.057,Freshway|GOLDEN_MALT_BLOCK,8.331827004436057,1.5040773967762742,0.055434706888100524,145,0.0,1.2725655957915476,1.3862943611198906
Freshway,GOLDEN_MALT_BLOCK,CRESTLINE,Golden Malt,Block,2023-10-23,4867,21901.5,4.5,4.5,0.0,0,0,1.074,Freshway|GOLDEN_MALT_BLOCK,8.490438454107418,1.5040773967762742,0.071389996086673,146,0.0,1.4350845252893227,1.3862943611198906
Freshway,GOLDEN_MALT_BLOCK,CRESTLINE,Golden Malt,Block,2023-10-30,8520,26838.0,3.15,4.5,30.0,0,0,1.091,Freshway|GOLDEN_MALT_BLOCK,9.050288983827956,1.1474024528375417,0.08709470685093373,147,0.0,1.1474024528375417,1.3862943611198906
Freshway,GOLDEN_MALT_BLOCK,CRESTLINE,Golden Malt,Block,2023-11-06,11453,38711.14,3.38,4.5,25.0,1,0,1.106,Freshway|GOLDEN_MALT_BLOCK,9.346094292953802,1.2178757094949273,0.10074990310014315,148,30.0,1.4350845252893227,1.3862943611198906
Freshway,GOLDEN_MALT_BLOCK,CRESTLINE,Golden Malt,Block,2023-11-13,3263,14683.5,4.5,4.5,0.0,0,0,1.12,Freshway|GOLDEN_MALT_BLOCK,8.090708716083997,1.5040773967762742,0.11332868530700327,149,25.0,1.2725655957915476,1.3862943611198906
Freshway,GOLDEN_MALT_BLOCK,CRESTLINE,Golden Malt,Block,2023-11-20,9405,35927.1,3.82,4.5,15.0,0,1,1.132,Freshway|GOLDEN_MALT_BLOCK,9.149103062504993,1.3402504226184837,0.1239859797809911,150,0.0,1.4350845252893227,1.2809338454620642
Freshway,GOLDEN_MALT_BLOCK,CRESTLINE,Golden Malt,Block,2023-11-27,4527,20371.5,4.5,4.5,0.0,0,0,1.142,Freshway|GOLDEN_MALT_BLOCK,8.41803561988302,1.5040773967762742,0.1327811112338184,151,15.0,1.2119409739751128,1.3862943611198906
Freshway,GOLDEN_MALT_BLOCK,CRESTLINE,Golden Malt,Block,2023-12-04,3926,17667.0,4.5,4.5,0.0,0,0,1.15,Freshway|GOLDEN_MALT_BLOCK,8.27563105457801,1.5040773967762742,0.13976194237515863,152,0.0,1.1474024528375417,1.3862943611198906
Freshway,GOLDEN_MALT_BLOCK,CRESTLINE,Golden Malt,Block,2023-12-11,4550,20475.0,4.5,4.5,0.0,0,0,1.155,Freshway|GOLDEN_MALT_BLOCK,8.423102268016642,1.5040773967762742,0.14410034397375687,153,0.0,1.4350845252893227,1.3862943611198906
Freshway,GOLDEN_MALT_BLOCK,CRESTLINE,Golden Malt,Block,2023-12-18,4618,20781.0,4.5,4.5,0.0,0,0,1.159,Freshway|GOLDEN_MALT_BLOCK,8.437933510430605,1.5040773967762742,0.1475575643576147,154,0.0,1.4350845252893227,1.3862943611198906
Freshway,GOLDEN_MALT_BLOCK,CRESTLINE,Golden Malt,Block,2023-12-25,4370,19665.0,4.5,4.5,0.0,0,0,1.16,Freshway|GOLDEN_MALT_BLOCK,8.382747094863314,1.5040773967762742,0.14842000511827322,155,0.0,1.1474024528375417,1.2237754316221157
Freshway,HONEY_NOUGAT_SINGLE,CRESTLINE,Honey Nougat,Single,2021-01-04,10975,21950.0,2.0,2.0,0.0,0,0,1.159,Freshway|HONEY_NOUGAT_SINGLE,9.303466349965667,0.6931471805599453,0.1475575643576147,0,0.0,1.3862943611198906,
Freshway,HONEY_NOUGAT_SINGLE,CRESTLINE,Honey Nougat,Single,2021-01-11,9828,19656.0,2.0,2.0,0.0,0,0,1.155,Freshway|HONEY_NOUGAT_SINGLE,9.19309247856663,0.6931471805599453,0.14410034397375687,1,0.0,1.1631508098056809,
Freshway,HONEY_NOUGAT_SINGLE,CRESTLINE,Honey Nougat,Single,2021-01-18,64158,83405.4,1.3,2.0,35.0,1,1,1.15,Freshway|HONEY_NOUGAT_SINGLE,11.06911965638402,0.26236426446749106,0.13976194237515863,2,0.0,1.3862943611198906,
Freshway,HONEY_NOUGAT_SINGLE,CRESTLINE,Honey Nougat,Single,2021-01-25,7338,14676.0,2.0,2.0,0.0,0,0,1.142,Freshway|HONEY_NOUGAT_SINGLE,8.900957872545062,0.6931471805599453,0.1327811112338184,3,35.0,1.3862943611198906,
Freshway,HONEY_NOUGAT_SINGLE,CRESTLINE,Honey Nougat,Single,2021-02-01,15862,25379.2,1.6,2.0,20.0,0,0,1.132,Freshway|HONEY_NOUGAT_SINGLE,9.671744632408455,0.47000362924573563,0.1239859797809911,4,0.0,1.3862943611198906,
Freshway,HONEY_NOUGAT_SINGLE,CRESTLINE,Honey Nougat,Single,2021-02-08,9351,16831.8,1.8,2.0,10.0,0,0,1.12,Freshway|HONEY_NOUGAT_SINGLE,9.143345503151904,0.5877866649021191,0.11332868530700327,5,20.0,1.3862943611198906,
Freshway,HONEY_NOUGAT_SINGLE,CRESTLINE,Honey Nougat,Single,2021-02-15,8021,16042.0,2.0,2.0,0.0,0,0,1.106,Freshway|HONEY_NOUGAT_SINGLE,8.989943046329998,0.6931471805599453,0.10074990310014315,6,10.0,1.3862943611198906,
Freshway,HONEY_NOUGAT_SINGLE,CRESTLINE,Honey Nougat,Single,2021-02-22,9151,18302.0,2.0,2.0,0.0,0,0,1.091,Freshway|HONEY_NOUGAT_SINGLE,9.12172771361958,0.6931471805599453,0.08709470685093373,7,0.0,1.3862943611198906,
Freshway,HONEY_NOUGAT_SINGLE,CRESTLINE,Honey Nougat,Single,2021-03-01,13514,22973.8,1.7,2.0,15.0,0,0,1.074,Freshway|HONEY_NOUGAT_SINGLE,9.511555458710548,0.5306282510621704,0.071389996086673,8,0.0,1.3862943611198906,
Freshway,HONEY_NOUGAT_SINGLE,CRESTLINE,Honey Nougat,Single,2021-03-08,7260,14520.0,2.0,2.0,0.0,0,0,1.057,Freshway|HONEY_NOUGAT_SINGLE,8.890272839380247,0.6931471805599453,0.055434706888100524,9,15.0,1.0296194171811581,
Freshway,HONEY_NOUGAT_SINGLE,CRESTLINE,Honey Nougat,Single,2021-03-15,9067,18134.0,2.0,2.0,0.0,0,0,1.038,Freshway|HONEY_NOUGAT_SINGLE,9.11250701162742,0.6931471805599453,0.03729578474369693,10,0.0,1.3862943611198906,
Freshway,HONEY_NOUGAT_SINGLE,CRESTLINE,Honey Nougat,Single,2021-03-22,9088,18176.0,2.0,2.0,0.0,0,0,1.019,Freshway|HONEY_NOUGAT_SINGLE,9.11482017011877,0.6931471805599453,0.018821754240587667,11,0.0,1.0296194171811581,
Freshway,HONEY_NOUGAT_SINGLE,CRESTLINE,Honey Nougat,Single,2021-03-29,8838,17676.0,2.0,2.0,0.0,0,0,1.0,Freshway|HONEY_NOUGAT_SINGLE,9.086929027060949,0.6931471805599453,0.0,12,0.0,1.0296194171811581,
Freshway,HONEY_NOUGAT_SINGLE,CRESTLINE,Honey Nougat,Single,2021-04-05,9349,18698.0,2.0,2.0,0.0,0,0,1.081,Freshway|HONEY_NOUGAT_SINGLE,9.143131622282732,0.6931471805599453,0.0778865386570712,13,0.0,1.3862943611198906,
Freshway,HONEY_NOUGAT_SINGLE,CRESTLINE,Honey Nougat,Single,2021-04-12,8901,17802.0,2.0,2.0,0.0,0,0,1.062,Freshway|HONEY_NOUGAT_SINGLE,9.0940312495758,0.6931471805599453,0.060153922819747144,14,0.0,1.3862943611198906,
Freshway,HONEY_NOUGAT_SINGLE,CRESTLINE,Honey Nougat,Single,2021-04-19,9850,19700.0,2.0,2.0,0.0,0,0,1.043,Freshway|HONEY_NOUGAT_SINGLE,9.19532825185568,0.6931471805599453,0.042101176018635326,15,0.0,1.3862943611198906,
Freshway,HONEY_NOUGAT_SINGLE,CRESTLINE,Honey Nougat,Single,2021-04-26,18144,25401.6,1.4,2.0,30.0,0,0,1.026,Freshway|HONEY_NOUGAT_SINGLE,9.806150319647172,0.3364722366212129,0.025667746748577813,16,0.0,1.1631508098056809,
Freshway,HONEY_NOUGAT_SINGLE,CRESTLINE,Honey Nougat,Single,2021-05-03,16054,20870.2,1.3,2.0,35.0,0,0,0.909,Freshway|HONEY_NOUGAT_SINGLE,9.683775606523614,0.26236426446749106,-0.09541018480465818,17,30.0,1.3862943611198906,
Freshway,HONEY_NOUGAT_SINGLE,CRESTLINE,Honey Nougat,Single,2021-05-10,5737,11474.0,2.0,2.0,0.0,0,0,0.894,Freshway|HONEY_NOUGAT_SINGLE,8.65486599654131,0.6931471805599453,-0.11204950380862289,18,35.0,1.0986122886681098,
Freshway,HONEY_NOUGAT_SINGLE,CRESTLINE,Honey Nougat,Single,2021-05-17,11249,19123.3,1.7,2.0,15.0,0,0,0.88,Freshway|HONEY_NOUGAT_SINGLE,9.328123407632566,0.5306282510621704,-0.12783337150988489,19,0.0,1.3862943611198906,
Freshway,HONEY_NOUGAT_SINGLE,CRESTLINE,Honey Nougat,Single,2021-05-24,6842,13684.0,2.0,2.0,0.0,0,0,0.868,Freshway|HONEY_NOUGAT_SINGLE,8.830981510952498,0.6931471805599453,-0.14156356432178688,20,15.0,1.1631508098056809,
Freshway,HONEY_NOUGAT_SINGLE,CRESTLINE,Honey Nougat,Single,2021-05-31,8247,16494.0,2.0,2.0,0.0,0,0,0.858,Freshway|HONEY_NOUGAT_SINGLE,9.017726025696795,0.6931471805599453,-0.15315117949417478,21,0.0,1.3862943611198906,
Freshway,HONEY_NOUGAT_SINGLE,CRESTLINE,Honey Nougat,Single,2021-06-07,7288,14576.0,2.0,2.0,0.0,0,0,0.85,Freshway|HONEY_NOUGAT_SINGLE,8.894121641382213,0.6931471805599453,-0.16251892949777494,22,0.0,1.3862943611198906,
Freshway,HONEY_NOUGAT_SINGLE,CRESTLINE,Honey Nougat,Single,2021-06-14,14471,23153.6,1.6,2.0,20.0,0,0,0.845,Freshway|HONEY_NOUGAT_SINGLE,9.579971027075132,0.47000362924573563,-0.16841865162496325,23,0.0,1.3862943611198906,
Freshway,HONEY_NOUGAT_SINGLE,CRESTLINE,Honey Nougat,Single,2021-06-21,5755,11510.0,2.0,2.0,0.0,0,0,0.841,Freshway|HONEY_NOUGAT_SINGLE,8.657998068007258,0.6931471805599453,-0.17316361900918903,24,20.0,1.3862943611198906,
Freshway,HONEY_NOUGAT_SINGLE,CRESTLINE,Honey Nougat,Single,2021-06-28,6971,13942.0,2.0,2.0,0.0,0,0,0.84,Freshway|HONEY_NOUGAT_SINGLE,8.849657406639912,0.6931471805599453,-0.1743533871447778,25,0.0,1.3862943611198906,
Freshway,HONEY_NOUGAT_SINGLE,CRESTLINE,Honey Nougat,Single,2021-07-05,6736,13472.0,2.0,2.0,0.0,0,0,0.841,Freshway|HONEY_NOUGAT_SINGLE,8.81537000096066,0.6931471805599453,-0.17316361900918903,26,0.0,1.2237754316221157,
Freshway,HONEY_NOUGAT_SINGLE,CRESTLINE,Honey Nougat,Single,2021-07-12,21842,39315.6,1.8,2.0,10.0,1,1,0.845,Freshway|HONEY_NOUGAT_SINGLE,9.99163578306282,0.5877866649021191,-0.16841865162496325,27,0.0,1.3862943611198906,
Freshway,HONEY_NOUGAT_SINGLE,CRESTLINE,Honey Nougat,Single,2021-07-19,19600,31360.0,1.6,2.0,20.0,1,0,0.85,Freshway|HONEY_NOUGAT_SINGLE,9.883335864325275,0.47000362924573563,-0.16251892949777494,28,10.0,1.3862943611198906,
Freshway,HONEY_NOUGAT_SINGLE,CRESTLINE,Honey Nougat,Single,2021-07-26,6020,12040.0,2.0,2.0,0.0,0,0,0.858,Freshway|HONEY_NOUGAT_SINGLE,8.703008637464448,0.6931471805599453,-0.15315117949417478,29,20.0,1.3862943611198906,
Freshway,HONEY_NOUGAT_SINGLE,CRESTLINE,Honey Nougat,Single,2021-08-02,7336,14672.0,2.0,2.0,0.0,0,0,0.868,Freshway|HONEY_NOUGAT_SINGLE,8.900685318713995,0.6931471805599453,-0.14156356432178688,30,0.0,1.3862943611198906,
Freshway,HONEY_NOUGAT_SINGLE,CRESTLINE,Honey Nougat,Single,2021-08-09,7619,15238.0,2.0,2.0,0.0,0,0,0.88,Freshway|HONEY_NOUGAT_SINGLE,8.938531648680692,0.6931471805599453,-0.12783337150988489,31,0.0,1.3862943611198906,
Freshway,HONEY_NOUGAT_SINGLE,CRESTLINE,Honey Nougat,Single,2021-08-16,7419,14838.0,2.0,2.0,0.0,0,0,0.894,Freshway|HONEY_NOUGAT_SINGLE,8.911934336161426,0.6931471805599453,-0.11204950380862289,32,0.0,0.9555114450274363,
Freshway,HONEY_NOUGAT_SINGLE,CRESTLINE,Honey Nougat,Single,2021-08-23,16185,24277.5,1.5,2.0,25.0,0,0,0.909,Freshway|HONEY_NOUGAT_SINGLE,9.691901950055648,0.4054651081081644,-0.09541018480465818,33,0.0,1.3862943611198906,
Freshway,HONEY_NOUGAT_SINGLE,CRESTLINE,Honey Nougat,Single,2021-08-30,6436,12872.0,2.0,2.0,0.0,0,0,0.926,Freshway|HONEY_NOUGAT_SINGLE,8.769817872052617,0.6931471805599453,-0.07688104433595762,34,25.0,1.3862943611198906,
Freshway,HONEY_NOUGAT_SINGLE,CRESTLINE,Honey Nougat,Single,2021-09-06,23356,30362.8,1.3,2.0,35.0,0,0,0.943,Freshway|HONEY_NOUGAT_SINGLE,10.058652004037477,0.26236426446749106,-0.05868899634867961,35,0.0,1.3862943611198906,
Freshway,HONEY_NOUGAT_SINGLE,CRESTLINE,Honey Nougat,Single,2021-09-13,5863,11726.0,2.0,2.0,0.0,0,0,0.962,Freshway|HONEY_NOUGAT_SINGLE,8.676587243566487,0.6931471805599453,-0.038740828316430595,36,35.0,1.2237754316221157,
Freshway,HONEY_NOUGAT_SINGLE,CRESTLINE,Honey Nougat,Single,2021-09-20,22596,40672.8,1.8,2.0,10.0,1,1,0.981,Freshway|HONEY_NOUGAT_SINGLE,10.025572433086365,0.5877866649021191,-0.019182819416773987,37,0.0,1.3862943611198906,
Freshway,HONEY_NOUGAT_SINGLE,CRESTLINE,Honey Nougat,Single,2021-09-27,8456,16912.0,2.0,2.0,0.0,0,0,1.0,Freshway|HONEY_NOUGAT_SINGLE,9.042749779782222,0.6931471805599453,0.0,38,10.0,1.3862943611198906,
Freshway,HONEY_NOUGAT_SINGLE,CRESTLINE,Honey Nougat,Single,2021-10-04,7947,15894.0,2.0,2.0,0.0,0,0,1.019,Freshway|HONEY_NOUGAT_SINGLE,8.980675603671708,0.6931471805599453,0.018821754240587667,39,0.0,1.3862943611198906,
Freshway,HONEY_NOUGAT_SINGLE,CRESTLINE,Honey Nougat,Single,2021-10-11,19873,27822.2,1.4,2.0,30.0,0,0,1.038,Freshway|HONEY_NOUGAT_SINGLE,9.897167623791308,0.3364722366212129,0.03729578474369693,40,0.0,1.1631508098056809,
Freshway,HONEY_NOUGAT_SINGLE,CRESTLINE,Honey Nougat,Single,2021-10-18,6368,12736.0,2.0,2.0,0.0,0,0,1.057,Freshway|HONEY_NOUGAT_SINGLE,8.759197750371365,0.6931471805599453,0.055434706888100524,41,30.0,1.2237754316221157,
Freshway,HONEY_NOUGAT_SINGLE,CRESTLINE,Honey Nougat,Single,2021-10-25,7687,15374.0,2.0,2.0,0.0,0,0,1.074,Freshway|HONEY_NOUGAT_SINGLE,8.947415950650129,0.6931471805599453,0.071389996086673,42,0.0,0.9555114450274363,
Freshway,HONEY_NOUGAT_SINGLE,CRESTLINE,Honey Nougat,Single,2021-11-01,10139,20278.0,2.0,2.0,0.0,0,0,1.091,Freshway|HONEY_NOUGAT_SINGLE,9.224243277145174,0.6931471805599453,0.08709470685093373,43,0.0,1.3862943611198906,
Freshway,HONEY_NOUGAT_SINGLE,CRESTLINE,Honey Nougat,Single,2021-11-08,10764,21528.0,2.0,2.0,0.0,0,0,1.106,Freshway|HONEY_NOUGAT_SINGLE,9.284055409798464,0.6931471805599453,0.10074990310014315,44,0.0,1.3862943611198906,
Freshway,HONEY_NOUGAT_SINGLE,CRESTLINE,Honey Nougat,Single,2021-11-15,9333,18666.0,2.0,2.0,0.0,0,0,1.12,Freshway|HONEY_NOUGAT_SINGLE,9.141418926509761,0.6931471805599453,0.11332868530700327,45,0.0,1.3862943611198906,
Freshway,HONEY_NOUGAT_SINGLE,CRESTLINE,Honey Nougat,Single,2021-11-22,9456,18912.0,2.0,2.0,0.0,0,0,1.132,Freshway|HONEY_NOUGAT_SINGLE,9.154510487015513,0.6931471805599453,0.1239859797809911,46,0.0,1.0986122886681098,
Freshway,HONEY_NOUGAT_SINGLE,CRESTLINE,Honey Nougat,Single,2021-11-29,23910,31083.0,1.3,2.0,35.0,0,0,1.142,Freshway|HONEY_NOUGAT_SINGLE,10.082093883082601,0.26236426446749106,0.1327811112338184,47,0.0,0.9555114450274363,
Freshway,HONEY_NOUGAT_SINGLE,CRESTLINE,Honey Nougat,Single,2021-12-06,8802,15843.6,1.8,2.0,10.0,0,0,1.15,Freshway|HONEY_NOUGAT_SINGLE,9.082847851460906,0.5877866649021191,0.13976194237515863,48,35.0,1.3862943611198906,
Freshway,HONEY_NOUGAT_SINGLE,CRESTLINE,Honey Nougat,Single,2021-12-13,9614,19228.0,2.0,2.0,0.0,0,0,1.155,Freshway|HONEY_NOUGAT_SINGLE,9.17107965802288,0.6931471805599453,0.14410034397375687,49,10.0,1.3862943611198906,
Freshway,HONEY_NOUGAT_SINGLE,CRESTLINE,Honey Nougat,Single,2021-12-20,10122,20244.0,2.0,2.0,0.0,0,0,1.159,Freshway|HONEY_NOUGAT_SINGLE,9.222565341598752,0.6931471805599453,0.1475575643576147,50,0.0,1.0986122886681098,
Freshway,HONEY_NOUGAT_SINGLE,CRESTLINE,Honey Nougat,Single,2021-12-27,9195,18390.0,2.0,2.0,0.0,0,0,1.16,Freshway|HONEY_NOUGAT_SINGLE,9.126523885883072,0.6931471805599453,0.14842000511827322,51,0.0,1.3862943611198906,
Freshway,HONEY_NOUGAT_SINGLE,CRESTLINE,Honey Nougat,Single,2022-01-03,11239,22478.0,2.0,2.0,0.0,0,0,1.159,Freshway|HONEY_NOUGAT_SINGLE,9.327234123447681,0.6931471805599453,0.1475575643576147,52,0.0,1.3862943611198906,
Freshway,HONEY_NOUGAT_SINGLE,CRESTLINE,Honey Nougat,Single,2022-01-10,10882,21764.0,2.0,2.0,0.0,0,0,1.155,Freshway|HONEY_NOUGAT_SINGLE,9.294957217696062,0.6931471805599453,0.14410034397375687,53,0.0,1.3862943611198906,
Freshway,HONEY_NOUGAT_SINGLE,CRESTLINE,Honey Nougat,Single,2022-01-17,8345,16690.0,2.0,2.0,0.0,0,0,1.15,Freshway|HONEY_NOUGAT_SINGLE,9.029537661151497,0.6931471805599453,0.13976194237515863,54,0.0,0.9555114450274363,
Freshway,HONEY_NOUGAT_SINGLE,CRESTLINE,Honey Nougat,Single,2022-01-24,10111,20222.0,2.0,2.0,0.0,0,0,1.142,Freshway|HONEY_NOUGAT_SINGLE,9.221478116386638,0.6931471805599453,0.1327811112338184,55,0.0,1.3862943611198906,
Freshway,HONEY_NOUGAT_SINGLE,CRESTLINE,Honey Nougat,Single,2022-01-31,10954,21908.0,2.0,2.0,0.0,0,0,1.132,Freshway|HONEY_NOUGAT_SINGLE,9.301551252029567,0.6931471805599453,0.1239859797809911,56,0.0,1.3862943611198906,
Freshway,HONEY_NOUGAT_SINGLE,CRESTLINE,Honey Nougat,Single,2022-02-07,10327,20654.0,2.0,2.0,0.0,0,0,1.12,Freshway|HONEY_NOUGAT_SINGLE,9.242613932526478,0.6931471805599453,0.11332868530700327,57,0.0,1.3862943611198906,
Freshway,HONEY_NOUGAT_SINGLE,CRESTLINE,Honey Nougat,Single,2022-02-14,11780,23560.0,2.0,2.0,0.0,0,0,1.106,Freshway|HONEY_NOUGAT_SINGLE,9.37424334324612,0.6931471805599453,0.10074990310014315,58,0.0,1.3862943611198906,
Freshway,HONEY_NOUGAT_SINGLE,CRESTLINE,Honey Nougat,Single,2022-02-21,15678,25084.8,1.6,2.0,20.0,0,0,1.091,Freshway|HONEY_NOUGAT_SINGLE,9.66007751636045,0.47000362924573563,0.08709470685093373,59,0.0,1.3862943611198906,
Freshway,HONEY_NOUGAT_SINGLE,CRESTLINE,Honey Nougat,Single,2022-02-28,7800,15600.0,2.0,2.0,0.0,0,0,1.074,Freshway|HONEY_NOUGAT_SINGLE,8.962007209588313,0.6931471805599453,0.071389996086673,60,20.0,1.3862943611198906,
Freshway,HONEY_NOUGAT_SINGLE,CRESTLINE,Honey Nougat,Single,2022-03-07,9561,19122.0,2.0,2.0,0.0,0,0,1.057,Freshway|HONEY_NOUGAT_SINGLE,9.165552189186048,0.6931471805599453,0.055434706888100524,61,0.0,1.2237754316221157,
Freshway,HONEY_NOUGAT_SINGLE,CRESTLINE,Honey Nougat,Single,2022-03-14,7743,15486.0,2.0,2.0,0.0,0,0,1.038,Freshway|HONEY_NOUGAT_SINGLE,8.954673628956414,0.6931471805599453,0.03729578474369693,62,0.0,0.9555114450274363,
Freshway,HONEY_NOUGAT_SINGLE,CRESTLINE,Honey Nougat,Single,2022-03-21,26839,34890.7,1.3,2.0,35.0,0,0,1.019,Freshway|HONEY_NOUGAT_SINGLE,10.197648591085619,0.26236426446749106,0.018821754240587667,63,0.0,1.3862943611198906,
Freshway,HONEY_NOUGAT_SINGLE,CRESTLINE,Honey Nougat,Single,2022-03-28,6511,13022.0,2.0,2.0,0.0,0,0,1.0,Freshway|HONEY_NOUGAT_SINGLE,8.781401907682376,0.6931471805599453,0.0,64,35.0,1.3862943611198906,
Freshway,HONEY_NOUGAT_SINGLE,CRESTLINE,Honey Nougat,Single,2022-04-04,10545,21090.0,2.0,2.0,0.0,0,0,1.081,Freshway|HONEY_NOUGAT_SINGLE,9.263501920090414,0.6931471805599453,0.0778865386570712,65,0.0,1.3862943611198906,
Freshway,HONEY_NOUGAT_SINGLE,CRESTLINE,Honey Nougat,Single,2022-04-11,27409,35631.7,1.3,2.0,35.0,0,0,1.062,Freshway|HONEY_NOUGAT_SINGLE,10.218663189296832,0.26236426446749106,0.060153922819747144,66,0.0,1.3862943611198906,
Freshway,HONEY_NOUGAT_SINGLE,CRESTLINE,Honey Nougat,Single,2022-04-18,6578,13156.0,2.0,2.0,0.0,0,0,1.043,Freshway|HONEY_NOUGAT_SINGLE,8.791638037085997,0.6931471805599453,0.042101176018635326,67,35.0,1.3862943611198906,
Freshway,HONEY_NOUGAT_SINGLE,CRESTLINE,Honey Nougat,Single,2022-04-25,9268,18536.0,2.0,2.0,0.0,0,0,1.026,Freshway|HONEY_NOUGAT_SINGLE,9.134430777875833,0.6931471805599453,0.025667746748577813,68,0.0,1.3862943611198906,
Freshway,HONEY_NOUGAT_SINGLE,CRESTLINE,Honey Nougat,Single,2022-05-02,8715,17430.0,2.0,2.0,0.0,0,0,0.909,Freshway|HONEY_NOUGAT_SINGLE,9.072915696064511,0.6931471805599453,-0.09541018480465818,69,0.0,1.3862943611198906,
Freshway,HONEY_NOUGAT_SINGLE,CRESTLINE,Honey Nougat,Single,2022-05-09,12511,21268.7,1.7,2.0,15.0,0,0,0.894,Freshway|HONEY_NOUGAT_SINGLE,9.434443462785092,0.5306282510621704,-0.11204950380862289,70,0.0,1.3862943611198906,
Freshway,HONEY_NOUGAT_SINGLE,CRESTLINE,Honey Nougat,Single,2022-05-16,16834,25251.0,1.5,2.0,25.0,0,1,0.88,Freshway|HONEY_NOUGAT_SINGLE,9.731215331595175,0.4054651081081644,-0.12783337150988489,71,15.0,1.1631508098056809,
Freshway,HONEY_NOUGAT_SINGLE,CRESTLINE,Honey Nougat,Single,2022-05-23,8222,14799.6,1.8,2.0,10.0,0,0,0.868,Freshway|HONEY_NOUGAT_SINGLE,9.014690384970896,0.5877866649021191,-0.14156356432178688,72,25.0,1.3862943611198906,
Freshway,HONEY_NOUGAT_SINGLE,CRESTLINE,Honey Nougat,Single,2022-05-30,7298,14596.0,2.0,2.0,0.0,0,0,0.858,Freshway|HONEY_NOUGAT_SINGLE,8.895492631451633,0.6931471805599453,-0.15315117949417478,73,10.0,1.3862943611198906,
Freshway,HONEY_NOUGAT_SINGLE,CRESTLINE,Honey Nougat,Single,2022-06-06,14606,23369.6,1.6,2.0,20.0,0,0,0.85,Freshway|HONEY_NOUGAT_SINGLE,9.589256144850811,0.47000362924573563,-0.16251892949777494,74,0.0,1.3862943611198906,
Freshway,HONEY_NOUGAT_SINGLE,CRESTLINE,Honey Nougat,Single,2022-06-13,5182,10364.0,2.0,2.0,0.0,0,0,0.845,Freshway|HONEY_NOUGAT_SINGLE,8.553139318189707,0.6931471805599453,-0.16841865162496325,75,20.0,0.9555114450274363,
Freshway,HONEY_NOUGAT_SINGLE,CRESTLINE,Honey Nougat,Single,2022-06-20,28939,40514.6,1.4,2.0,30.0,1,0,0.841,Freshway|HONEY_NOUGAT_SINGLE,10.272980000185475,0.3364722366212129,-0.17316361900918903,76,0.0,1.3862943611198906,
Freshway,HONEY_NOUGAT_SINGLE,CRESTLINE,Honey Nougat,Single,2022-06-27,6350,12700.0,2.0,2.0,0.0,0,0,0.84,Freshway|HONEY_NOUGAT_SINGLE,8.756367559802975,0.6931471805599453,-0.1743533871447778,77,30.0,1.3862943611198906,
Freshway,HONEY_NOUGAT_SINGLE,CRESTLINE,Honey Nougat,Single,2022-07-04,7449,14898.0,2.0,2.0,0.0,0,0,0.841,Freshway|HONEY_NOUGAT_SINGLE,8.915969311373605,0.6931471805599453,-0.17316361900918903,78,0.0,1.3862943611198906,
Freshway,HONEY_NOUGAT_SINGLE,CRESTLINE,Honey Nougat,Single,2022-07-11,17013,28922.1,1.7,2.0,15.0,0,1,0.845,Freshway|HONEY_NOUGAT_SINGLE,9.74179181353583,0.5306282510621704,-0.16841865162496325,79,0.0,1.3862943611198906,
Freshway,HONEY_NOUGAT_SINGLE,CRESTLINE,Honey Nougat,Single,2022-07-18,15319,21446.6,1.4,2.0,30.0,0,0,0.85,Freshway|HONEY_NOUGAT_SINGLE,9.636914443294582,0.3364722366212129,-0.16251892949777494,80,15.0,1.3862943611198906,
Freshway,HONEY_NOUGAT_SINGLE,CRESTLINE,Honey Nougat,Single,2022-07-25,4844,9688.0,2.0,2.0,0.0,0,0,0.858,Freshway|HONEY_NOUGAT_SINGLE,8.485702524324866,0.6931471805599453,-0.15315117949417478,81,30.0,1.0296194171811581,
Freshway,HONEY_NOUGAT_SINGLE,CRESTLINE,Honey Nougat,Single,2022-08-01,33562,43630.6,1.3,2.0,35.0,0,1,0.868,Freshway|HONEY_NOUGAT_SINGLE,10.421179548719396,0.26236426446749106,-0.14156356432178688,82,0.0,1.3862943611198906,
Freshway,HONEY_NOUGAT_SINGLE,CRESTLINE,Honey Nougat,Single,2022-08-08,6480,12960.0,2.0,2.0,0.0,0,0,0.88,Freshway|HONEY_NOUGAT_SINGLE,8.776630098427717,0.6931471805599453,-0.12783337150988489,83,35.0,1.3862943611198906,
Freshway,HONEY_NOUGAT_SINGLE,CRESTLINE,Honey Nougat,Single,2022-08-15,11910,20247.0,1.7,2.0,15.0,0,0,0.894,Freshway|HONEY_NOUGAT_SINGLE,9.385217621880901,0.5306282510621704,-0.11204950380862289,84,0.0,1.3862943611198906,
Freshway,HONEY_NOUGAT_SINGLE,CRESTLINE,Honey Nougat,Single,2022-08-22,6558,13116.0,2.0,2.0,0.0,0,0,0.909,Freshway|HONEY_NOUGAT_SINGLE,8.788593431293735,0.6931471805599453,-0.09541018480465818,85,15.0,1.3862943611198906,
Freshway,HONEY_NOUGAT_SINGLE,CRESTLINE,Honey Nougat,Single,2022-08-29,8646,17292.0,2.0,2.0,0.0,0,0,0.926,Freshway|HONEY_NOUGAT_SINGLE,9.06496771896043,0.6931471805599453,-0.07688104433595762,86,0.0,1.3862943611198906,
Freshway,HONEY_NOUGAT_SINGLE,CRESTLINE,Honey Nougat,Single,2022-09-05,8328,16656.0,2.0,2.0,0.0,0,0,0.943,Freshway|HONEY_NOUGAT_SINGLE,9.02749867993534,0.6931471805599453,-0.05868899634867961,87,0.0,1.3862943611198906,
Freshway,HONEY_NOUGAT_SINGLE,CRESTLINE,Honey Nougat,Single,2022-09-12,35147,45691.1,1.3,2.0,35.0,1,0,0.962,Freshway|HONEY_NOUGAT_SINGLE,10.467322996615733,0.26236426446749106,-0.038740828316430595,88,0.0,1.1631508098056809,
Freshway,HONEY_NOUGAT_SINGLE,CRESTLINE,Honey Nougat,Single,2022-09-19,6144,12288.0,2.0,2.0,0.0,0,0,0.981,Freshway|HONEY_NOUGAT_SINGLE,8.723394022000136,0.6931471805599453,-0.019182819416773987,89,35.0,1.2237754316221157,
Freshway,HONEY_NOUGAT_SINGLE,CRESTLINE,Honey Nougat,Single,2022-09-26,9194,18388.0,2.0,2.0,0.0,0,0,1.0,Freshway|HONEY_NOUGAT_SINGLE,9.126415137038421,0.6931471805599453,0.0,90,0.0,1.3862943611198906,
Freshway,HONEY_NOUGAT_SINGLE,CRESTLINE,Honey Nougat,Single,2022-10-03,38929,54500.6,1.4,2.0,30.0,0,1,1.019,Freshway|HONEY_NOUGAT_SINGLE,10.569520440604501,0.3364722366212129,0.018821754240587667,91,0.0,1.3862943611198906,
Freshway,HONEY_NOUGAT_SINGLE,CRESTLINE,Honey Nougat,Single,2022-10-10,20567,37020.6,1.8,2.0,10.0,1,1,1.038,Freshway|HONEY_NOUGAT_SINGLE,9.931491748945726,0.5877866649021191,0.03729578474369693,92,30.0,1.3862943611198906,
Freshway,HONEY_NOUGAT_SINGLE,CRESTLINE,Honey Nougat,Single,2022-10-17,9011,18022.0,2.0,2.0,0.0,0,0,1.057,Freshway|HONEY_NOUGAT_SINGLE,9.106312301552135,0.6931471805599453,0.055434706888100524,93,10.0,1.3862943611198906,
Freshway,HONEY_NOUGAT_SINGLE,CRESTLINE,Honey Nougat,Single,2022-10-24,10428,20856.0,2.0,2.0,0.0,0,0,1.074,Freshway|HONEY_NOUGAT_SINGLE,9.252345666121213,0.6931471805599453,0.071389996086673,94,0.0,1.3862943611198906,
Freshway,HONEY_NOUGAT_SINGLE,CRESTLINE,Honey Nougat,Single,2022-10-31,9919,19838.0,2.0,2.0,0.0,0,0,1.091,Freshway|HONEY_NOUGAT_SINGLE,9.20230820027892,0.6931471805599453,0.08709470685093373,95,0.0,1.1631508098056809,
Freshway,HONEY_NOUGAT_SINGLE,CRESTLINE,Honey Nougat,Single,2022-11-07,9545,19090.0,2.0,2.0,0.0,0,0,1.106,Freshway|HONEY_NOUGAT_SINGLE,9.163877497565842,0.6931471805599453,0.10074990310014315,96,0.0,1.1631508098056809,
Freshway,HONEY_NOUGAT_SINGLE,CRESTLINE,Honey Nougat,Single,2022-11-14,11771,23542.0,2.0,2.0,0.0,0,0,1.12,Freshway|HONEY_NOUGAT_SINGLE,9.373479109353363,0.6931471805599453,0.11332868530700327,97,0.0,1.3862943611198906,
Freshway,HONEY_NOUGAT_SINGLE,CRESTLINE,Honey Nougat,Single,2022-11-21,23263,34894.5,1.5,2.0,25.0,0,0,1.132,Freshway|HONEY_NOUGAT_SINGLE,10.054662380333246,0.4054651081081644,0.1239859797809911,98,0.0,1.3862943611198906,
Freshway,HONEY_NOUGAT_SINGLE,CRESTLINE,Honey Nougat,Single,2022-11-28,18290,27435.0,1.5,2.0,25.0,0,0,1.142,Freshway|HONEY_NOUGAT_SINGLE,9.814164414575925,0.4054651081081644,0.1327811112338184,99,25.0,1.3862943611198906,
Freshway,HONEY_NOUGAT_SINGLE,CRESTLINE,Honey Nougat,Single,2022-12-05,9832,19664.0,2.0,2.0,0.0,0,0,1.15,Freshway|HONEY_NOUGAT_SINGLE,9.193499354780156,0.6931471805599453,0.13976194237515863,100,25.0,1.3862943611198906,
Freshway,HONEY_NOUGAT_SINGLE,CRESTLINE,Honey Nougat,Single,2022-12-12,9188,18376.0,2.0,2.0,0.0,0,0,1.155,Freshway|HONEY_NOUGAT_SINGLE,9.125762395500885,0.6931471805599453,0.14410034397375687,101,0.0,1.0296194171811581,
Freshway,HONEY_NOUGAT_SINGLE,CRESTLINE,Honey Nougat,Single,2022-12-19,17597,28155.2,1.6,2.0,20.0,0,0,1.159,Freshway|HONEY_NOUGAT_SINGLE,9.775540538205506,0.47000362924573563,0.1475575643576147,102,0.0,1.2237754316221157,
Freshway,HONEY_NOUGAT_SINGLE,CRESTLINE,Honey Nougat,Single,2022-12-26,10323,20646.0,2.0,2.0,0.0,0,0,1.16,Freshway|HONEY_NOUGAT_SINGLE,9.242226560838505,0.6931471805599453,0.14842000511827322,103,20.0,1.3862943611198906,
Freshway,HONEY_NOUGAT_SINGLE,CRESTLINE,Honey Nougat,Single,2023-01-02,10739,21478.0,2.0,2.0,0.0,0,0,1.159,Freshway|HONEY_NOUGAT_SINGLE,9.281730368062856,0.6931471805599453,0.1475575643576147,104,0.0,1.3862943611198906,
Freshway,HONEY_NOUGAT_SINGLE,CRESTLINE,Honey Nougat,Single,2023-01-09,11509,23018.0,2.0,2.0,0.0,0,0,1.155,Freshway|HONEY_NOUGAT_SINGLE,9.350971501715929,0.6931471805599453,0.14410034397375687,105,0.0,1.3862943611198906,
Freshway,HONEY_NOUGAT_SINGLE,CRESTLINE,Honey Nougat,Single,2023-01-16,42201,59081.4,1.4,2.0,30.0,1,0,1.15,Freshway|HONEY_NOUGAT_SINGLE,10.650222892266003,0.3364722366212129,0.13976194237515863,106,0.0,1.3862943611198906,
Freshway,HONEY_NOUGAT_SINGLE,CRESTLINE,Honey Nougat,Single,2023-01-23,7993,15986.0,2.0,2.0,0.0,0,0,1.142,Freshway|HONEY_NOUGAT_SINGLE,8.986446539271268,0.6931471805599453,0.1327811112338184,107,30.0,1.3862943611198906,
Freshway,HONEY_NOUGAT_SINGLE,CRESTLINE,Honey Nougat,Single,2023-01-30,8978,17956.0,2.0,2.0,0.0,0,0,1.132,Freshway|HONEY_NOUGAT_SINGLE,9.102643796520809,0.6931471805599453,0.1239859797809911,108,0.0,0.9555114450274363,
Freshway,HONEY_NOUGAT_SINGLE,CRESTLINE,Honey Nougat,Single,2023-02-06,17398,26097.0,1.5,2.0,25.0,0,0,1.12,Freshway|HONEY_NOUGAT_SINGLE,9.764168012286715,0.4054651081081644,0.11332868530700327,109,0.0,1.0986122886681098,
Freshway,HONEY_NOUGAT_SINGLE,CRESTLINE,Honey Nougat,Single,2023-02-13,8090,16180.0,2.0,2.0,0.0,0,0,1.106,Freshway|HONEY_NOUGAT_SINGLE,8.99850761180784,0.6931471805599453,0.10074990310014315,110,25.0,1.3862943611198906,
Freshway,HONEY_NOUGAT_SINGLE,CRESTLINE,Honey Nougat,Single,2023-02-20,13309,22625.3,1.7,2.0,15.0,0,0,1.091,Freshway|HONEY_NOUGAT_SINGLE,9.496270911389157,0.5306282510621704,0.08709470685093373,111,0.0,1.0986122886681098,
Freshway,HONEY_NOUGAT_SINGLE,CRESTLINE,Honey Nougat,Single,2023-02-27,7946,15892.0,2.0,2.0,0.0,0,0,1.074,Freshway|HONEY_NOUGAT_SINGLE,8.98054977794018,0.6931471805599453,0.071389996086673,112,15.0,1.3862943611198906,
Freshway,HONEY_NOUGAT_SINGLE,CRESTLINE,Honey Nougat,Single,2023-03-06,11718,21092.4,1.8,2.0,10.0,0,0,1.057,Freshway|HONEY_NOUGAT_SINGLE,9.368966735258603,0.5877866649021191,0.055434706888100524,113,0.0,0.9555114450274363,
Freshway,HONEY_NOUGAT_SINGLE,CRESTLINE,Honey Nougat,Single,2023-03-13,9212,18424.0,2.0,2.0,0.0,0,0,1.038,Freshway|HONEY_NOUGAT_SINGLE,9.128370809108931,0.6931471805599453,0.03729578474369693,114,10.0,1.3862943611198906,
Freshway,HONEY_NOUGAT_SINGLE,CRESTLINE,Honey Nougat,Single,2023-03-20,10384,20768.0,2.0,2.0,0.0,0,0,1.019,Freshway|HONEY_NOUGAT_SINGLE,9.248117736310213,0.6931471805599453,0.018821754240587667,115,0.0,1.3862943611198906,
Freshway,HONEY_NOUGAT_SINGLE,CRESTLINE,Honey Nougat,Single,2023-03-27,9712,19424.0,2.0,2.0,0.0,0,0,1.0,Freshway|HONEY_NOUGAT_SINGLE,9.18122047340233,0.6931471805599453,0.0,116,0.0,1.3862943611198906,
Freshway,HONEY_NOUGAT_SINGLE,CRESTLINE,Honey Nougat,Single,2023-04-03,24622,39395.2,1.6,2.0,20.0,0,1,1.081,Freshway|HONEY_NOUGAT_SINGLE,10.111436244467795,0.47000362924573563,0.0778865386570712,117,0.0,1.3862943611198906,
Freshway,HONEY_NOUGAT_SINGLE,CRESTLINE,Honey Nougat,Single,2023-04-10,8290,16580.0,2.0,2.0,0.0,0,0,1.062,Freshway|HONEY_NOUGAT_SINGLE,9.022925868116218,0.6931471805599453,0.060153922819747144,118,20.0,1.1631508098056809,
Freshway,HONEY_NOUGAT_SINGLE,CRESTLINE,Honey Nougat,Single,2023-04-17,8275,16550.0,2.0,2.0,0.0,0,0,1.043,Freshway|HONEY_NOUGAT_SINGLE,9.021115038865434,0.6931471805599453,0.042101176018635326,119,0.0,0.9555114450274363,
Freshway,HONEY_NOUGAT_SINGLE,CRESTLINE,Honey Nougat,Single,2023-04-24,40135,60202.5,1.5,2.0,25.0,1,1,1.026,Freshway|HONEY_NOUGAT_SINGLE,10.60002896616409,0.4054651081081644,0.025667746748577813,120,0.0,1.0296194171811581,
Freshway,HONEY_NOUGAT_SINGLE,CRESTLINE,Honey Nougat,Single,2023-05-01,6430,12860.0,2.0,2.0,0.0,0,0,0.909,Freshway|HONEY_NOUGAT_SINGLE,8.768885326134864,0.6931471805599453,-0.09541018480465818,121,25.0,1.3862943611198906,
Freshway,HONEY_NOUGAT_SINGLE,CRESTLINE,Honey Nougat,Single,2023-05-08,13382,22749.4,1.7,2.0,15.0,0,0,0.894,Freshway|HONEY_NOUGAT_SINGLE,9.501740523796375,0.5306282510621704,-0.11204950380862289,122,0.0,1.3862943611198906,
Freshway,HONEY_NOUGAT_SINGLE,CRESTLINE,Honey Nougat,Single,2023-05-15,7592,15184.0,2.0,2.0,0.0,0,0,0.88,Freshway|HONEY_NOUGAT_SINGLE,8.934982049213234,0.6931471805599453,-0.12783337150988489,123,15.0,1.3862943611198906,
Freshway,HONEY_NOUGAT_SINGLE,CRESTLINE,Honey Nougat,Single,2023-05-22,21831,37112.7,1.7,2.0,15.0,1,0,0.868,Freshway|HONEY_NOUGAT_SINGLE,9.991132062388175,0.5306282510621704,-0.14156356432178688,124,0.0,1.3862943611198906,
Freshway,HONEY_NOUGAT_SINGLE,CRESTLINE,Honey Nougat,Single,2023-05-29,10860,18462.0,1.7,2.0,15.0,0,0,0.858,Freshway|HONEY_NOUGAT_SINGLE,9.292933670280036,0.5306282510621704,-0.15315117949417478,125,15.0,1.3862943611198906,
Freshway,HONEY_NOUGAT_SINGLE,CRESTLINE,Honey Nougat,Single,2023-06-05,7686,15372.0,2.0,2.0,0.0,0,0,0.85,Freshway|HONEY_NOUGAT_SINGLE,8.947285869349132,0.6931471805599453,-0.16251892949777494,126,15.0,1.3862943611198906,
Freshway,HONEY_NOUGAT_SINGLE,CRESTLINE,Honey Nougat,Single,2023-06-12,8505,17010.0,2.0,2.0,0.0,0,0,0.845,Freshway|HONEY_NOUGAT_SINGLE,9.04852707581358,0.6931471805599453,-0.16841865162496325,127,0.0,1.3862943611198906,
Freshway,HONEY_NOUGAT_SINGLE,CRESTLINE,Honey Nougat,Single,2023-06-19,7863,15726.0,2.0,2.0,0.0,0,0,0.841,Freshway|HONEY_NOUGAT_SINGLE,8.970050661827003,0.6931471805599453,-0.17316361900918903,128,0.0,1.3862943611198906,
Freshway,HONEY_NOUGAT_SINGLE,CRESTLINE,Honey Nougat,Single,2023-06-26,8439,16878.0,2.0,2.0,0.0,0,0,0.84,Freshway|HONEY_NOUGAT_SINGLE,9.040737587590003,0.6931471805599453,-0.1743533871447778,129,0.0,1.3862943611198906,
Freshway,HONEY_NOUGAT_SINGLE,CRESTLINE,Honey Nougat,Single,2023-07-03,7440,14880.0,2.0,2.0,0.0,0,0,0.841,Freshway|HONEY_NOUGAT_SINGLE,8.914760527397261,0.6931471805599453,-0.17316361900918903,130,0.0,1.3862943611198906,
Freshway,HONEY_NOUGAT_SINGLE,CRESTLINE,Honey Nougat,Single,2023-07-10,6159,12318.0,2.0,2.0,0.0,0,0,0.845,Freshway|HONEY_NOUGAT_SINGLE,8.725832056527565,0.6931471805599453,-0.16841865162496325,131,0.0,1.1631508098056809,
Freshway,HONEY_NOUGAT_SINGLE,CRESTLINE,Honey Nougat,Single,2023-07-17,8762,17524.0,2.0,2.0,0.0,0,0,0.85,Freshway|HONEY_NOUGAT_SINGLE,9.07829359105585,0.6931471805599453,-0.16251892949777494,132,0.0,1.3862943611198906,
Freshway,HONEY_NOUGAT_SINGLE,CRESTLINE,Honey Nougat,Single,2023-07-24,23364,35046.0,1.5,2.0,25.0,0,1,0.858,Freshway|HONEY_NOUGAT_SINGLE,10.058994455134526,0.4054651081081644,-0.15315117949417478,133,0.0,1.3862943611198906,
Freshway,HONEY_NOUGAT_SINGLE,CRESTLINE,Honey Nougat,Single,2023-07-31,14746,20644.4,1.4,2.0,30.0,0,0,0.868,Freshway|HONEY_NOUGAT_SINGLE,9.598794951250941,0.3364722366212129,-0.14156356432178688,134,25.0,1.3862943611198906,
Freshway,HONEY_NOUGAT_SINGLE,CRESTLINE,Honey Nougat,Single,2023-08-07,5576,11152.0,2.0,2.0,0.0,0,0,0.88,Freshway|HONEY_NOUGAT_SINGLE,8.626406276389554,0.6931471805599453,-0.12783337150988489,135,30.0,1.0296194171811581,
Freshway,HONEY_NOUGAT_SINGLE,CRESTLINE,Honey Nougat,Single,2023-08-14,8952,17904.0,2.0,2.0,0.0,0,0,0.894,Freshway|HONEY_NOUGAT_SINGLE,9.099743950634156,0.6931471805599453,-0.11204950380862289,136,0.0,1.3862943611198906,
Freshway,HONEY_NOUGAT_SINGLE,CRESTLINE,Honey Nougat,Single,2023-08-21,13299,23938.2,1.8,2.0,10.0,0,1,0.909,Freshway|HONEY_NOUGAT_SINGLE,9.495519314209846,0.5877866649021191,-0.09541018480465818,137,0.0,1.0296194171811581,
Freshway,HONEY_NOUGAT_SINGLE,CRESTLINE,Honey Nougat,Single,2023-08-28,7674,15348.0,2.0,2.0,0.0,0,0,0.926,Freshway|HONEY_NOUGAT_SINGLE,8.945723572455398,0.6931471805599453,-0.07688104433595762,138,10.0,1.3862943611198906,
Freshway,HONEY_NOUGAT_SINGLE,CRESTLINE,Honey Nougat,Single,2023-09-04,9157,18314.0,2.0,2.0,0.0,0,0,0.943,Freshway|HONEY_NOUGAT_SINGLE,9.12238309321704,0.6931471805599453,-0.05868899634867961,139,0.0,1.3862943611198906,
Freshway,HONEY_NOUGAT_SINGLE,CRESTLINE,Honey Nougat,Single,2023-09-11,8634,17268.0,2.0,2.0,0.0,0,0,0.962,Freshway|HONEY_NOUGAT_SINGLE,9.06357899058078,0.6931471805599453,-0.038740828316430595,140,0.0,1.3862943611198906,
Freshway,HONEY_NOUGAT_SINGLE,CRESTLINE,Honey Nougat,Single,2023-09-18,45763,64068.2,1.4,2.0,30.0,1,1,0.981,Freshway|HONEY_NOUGAT_SINGLE,10.731253034820835,0.3364722366212129,-0.019182819416773987,141,0.0,0.9555114450274363,
Freshway,HONEY_NOUGAT_SINGLE,CRESTLINE,Honey Nougat,Single,2023-09-25,7519,15038.0,2.0,2.0,0.0,0,0,1.0,Freshway|HONEY_NOUGAT_SINGLE,8.925321416943886,0.6931471805599453,0.0,142,30.0,1.3862943611198906,
Freshway,HONEY_NOUGAT_SINGLE,CRESTLINE,Honey Nougat,Single,2023-10-02,11014,22028.0,2.0,2.0,0.0,0,0,1.019,Freshway|HONEY_NOUGAT_SINGLE,9.307013259236443,0.6931471805599453,0.018821754240587667,143,0.0,1.3862943611198906,
Freshway,HONEY_NOUGAT_SINGLE,CRESTLINE,Honey Nougat,Single,2023-10-09,17688,31838.4,1.8,2.0,10.0,1,0,1.038,Freshway|HONEY_NOUGAT_SINGLE,9.780698256443507,0.5877866649021191,0.03729578474369693,144,0.0,1.3862943611198906,
Freshway,HONEY_NOUGAT_SINGLE,CRESTLINE,Honey Nougat,Single,2023-10-16,11377,20478.6,1.8,2.0,10.0,0,0,1.057,Freshway|HONEY_NOUGAT_SINGLE,9.339436945310593,0.5877866649021191,0.055434706888100524,145,10.0,1.3862943611198906,
Freshway,HONEY_NOUGAT_SINGLE,CRESTLINE,Honey Nougat,Single,2023-10-23,8432,16864.0,2.0,2.0,0.0,0,0,1.074,Freshway|HONEY_NOUGAT_SINGLE,9.039907859574642,0.6931471805599453,0.071389996086673,146,10.0,1.3862943611198906,
Freshway,HONEY_NOUGAT_SINGLE,CRESTLINE,Honey Nougat,Single,2023-10-30,28873,51971.4,1.8,2.0,10.0,1,1,1.091,Freshway|HONEY_NOUGAT_SINGLE,10.27069681518976,0.5877866649021191,0.08709470685093373,147,0.0,1.3862943611198906,
Freshway,HONEY_NOUGAT_SINGLE,CRESTLINE,Honey Nougat,Single,2023-11-06,10872,19569.6,1.8,2.0,10.0,0,0,1.106,Freshway|HONEY_NOUGAT_SINGLE,9.29403793099775,0.5877866649021191,0.10074990310014315,148,10.0,1.3862943611198906,
Freshway,HONEY_NOUGAT_SINGLE,CRESTLINE,Honey Nougat,Single,2023-11-13,11187,22374.0,2.0,2.0,0.0,0,0,1.12,Freshway|HONEY_NOUGAT_SINGLE,9.32259705432185,0.6931471805599453,0.11332868530700327,149,10.0,1.3862943611198906,
Freshway,HONEY_NOUGAT_SINGLE,CRESTLINE,Honey Nougat,Single,2023-11-20,10640,21280.0,2.0,2.0,0.0,0,0,1.132,Freshway|HONEY_NOUGAT_SINGLE,9.272469743441732,0.6931471805599453,0.1239859797809911,150,0.0,1.2809338454620642,
Freshway,HONEY_NOUGAT_SINGLE,CRESTLINE,Honey Nougat,Single,2023-11-27,31460,40898.0,1.3,2.0,35.0,0,0,1.142,Freshway|HONEY_NOUGAT_SINGLE,10.356503962502515,0.26236426446749106,0.1327811112338184,151,0.0,1.3862943611198906,
Freshway,HONEY_NOUGAT_SINGLE,CRESTLINE,Honey Nougat,Single,2023-12-04,7137,14274.0,2.0,2.0,0.0,0,0,1.15,Freshway|HONEY_NOUGAT_SINGLE,8.873187904050106,0.6931471805599453,0.13976194237515863,152,35.0,1.3862943611198906,
Freshway,HONEY_NOUGAT_SINGLE,CRESTLINE,Honey Nougat,Single,2023-12-11,10071,20142.0,2.0,2.0,0.0,0,0,1.155,Freshway|HONEY_NOUGAT_SINGLE,9.217514575724183,0.6931471805599453,0.14410034397375687,153,0.0,1.3862943611198906,
Freshway,HONEY_NOUGAT_SINGLE,CRESTLINE,Honey Nougat,Single,2023-12-18,11488,22976.0,2.0,2.0,0.0,0,0,1.159,Freshway|HONEY_NOUGAT_SINGLE,9.349145334853365,0.6931471805599453,0.1475575643576147,154,0.0,1.3862943611198906,
Freshway,HONEY_NOUGAT_SINGLE,CRESTLINE,Honey Nougat,Single,2023-12-25,10689,21378.0,2.0,2.0,0.0,0,0,1.16,Freshway|HONEY_NOUGAT_SINGLE,9.27706400401909,0.6931471805599453,0.14842000511827322,155,0.0,1.2237754316221157,
Freshway,SILKEN_BLOCK,ALPINE,Alpine Silken,Block,2021-01-04,26871,84643.65,3.15,4.2,25.0,1,0,1.159,Freshway|SILKEN_BLOCK,10.198840131292128,1.1474024528375417,0.1475575643576147,0,0.0,,
Freshway,SILKEN_BLOCK,ALPINE,Alpine Silken,Block,2021-01-11,6972,29282.4,4.2,4.2,0.0,0,0,1.155,Freshway|SILKEN_BLOCK,8.84980082722101,1.4350845252893227,0.14410034397375687,1,25.0,,
Freshway,SILKEN_BLOCK,ALPINE,Alpine Silken,Block,2021-01-18,9416,39547.2,4.2,4.2,0.0,0,0,1.15,Freshway|SILKEN_BLOCK,9.150271845510064,1.4350845252893227,0.13976194237515863,2,0.0,,
Freshway,SILKEN_BLOCK,ALPINE,Alpine Silken,Block,2021-01-25,22850,71977.5,3.15,4.2,25.0,0,1,1.142,Freshway|SILKEN_BLOCK,10.036750159040897,1.1474024528375417,0.1327811112338184,3,0.0,,
Freshway,SILKEN_BLOCK,ALPINE,Alpine Silken,Block,2021-02-01,6353,26682.6,4.2,4.2,0.0,0,0,1.132,Freshway|SILKEN_BLOCK,8.756839814829462,1.4350845252893227,0.1239859797809911,4,25.0,,
Freshway,SILKEN_BLOCK,ALPINE,Alpine Silken,Block,2021-02-08,8322,34952.4,4.2,4.2,0.0,0,0,1.12,Freshway|SILKEN_BLOCK,9.026778045746095,1.4350845252893227,0.11332868530700327,5,0.0,,
Freshway,SILKEN_BLOCK,ALPINE,Alpine Silken,Block,2021-02-15,8753,36762.6,4.2,4.2,0.0,0,0,1.106,Freshway|SILKEN_BLOCK,9.07726601775084,1.4350845252893227,0.10074990310014315,6,0.0,,
Freshway,SILKEN_BLOCK,ALPINE,Alpine Silken,Block,2021-02-22,9247,38837.4,4.2,4.2,0.0,0,0,1.091,Freshway|SILKEN_BLOCK,9.13216259091216,1.4350845252893227,0.08709470685093373,7,0.0,,
Freshway,SILKEN_BLOCK,ALPINE,Alpine Silken,Block,2021-03-01,8187,34385.4,4.2,4.2,0.0,0,0,1.074,Freshway|SILKEN_BLOCK,9.01042494678118,1.4350845252893227,0.071389996086673,8,0.0,,
Freshway,SILKEN_BLOCK,ALPINE,Alpine Silken,Block,2021-03-08,8091,33982.2,4.2,4.2,0.0,0,0,1.057,Freshway|SILKEN_BLOCK,8.998631198287637,1.4350845252893227,0.055434706888100524,9,0.0,,
Freshway,SILKEN_BLOCK,ALPINE,Alpine Silken,Block,2021-03-15,8848,37161.6,4.2,4.2,0.0,0,0,1.038,Freshway|SILKEN_BLOCK,9.08805973726735,1.4350845252893227,0.03729578474369693,10,0.0,,
Freshway,SILKEN_BLOCK,ALPINE,Alpine Silken,Block,2021-03-22,7186,30181.2,4.2,4.2,0.0,0,0,1.019,Freshway|SILKEN_BLOCK,8.880029117468442,1.4350845252893227,0.018821754240587667,11,0.0,,
Freshway,SILKEN_BLOCK,ALPINE,Alpine Silken,Block,2021-03-29,20530,68980.8,3.36,4.2,20.0,0,1,1.0,Freshway|SILKEN_BLOCK,9.929691218032765,1.2119409739751128,0.0,12,0.0,,
Freshway,SILKEN_BLOCK,ALPINE,Alpine Silken,Block,2021-04-05,5902,24788.4,4.2,4.2,0.0,0,0,1.081,Freshway|SILKEN_BLOCK,8.683215975240689,1.4350845252893227,0.0778865386570712,13,20.0,,
Freshway,SILKEN_BLOCK,ALPINE,Alpine Silken,Block,2021-04-12,18498,69922.44,3.78,4.2,10.0,1,0,1.062,Freshway|SILKEN_BLOCK,9.82547195555139,1.3297240096314962,0.060153922819747144,14,0.0,,
Freshway,SILKEN_BLOCK,ALPINE,Alpine Silken,Block,2021-04-19,7018,29475.6,4.2,4.2,0.0,0,0,1.043,Freshway|SILKEN_BLOCK,8.856376036730422,1.4350845252893227,0.042101176018635326,15,10.0,,
Freshway,SILKEN_BLOCK,ALPINE,Alpine Silken,Block,2021-04-26,8446,35473.2,4.2,4.2,0.0,0,0,1.026,Freshway|SILKEN_BLOCK,9.041566627727496,1.4350845252893227,0.025667746748577813,16,0.0,,
Freshway,SILKEN_BLOCK,ALPINE,Alpine Silken,Block,2021-05-03,8325,34965.0,4.2,4.2,0.0,0,0,0.909,Freshway|SILKEN_BLOCK,9.02713842775492,1.4350845252893227,-0.09541018480465818,17,0.0,,
Freshway,SILKEN_BLOCK,ALPINE,Alpine Silken,Block,2021-05-10,6694,28114.8,4.2,4.2,0.0,0,0,0.894,Freshway|SILKEN_BLOCK,8.809116258125274,1.4350845252893227,-0.11204950380862289,18,0.0,,
Freshway,SILKEN_BLOCK,ALPINE,Alpine Silken,Block,2021-05-17,7331,30790.2,4.2,4.2,0.0,0,0,0.88,Freshway|SILKEN_BLOCK,8.900003608959596,1.4350845252893227,-0.12783337150988489,19,0.0,,
Freshway,SILKEN_BLOCK,ALPINE,Alpine Silken,Block,2021-05-24,19161,52309.53,2.73,4.2,35.0,0,0,0.868,Freshway|SILKEN_BLOCK,9.860684430210819,1.0043016091968684,-0.14156356432178688,20,0.0,,
Freshway,SILKEN_BLOCK,ALPINE,Alpine Silken,Block,2021-05-31,4654,19546.8,4.2,4.2,0.0,0,0,0.858,Freshway|SILKEN_BLOCK,8.445697189711167,1.4350845252893227,-0.15315117949417478,21,35.0,,
Freshway,SILKEN_BLOCK,ALPINE,Alpine Silken,Block,2021-06-07,6314,26518.8,4.2,4.2,0.0,0,0,0.85,Freshway|SILKEN_BLOCK,8.750683034784592,1.4350845252893227,-0.16251892949777494,22,0.0,,
Freshway,SILKEN_BLOCK,ALPINE,Alpine Silken,Block,2021-06-14,14039,53067.42,3.78,4.2,10.0,1,0,0.845,Freshway|SILKEN_BLOCK,9.549665677579803,1.3297240096314962,-0.16841865162496325,23,0.0,,
Freshway,SILKEN_BLOCK,ALPINE,Alpine Silken,Block,2021-06-21,6300,26460.0,4.2,4.2,0.0,0,0,0.841,Freshway|SILKEN_BLOCK,8.748463629942055,1.4350845252893227,-0.17316361900918903,24,10.0,,
Freshway,SILKEN_BLOCK,ALPINE,Alpine Silken,Block,2021-06-28,9225,32933.25,3.57,4.2,15.0,0,0,0.84,Freshway|SILKEN_BLOCK,9.129780864117766,1.2725655957915476,-0.1743533871447778,25,0.0,,
Freshway,SILKEN_BLOCK,ALPINE,Alpine Silken,Block,2021-07-05,13397,39387.18,2.94,4.2,30.0,0,0,0.841,Freshway|SILKEN_BLOCK,9.502860721068213,1.0784095813505903,-0.17316361900918903,26,15.0,,
Freshway,SILKEN_BLOCK,ALPINE,Alpine Silken,Block,2021-07-12,4788,20109.6,4.2,4.2,0.0,0,0,0.845,Freshway|SILKEN_BLOCK,8.47407690034261,1.4350845252893227,-0.16841865162496325,27,30.0,,
Freshway,SILKEN_BLOCK,ALPINE,Alpine Silken,Block,2021-07-19,6049,25405.8,4.2,4.2,0.0,0,0,0.85,Freshway|SILKEN_BLOCK,8.707813551024888,1.4350845252893227,-0.16251892949777494,28,0.0,,
Freshway,SILKEN_BLOCK,ALPINE,Alpine Silken,Block,2021-07-26,6786,28501.2,4.2,4.2,0.0,0,0,0.858,Freshway|SILKEN_BLOCK,8.822764296703758,1.4350845252893227,-0.15315117949417478,29,0.0,,
Freshway,SILKEN_BLOCK,ALPINE,Alpine Silken,Block,2021-08-02,7009,29437.8,4.2,4.2,0.0,0,0,0.868,Freshway|SILKEN_BLOCK,8.855092980028635,1.4350845252893227,-0.14156356432178688,30,0.0,,
Freshway,SILKEN_BLOCK,ALPINE,Alpine Silken,Block,2021-08-09,8317,31438.26,3.78,4.2,10.0,0,0,0.88,Freshway|SILKEN_BLOCK,9.026177120302856,1.3297240096314962,-0.12783337150988489,31,0.0,,
Freshway,SILKEN_BLOCK,ALPINE,Alpine Silken,Block,2021-08-16,6623,27816.6,4.2,4.2,0.0,0,0,0.894,Freshway|SILKEN_BLOCK,8.798454696065095,1.4350845252893227,-0.11204950380862289,32,10.0,,
Freshway,SILKEN_BLOCK,ALPINE,Alpine Silken,Block,2021-08-23,6909,29017.8,4.2,4.2,0.0,0,0,0.909,Freshway|SILKEN_BLOCK,8.840724916761715,1.4350845252893227,-0.09541018480465818,33,0.0,,
Freshway,SILKEN_BLOCK,ALPINE,Alpine Silken,Block,2021-08-30,7676,32239.2,4.2,4.2,0.0,0,0,0.926,Freshway|SILKEN_BLOCK,8.945984124827898,1.4350845252893227,-0.07688104433595762,34,0.0,,
Freshway,SILKEN_BLOCK,ALPINE,Alpine Silken,Block,2021-09-06,18742,62973.12,3.36,4.2,20.0,0,1,0.943,Freshway|SILKEN_BLOCK,9.838575628358985,1.2119409739751128,-0.05868899634867961,35,0.0,,
Freshway,SILKEN_BLOCK,ALPINE,Alpine Silken,Block,2021-09-13,5688,23889.6,4.2,4.2,0.0,0,0,0.962,Freshway|SILKEN_BLOCK,8.646289764750648,1.4350845252893227,-0.038740828316430595,36,20.0,,
Freshway,SILKEN_BLOCK,ALPINE,Alpine Silken,Block,2021-09-20,8502,35708.4,4.2,4.2,0.0,0,0,0.981,Freshway|SILKEN_BLOCK,9.048174321385792,1.4350845252893227,-0.019182819416773987,37,0.0,,
Freshway,SILKEN_BLOCK,ALPINE,Alpine Silken,Block,2021-09-27,7741,32512.2,4.2,4.2,0.0,0,0,1.0,Freshway|SILKEN_BLOCK,8.954415331137593,1.4350845252893227,0.0,38,0.0,,
Freshway,SILKEN_BLOCK,ALPINE,Alpine Silken,Block,2021-10-04,7967,33461.4,4.2,4.2,0.0,0,0,1.019,Freshway|SILKEN_BLOCK,8.983188799264434,1.4350845252893227,0.018821754240587667,39,0.0,,
Freshway,SILKEN_BLOCK,ALPINE,Alpine Silken,Block,2021-10-11,8337,35015.4,4.2,4.2,0.0,0,0,1.038,Freshway|SILKEN_BLOCK,9.028578658440741,1.4350845252893227,0.03729578474369693,40,0.0,,
Freshway,SILKEN_BLOCK,ALPINE,Alpine Silken,Block,2021-10-18,9068,38085.6,4.2,4.2,0.0,0,0,1.057,Freshway|SILKEN_BLOCK,9.112617283447568,1.4350845252893227,0.055434706888100524,41,0.0,,
Freshway,SILKEN_BLOCK,ALPINE,Alpine Silken,Block,2021-10-25,8479,35611.8,4.2,4.2,0.0,0,0,1.074,Freshway|SILKEN_BLOCK,9.045465728785949,1.4350845252893227,0.071389996086673,42,0.0,,
Freshway,SILKEN_BLOCK,ALPINE,Alpine Silken,Block,2021-11-01,9575,40215.0,4.2,4.2,0.0,0,0,1.091,Freshway|SILKEN_BLOCK,9.16701524723781,1.4350845252893227,0.08709470685093373,43,0.0,,
Freshway,SILKEN_BLOCK,ALPINE,Alpine Silken,Block,2021-11-08,8278,34767.6,4.2,4.2,0.0,0,0,1.106,Freshway|SILKEN_BLOCK,9.021477467138807,1.4350845252893227,0.10074990310014315,44,0.0,,
Freshway,SILKEN_BLOCK,ALPINE,Alpine Silken,Block,2021-11-15,10113,42474.6,4.2,4.2,0.0,0,0,1.12,Freshway|SILKEN_BLOCK,9.221675881639928,1.4350845252893227,0.11332868530700327,45,0.0,,
Freshway,SILKEN_BLOCK,ALPINE,Alpine Silken,Block,2021-11-22,8897,37367.4,4.2,4.2,0.0,0,0,1.132,Freshway|SILKEN_BLOCK,9.093581811365986,1.4350845252893227,0.1239859797809911,46,0.0,,
Freshway,SILKEN_BLOCK,ALPINE,Alpine Silken,Block,2021-11-29,9137,38375.4,4.2,4.2,0.0,0,0,1.142,Freshway|SILKEN_BLOCK,9.120196822123217,1.4350845252893227,0.1327811112338184,47,0.0,,
Freshway,SILKEN_BLOCK,ALPINE,Alpine Silken,Block,2021-12-06,18458,62018.88,3.36,4.2,20.0,0,1,1.15,Freshway|SILKEN_BLOCK,9.8233073354086,1.2119409739751128,0.13976194237515863,48,0.0,,
Freshway,SILKEN_BLOCK,ALPINE,Alpine Silken,Block,2021-12-13,16010,47069.4,2.94,4.2,30.0,0,0,1.155,Freshway|SILKEN_BLOCK,9.681031265002055,1.0784095813505903,0.14410034397375687,49,20.0,,
Freshway,SILKEN_BLOCK,ALPINE,Alpine Silken,Block,2021-12-20,7058,29643.6,4.2,4.2,0.0,0,0,1.159,Freshway|SILKEN_BLOCK,8.862058677395472,1.4350845252893227,0.1475575643576147,50,30.0,,
Freshway,SILKEN_BLOCK,ALPINE,Alpine Silken,Block,2021-12-27,9189,38593.8,4.2,4.2,0.0,0,0,1.16,Freshway|SILKEN_BLOCK,9.125871215349733,1.4350845252893227,0.14842000511827322,51,0.0,,
Freshway,SILKEN_BLOCK,ALPINE,Alpine Silken,Block,2022-01-03,10141,42592.2,4.2,4.2,0.0,0,0,1.159,Freshway|SILKEN_BLOCK,9.224440496354964,1.4350845252893227,0.1475575643576147,52,0.0,,
Freshway,SILKEN_BLOCK,ALPINE,Alpine Silken,Block,2022-01-10,8798,36951.6,4.2,4.2,0.0,0,0,1.155,Freshway|SILKEN_BLOCK,9.08239335764556,1.4350845252893227,0.14410034397375687,53,0.0,,
Freshway,SILKEN_BLOCK,ALPINE,Alpine Silken,Block,2022-01-17,9145,38409.0,4.2,4.2,0.0,0,0,1.15,Freshway|SILKEN_BLOCK,9.121071904218,1.4350845252893227,0.13976194237515863,54,0.0,,
Freshway,SILKEN_BLOCK,ALPINE,Alpine Silken,Block,2022-01-24,8117,34091.4,4.2,4.2,0.0,0,0,1.142,Freshway|SILKEN_BLOCK,9.001839097398843,1.4350845252893227,0.1327811112338184,55,0.0,,
Freshway,SILKEN_BLOCK,ALPINE,Alpine Silken,Block,2022-01-31,25934,98030.52,3.78,4.2,10.0,1,1,1.132,Freshway|SILKEN_BLOCK,10.1633486867855,1.3297240096314962,0.1239859797809911,56,0.0,,
Freshway,SILKEN_BLOCK,ALPINE,Alpine Silken,Block,2022-02-07,7969,33469.8,4.2,4.2,0.0,0,0,1.12,Freshway|SILKEN_BLOCK,8.98343977178426,1.4350845252893227,0.11332868530700327,57,10.0,,
Freshway,SILKEN_BLOCK,ALPINE,Alpine Silken,Block,2022-02-14,8751,36754.2,4.2,4.2,0.0,0,0,1.106,Freshway|SILKEN_BLOCK,9.077037524661762,1.4350845252893227,0.10074990310014315,58,0.0,,
Freshway,SILKEN_BLOCK,ALPINE,Alpine Silken,Block,2022-02-21,8014,33658.8,4.2,4.2,0.0,0,0,1.091,Freshway|SILKEN_BLOCK,8.989070065043654,1.4350845252893227,0.08709470685093373,59,0.0,,
Freshway,SILKEN_BLOCK,ALPINE,Alpine Silken,Block,2022-02-28,7575,31815.0,4.2,4.2,0.0,0,0,1.074,Freshway|SILKEN_BLOCK,8.932740634865914,1.4350845252893227,0.071389996086673,60,0.0,,
Freshway,SILKEN_BLOCK,ALPINE,Alpine Silken,Block,2022-03-07,7851,32974.2,4.2,4.2,0.0,0,0,1.057,Freshway|SILKEN_BLOCK,8.968523555396352,1.4350845252893227,0.055434706888100524,61,0.0,,
Freshway,SILKEN_BLOCK,ALPINE,Alpine Silken,Block,2022-03-14,7352,30878.4,4.2,4.2,0.0,0,0,1.038,Freshway|SILKEN_BLOCK,8.902863672196222,1.4350845252893227,0.03729578474369693,62,0.0,,
Freshway,SILKEN_BLOCK,ALPINE,Alpine Silken,Block,2022-03-21,13436,45144.96,3.36,4.2,20.0,0,0,1.019,Freshway|SILKEN_BLOCK,9.50576737487541,1.2119409739751128,0.018821754240587667,63,0.0,,
Freshway,SILKEN_BLOCK,ALPINE,Alpine Silken,Block,2022-03-28,7162,30080.4,4.2,4.2,0.0,0,0,1.0,Freshway|SILKEN_BLOCK,8.876684166614451,1.4350845252893227,0.0,64,20.0,,
Freshway,SILKEN_BLOCK,ALPINE,Alpine Silken,Block,2022-04-04,7974,33490.8,4.2,4.2,0.0,0,0,1.081,Freshway|SILKEN_BLOCK,8.984066927653044,1.4350845252893227,0.0778865386570712,65,0.0,,
Freshway,SILKEN_BLOCK,ALPINE,Alpine Silken,Block,2022-04-11,31711,86571.03,2.73,4.2,35.0,0,1,1.062,Freshway|SILKEN_BLOCK,10.364450437129715,1.0043016091968684,0.060153922819747144,66,0.0,,
Freshway,SILKEN_BLOCK,ALPINE,Alpine Silken,Block,2022-04-18,10707,33727.05,3.15,4.2,25.0,0,0,1.043,Freshway|SILKEN_BLOCK,9.278746404640243,1.1474024528375417,0.042101176018635326,67,35.0,,
Freshway,SILKEN_BLOCK,ALPINE,Alpine Silken,Block,2022-04-25,7244,30424.8,4.2,4.2,0.0,0,0,1.026,Freshway|SILKEN_BLOCK,8.888066854754783,1.4350845252893227,0.025667746748577813,68,25.0,,
Freshway,SILKEN_BLOCK,ALPINE,Alpine Silken,Block,2022-05-02,9197,34764.66,3.78,4.2,10.0,0,0,0.909,Freshway|SILKEN_BLOCK,9.12674134809987,1.3297240096314962,-0.09541018480465818,69,0.0,,
Freshway,SILKEN_BLOCK,ALPINE,Alpine Silken,Block,2022-05-09,12626,39771.9,3.15,4.2,25.0,0,0,0.894,Freshway|SILKEN_BLOCK,9.44359265743868,1.1474024528375417,-0.11204950380862289,70,10.0,,
Freshway,SILKEN_BLOCK,ALPINE,Alpine Silken,Block,2022-05-16,5219,21919.8,4.2,4.2,0.0,0,0,0.88,Freshway|SILKEN_BLOCK,8.560252680876685,1.4350845252893227,-0.12783337150988489,71,25.0,,
Freshway,SILKEN_BLOCK,ALPINE,Alpine Silken,Block,2022-05-23,7331,30790.2,4.2,4.2,0.0,0,0,0.868,Freshway|SILKEN_BLOCK,8.900003608959596,1.4350845252893227,-0.14156356432178688,72,0.0,,
Freshway,SILKEN_BLOCK,ALPINE,Alpine Silken,Block,2022-05-30,7302,30668.4,4.2,4.2,0.0,0,0,0.858,Freshway|SILKEN_BLOCK,8.89604050162011,1.4350845252893227,-0.15315117949417478,73,0.0,,
Freshway,SILKEN_BLOCK,ALPINE,Alpine Silken,Block,2022-06-06,7467,31361.4,4.2,4.2,0.0,0,0,0.85,Freshway|SILKEN_BLOCK,8.918382504661613,1.4350845252893227,-0.16251892949777494,74,0.0,,
Freshway,SILKEN_BLOCK,ALPINE,Alpine Silken,Block,2022-06-13,7015,29463.0,4.2,4.2,0.0,0,0,0.845,Freshway|SILKEN_BLOCK,8.855948534052018,1.4350845252893227,-0.16841865162496325,75,0.0,,
Freshway,SILKEN_BLOCK,ALPINE,Alpine Silken,Block,2022-06-20,6859,28807.8,4.2,4.2,0.0,0,0,0.841,Freshway|SILKEN_BLOCK,8.83346272071993,1.4350845252893227,-0.17316361900918903,76,0.0,,
Freshway,SILKEN_BLOCK,ALPINE,Alpine Silken,Block,2022-06-27,6870,28854.0,4.2,4.2,0.0,0,0,0.84,Freshway|SILKEN_BLOCK,8.835064935031076,1.4350845252893227,-0.1743533871447778,77,0.0,,
Freshway,SILKEN_BLOCK,ALPINE,Alpine Silken,Block,2022-07-04,6535,27447.0,4.2,4.2,0.0,0,0,0.841,Freshway|SILKEN_BLOCK,8.785080636539838,1.4350845252893227,-0.17316361900918903,78,0.0,,
Freshway,SILKEN_BLOCK,ALPINE,Alpine Silken,Block,2022-07-11,6368,26745.6,4.2,4.2,0.0,0,0,0.845,Freshway|SILKEN_BLOCK,8.759197750371365,1.4350845252893227,-0.16841865162496325,79,0.0,,
Freshway,SILKEN_BLOCK,ALPINE,Alpine Silken,Block,2022-07-18,7991,33562.2,4.2,4.2,0.0,0,0,0.85,Freshway|SILKEN_BLOCK,8.98619632032839,1.4350845252893227,-0.16251892949777494,80,0.0,,
Freshway,SILKEN_BLOCK,ALPINE,Alpine Silken,Block,2022-07-25,14798,52828.86,3.57,4.2,15.0,0,1,0.858,Freshway|SILKEN_BLOCK,9.602314889901848,1.2725655957915476,-0.15315117949417478,81,0.0,,
Freshway,SILKEN_BLOCK,ALPINE,Alpine Silken,Block,2022-08-01,5943,24960.6,4.2,4.2,0.0,0,0,0.868,Freshway|SILKEN_BLOCK,8.690137586397595,1.4350845252893227,-0.14156356432178688,82,15.0,,
Freshway,SILKEN_BLOCK,ALPINE,Alpine Silken,Block,2022-08-08,16632,48898.08,2.94,4.2,30.0,0,0,0.88,Freshway|SILKEN_BLOCK,9.719143952790535,1.0784095813505903,-0.12783337150988489,83,0.0,,
Freshway,SILKEN_BLOCK,ALPINE,Alpine Silken,Block,2022-08-15,5456,22915.2,4.2,4.2,0.0,0,0,0.894,Freshway|SILKEN_BLOCK,8.604654467186233,1.4350845252893227,-0.11204950380862289,84,30.0,,
Freshway,SILKEN_BLOCK,ALPINE,Alpine Silken,Block,2022-08-22,6748,28341.6,4.2,4.2,0.0,0,0,0.909,Freshway|SILKEN_BLOCK,8.817149624743406,1.4350845252893227,-0.09541018480465818,85,0.0,,
Freshway,SILKEN_BLOCK,ALPINE,Alpine Silken,Block,2022-08-29,20066,67421.76,3.36,4.2,20.0,1,0,0.926,Freshway|SILKEN_BLOCK,9.906831953786519,1.2119409739751128,-0.07688104433595762,86,0.0,,
Freshway,SILKEN_BLOCK,ALPINE,Alpine Silken,Block,2022-09-05,27819,87629.85,3.15,4.2,25.0,1,1,0.943,Freshway|SILKEN_BLOCK,10.233510465477433,1.1474024528375417,-0.05868899634867961,87,20.0,,
Freshway,SILKEN_BLOCK,ALPINE,Alpine Silken,Block,2022-09-12,6303,26472.6,4.2,4.2,0.0,0,0,0.962,Freshway|SILKEN_BLOCK,8.748939631537715,1.4350845252893227,-0.038740828316430595,88,25.0,,
Freshway,SILKEN_BLOCK,ALPINE,Alpine Silken,Block,2022-09-19,8423,35376.6,4.2,4.2,0.0,0,0,0.981,Freshway|SILKEN_BLOCK,9.03884005381381,1.4350845252893227,-0.019182819416773987,89,0.0,,
Freshway,SILKEN_BLOCK,ALPINE,Alpine Silken,Block,2022-09-26,7904,33196.8,4.2,4.2,0.0,0,0,1.0,Freshway|SILKEN_BLOCK,8.975250749643573,1.4350845252893227,0.0,90,0.0,,
Freshway,SILKEN_BLOCK,ALPINE,Alpine Silken,Block,2022-10-03,8205,34461.0,4.2,4.2,0.0,0,0,1.019,Freshway|SILKEN_BLOCK,9.012620873002131,1.4350845252893227,0.018821754240587667,91,0.0,,
Freshway,SILKEN_BLOCK,ALPINE,Alpine Silken,Block,2022-10-10,32879,96664.26,2.94,4.2,30.0,1,0,1.038,Freshway|SILKEN_BLOCK,10.400619849170116,1.0784095813505903,0.03729578474369693,92,0.0,,
Freshway,SILKEN_BLOCK,ALPINE,Alpine Silken,Block,2022-10-17,6326,26569.2,4.2,4.2,0.0,0,0,1.057,Freshway|SILKEN_BLOCK,8.752581469146884,1.4350845252893227,0.055434706888100524,93,30.0,,
Freshway,SILKEN_BLOCK,ALPINE,Alpine Silken,Block,2022-10-24,12234,43675.38,3.57,4.2,15.0,0,0,1.074,Freshway|SILKEN_BLOCK,9.412055975876772,1.2725655957915476,0.071389996086673,94,0.0,,
Freshway,SILKEN_BLOCK,ALPINE,Alpine Silken,Block,2022-10-31,21292,58127.16,2.73,4.2,35.0,0,0,1.091,Freshway|SILKEN_BLOCK,9.966133659186399,1.0043016091968684,0.08709470685093373,95,15.0,,
Freshway,SILKEN_BLOCK,ALPINE,Alpine Silken,Block,2022-11-07,5807,24389.4,4.2,4.2,0.0,0,0,1.106,Freshway|SILKEN_BLOCK,8.666991556504632,1.4350845252893227,0.10074990310014315,96,35.0,,
Freshway,SILKEN_BLOCK,ALPINE,Alpine Silken,Block,2022-11-14,8406,35305.2,4.2,4.2,0.0,0,0,1.12,Freshway|SILKEN_BLOCK,9.036819971135296,1.4350845252893227,0.11332868530700327,97,0.0,,
Freshway,SILKEN_BLOCK,ALPINE,Alpine Silken,Block,2022-11-21,8990,37758.0,4.2,4.2,0.0,0,0,1.132,Freshway|SILKEN_BLOCK,9.103979355984773,1.4350845252893227,0.1239859797809911,98,0.0,,
Freshway,SILKEN_BLOCK,ALPINE,Alpine Silken,Block,2022-11-28,9990,41958.0,4.2,4.2,0.0,0,0,1.142,Freshway|SILKEN_BLOCK,9.209439966733019,1.4350845252893227,0.1327811112338184,99,0.0,,
Freshway,SILKEN_BLOCK,ALPINE,Alpine Silken,Block,2022-12-05,10171,42718.2,4.2,4.2,0.0,0,0,1.15,Freshway|SILKEN_BLOCK,9.227394126542011,1.4350845252893227,0.13976194237515863,100,0.0,,
Freshway,SILKEN_BLOCK,ALPINE,Alpine Silken,Block,2022-12-12,9995,41979.0,4.2,4.2,0.0,0,0,1.155,Freshway|SILKEN_BLOCK,9.209940291954844,1.4350845252893227,0.14410034397375687,101,0.0,,
Freshway,SILKEN_BLOCK,ALPINE,Alpine Silken,Block,2022-12-19,22123,74333.28,3.36,4.2,20.0,0,1,1.159,Freshway|SILKEN_BLOCK,10.004418271114568,1.2119409739751128,0.1475575643576147,102,0.0,,
Freshway,SILKEN_BLOCK,ALPINE,Alpine Silken,Block,2022-12-26,8176,34339.2,4.2,4.2,0.0,0,0,1.16,Freshway|SILKEN_BLOCK,9.009080614161977,1.4350845252893227,0.14842000511827322,103,20.0,,
Freshway,SILKEN_BLOCK,ALPINE,Alpine Silken,Block,2023-01-02,22041,64800.54,2.94,4.2,30.0,0,0,1.159,Freshway|SILKEN_BLOCK,10.000705003251488,1.0784095813505903,0.1475575643576147,104,0.0,,
Freshway,SILKEN_BLOCK,ALPINE,Alpine Silken,Block,2023-01-09,6854,28786.8,4.2,4.2,0.0,0,0,1.155,Freshway|SILKEN_BLOCK,8.832733591996416,1.4350845252893227,0.14410034397375687,105,30.0,,
Freshway,SILKEN_BLOCK,ALPINE,Alpine Silken,Block,2023-01-16,9255,38871.0,4.2,4.2,0.0,0,0,1.15,Freshway|SILKEN_BLOCK,9.133027268873512,1.4350845252893227,0.13976194237515863,106,0.0,,
Freshway,SILKEN_BLOCK,ALPINE,Alpine Silken,Block,2023-01-23,10408,43713.6,4.2,4.2,0.0,0,0,1.142,Freshway|SILKEN_BLOCK,9.250426095515468,1.4350845252893227,0.1327811112338184,107,0.0,,
Freshway,SILKEN_BLOCK,ALPINE,Alpine Silken,Block,2023-01-30,18589,58555.35,3.15,4.2,25.0,0,0,1.132,Freshway|SILKEN_BLOCK,9.83037908071549,1.1474024528375417,0.1239859797809911,108,0.0,,
Freshway,SILKEN_BLOCK,ALPINE,Alpine Silken,Block,2023-02-06,7427,31193.4,4.2,4.2,0.0,0,0,1.12,Freshway|SILKEN_BLOCK,8.913011922472597,1.4350845252893227,0.11332868530700327,109,25.0,,
Freshway,SILKEN_BLOCK,ALPINE,Alpine Silken,Block,2023-02-13,21095,75309.15,3.57,4.2,15.0,1,0,1.106,Freshway|SILKEN_BLOCK,9.956838728033123,1.2725655957915476,0.10074990310014315,110,0.0,,
Freshway,SILKEN_BLOCK,ALPINE,Alpine Silken,Block,2023-02-20,7393,31050.6,4.2,4.2,0.0,0,0,1.091,Freshway|SILKEN_BLOCK,8.908424139496578,1.4350845252893227,0.08709470685093373,111,15.0,,
Freshway,SILKEN_BLOCK,ALPINE,Alpine Silken,Block,2023-02-27,9447,39677.4,4.2,4.2,0.0,0,0,1.074,Freshway|SILKEN_BLOCK,9.153558357877198,1.4350845252893227,0.071389996086673,112,0.0,,
Freshway,SILKEN_BLOCK,ALPINE,Alpine Silken,Block,2023-03-06,8877,37283.4,4.2,4.2,0.0,0,0,1.057,Freshway|SILKEN_BLOCK,9.09133158539398,1.4350845252893227,0.055434706888100524,113,0.0,,
Freshway,SILKEN_BLOCK,ALPINE,Alpine Silken,Block,2023-03-13,8437,35435.4,4.2,4.2,0.0,0,0,1.038,Freshway|SILKEN_BLOCK,9.040500592684284,1.4350845252893227,0.03729578474369693,114,0.0,,
Freshway,SILKEN_BLOCK,ALPINE,Alpine Silken,Block,2023-03-20,9675,40635.0,4.2,4.2,0.0,0,0,1.019,Freshway|SILKEN_BLOCK,9.177403871729918,1.4350845252893227,0.018821754240587667,115,0.0,,
Freshway,SILKEN_BLOCK,ALPINE,Alpine Silken,Block,2023-03-27,8144,34204.8,4.2,4.2,0.0,0,0,1.0,Freshway|SILKEN_BLOCK,9.005159521036145,1.4350845252893227,0.0,116,0.0,,
Freshway,SILKEN_BLOCK,ALPINE,Alpine Silken,Block,2023-04-03,10215,42903.0,4.2,4.2,0.0,0,0,1.081,Freshway|SILKEN_BLOCK,9.231710397712375,1.4350845252893227,0.0778865386570712,117,0.0,,
Freshway,SILKEN_BLOCK,ALPINE,Alpine Silken,Block,2023-04-10,7769,32629.8,4.2,4.2,0.0,0,0,1.062,Freshway|SILKEN_BLOCK,8.958025443361693,1.4350845252893227,0.060153922819747144,118,0.0,,
Freshway,SILKEN_BLOCK,ALPINE,Alpine Silken,Block,2023-04-17,16287,51304.05,3.15,4.2,25.0,0,0,1.043,Freshway|SILKEN_BLOCK,9.69818391935025,1.1474024528375417,0.042101176018635326,119,0.0,,
Freshway,SILKEN_BLOCK,ALPINE,Alpine Silken,Block,2023-04-24,6209,26077.8,4.2,4.2,0.0,0,0,1.026,Freshway|SILKEN_BLOCK,8.733916174927524,1.4350845252893227,0.025667746748577813,120,25.0,,
Freshway,SILKEN_BLOCK,ALPINE,Alpine Silken,Block,2023-05-01,8407,35309.4,4.2,4.2,0.0,0,0,0.909,Freshway|SILKEN_BLOCK,9.036938912556787,1.4350845252893227,-0.09541018480465818,121,0.0,,
Freshway,SILKEN_BLOCK,ALPINE,Alpine Silken,Block,2023-05-08,13394,42191.1,3.15,4.2,25.0,0,0,0.894,Freshway|SILKEN_BLOCK,9.502636781978708,1.1474024528375417,-0.11204950380862289,122,0.0,,
Freshway,SILKEN_BLOCK,ALPINE,Alpine Silken,Block,2023-05-15,5541,23272.2,4.2,4.2,0.0,0,0,0.88,Freshway|SILKEN_BLOCK,8.620110725422924,1.4350845252893227,-0.12783337150988489,123,25.0,,
Freshway,SILKEN_BLOCK,ALPINE,Alpine Silken,Block,2023-05-22,6900,28980.0,4.2,4.2,0.0,0,0,0.868,Freshway|SILKEN_BLOCK,8.839421607620602,1.4350845252893227,-0.14156356432178688,124,0.0,,
Freshway,SILKEN_BLOCK,ALPINE,Alpine Silken,Block,2023-05-29,9690,36628.2,3.78,4.2,10.0,0,0,0.858,Freshway|SILKEN_BLOCK,9.17895289873455,1.3297240096314962,-0.15315117949417478,125,0.0,,
Freshway,SILKEN_BLOCK,ALPINE,Alpine Silken,Block,2023-06-05,18800,51324.0,2.73,4.2,35.0,0,0,0.85,Freshway|SILKEN_BLOCK,9.841665338892785,1.0043016091968684,-0.16251892949777494,126,10.0,,
Freshway,SILKEN_BLOCK,ALPINE,Alpine Silken,Block,2023-06-12,5016,21067.2,4.2,4.2,0.0,0,0,0.845,Freshway|SILKEN_BLOCK,8.520587424484253,1.4350845252893227,-0.16841865162496325,127,35.0,,
Freshway,SILKEN_BLOCK,ALPINE,Alpine Silken,Block,2023-06-19,14280,44982.0,3.15,4.2,25.0,0,0,0.841,Freshway|SILKEN_BLOCK,9.566685261452934,1.1474024528375417,-0.17316361900918903,128,0.0,,
Freshway,SILKEN_BLOCK,ALPINE,Alpine Silken,Block,2023-06-26,5206,21865.2,4.2,4.2,0.0,0,0,0.84,Freshway|SILKEN_BLOCK,8.557759153162898,1.4350845252893227,-0.1743533871447778,129,25.0,,
Freshway,SILKEN_BLOCK,ALPINE,Alpine Silken,Block,2023-07-03,16078,50645.7,3.15,4.2,25.0,0,0,0.841,Freshway|SILKEN_BLOCK,9.685269351744411,1.1474024528375417,-0.17316361900918903,130,0.0,,
Freshway,SILKEN_BLOCK,ALPINE,Alpine Silken,Block,2023-07-10,5203,21852.6,4.2,4.2,0.0,0,0,0.845,Freshway|SILKEN_BLOCK,8.557182839632397,1.4350845252893227,-0.16841865162496325,131,25.0,,
Freshway,SILKEN_BLOCK,ALPINE,Alpine Silken,Block,2023-07-17,7090,29778.0,4.2,4.2,0.0,0,0,0.85,Freshway|SILKEN_BLOCK,8.866581653303996,1.4350845252893227,-0.16251892949777494,132,0.0,,
Freshway,SILKEN_BLOCK,ALPINE,Alpine Silken,Block,2023-07-24,7154,30046.8,4.2,4.2,0.0,0,0,0.858,Freshway|SILKEN_BLOCK,8.875566691990551,1.4350845252893227,-0.15315117949417478,133,0.0,,
Freshway,SILKEN_BLOCK,ALPINE,Alpine Silken,Block,2023-07-31,7343,30840.6,4.2,4.2,0.0,0,0,0.868,Freshway|SILKEN_BLOCK,8.901638932300326,1.4350845252893227,-0.14156356432178688,134,0.0,,
Freshway,SILKEN_BLOCK,ALPINE,Alpine Silken,Block,2023-08-07,7996,33583.2,4.2,4.2,0.0,0,0,0.88,Freshway|SILKEN_BLOCK,8.98682175033189,1.4350845252893227,-0.12783337150988489,135,0.0,,
Freshway,SILKEN_BLOCK,ALPINE,Alpine Silken,Block,2023-08-14,7996,33583.2,4.2,4.2,0.0,0,0,0.894,Freshway|SILKEN_BLOCK,8.98682175033189,1.4350845252893227,-0.11204950380862289,136,0.0,,
Freshway,SILKEN_BLOCK,ALPINE,Alpine Silken,Block,2023-08-21,8955,37611.0,4.2,4.2,0.0,0,0,0.909,Freshway|SILKEN_BLOCK,9.100078977718645,1.4350845252893227,-0.09541018480465818,137,0.0,,
Freshway,SILKEN_BLOCK,ALPINE,Alpine Silken,Block,2023-08-28,8151,34234.2,4.2,4.2,0.0,0,0,0.926,Freshway|SILKEN_BLOCK,9.00601857490256,1.4350845252893227,-0.07688104433595762,138,0.0,,
Freshway,SILKEN_BLOCK,ALPINE,Alpine Silken,Block,2023-09-04,7591,31882.2,4.2,4.2,0.0,0,0,0.943,Freshway|SILKEN_BLOCK,8.934850340289763,1.4350845252893227,-0.05868899634867961,139,0.0,,
Freshway,SILKEN_BLOCK,ALPINE,Alpine Silken,Block,2023-09-11,8156,34255.2,4.2,4.2,0.0,0,0,0.962,Freshway|SILKEN_BLOCK,9.00663173330058,1.4350845252893227,-0.038740828316430595,140,0.0,,
Freshway,SILKEN_BLOCK,ALPINE,Alpine Silken,Block,2023-09-18,36897,108477.18,2.94,4.2,30.0,1,0,0.981,Freshway|SILKEN_BLOCK,10.51591262801771,1.0784095813505903,-0.019182819416773987,141,0.0,,
Freshway,SILKEN_BLOCK,ALPINE,Alpine Silken,Block,2023-09-25,22375,65782.5,2.94,4.2,30.0,1,0,1.0,Freshway|SILKEN_BLOCK,10.015744234881796,1.0784095813505903,0.0,142,30.0,,
Freshway,SILKEN_BLOCK,ALPINE,Alpine Silken,Block,2023-10-02,6764,28408.8,4.2,4.2,0.0,0,0,1.019,Freshway|SILKEN_BLOCK,8.819517540604888,1.4350845252893227,0.018821754240587667,143,30.0,,
Freshway,SILKEN_BLOCK,ALPINE,Alpine Silken,Block,2023-10-09,8380,35196.0,4.2,4.2,0.0,0,0,1.038,Freshway|SILKEN_BLOCK,9.033722518098907,1.4350845252893227,0.03729578474369693,144,0.0,,
Freshway,SILKEN_BLOCK,ALPINE,Alpine Silken,Block,2023-10-16,20759,74109.63,3.57,4.2,15.0,0,1,1.057,Freshway|SILKEN_BLOCK,9.940783337279825,1.2725655957915476,0.055434706888100524,145,0.0,,
Freshway,SILKEN_BLOCK,ALPINE,Alpine Silken,Block,2023-10-23,8277,34763.4,4.2,4.2,0.0,0,0,1.074,Freshway|SILKEN_BLOCK,9.021356672308677,1.4350845252893227,0.071389996086673,146,15.0,,
Freshway,SILKEN_BLOCK,ALPINE,Alpine Silken,Block,2023-10-30,23859,75155.85,3.15,4.2,25.0,0,1,1.091,Freshway|SILKEN_BLOCK,10.079958695651907,1.1474024528375417,0.08709470685093373,147,0.0,,
Freshway,SILKEN_BLOCK,ALPINE,Alpine Silken,Block,2023-11-06,6877,28883.4,4.2,4.2,0.0,0,0,1.106,Freshway|SILKEN_BLOCK,8.83608319099221,1.4350845252893227,0.10074990310014315,148,25.0,,
Freshway,SILKEN_BLOCK,ALPINE,Alpine Silken,Block,2023-11-13,25366,90556.62,3.57,4.2,15.0,1,0,1.12,Freshway|SILKEN_BLOCK,10.141204395699798,1.2725655957915476,0.11332868530700327,149,0.0,,
Freshway,SILKEN_BLOCK,ALPINE,Alpine Silken,Block,2023-11-20,8053,33822.6,4.2,4.2,0.0,0,0,1.132,Freshway|SILKEN_BLOCK,8.9939241414114,1.4350845252893227,0.1239859797809911,150,15.0,,
Freshway,SILKEN_BLOCK,ALPINE,Alpine Silken,Block,2023-11-27,24285,81597.6,3.36,4.2,20.0,1,0,1.142,Freshway|SILKEN_BLOCK,10.097655331613764,1.2119409739751128,0.1327811112338184,151,0.0,,
Freshway,SILKEN_BLOCK,ALPINE,Alpine Silken,Block,2023-12-04,15855,49943.25,3.15,4.2,25.0,0,0,1.15,Freshway|SILKEN_BLOCK,9.67130325656977,1.1474024528375417,0.13976194237515863,152,20.0,,
Freshway,SILKEN_BLOCK,ALPINE,Alpine Silken,Block,2023-12-11,7897,33167.4,4.2,4.2,0.0,0,0,1.155,Freshway|SILKEN_BLOCK,8.974364841846596,1.4350845252893227,0.14410034397375687,153,25.0,,
Freshway,SILKEN_BLOCK,ALPINE,Alpine Silken,Block,2023-12-18,10393,43650.6,4.2,4.2,0.0,0,0,1.159,Freshway|SILKEN_BLOCK,9.248983995568388,1.4350845252893227,0.1475575643576147,154,0.0,,
Freshway,SILKEN_BLOCK,ALPINE,Alpine Silken,Block,2023-12-25,18300,57645.0,3.15,4.2,25.0,0,0,1.16,Freshway|SILKEN_BLOCK,9.814710982145282,1.1474024528375417,0.14842000511827322,155,0.0,,
Northmart,BITES_BUTTONS_POUCH,CRESTLINE,Happy Buttons,Bitesize Pouch,2021-01-04,5306,26530.0,5.0,5.0,0.0,0,0,1.159,Northmart|BITES_BUTTONS_POUCH,8.576781982827894,1.6094379124341003,0.1475575643576147,0,0.0,1.4816045409242156,
Northmart,BITES_BUTTONS_POUCH,CRESTLINE,Happy Buttons,Bitesize Pouch,2021-01-11,11438,48611.5,4.25,5.0,15.0,0,1,1.155,Northmart|BITES_BUTTONS_POUCH,9.344783848525674,1.4469189829363254,0.14410034397375687,1,0.0,1.7047480922384253,
Northmart,BITES_BUTTONS_POUCH,CRESTLINE,Happy Buttons,Bitesize Pouch,2021-01-18,4747,23735.0,5.0,5.0,0.0,0,0,1.15,Northmart|BITES_BUTTONS_POUCH,8.465478755729558,1.6094379124341003,0.13976194237515863,2,15.0,1.275362800412609,
Northmart,BITES_BUTTONS_POUCH,CRESTLINE,Happy Buttons,Bitesize Pouch,2021-01-25,11543,49057.75,4.25,5.0,15.0,0,1,1.142,Northmart|BITES_BUTTONS_POUCH,9.353921100453707,1.4469189829363254,0.1327811112338184,3,0.0,1.7047480922384253,
Northmart,BITES_BUTTONS_POUCH,CRESTLINE,Happy Buttons,Bitesize Pouch,2021-02-01,8112,30420.0,3.75,5.0,25.0,0,0,1.132,Northmart|BITES_BUTTONS_POUCH,9.001222992395064,1.3217558399823195,0.1239859797809911,4,15.0,1.7047480922384253,
Northmart,BITES_BUTTONS_POUCH,CRESTLINE,Happy Buttons,Bitesize Pouch,2021-02-08,4831,24155.0,5.0,5.0,0.0,0,0,1.12,Northmart|BITES_BUTTONS_POUCH,8.48301573961465,1.6094379124341003,0.11332868530700327,5,25.0,1.5432981099295553,
Northmart,BITES_BUTTONS_POUCH,CRESTLINE,Happy Buttons,Bitesize Pouch,2021-02-15,5572,27860.0,5.0,5.0,0.0,0,0,1.106,Northmart|BITES_BUTTONS_POUCH,8.625688787569537,1.6094379124341003,0.10074990310014315,6,0.0,1.7047480922384253,
Northmart,BITES_BUTTONS_POUCH,CRESTLINE,Happy Buttons,Bitesize Pouch,2021-02-22,4544,22720.0,5.0,5.0,0.0,0,0,1.091,Northmart|BITES_BUTTONS_POUCH,8.421783006611578,1.6094379124341003,0.08709470685093373,7,0.0,1.415853163361435,
Northmart,BITES_BUTTONS_POUCH,CRESTLINE,Happy Buttons,Bitesize Pouch,2021-03-01,5781,28905.0,5.0,5.0,0.0,0,0,1.074,Northmart|BITES_BUTTONS_POUCH,8.662504922576291,1.6094379124341003,0.071389996086673,8,0.0,1.7047480922384253,
Northmart,BITES_BUTTONS_POUCH,CRESTLINE,Happy Buttons,Bitesize Pouch,2021-03-08,5762,28810.0,5.0,5.0,0.0,0,0,1.057,Northmart|BITES_BUTTONS_POUCH,8.659213451436667,1.6094379124341003,0.055434706888100524,9,0.0,1.7047480922384253,
Northmart,BITES_BUTTONS_POUCH,CRESTLINE,Happy Buttons,Bitesize Pouch,2021-03-15,4799,23995.0,5.0,5.0,0.0,0,0,1.038,Northmart|BITES_BUTTONS_POUCH,8.476371196895983,1.6094379124341003,0.03729578474369693,10,0.0,1.599387576580599,
Northmart,BITES_BUTTONS_POUCH,CRESTLINE,Happy Buttons,Bitesize Pouch,2021-03-22,17711,61988.5,3.5,5.0,30.0,1,0,1.019,Northmart|BITES_BUTTONS_POUCH,9.781997654948418,1.252762968495368,0.018821754240587667,11,0.0,1.3480731482996928,
Northmart,BITES_BUTTONS_POUCH,CRESTLINE,Happy Buttons,Bitesize Pouch,2021-03-29,3915,19575.0,5.0,5.0,0.0,0,0,1.0,Northmart|BITES_BUTTONS_POUCH,8.272826003650401,1.6094379124341003,0.0,12,30.0,1.4816045409242156,
Northmart,BITES_BUTTONS_POUCH,CRESTLINE,Happy Buttons,Bitesize Pouch,2021-04-05,31959,111856.5,3.5,5.0,30.0,1,1,1.081,Northmart|BITES_BUTTONS_POUCH,10.37224039988021,1.252762968495368,0.0778865386570712,13,0.0,1.7047480922384253,
Northmart,BITES_BUTTONS_POUCH,CRESTLINE,Happy Buttons,Bitesize Pouch,2021-04-12,3961,19805.0,5.0,5.0,0.0,0,0,1.062,Northmart|BITES_BUTTONS_POUCH,8.284504227258497,1.6094379124341003,0.060153922819747144,14,30.0,1.7047480922384253,
Northmart,BITES_BUTTONS_POUCH,CRESTLINE,Happy Buttons,Bitesize Pouch,2021-04-19,5383,26915.0,5.0,5.0,0.0,0,0,1.043,Northmart|BITES_BUTTONS_POUCH,8.591186871324563,1.6094379124341003,0.042101176018635326,15,0.0,1.7047480922384253,
Northmart,BITES_BUTTONS_POUCH,CRESTLINE,Happy Buttons,Bitesize Pouch,2021-04-26,5334,26670.0,5.0,5.0,0.0,0,0,1.026,Northmart|BITES_BUTTONS_POUCH,8.582044163735853,1.6094379124341003,0.025667746748577813,16,0.0,1.7047480922384253,
Northmart,BITES_BUTTONS_POUCH,CRESTLINE,Happy Buttons,Bitesize Pouch,2021-05-03,3826,19130.0,5.0,5.0,0.0,0,0,0.909,Northmart|BITES_BUTTONS_POUCH,8.249836485425702,1.6094379124341003,-0.09541018480465818,17,0.0,1.7047480922384253,
Northmart,BITES_BUTTONS_POUCH,CRESTLINE,Happy Buttons,Bitesize Pouch,2021-05-10,14909,55908.75,3.75,5.0,25.0,1,0,0.894,Northmart|BITES_BUTTONS_POUCH,9.609787407758784,1.3217558399823195,-0.11204950380862289,18,0.0,1.7047480922384253,
Northmart,BITES_BUTTONS_POUCH,CRESTLINE,Happy Buttons,Bitesize Pouch,2021-05-17,2771,13855.0,5.0,5.0,0.0,0,0,0.88,Northmart|BITES_BUTTONS_POUCH,7.927324360309794,1.6094379124341003,-0.12783337150988489,19,25.0,1.3480731482996928,
Northmart,BITES_BUTTONS_POUCH,CRESTLINE,Happy Buttons,Bitesize Pouch,2021-05-24,6339,26940.75,4.25,5.0,15.0,0,0,0.868,Northmart|BITES_BUTTONS_POUCH,8.75463404743127,1.4469189829363254,-0.14156356432178688,20,0.0,1.7047480922384253,
Northmart,BITES_BUTTONS_POUCH,CRESTLINE,Happy Buttons,Bitesize Pouch,2021-05-31,8122,34518.5,4.25,5.0,15.0,0,1,0.858,Northmart|BITES_BUTTONS_POUCH,9.002454823050954,1.4469189829363254,-0.15315117949417478,21,15.0,1.7047480922384253,
Northmart,BITES_BUTTONS_POUCH,CRESTLINE,Happy Buttons,Bitesize Pouch,2021-06-07,3971,19855.0,5.0,5.0,0.0,0,0,0.85,Northmart|BITES_BUTTONS_POUCH,8.287025025165063,1.6094379124341003,-0.16251892949777494,22,15.0,1.7047480922384253,
Northmart,BITES_BUTTONS_POUCH,CRESTLINE,Happy Buttons,Bitesize Pouch,2021-06-14,5509,23413.25,4.25,5.0,15.0,0,0,0.845,Northmart|BITES_BUTTONS_POUCH,8.61431990214696,1.4469189829363254,-0.16841865162496325,23,0.0,1.5432981099295553,
Northmart,BITES_BUTTONS_POUCH,CRESTLINE,Happy Buttons,Bitesize Pouch,2021-06-21,3677,18385.0,5.0,5.0,0.0,0,0,0.841,Northmart|BITES_BUTTONS_POUCH,8.210124405164267,1.6094379124341003,-0.17316361900918903,24,15.0,1.7047480922384253,
Northmart,BITES_BUTTONS_POUCH,CRESTLINE,Happy Buttons,Bitesize Pouch,2021-06-28,3559,17795.0,5.0,5.0,0.0,0,0,0.84,Northmart|BITES_BUTTONS_POUCH,8.177515823846075,1.6094379124341003,-0.1743533871447778,25,0.0,1.3480731482996928,
Northmart,BITES_BUTTONS_POUCH,CRESTLINE,Happy Buttons,Bitesize Pouch,2021-07-05,7068,26505.0,3.75,5.0,25.0,0,0,0.841,Northmart|BITES_BUTTONS_POUCH,8.863474306170954,1.3217558399823195,-0.17316361900918903,26,0.0,1.7047480922384253,
Northmart,BITES_BUTTONS_POUCH,CRESTLINE,Happy Buttons,Bitesize Pouch,2021-07-12,3425,17125.0,5.0,5.0,0.0,0,0,0.845,Northmart|BITES_BUTTONS_POUCH,8.139148678884066,1.6094379124341003,-0.16841865162496325,27,25.0,1.7047480922384253,
Northmart,BITES_BUTTONS_POUCH,CRESTLINE,Happy Buttons,Bitesize Pouch,2021-07-19,4121,20605.0,5.0,5.0,0.0,0,0,0.85,Northmart|BITES_BUTTONS_POUCH,8.324093761450404,1.6094379124341003,-0.16251892949777494,28,0.0,1.7047480922384253,
Northmart,BITES_BUTTONS_POUCH,CRESTLINE,Happy Buttons,Bitesize Pouch,2021-07-26,4205,21025.0,5.0,5.0,0.0,0,0,0.858,Northmart|BITES_BUTTONS_POUCH,8.344267356262645,1.6094379124341003,-0.15315117949417478,29,0.0,1.7047480922384253,
Northmart,BITES_BUTTONS_POUCH,CRESTLINE,Happy Buttons,Bitesize Pouch,2021-08-02,12988,51952.0,4.0,5.0,20.0,1,0,0.868,Northmart|BITES_BUTTONS_POUCH,9.471858124407284,1.3862943611198906,-0.14156356432178688,30,0.0,1.7047480922384253,
Northmart,BITES_BUTTONS_POUCH,CRESTLINE,Happy Buttons,Bitesize Pouch,2021-08-09,3487,17435.0,5.0,5.0,0.0,0,0,0.88,Northmart|BITES_BUTTONS_POUCH,8.15708378502887,1.6094379124341003,-0.12783337150988489,31,20.0,1.5432981099295553,
Northmart,BITES_BUTTONS_POUCH,CRESTLINE,Happy Buttons,Bitesize Pouch,2021-08-16,11668,37921.0,3.25,5.0,35.0,0,0,0.894,Northmart|BITES_BUTTONS_POUCH,9.364691031806107,1.1786549963416462,-0.11204950380862289,32,0.0,1.7047480922384253,
Northmart,BITES_BUTTONS_POUCH,CRESTLINE,Happy Buttons,Bitesize Pouch,2021-08-23,11623,40680.5,3.5,5.0,30.0,1,0,0.909,Northmart|BITES_BUTTONS_POUCH,9.36082720525012,1.252762968495368,-0.09541018480465818,33,35.0,1.7047480922384253,
Northmart,BITES_BUTTONS_POUCH,CRESTLINE,Happy Buttons,Bitesize Pouch,2021-08-30,3478,17390.0,5.0,5.0,0.0,0,0,0.926,Northmart|BITES_BUTTONS_POUCH,8.154500175151941,1.6094379124341003,-0.07688104433595762,34,30.0,1.7047480922384253,
Northmart,BITES_BUTTONS_POUCH,CRESTLINE,Happy Buttons,Bitesize Pouch,2021-09-06,5484,27420.0,5.0,5.0,0.0,0,0,0.943,Northmart|BITES_BUTTONS_POUCH,8.609772372709331,1.6094379124341003,-0.05868899634867961,35,0.0,1.7047480922384253,
Northmart,BITES_BUTTONS_POUCH,CRESTLINE,Happy Buttons,Bitesize Pouch,2021-09-13,5670,28350.0,5.0,5.0,0.0,0,0,0.962,Northmart|BITES_BUTTONS_POUCH,8.643120748014027,1.6094379124341003,-0.038740828316430595,36,0.0,1.7047480922384253,
Northmart,BITES_BUTTONS_POUCH,CRESTLINE,Happy Buttons,Bitesize Pouch,2021-09-20,4826,24130.0,5.0,5.0,0.0,0,0,0.981,Northmart|BITES_BUTTONS_POUCH,8.481980435660493,1.6094379124341003,-0.019182819416773987,37,0.0,1.7047480922384253,
Northmart,BITES_BUTTONS_POUCH,CRESTLINE,Happy Buttons,Bitesize Pouch,2021-09-27,4928,24640.0,5.0,5.0,0.0,0,0,1.0,Northmart|BITES_BUTTONS_POUCH,8.502891406705377,1.6094379124341003,0.0,38,0.0,1.7047480922384253,
Northmart,BITES_BUTTONS_POUCH,CRESTLINE,Happy Buttons,Bitesize Pouch,2021-10-04,4861,24305.0,5.0,5.0,0.0,0,0,1.019,Northmart|BITES_BUTTONS_POUCH,8.48920515487607,1.6094379124341003,0.018821754240587667,39,0.0,1.415853163361435,
Northmart,BITES_BUTTONS_POUCH,CRESTLINE,Happy Buttons,Bitesize Pouch,2021-10-11,4895,24475.0,5.0,5.0,0.0,0,0,1.038,Northmart|BITES_BUTTONS_POUCH,8.496173824192162,1.6094379124341003,0.03729578474369693,40,0.0,1.7047480922384253,
Northmart,BITES_BUTTONS_POUCH,CRESTLINE,Happy Buttons,Bitesize Pouch,2021-10-18,5922,29610.0,5.0,5.0,0.0,0,0,1.057,Northmart|BITES_BUTTONS_POUCH,8.686598356276965,1.6094379124341003,0.055434706888100524,41,0.0,1.7047480922384253,
Northmart,BITES_BUTTONS_POUCH,CRESTLINE,Happy Buttons,Bitesize Pouch,2021-10-25,6455,32275.0,5.0,5.0,0.0,0,0,1.074,Northmart|BITES_BUTTONS_POUCH,8.772765209949785,1.6094379124341003,0.071389996086673,42,0.0,1.599387576580599,
Northmart,BITES_BUTTONS_POUCH,CRESTLINE,Happy Buttons,Bitesize Pouch,2021-11-01,5254,26270.0,5.0,5.0,0.0,0,0,1.091,Northmart|BITES_BUTTONS_POUCH,8.566935283311052,1.6094379124341003,0.08709470685093373,43,0.0,1.5432981099295553,
Northmart,BITES_BUTTONS_POUCH,CRESTLINE,Happy Buttons,Bitesize Pouch,2021-11-08,6261,31305.0,5.0,5.0,0.0,0,0,1.106,Northmart|BITES_BUTTONS_POUCH,8.742254901886351,1.6094379124341003,0.10074990310014315,44,0.0,1.7047480922384253,
Northmart,BITES_BUTTONS_POUCH,CRESTLINE,Happy Buttons,Bitesize Pouch,2021-11-15,5337,26685.0,5.0,5.0,0.0,0,0,1.12,Northmart|BITES_BUTTONS_POUCH,8.58260632996447,1.6094379124341003,0.11332868530700327,45,0.0,1.5432981099295553,
Northmart,BITES_BUTTONS_POUCH,CRESTLINE,Happy Buttons,Bitesize Pouch,2021-11-22,5834,29170.0,5.0,5.0,0.0,0,0,1.132,Northmart|BITES_BUTTONS_POUCH,8.671629544720656,1.6094379124341003,0.1239859797809911,46,0.0,1.7047480922384253,
Northmart,BITES_BUTTONS_POUCH,CRESTLINE,Happy Buttons,Bitesize Pouch,2021-11-29,13153,46035.5,3.5,5.0,30.0,0,0,1.142,Northmart|BITES_BUTTONS_POUCH,9.484481173861296,1.252762968495368,0.1327811112338184,47,0.0,1.7047480922384253,
Northmart,BITES_BUTTONS_POUCH,CRESTLINE,Happy Buttons,Bitesize Pouch,2021-12-06,4659,23295.0,5.0,5.0,0.0,0,0,1.15,Northmart|BITES_BUTTONS_POUCH,8.446770727119691,1.6094379124341003,0.13976194237515863,48,30.0,1.7047480922384253,
Northmart,BITES_BUTTONS_POUCH,CRESTLINE,Happy Buttons,Bitesize Pouch,2021-12-13,6419,32095.0,5.0,5.0,0.0,0,0,1.155,Northmart|BITES_BUTTONS_POUCH,8.767173396684006,1.6094379124341003,0.14410034397375687,49,0.0,1.4816045409242156,
Northmart,BITES_BUTTONS_POUCH,CRESTLINE,Happy Buttons,Bitesize Pouch,2021-12-20,10765,40368.75,3.75,5.0,25.0,0,0,1.159,Northmart|BITES_BUTTONS_POUCH,9.284148299120902,1.3217558399823195,0.1475575643576147,50,0.0,1.7047480922384253,
Northmart,BITES_BUTTONS_POUCH,CRESTLINE,Happy Buttons,Bitesize Pouch,2021-12-27,4230,21150.0,5.0,5.0,0.0,0,0,1.16,Northmart|BITES_BUTTONS_POUCH,8.350193650720067,1.6094379124341003,0.14842000511827322,51,25.0,1.5432981099295553,
Northmart,BITES_BUTTONS_POUCH,CRESTLINE,Happy Buttons,Bitesize Pouch,2022-01-03,5654,28270.0,5.0,5.0,0.0,0,0,1.159,Northmart|BITES_BUTTONS_POUCH,8.640295388550221,1.6094379124341003,0.1475575643576147,52,0.0,1.7047480922384253,
Northmart,BITES_BUTTONS_POUCH,CRESTLINE,Happy Buttons,Bitesize Pouch,2022-01-10,6133,30665.0,5.0,5.0,0.0,0,0,1.155,Northmart|BITES_BUTTONS_POUCH,8.721602344674197,1.6094379124341003,0.14410034397375687,53,0.0,1.7047480922384253,
Northmart,BITES_BUTTONS_POUCH,CRESTLINE,Happy Buttons,Bitesize Pouch,2022-01-17,9662,36232.5,3.75,5.0,25.0,0,0,1.15,Northmart|BITES_BUTTONS_POUCH,9.176059437999308,1.3217558399823195,0.13976194237515863,54,0.0,1.7047480922384253,
Northmart,BITES_BUTTONS_POUCH,CRESTLINE,Happy Buttons,Bitesize Pouch,2022-01-24,4812,24060.0,5.0,5.0,0.0,0,0,1.142,Northmart|BITES_BUTTONS_POUCH,8.47907586930311,1.6094379124341003,0.1327811112338184,55,25.0,1.7047480922384253,
Northmart,BITES_BUTTONS_POUCH,CRESTLINE,Happy Buttons,Bitesize Pouch,2022-01-31,5041,25205.0,5.0,5.0,0.0,0,0,1.132,Northmart|BITES_BUTTONS_POUCH,8.525558107747866,1.6094379124341003,0.1239859797809911,56,0.0,1.7047480922384253,
Northmart,BITES_BUTTONS_POUCH,CRESTLINE,Happy Buttons,Bitesize Pouch,2022-02-07,6343,31715.0,5.0,5.0,0.0,0,0,1.12,Northmart|BITES_BUTTONS_POUCH,8.755264763314685,1.6094379124341003,0.11332868530700327,57,0.0,1.7047480922384253,
Northmart,BITES_BUTTONS_POUCH,CRESTLINE,Happy Buttons,Bitesize Pouch,2022-02-14,7810,31240.0,4.0,5.0,20.0,0,0,1.106,Northmart|BITES_BUTTONS_POUCH,8.963288275610298,1.3862943611198906,0.10074990310014315,58,0.0,1.415853163361435,
Northmart,BITES_BUTTONS_POUCH,CRESTLINE,Happy Buttons,Bitesize Pouch,2022-02-21,4538,22690.0,5.0,5.0,0.0,0,0,1.091,Northmart|BITES_BUTTONS_POUCH,8.420462002456466,1.6094379124341003,0.08709470685093373,59,20.0,1.7047480922384253,
Northmart,BITES_BUTTONS_POUCH,CRESTLINE,Happy Buttons,Bitesize Pouch,2022-02-28,4686,23430.0,5.0,5.0,0.0,0,0,1.074,Northmart|BITES_BUTTONS_POUCH,8.452547997922705,1.6094379124341003,0.071389996086673,60,0.0,1.3480731482996928,
Northmart,BITES_BUTTONS_POUCH,CRESTLINE,Happy Buttons,Bitesize Pouch,2022-03-07,4554,22770.0,5.0,5.0,0.0,0,0,1.057,Northmart|BITES_BUTTONS_POUCH,8.423980809694058,1.6094379124341003,0.055434706888100524,61,0.0,1.4816045409242156,
Northmart,BITES_BUTTONS_POUCH,CRESTLINE,Happy Buttons,Bitesize Pouch,2022-03-14,5834,29170.0,5.0,5.0,0.0,0,0,1.038,Northmart|BITES_BUTTONS_POUCH,8.671629544720656,1.6094379124341003,0.03729578474369693,62,0.0,1.7047480922384253,
Northmart,BITES_BUTTONS_POUCH,CRESTLINE,Happy Buttons,Bitesize Pouch,2022-03-21,5200,26000.0,5.0,5.0,0.0,0,0,1.019,Northmart|BITES_BUTTONS_POUCH,8.556606193773073,1.6094379124341003,0.018821754240587667,63,0.0,1.275362800412609,
Northmart,BITES_BUTTONS_POUCH,CRESTLINE,Happy Buttons,Bitesize Pouch,2022-03-28,7207,30629.75,4.25,5.0,15.0,0,0,1.0,Northmart|BITES_BUTTONS_POUCH,8.882946799288174,1.4469189829363254,0.0,64,0.0,1.7047480922384253,
Northmart,BITES_BUTTONS_POUCH,CRESTLINE,Happy Buttons,Bitesize Pouch,2022-04-04,5129,25645.0,5.0,5.0,0.0,0,0,1.081,Northmart|BITES_BUTTONS_POUCH,8.542860938164814,1.6094379124341003,0.0778865386570712,65,15.0,1.5432981099295553,
Northmart,BITES_BUTTONS_POUCH,CRESTLINE,Happy Buttons,Bitesize Pouch,2022-04-11,4493,22465.0,5.0,5.0,0.0,0,0,1.062,Northmart|BITES_BUTTONS_POUCH,8.410498452745275,1.6094379124341003,0.060153922819747144,66,0.0,1.275362800412609,
Northmart,BITES_BUTTONS_POUCH,CRESTLINE,Happy Buttons,Bitesize Pouch,2022-04-18,5123,25615.0,5.0,5.0,0.0,0,0,1.043,Northmart|BITES_BUTTONS_POUCH,8.541690663016626,1.6094379124341003,0.042101176018635326,67,0.0,1.7047480922384253,
Northmart,BITES_BUTTONS_POUCH,CRESTLINE,Happy Buttons,Bitesize Pouch,2022-04-25,5122,25610.0,5.0,5.0,0.0,0,0,1.026,Northmart|BITES_BUTTONS_POUCH,8.541495483939203,1.6094379124341003,0.025667746748577813,68,0.0,1.7047480922384253,
Northmart,BITES_BUTTONS_POUCH,CRESTLINE,Happy Buttons,Bitesize Pouch,2022-05-02,4419,22095.0,5.0,5.0,0.0,0,0,0.909,Northmart|BITES_BUTTONS_POUCH,8.393894975071744,1.6094379124341003,-0.09541018480465818,69,0.0,1.4816045409242156,
Northmart,BITES_BUTTONS_POUCH,CRESTLINE,Happy Buttons,Bitesize Pouch,2022-05-09,4391,21955.0,5.0,5.0,0.0,0,0,0.894,Northmart|BITES_BUTTONS_POUCH,8.387539983189367,1.6094379124341003,-0.11204950380862289,70,0.0,1.7047480922384253,
Northmart,BITES_BUTTONS_POUCH,CRESTLINE,Happy Buttons,Bitesize Pouch,2022-05-16,4651,23255.0,5.0,5.0,0.0,0,0,0.88,Northmart|BITES_BUTTONS_POUCH,8.445052513638554,1.6094379124341003,-0.12783337150988489,71,0.0,1.7047480922384253,
Northmart,BITES_BUTTONS_POUCH,CRESTLINE,Happy Buttons,Bitesize Pouch,2022-05-23,9100,31850.0,3.5,5.0,30.0,0,0,0.868,Northmart|BITES_BUTTONS_POUCH,9.116139576577355,1.252762968495368,-0.14156356432178688,72,0.0,1.7047480922384253,
Northmart,BITES_BUTTONS_POUCH,CRESTLINE,Happy Buttons,Bitesize Pouch,2022-05-30,2743,13715.0,5.0,5.0,0.0,0,0,0.858,Northmart|BITES_BUTTONS_POUCH,7.917171988845776,1.6094379124341003,-0.15315117949417478,73,30.0,1.7047480922384253,
Northmart,BITES_BUTTONS_POUCH,CRESTLINE,Happy Buttons,Bitesize Pouch,2022-06-06,13063,48986.25,3.75,5.0,25.0,0,1,0.85,Northmart|BITES_BUTTONS_POUCH,9.4776156346503,1.3217558399823195,-0.16251892949777494,74,0.0,1.7047480922384253,
Northmart,BITES_BUTTONS_POUCH,CRESTLINE,Happy Buttons,Bitesize Pouch,2022-06-13,3433,17165.0,5.0,5.0,0.0,0,0,0.845,Northmart|BITES_BUTTONS_POUCH,8.141481041457421,1.6094379124341003,-0.16841865162496325,75,25.0,1.7047480922384253,
Northmart,BITES_BUTTONS_POUCH,CRESTLINE,Happy Buttons,Bitesize Pouch,2022-06-20,4177,20885.0,5.0,5.0,0.0,0,0,0.841,Northmart|BITES_BUTTONS_POUCH,8.33758794211651,1.6094379124341003,-0.17316361900918903,76,0.0,1.7047480922384253,
Northmart,BITES_BUTTONS_POUCH,CRESTLINE,Happy Buttons,Bitesize Pouch,2022-06-27,4204,21020.0,5.0,5.0,0.0,0,0,0.84,Northmart|BITES_BUTTONS_POUCH,8.344029572407049,1.6094379124341003,-0.1743533871447778,77,0.0,1.7047480922384253,
Northmart,BITES_BUTTONS_POUCH,CRESTLINE,Happy Buttons,Bitesize Pouch,2022-07-04,4693,23465.0,5.0,5.0,0.0,0,0,0.841,Northmart|BITES_BUTTONS_POUCH,8.454040376410969,1.6094379124341003,-0.17316361900918903,78,0.0,1.5432981099295553,
Northmart,BITES_BUTTONS_POUCH,CRESTLINE,Happy Buttons,Bitesize Pouch,2022-07-11,4534,22670.0,5.0,5.0,0.0,0,0,0.845,Northmart|BITES_BUTTONS_POUCH,8.419580362549237,1.6094379124341003,-0.16841865162496325,79,0.0,1.7047480922384253,
Northmart,BITES_BUTTONS_POUCH,CRESTLINE,Happy Buttons,Bitesize Pouch,2022-07-18,8049,36220.5,4.5,5.0,10.0,0,1,0.85,Northmart|BITES_BUTTONS_POUCH,8.99342737041261,1.5040773967762742,-0.16251892949777494,80,0.0,1.7047480922384253,
Northmart,BITES_BUTTONS_POUCH,CRESTLINE,Happy Buttons,Bitesize Pouch,2022-07-25,3981,19905.0,5.0,5.0,0.0,0,0,0.858,Northmart|BITES_BUTTONS_POUCH,8.289539484624141,1.6094379124341003,-0.15315117949417478,81,10.0,1.7047480922384253,
Northmart,BITES_BUTTONS_POUCH,CRESTLINE,Happy Buttons,Bitesize Pouch,2022-08-01,4110,20550.0,5.0,5.0,0.0,0,0,0.868,Northmart|BITES_BUTTONS_POUCH,8.321421586897879,1.6094379124341003,-0.14156356432178688,82,0.0,1.3480731482996928,
Northmart,BITES_BUTTONS_POUCH,CRESTLINE,Happy Buttons,Bitesize Pouch,2022-08-08,4425,22125.0,5.0,5.0,0.0,0,0,0.88,Northmart|BITES_BUTTONS_POUCH,8.395251520610994,1.6094379124341003,-0.12783337150988489,83,0.0,1.3480731482996928,
Northmart,BITES_BUTTONS_POUCH,CRESTLINE,Happy Buttons,Bitesize Pouch,2022-08-15,19049,66671.5,3.5,5.0,30.0,1,0,0.894,Northmart|BITES_BUTTONS_POUCH,9.854822380554847,1.252762968495368,-0.11204950380862289,84,0.0,1.7047480922384253,
Northmart,BITES_BUTTONS_POUCH,CRESTLINE,Happy Buttons,Bitesize Pouch,2022-08-22,3654,18270.0,5.0,5.0,0.0,0,0,0.909,Northmart|BITES_BUTTONS_POUCH,8.203851372183879,1.6094379124341003,-0.09541018480465818,85,30.0,1.5432981099295553,
Northmart,BITES_BUTTONS_POUCH,CRESTLINE,Happy Buttons,Bitesize Pouch,2022-08-29,6480,27540.0,4.25,5.0,15.0,0,0,0.926,Northmart|BITES_BUTTONS_POUCH,8.776630098427717,1.4469189829363254,-0.07688104433595762,86,0.0,1.7047480922384253,
Northmart,BITES_BUTTONS_POUCH,CRESTLINE,Happy Buttons,Bitesize Pouch,2022-09-05,4249,21245.0,5.0,5.0,0.0,0,0,0.943,Northmart|BITES_BUTTONS_POUCH,8.354674261918463,1.6094379124341003,-0.05868899634867961,87,15.0,1.7047480922384253,
Northmart,BITES_BUTTONS_POUCH,CRESTLINE,Happy Buttons,Bitesize Pouch,2022-09-12,5250,26250.0,5.0,5.0,0.0,0,0,0.962,Northmart|BITES_BUTTONS_POUCH,8.566173813637858,1.6094379124341003,-0.038740828316430595,88,0.0,1.7047480922384253,
Northmart,BITES_BUTTONS_POUCH,CRESTLINE,Happy Buttons,Bitesize Pouch,2022-09-19,5356,26780.0,5.0,5.0,0.0,0,0,0.981,Northmart|BITES_BUTTONS_POUCH,8.58615939588096,1.6094379124341003,-0.019182819416773987,89,0.0,1.5432981099295553,
Northmart,BITES_BUTTONS_POUCH,CRESTLINE,Happy Buttons,Bitesize Pouch,2022-09-26,4689,23445.0,5.0,5.0,0.0,0,0,1.0,Northmart|BITES_BUTTONS_POUCH,8.453187861440325,1.6094379124341003,0.0,90,0.0,1.5432981099295553,
Northmart,BITES_BUTTONS_POUCH,CRESTLINE,Happy Buttons,Bitesize Pouch,2022-10-03,10102,35357.0,3.5,5.0,30.0,0,0,1.019,Northmart|BITES_BUTTONS_POUCH,9.220587688427733,1.252762968495368,0.018821754240587667,91,0.0,1.415853163361435,
Northmart,BITES_BUTTONS_POUCH,CRESTLINE,Happy Buttons,Bitesize Pouch,2022-10-10,11013,46805.25,4.25,5.0,15.0,1,0,1.038,Northmart|BITES_BUTTONS_POUCH,9.306922469822426,1.4469189829363254,0.03729578474369693,92,30.0,1.7047480922384253,
Northmart,BITES_BUTTONS_POUCH,CRESTLINE,Happy Buttons,Bitesize Pouch,2022-10-17,7526,28222.5,3.75,5.0,25.0,0,0,1.057,Northmart|BITES_BUTTONS_POUCH,8.926251835034533,1.3217558399823195,0.055434706888100524,93,15.0,1.5432981099295553,
Northmart,BITES_BUTTONS_POUCH,CRESTLINE,Happy Buttons,Bitesize Pouch,2022-10-24,3081,15405.0,5.0,5.0,0.0,0,0,1.074,Northmart|BITES_BUTTONS_POUCH,8.033334015880062,1.6094379124341003,0.071389996086673,94,25.0,1.3480731482996928,
Northmart,BITES_BUTTONS_POUCH,CRESTLINE,Happy Buttons,Bitesize Pouch,2022-10-31,9315,37260.0,4.0,5.0,20.0,0,0,1.091,Northmart|BITES_BUTTONS_POUCH,9.139488631004232,1.3862943611198906,0.08709470685093373,95,0.0,1.599387576580599,
Northmart,BITES_BUTTONS_POUCH,CRESTLINE,Happy Buttons,Bitesize Pouch,2022-11-07,4508,22540.0,5.0,5.0,0.0,0,0,1.106,Northmart|BITES_BUTTONS_POUCH,8.413830678421084,1.6094379124341003,0.10074990310014315,96,20.0,1.7047480922384253,
Northmart,BITES_BUTTONS_POUCH,CRESTLINE,Happy Buttons,Bitesize Pouch,2022-11-14,8595,34380.0,4.0,5.0,20.0,0,0,1.12,Northmart|BITES_BUTTONS_POUCH,9.059052257762401,1.3862943611198906,0.11332868530700327,97,0.0,1.7047480922384253,
Northmart,BITES_BUTTONS_POUCH,CRESTLINE,Happy Buttons,Bitesize Pouch,2022-11-21,7283,29132.0,4.0,5.0,20.0,0,0,1.132,Northmart|BITES_BUTTONS_POUCH,8.8934354408475,1.3862943611198906,0.1239859797809911,98,20.0,1.7047480922384253,
Northmart,BITES_BUTTONS_POUCH,CRESTLINE,Happy Buttons,Bitesize Pouch,2022-11-28,16373,53212.25,3.25,5.0,35.0,0,1,1.142,Northmart|BITES_BUTTONS_POUCH,9.703449989936393,1.1786549963416462,0.1327811112338184,99,20.0,1.7047480922384253,
Northmart,BITES_BUTTONS_POUCH,CRESTLINE,Happy Buttons,Bitesize Pouch,2022-12-05,3803,19015.0,5.0,5.0,0.0,0,0,1.15,Northmart|BITES_BUTTONS_POUCH,8.24380842366528,1.6094379124341003,0.13976194237515863,100,35.0,1.4816045409242156,
Northmart,BITES_BUTTONS_POUCH,CRESTLINE,Happy Buttons,Bitesize Pouch,2022-12-12,5700,28500.0,5.0,5.0,0.0,0,0,1.155,Northmart|BITES_BUTTONS_POUCH,8.648396877031582,1.6094379124341003,0.14410034397375687,101,0.0,1.7047480922384253,
Northmart,BITES_BUTTONS_POUCH,CRESTLINE,Happy Buttons,Bitesize Pouch,2022-12-19,6299,31495.0,5.0,5.0,0.0,0,0,1.159,Northmart|BITES_BUTTONS_POUCH,8.748304912379623,1.6094379124341003,0.1475575643576147,102,0.0,1.7047480922384253,
Northmart,BITES_BUTTONS_POUCH,CRESTLINE,Happy Buttons,Bitesize Pouch,2022-12-26,6987,34935.0,5.0,5.0,0.0,0,0,1.16,Northmart|BITES_BUTTONS_POUCH,8.851949671253948,1.6094379124341003,0.14842000511827322,103,0.0,1.7047480922384253,
Northmart,BITES_BUTTONS_POUCH,CRESTLINE,Happy Buttons,Bitesize Pouch,2023-01-02,5741,28705.0,5.0,5.0,0.0,0,0,1.159,Northmart|BITES_BUTTONS_POUCH,8.655562860681009,1.6094379124341003,0.1475575643576147,104,0.0,1.7047480922384253,
Northmart,BITES_BUTTONS_POUCH,CRESTLINE,Happy Buttons,Bitesize Pouch,2023-01-09,5795,28975.0,5.0,5.0,0.0,0,0,1.155,Northmart|BITES_BUTTONS_POUCH,8.664923303440572,1.6094379124341003,0.14410034397375687,105,0.0,1.7047480922384253,
Northmart,BITES_BUTTONS_POUCH,CRESTLINE,Happy Buttons,Bitesize Pouch,2023-01-16,5993,29965.0,5.0,5.0,0.0,0,0,1.15,Northmart|BITES_BUTTONS_POUCH,8.69851424787661,1.6094379124341003,0.13976194237515863,106,0.0,1.7047480922384253,
Northmart,BITES_BUTTONS_POUCH,CRESTLINE,Happy Buttons,Bitesize Pouch,2023-01-23,5847,29235.0,5.0,5.0,0.0,0,0,1.142,Northmart|BITES_BUTTONS_POUCH,8.673855001429615,1.6094379124341003,0.1327811112338184,107,0.0,1.3480731482996928,
Northmart,BITES_BUTTONS_POUCH,CRESTLINE,Happy Buttons,Bitesize Pouch,2023-01-30,4942,24710.0,5.0,5.0,0.0,0,0,1.132,Northmart|BITES_BUTTONS_POUCH,8.505727713306959,1.6094379124341003,0.1239859797809911,108,0.0,1.3480731482996928,
Northmart,BITES_BUTTONS_POUCH,CRESTLINE,Happy Buttons,Bitesize Pouch,2023-02-06,5325,26625.0,5.0,5.0,0.0,0,0,1.12,Northmart|BITES_BUTTONS_POUCH,8.580355766373877,1.6094379124341003,0.11332868530700327,109,0.0,1.415853163361435,
Northmart,BITES_BUTTONS_POUCH,CRESTLINE,Happy Buttons,Bitesize Pouch,2023-02-13,7872,33456.0,4.25,5.0,15.0,0,0,1.106,Northmart|BITES_BUTTONS_POUCH,8.971194463184467,1.4469189829363254,0.10074990310014315,110,0.0,1.7047480922384253,
Northmart,BITES_BUTTONS_POUCH,CRESTLINE,Happy Buttons,Bitesize Pouch,2023-02-20,4293,21465.0,5.0,5.0,0.0,0,0,1.091,Northmart|BITES_BUTTONS_POUCH,8.364973978438726,1.6094379124341003,0.08709470685093373,111,15.0,1.275362800412609,
Northmart,BITES_BUTTONS_POUCH,CRESTLINE,Happy Buttons,Bitesize Pouch,2023-02-27,19176,67116.0,3.5,5.0,30.0,1,0,1.074,Northmart|BITES_BUTTONS_POUCH,9.861466923273516,1.252762968495368,0.071389996086673,112,0.0,1.7047480922384253,
Northmart,BITES_BUTTONS_POUCH,CRESTLINE,Happy Buttons,Bitesize Pouch,2023-03-06,4483,22415.0,5.0,5.0,0.0,0,0,1.057,Northmart|BITES_BUTTONS_POUCH,8.40827078419205,1.6094379124341003,0.055434706888100524,113,30.0,1.7047480922384253,
Northmart,BITES_BUTTONS_POUCH,CRESTLINE,Happy Buttons,Bitesize Pouch,2023-03-13,5089,25445.0,5.0,5.0,0.0,0,0,1.038,Northmart|BITES_BUTTONS_POUCH,8.53503310954457,1.6094379124341003,0.03729578474369693,114,0.0,1.3480731482996928,
Northmart,BITES_BUTTONS_POUCH,CRESTLINE,Happy Buttons,Bitesize Pouch,2023-03-20,21255,69078.75,3.25,5.0,35.0,0,1,1.019,Northmart|BITES_BUTTONS_POUCH,9.96439448743965,1.1786549963416462,0.018821754240587667,115,0.0,1.7047480922384253,
Northmart,BITES_BUTTONS_POUCH,CRESTLINE,Happy Buttons,Bitesize Pouch,2023-03-27,4061,20305.0,5.0,5.0,0.0,0,0,1.0,Northmart|BITES_BUTTONS_POUCH,8.30943074214033,1.6094379124341003,0.0,116,35.0,1.7047480922384253,
Northmart,BITES_BUTTONS_POUCH,CRESTLINE,Happy Buttons,Bitesize Pouch,2023-04-03,5726,28630.0,5.0,5.0,0.0,0,0,1.081,Northmart|BITES_BUTTONS_POUCH,8.652947112393857,1.6094379124341003,0.0778865386570712,117,0.0,1.7047480922384253,
Northmart,BITES_BUTTONS_POUCH,CRESTLINE,Happy Buttons,Bitesize Pouch,2023-04-10,12875,54718.75,4.25,5.0,15.0,0,1,1.062,Northmart|BITES_BUTTONS_POUCH,9.463120392418698,1.4469189829363254,0.060153922819747144,118,0.0,1.7047480922384253,
Northmart,BITES_BUTTONS_POUCH,CRESTLINE,Happy Buttons,Bitesize Pouch,2023-04-17,4134,20670.0,5.0,5.0,0.0,0,0,1.043,Northmart|BITES_BUTTONS_POUCH,8.327242607457793,1.6094379124341003,0.042101176018635326,119,15.0,1.3480731482996928,
Northmart,BITES_BUTTONS_POUCH,CRESTLINE,Happy Buttons,Bitesize Pouch,2023-04-24,17736,62076.0,3.5,5.0,30.0,0,1,1.026,Northmart|BITES_BUTTONS_POUCH,9.783408132205587,1.252762968495368,0.025667746748577813,120,0.0,1.7047480922384253,
Northmart,BITES_BUTTONS_POUCH,CRESTLINE,Happy Buttons,Bitesize Pouch,2023-05-01,4050,20250.0,5.0,5.0,0.0,0,0,0.909,Northmart|BITES_BUTTONS_POUCH,8.30671904320269,1.6094379124341003,-0.09541018480465818,121,30.0,1.7047480922384253,
Northmart,BITES_BUTTONS_POUCH,CRESTLINE,Happy Buttons,Bitesize Pouch,2023-05-08,21744,70668.0,3.25,5.0,35.0,1,0,0.894,Northmart|BITES_BUTTONS_POUCH,9.987139125031739,1.1786549963416462,-0.11204950380862289,122,0.0,1.7047480922384253,
Northmart,BITES_BUTTONS_POUCH,CRESTLINE,Happy Buttons,Bitesize Pouch,2023-05-15,3643,18215.0,5.0,5.0,0.0,0,0,0.88,Northmart|BITES_BUTTONS_POUCH,8.200837258379849,1.6094379124341003,-0.12783337150988489,123,35.0,1.7047480922384253,
Northmart,BITES_BUTTONS_POUCH,CRESTLINE,Happy Buttons,Bitesize Pouch,2023-05-22,4976,24880.0,5.0,5.0,0.0,0,0,0.868,Northmart|BITES_BUTTONS_POUCH,8.512582578858554,1.6094379124341003,-0.14156356432178688,124,0.0,1.7047480922384253,
Northmart,BITES_BUTTONS_POUCH,CRESTLINE,Happy Buttons,Bitesize Pouch,2023-05-29,4445,22225.0,5.0,5.0,0.0,0,0,0.858,Northmart|BITES_BUTTONS_POUCH,8.399760094524142,1.6094379124341003,-0.15315117949417478,125,0.0,1.7047480922384253,
Northmart,BITES_BUTTONS_POUCH,CRESTLINE,Happy Buttons,Bitesize Pouch,2023-06-05,5536,24912.0,4.5,5.0,10.0,0,0,0.85,Northmart|BITES_BUTTONS_POUCH,8.619208116822968,1.5040773967762742,-0.16251892949777494,126,0.0,1.7047480922384253,
Northmart,BITES_BUTTONS_POUCH,CRESTLINE,Happy Buttons,Bitesize Pouch,2023-06-12,3886,19430.0,5.0,5.0,0.0,0,0,0.845,Northmart|BITES_BUTTONS_POUCH,8.265392930852224,1.6094379124341003,-0.16841865162496325,127,10.0,1.7047480922384253,
Northmart,BITES_BUTTONS_POUCH,CRESTLINE,Happy Buttons,Bitesize Pouch,2023-06-19,4085,20425.0,5.0,5.0,0.0,0,0,0.841,Northmart|BITES_BUTTONS_POUCH,8.315321775377567,1.6094379124341003,-0.17316361900918903,128,0.0,1.7047480922384253,
Northmart,BITES_BUTTONS_POUCH,CRESTLINE,Happy Buttons,Bitesize Pouch,2023-06-26,3353,16765.0,5.0,5.0,0.0,0,0,0.84,Northmart|BITES_BUTTONS_POUCH,8.117908942383155,1.6094379124341003,-0.1743533871447778,129,0.0,1.415853163361435,
Northmart,BITES_BUTTONS_POUCH,CRESTLINE,Happy Buttons,Bitesize Pouch,2023-07-03,4332,21660.0,5.0,5.0,0.0,0,0,0.841,Northmart|BITES_BUTTONS_POUCH,8.374015421739909,1.6094379124341003,-0.17316361900918903,130,0.0,1.3480731482996928,
Northmart,BITES_BUTTONS_POUCH,CRESTLINE,Happy Buttons,Bitesize Pouch,2023-07-10,4334,21670.0,5.0,5.0,0.0,0,0,0.845,Northmart|BITES_BUTTONS_POUCH,8.374476889214643,1.6094379124341003,-0.16841865162496325,131,0.0,1.7047480922384253,
Northmart,BITES_BUTTONS_POUCH,CRESTLINE,Happy Buttons,Bitesize Pouch,2023-07-17,4593,22965.0,5.0,5.0,0.0,0,0,0.85,Northmart|BITES_BUTTONS_POUCH,8.432506383249043,1.6094379124341003,-0.16251892949777494,132,0.0,1.7047480922384253,
Northmart,BITES_BUTTONS_POUCH,CRESTLINE,Happy Buttons,Bitesize Pouch,2023-07-24,5285,26425.0,5.0,5.0,0.0,0,0,0.858,Northmart|BITES_BUTTONS_POUCH,8.572817095164234,1.6094379124341003,-0.15315117949417478,133,0.0,1.7047480922384253,
Northmart,BITES_BUTTONS_POUCH,CRESTLINE,Happy Buttons,Bitesize Pouch,2023-07-31,20345,66121.25,3.25,5.0,35.0,1,0,0.868,Northmart|BITES_BUTTONS_POUCH,9.920639611353694,1.1786549963416462,-0.14156356432178688,134,0.0,1.7047480922384253,
Northmart,BITES_BUTTONS_POUCH,CRESTLINE,Happy Buttons,Bitesize Pouch,2023-08-07,3639,18195.0,5.0,5.0,0.0,0,0,0.88,Northmart|BITES_BUTTONS_POUCH,8.199738960630786,1.6094379124341003,-0.12783337150988489,135,35.0,1.7047480922384253,
Northmart,BITES_BUTTONS_POUCH,CRESTLINE,Happy Buttons,Bitesize Pouch,2023-08-14,9503,33260.5,3.5,5.0,30.0,0,0,0.894,Northmart|BITES_BUTTONS_POUCH,9.159468041602427,1.252762968495368,-0.11204950380862289,136,0.0,1.7047480922384253,
Northmart,BITES_BUTTONS_POUCH,CRESTLINE,Happy Buttons,Bitesize Pouch,2023-08-21,7709,25054.25,3.25,5.0,35.0,0,0,0.909,Northmart|BITES_BUTTONS_POUCH,8.950273466557375,1.1786549963416462,-0.09541018480465818,137,30.0,1.7047480922384253,
Northmart,BITES_BUTTONS_POUCH,CRESTLINE,Happy Buttons,Bitesize Pouch,2023-08-28,4302,21510.0,5.0,5.0,0.0,0,0,0.926,Northmart|BITES_BUTTONS_POUCH,8.3670677328386,1.6094379124341003,-0.07688104433595762,138,35.0,1.7047480922384253,
Northmart,BITES_BUTTONS_POUCH,CRESTLINE,Happy Buttons,Bitesize Pouch,2023-09-04,9675,33862.5,3.5,5.0,30.0,0,0,0.943,Northmart|BITES_BUTTONS_POUCH,9.177403871729918,1.252762968495368,-0.05868899634867961,139,0.0,1.275362800412609,
Northmart,BITES_BUTTONS_POUCH,CRESTLINE,Happy Buttons,Bitesize Pouch,2023-09-11,3548,17740.0,5.0,5.0,0.0,0,0,0.962,Northmart|BITES_BUTTONS_POUCH,8.174421152646497,1.6094379124341003,-0.038740828316430595,140,30.0,1.7047480922384253,
Northmart,BITES_BUTTONS_POUCH,CRESTLINE,Happy Buttons,Bitesize Pouch,2023-09-18,5277,26385.0,5.0,5.0,0.0,0,0,0.981,Northmart|BITES_BUTTONS_POUCH,8.57130251706327,1.6094379124341003,-0.019182819416773987,141,0.0,1.7047480922384253,
Northmart,BITES_BUTTONS_POUCH,CRESTLINE,Happy Buttons,Bitesize Pouch,2023-09-25,5361,26805.0,5.0,5.0,0.0,0,0,1.0,Northmart|BITES_BUTTONS_POUCH,8.587092318795905,1.6094379124341003,0.0,142,0.0,1.415853163361435,
Northmart,BITES_BUTTONS_POUCH,CRESTLINE,Happy Buttons,Bitesize Pouch,2023-10-02,5838,29190.0,5.0,5.0,0.0,0,0,1.019,Northmart|BITES_BUTTONS_POUCH,8.672314828283538,1.6094379124341003,0.018821754240587667,143,0.0,1.7047480922384253,
Northmart,BITES_BUTTONS_POUCH,CRESTLINE,Happy Buttons,Bitesize Pouch,2023-10-09,6017,30085.0,5.0,5.0,0.0,0,0,1.038,Northmart|BITES_BUTTONS_POUCH,8.70251025718999,1.6094379124341003,0.03729578474369693,144,0.0,1.7047480922384253,
Northmart,BITES_BUTTONS_POUCH,CRESTLINE,Happy Buttons,Bitesize Pouch,2023-10-16,5570,27850.0,5.0,5.0,0.0,0,0,1.057,Northmart|BITES_BUTTONS_POUCH,8.625329850020815,1.6094379124341003,0.055434706888100524,145,0.0,1.3480731482996928,
Northmart,BITES_BUTTONS_POUCH,CRESTLINE,Happy Buttons,Bitesize Pouch,2023-10-23,5141,25705.0,5.0,5.0,0.0,0,0,1.074,Northmart|BITES_BUTTONS_POUCH,8.545197387825835,1.6094379124341003,0.071389996086673,146,0.0,1.3480731482996928,
Northmart,BITES_BUTTONS_POUCH,CRESTLINE,Happy Buttons,Bitesize Pouch,2023-10-30,5271,26355.0,5.0,5.0,0.0,0,0,1.091,Northmart|BITES_BUTTONS_POUCH,8.570165076182343,1.6094379124341003,0.08709470685093373,147,0.0,1.7047480922384253,
Northmart,BITES_BUTTONS_POUCH,CRESTLINE,Happy Buttons,Bitesize Pouch,2023-11-06,7340,36700.0,5.0,5.0,0.0,0,0,1.106,Northmart|BITES_BUTTONS_POUCH,8.901230352110781,1.6094379124341003,0.10074990310014315,148,0.0,1.7047480922384253,
Northmart,BITES_BUTTONS_POUCH,CRESTLINE,Happy Buttons,Bitesize Pouch,2023-11-13,5660,28300.0,5.0,5.0,0.0,0,0,1.12,Northmart|BITES_BUTTONS_POUCH,8.64135583403666,1.6094379124341003,0.11332868530700327,149,0.0,1.599387576580599,
Northmart,BITES_BUTTONS_POUCH,CRESTLINE,Happy Buttons,Bitesize Pouch,2023-11-20,4499,22495.0,5.0,5.0,0.0,0,0,1.132,Northmart|BITES_BUTTONS_POUCH,8.411832675758411,1.6094379124341003,0.1239859797809911,150,0.0,1.275362800412609,
Northmart,BITES_BUTTONS_POUCH,CRESTLINE,Happy Buttons,Bitesize Pouch,2023-11-27,6098,30490.0,5.0,5.0,0.0,0,0,1.142,Northmart|BITES_BUTTONS_POUCH,8.715880102296456,1.6094379124341003,0.1327811112338184,151,0.0,1.7047480922384253,
Northmart,BITES_BUTTONS_POUCH,CRESTLINE,Happy Buttons,Bitesize Pouch,2023-12-04,6834,34170.0,5.0,5.0,0.0,0,0,1.15,Northmart|BITES_BUTTONS_POUCH,8.82981174915805,1.6094379124341003,0.13976194237515863,152,0.0,1.7047480922384253,
Northmart,BITES_BUTTONS_POUCH,CRESTLINE,Happy Buttons,Bitesize Pouch,2023-12-11,5058,25290.0,5.0,5.0,0.0,0,0,1.155,Northmart|BITES_BUTTONS_POUCH,8.528924114291936,1.6094379124341003,0.14410034397375687,153,0.0,1.7047480922384253,
Northmart,BITES_BUTTONS_POUCH,CRESTLINE,Happy Buttons,Bitesize Pouch,2023-12-18,15709,51054.25,3.25,5.0,35.0,0,0,1.159,Northmart|BITES_BUTTONS_POUCH,9.662052731249666,1.1786549963416462,0.1475575643576147,154,0.0,1.7047480922384253,
Northmart,BITES_BUTTONS_POUCH,CRESTLINE,Happy Buttons,Bitesize Pouch,2023-12-25,11616,46464.0,4.0,5.0,20.0,0,1,1.16,Northmart|BITES_BUTTONS_POUCH,9.360224821513475,1.3862943611198906,0.14842000511827322,155,35.0,1.7047480922384253,
Northmart,BITES_MALT_POUCH,CRESTLINE,Golden Malt,Bitesize Pouch,2021-01-04,13691,60240.4,4.4,5.5,20.0,0,1,1.159,Northmart|BITES_MALT_POUCH,9.524566999650077,1.4816045409242156,0.1475575643576147,0,0.0,1.6094379124341003,
Northmart,BITES_MALT_POUCH,CRESTLINE,Golden Malt,Bitesize Pouch,2021-01-11,4362,23991.0,5.5,5.5,0.0,0,0,1.155,Northmart|BITES_MALT_POUCH,8.38091517312361,1.7047480922384253,0.14410034397375687,1,20.0,1.4469189829363254,
Northmart,BITES_MALT_POUCH,CRESTLINE,Golden Malt,Bitesize Pouch,2021-01-18,13945,49923.1,3.58,5.5,35.0,0,0,1.15,Northmart|BITES_MALT_POUCH,9.542948007780955,1.275362800412609,0.13976194237515863,2,0.0,1.6094379124341003,
Northmart,BITES_MALT_POUCH,CRESTLINE,Golden Malt,Bitesize Pouch,2021-01-25,3582,19701.0,5.5,5.5,0.0,0,0,1.142,Northmart|BITES_MALT_POUCH,8.183955717304954,1.7047480922384253,0.1327811112338184,3,35.0,1.4469189829363254,
Northmart,BITES_MALT_POUCH,CRESTLINE,Golden Malt,Bitesize Pouch,2021-02-01,5023,27626.5,5.5,5.5,0.0,0,0,1.132,Northmart|BITES_MALT_POUCH,8.521981708148035,1.7047480922384253,0.1239859797809911,4,0.0,1.3217558399823195,
Northmart,BITES_MALT_POUCH,CRESTLINE,Golden Malt,Bitesize Pouch,2021-02-08,7516,35174.88,4.68,5.5,15.0,0,0,1.12,Northmart|BITES_MALT_POUCH,8.924922401177469,1.5432981099295553,0.11332868530700327,5,0.0,1.6094379124341003,
Northmart,BITES_MALT_POUCH,CRESTLINE,Golden Malt,Bitesize Pouch,2021-02-15,3993,21961.5,5.5,5.5,0.0,0,0,1.106,Northmart|BITES_MALT_POUCH,8.29254851397576,1.7047480922384253,0.10074990310014315,6,15.0,1.6094379124341003,
Northmart,BITES_MALT_POUCH,CRESTLINE,Golden Malt,Bitesize Pouch,2021-02-22,9846,40565.52,4.12,5.5,25.0,0,0,1.091,Northmart|BITES_MALT_POUCH,9.194922119247803,1.415853163361435,0.08709470685093373,7,0.0,1.6094379124341003,
Northmart,BITES_MALT_POUCH,CRESTLINE,Golden Malt,Bitesize Pouch,2021-03-01,4734,26037.0,5.5,5.5,0.0,0,0,1.074,Northmart|BITES_MALT_POUCH,8.462737005620179,1.7047480922384253,0.071389996086673,8,25.0,1.6094379124341003,
Northmart,BITES_MALT_POUCH,CRESTLINE,Golden Malt,Bitesize Pouch,2021-03-08,5564,30602.0,5.5,5.5,0.0,0,0,1.057,Northmart|BITES_MALT_POUCH,8.624252263709645,1.7047480922384253,0.055434706888100524,9,0.0,1.6094379124341003,
Northmart,BITES_MALT_POUCH,CRESTLINE,Golden Malt,Bitesize Pouch,2021-03-15,6704,33184.8,4.95,5.5,10.0,0,0,1.038,Northmart|BITES_MALT_POUCH,8.81060879571578,1.599387576580599,0.03729578474369693,10,0.0,1.6094379124341003,
Northmart,BITES_MALT_POUCH,CRESTLINE,Golden Malt,Bitesize Pouch,2021-03-22,8833,34007.05,3.85,5.5,30.0,0,0,1.019,Northmart|BITES_MALT_POUCH,9.086363192156472,1.3480731482996928,0.018821754240587667,11,10.0,1.252762968495368,
Northmart,BITES_MALT_POUCH,CRESTLINE,Golden Malt,Bitesize Pouch,2021-03-29,5767,25374.8,4.4,5.5,20.0,0,0,1.0,Northmart|BITES_MALT_POUCH,8.660080678964786,1.4816045409242156,0.0,12,30.0,1.6094379124341003,
Northmart,BITES_MALT_POUCH,CRESTLINE,Golden Malt,Bitesize Pouch,2021-04-05,3718,20449.0,5.5,5.5,0.0,0,0,1.081,Northmart|BITES_MALT_POUCH,8.22121009392507,1.7047480922384253,0.0778865386570712,13,20.0,1.252762968495368,
Northmart,BITES_MALT_POUCH,CRESTLINE,Golden Malt,Bitesize Pouch,2021-04-12,5567,30618.5,5.5,5.5,0.0,0,0,1.062,Northmart|BITES_MALT_POUCH,8.624791202014256,1.7047480922384253,0.060153922819747144,14,0.0,1.6094379124341003,
Northmart,BITES_MALT_POUCH,CRESTLINE,Golden Malt,Bitesize Pouch,2021-04-19,5444,29942.0,5.5,5.5,0.0,0,0,1.043,Northmart|BITES_MALT_POUCH,8.602453035367061,1.7047480922384253,0.042101176018635326,15,0.0,1.6094379124341003,
Northmart,BITES_MALT_POUCH,CRESTLINE,Golden Malt,Bitesize Pouch,2021-04-26,4832,26576.0,5.5,5.5,0.0,0,0,1.026,Northmart|BITES_MALT_POUCH,8.483222671845084,1.7047480922384253,0.025667746748577813,16,0.0,1.6094379124341003,
Northmart,BITES_MALT_POUCH,CRESTLINE,Golden Malt,Bitesize Pouch,2021-05-03,4247,23358.5,5.5,5.5,0.0,0,0,0.909,Northmart|BITES_MALT_POUCH,8.354203562921775,1.7047480922384253,-0.09541018480465818,17,0.0,1.6094379124341003,
Northmart,BITES_MALT_POUCH,CRESTLINE,Golden Malt,Bitesize Pouch,2021-05-10,3835,21092.5,5.5,5.5,0.0,0,0,0.894,Northmart|BITES_MALT_POUCH,8.252185436003328,1.7047480922384253,-0.11204950380862289,18,0.0,1.3217558399823195,
Northmart,BITES_MALT_POUCH,CRESTLINE,Golden Malt,Bitesize Pouch,2021-05-17,8302,31962.7,3.85,5.5,30.0,0,0,0.88,Northmart|BITES_MALT_POUCH,9.02437217426203,1.3480731482996928,-0.12783337150988489,19,0.0,1.6094379124341003,
Northmart,BITES_MALT_POUCH,CRESTLINE,Golden Malt,Bitesize Pouch,2021-05-24,2660,14630.0,5.5,5.5,0.0,0,0,0.868,Northmart|BITES_MALT_POUCH,7.886457270977689,1.7047480922384253,-0.14156356432178688,20,30.0,1.4469189829363254,
Northmart,BITES_MALT_POUCH,CRESTLINE,Golden Malt,Bitesize Pouch,2021-05-31,4539,24964.5,5.5,5.5,0.0,0,0,0.858,Northmart|BITES_MALT_POUCH,8.420682291035394,1.7047480922384253,-0.15315117949417478,21,0.0,1.4469189829363254,
Northmart,BITES_MALT_POUCH,CRESTLINE,Golden Malt,Bitesize Pouch,2021-06-07,4061,22335.5,5.5,5.5,0.0,0,0,0.85,Northmart|BITES_MALT_POUCH,8.30943074214033,1.7047480922384253,-0.16251892949777494,22,0.0,1.6094379124341003,
Northmart,BITES_MALT_POUCH,CRESTLINE,Golden Malt,Bitesize Pouch,2021-06-14,5828,27275.04,4.68,5.5,15.0,0,0,0.845,Northmart|BITES_MALT_POUCH,8.67060073804555,1.5432981099295553,-0.16841865162496325,23,0.0,1.4469189829363254,
Northmart,BITES_MALT_POUCH,CRESTLINE,Golden Malt,Bitesize Pouch,2021-06-21,3400,18700.0,5.5,5.5,0.0,0,0,0.841,Northmart|BITES_MALT_POUCH,8.131824785007195,1.7047480922384253,-0.17316361900918903,24,15.0,1.6094379124341003,
Northmart,BITES_MALT_POUCH,CRESTLINE,Golden Malt,Bitesize Pouch,2021-06-28,8607,33136.95,3.85,5.5,30.0,0,0,0.84,Northmart|BITES_MALT_POUCH,9.060447282401565,1.3480731482996928,-0.1743533871447778,25,0.0,1.6094379124341003,
Northmart,BITES_MALT_POUCH,CRESTLINE,Golden Malt,Bitesize Pouch,2021-07-05,2911,16010.5,5.5,5.5,0.0,0,0,0.841,Northmart|BITES_MALT_POUCH,7.976595409316577,1.7047480922384253,-0.17316361900918903,26,30.0,1.3217558399823195,
Northmart,BITES_MALT_POUCH,CRESTLINE,Golden Malt,Bitesize Pouch,2021-07-12,4400,24200.0,5.5,5.5,0.0,0,0,0.845,Northmart|BITES_MALT_POUCH,8.38958706681109,1.7047480922384253,-0.16841865162496325,27,0.0,1.6094379124341003,
Northmart,BITES_MALT_POUCH,CRESTLINE,Golden Malt,Bitesize Pouch,2021-07-19,3973,21851.5,5.5,5.5,0.0,0,0,0.85,Northmart|BITES_MALT_POUCH,8.287528423111763,1.7047480922384253,-0.16251892949777494,28,0.0,1.6094379124341003,
Northmart,BITES_MALT_POUCH,CRESTLINE,Golden Malt,Bitesize Pouch,2021-07-26,4220,23210.0,5.5,5.5,0.0,0,0,0.858,Northmart|BITES_MALT_POUCH,8.347827345782498,1.7047480922384253,-0.15315117949417478,29,0.0,1.6094379124341003,
Northmart,BITES_MALT_POUCH,CRESTLINE,Golden Malt,Bitesize Pouch,2021-08-02,4074,22407.0,5.5,5.5,0.0,0,0,0.868,Northmart|BITES_MALT_POUCH,8.312626025674962,1.7047480922384253,-0.14156356432178688,30,0.0,1.3862943611198906,
Northmart,BITES_MALT_POUCH,CRESTLINE,Golden Malt,Bitesize Pouch,2021-08-09,5908,27649.44,4.68,5.5,15.0,0,0,0.88,Northmart|BITES_MALT_POUCH,8.684231891345675,1.5432981099295553,-0.12783337150988489,31,0.0,1.6094379124341003,
Northmart,BITES_MALT_POUCH,CRESTLINE,Golden Malt,Bitesize Pouch,2021-08-16,3184,17512.0,5.5,5.5,0.0,0,0,0.894,Northmart|BITES_MALT_POUCH,8.066207568006263,1.7047480922384253,-0.11204950380862289,32,15.0,1.1786549963416462,
Northmart,BITES_MALT_POUCH,CRESTLINE,Golden Malt,Bitesize Pouch,2021-08-23,4229,23259.5,5.5,5.5,0.0,0,0,0.909,Northmart|BITES_MALT_POUCH,8.349957272040324,1.7047480922384253,-0.09541018480465818,33,0.0,1.252762968495368,
Northmart,BITES_MALT_POUCH,CRESTLINE,Golden Malt,Bitesize Pouch,2021-08-30,5124,28182.0,5.5,5.5,0.0,0,0,0.926,Northmart|BITES_MALT_POUCH,8.54188580400661,1.7047480922384253,-0.07688104433595762,34,0.0,1.6094379124341003,
Northmart,BITES_MALT_POUCH,CRESTLINE,Golden Malt,Bitesize Pouch,2021-09-06,5176,28468.0,5.5,5.5,0.0,0,0,0.943,Northmart|BITES_MALT_POUCH,8.551981016901902,1.7047480922384253,-0.05868899634867961,35,0.0,1.6094379124341003,
Northmart,BITES_MALT_POUCH,CRESTLINE,Golden Malt,Bitesize Pouch,2021-09-13,4867,26768.5,5.5,5.5,0.0,0,0,0.962,Northmart|BITES_MALT_POUCH,8.490438454107418,1.7047480922384253,-0.038740828316430595,36,0.0,1.6094379124341003,
Northmart,BITES_MALT_POUCH,CRESTLINE,Golden Malt,Bitesize Pouch,2021-09-20,4333,23831.5,5.5,5.5,0.0,0,0,0.981,Northmart|BITES_MALT_POUCH,8.374246182096304,1.7047480922384253,-0.019182819416773987,37,0.0,1.6094379124341003,
Northmart,BITES_MALT_POUCH,CRESTLINE,Golden Malt,Bitesize Pouch,2021-09-27,5085,27967.5,5.5,5.5,0.0,0,0,1.0,Northmart|BITES_MALT_POUCH,8.534246945982066,1.7047480922384253,0.0,38,0.0,1.6094379124341003,
Northmart,BITES_MALT_POUCH,CRESTLINE,Golden Malt,Bitesize Pouch,2021-10-04,8401,34612.12,4.12,5.5,25.0,0,0,1.019,Northmart|BITES_MALT_POUCH,9.036225051729327,1.415853163361435,0.018821754240587667,39,0.0,1.6094379124341003,
Northmart,BITES_MALT_POUCH,CRESTLINE,Golden Malt,Bitesize Pouch,2021-10-11,3885,21367.5,5.5,5.5,0.0,0,0,1.038,Northmart|BITES_MALT_POUCH,8.265135629937385,1.7047480922384253,0.03729578474369693,40,25.0,1.6094379124341003,
Northmart,BITES_MALT_POUCH,CRESTLINE,Golden Malt,Bitesize Pouch,2021-10-18,4905,26977.5,5.5,5.5,0.0,0,0,1.057,Northmart|BITES_MALT_POUCH,8.498214224818435,1.7047480922384253,0.055434706888100524,41,0.0,1.6094379124341003,
Northmart,BITES_MALT_POUCH,CRESTLINE,Golden Malt,Bitesize Pouch,2021-10-25,6312,31244.4,4.95,5.5,10.0,0,0,1.074,Northmart|BITES_MALT_POUCH,8.750366278367625,1.599387576580599,0.071389996086673,42,0.0,1.6094379124341003,
Northmart,BITES_MALT_POUCH,CRESTLINE,Golden Malt,Bitesize Pouch,2021-11-01,9427,44118.36,4.68,5.5,15.0,0,1,1.091,Northmart|BITES_MALT_POUCH,9.151439264056021,1.5432981099295553,0.08709470685093373,43,10.0,1.6094379124341003,
Northmart,BITES_MALT_POUCH,CRESTLINE,Golden Malt,Bitesize Pouch,2021-11-08,4919,27054.5,5.5,5.5,0.0,0,0,1.106,Northmart|BITES_MALT_POUCH,8.501063809486354,1.7047480922384253,0.10074990310014315,44,15.0,1.6094379124341003,
Northmart,BITES_MALT_POUCH,CRESTLINE,Golden Malt,Bitesize Pouch,2021-11-15,6561,30705.48,4.68,5.5,15.0,0,0,1.12,Northmart|BITES_MALT_POUCH,8.789050713521046,1.5432981099295553,0.11332868530700327,45,0.0,1.6094379124341003,
Northmart,BITES_MALT_POUCH,CRESTLINE,Golden Malt,Bitesize Pouch,2021-11-22,4123,22676.5,5.5,5.5,0.0,0,0,1.132,Northmart|BITES_MALT_POUCH,8.32457884513685,1.7047480922384253,0.1239859797809911,46,15.0,1.6094379124341003,
Northmart,BITES_MALT_POUCH,CRESTLINE,Golden Malt,Bitesize Pouch,2021-11-29,4818,26499.0,5.5,5.5,0.0,0,0,1.142,Northmart|BITES_MALT_POUCH,8.480321716640333,1.7047480922384253,0.1327811112338184,47,0.0,1.252762968495368,
Northmart,BITES_MALT_POUCH,CRESTLINE,Golden Malt,Bitesize Pouch,2021-12-06,6143,33786.5,5.5,5.5,0.0,0,0,1.15,Northmart|BITES_MALT_POUCH,8.723231274827508,1.7047480922384253,0.13976194237515863,48,0.0,1.6094379124341003,
Northmart,BITES_MALT_POUCH,CRESTLINE,Golden Malt,Bitesize Pouch,2021-12-13,9336,41078.4,4.4,5.5,20.0,0,0,1.155,Northmart|BITES_MALT_POUCH,9.141740280483926,1.4816045409242156,0.14410034397375687,49,0.0,1.6094379124341003,
Northmart,BITES_MALT_POUCH,CRESTLINE,Golden Malt,Bitesize Pouch,2021-12-20,3995,21972.5,5.5,5.5,0.0,0,0,1.159,Northmart|BITES_MALT_POUCH,8.293049139768444,1.7047480922384253,0.1475575643576147,50,20.0,1.3217558399823195,
Northmart,BITES_MALT_POUCH,CRESTLINE,Golden Malt,Bitesize Pouch,2021-12-27,9716,45470.88,4.68,5.5,15.0,0,0,1.16,Northmart|BITES_MALT_POUCH,9.181632207839439,1.5432981099295553,0.14842000511827322,51,0.0,1.6094379124341003,
Northmart,BITES_MALT_POUCH,CRESTLINE,Golden Malt,Bitesize Pouch,2022-01-03,4476,24618.0,5.5,5.5,0.0,0,0,1.159,Northmart|BITES_MALT_POUCH,8.406708458240965,1.7047480922384253,0.1475575643576147,52,15.0,1.6094379124341003,
Northmart,BITES_MALT_POUCH,CRESTLINE,Golden Malt,Bitesize Pouch,2022-01-10,5970,32835.0,5.5,5.5,0.0,0,0,1.155,Northmart|BITES_MALT_POUCH,8.694669696546992,1.7047480922384253,0.14410034397375687,53,0.0,1.6094379124341003,
Northmart,BITES_MALT_POUCH,CRESTLINE,Golden Malt,Bitesize Pouch,2022-01-17,5053,27791.5,5.5,5.5,0.0,0,0,1.15,Northmart|BITES_MALT_POUCH,8.52793528794814,1.7047480922384253,0.13976194237515863,54,0.0,1.3217558399823195,
Northmart,BITES_MALT_POUCH,CRESTLINE,Golden Malt,Bitesize Pouch,2022-01-24,5383,29606.5,5.5,5.5,0.0,0,0,1.142,Northmart|BITES_MALT_POUCH,8.591186871324563,1.7047480922384253,0.1327811112338184,55,0.0,1.6094379124341003,
Northmart,BITES_MALT_POUCH,CRESTLINE,Golden Malt,Bitesize Pouch,2022-01-31,5699,31344.5,5.5,5.5,0.0,0,0,1.132,Northmart|BITES_MALT_POUCH,8.648221453822641,1.7047480922384253,0.1239859797809911,56,0.0,1.6094379124341003,
Northmart,BITES_MALT_POUCH,CRESTLINE,Golden Malt,Bitesize Pouch,2022-02-07,5136,28248.0,5.5,5.5,0.0,0,0,1.12,Northmart|BITES_MALT_POUCH,8.544224530467268,1.7047480922384253,0.11332868530700327,57,0.0,1.6094379124341003,
Northmart,BITES_MALT_POUCH,CRESTLINE,Golden Malt,Bitesize Pouch,2022-02-14,13835,57000.2,4.12,5.5,25.0,0,1,1.106,Northmart|BITES_MALT_POUCH,9.53502917005706,1.415853163361435,0.10074990310014315,58,0.0,1.3862943611198906,
Northmart,BITES_MALT_POUCH,CRESTLINE,Golden Malt,Bitesize Pouch,2022-02-21,4178,22979.0,5.5,5.5,0.0,0,0,1.091,Northmart|BITES_MALT_POUCH,8.337827262447915,1.7047480922384253,0.08709470685093373,59,25.0,1.6094379124341003,
Northmart,BITES_MALT_POUCH,CRESTLINE,Golden Malt,Bitesize Pouch,2022-02-28,22655,87221.75,3.85,5.5,30.0,1,0,1.074,Northmart|BITES_MALT_POUCH,10.028179996493446,1.3480731482996928,0.071389996086673,60,0.0,1.6094379124341003,
Northmart,BITES_MALT_POUCH,CRESTLINE,Golden Malt,Bitesize Pouch,2022-03-07,6518,28679.2,4.4,5.5,20.0,0,0,1.057,Northmart|BITES_MALT_POUCH,8.782476268924539,1.4816045409242156,0.055434706888100524,61,30.0,1.6094379124341003,
Northmart,BITES_MALT_POUCH,CRESTLINE,Golden Malt,Bitesize Pouch,2022-03-14,3775,20762.5,5.5,5.5,0.0,0,0,1.038,Northmart|BITES_MALT_POUCH,8.236420527265391,1.7047480922384253,0.03729578474369693,62,20.0,1.6094379124341003,
Northmart,BITES_MALT_POUCH,CRESTLINE,Golden Malt,Bitesize Pouch,2022-03-21,14351,51376.58,3.58,5.5,35.0,0,0,1.019,Northmart|BITES_MALT_POUCH,9.571644584298577,1.275362800412609,0.018821754240587667,63,0.0,1.6094379124341003,
Northmart,BITES_MALT_POUCH,CRESTLINE,Golden Malt,Bitesize Pouch,2022-03-28,3076,16918.0,5.5,5.5,0.0,0,0,1.0,Northmart|BITES_MALT_POUCH,8.031710375322042,1.7047480922384253,0.0,64,35.0,1.4469189829363254,
Northmart,BITES_MALT_POUCH,CRESTLINE,Golden Malt,Bitesize Pouch,2022-04-04,7708,36073.44,4.68,5.5,15.0,0,0,1.081,Northmart|BITES_MALT_POUCH,8.950143756459262,1.5432981099295553,0.0778865386570712,65,0.0,1.6094379124341003,
Northmart,BITES_MALT_POUCH,CRESTLINE,Golden Malt,Bitesize Pouch,2022-04-11,12664,45337.12,3.58,5.5,35.0,0,0,1.062,Northmart|BITES_MALT_POUCH,9.446597562435775,1.275362800412609,0.060153922819747144,66,15.0,1.6094379124341003,
Northmart,BITES_MALT_POUCH,CRESTLINE,Golden Malt,Bitesize Pouch,2022-04-18,3626,19943.0,5.5,5.5,0.0,0,0,1.043,Northmart|BITES_MALT_POUCH,8.196161139282902,1.7047480922384253,0.042101176018635326,67,35.0,1.6094379124341003,
Northmart,BITES_MALT_POUCH,CRESTLINE,Golden Malt,Bitesize Pouch,2022-04-25,5820,32010.0,5.5,5.5,0.0,0,0,1.026,Northmart|BITES_MALT_POUCH,8.669227347271736,1.7047480922384253,0.025667746748577813,68,0.0,1.6094379124341003,
Northmart,BITES_MALT_POUCH,CRESTLINE,Golden Malt,Bitesize Pouch,2022-05-02,7491,32960.4,4.4,5.5,20.0,0,0,0.909,Northmart|BITES_MALT_POUCH,8.921591063563978,1.4816045409242156,-0.09541018480465818,69,0.0,1.6094379124341003,
Northmart,BITES_MALT_POUCH,CRESTLINE,Golden Malt,Bitesize Pouch,2022-05-09,3793,20861.5,5.5,5.5,0.0,0,0,0.894,Northmart|BITES_MALT_POUCH,8.24117615049496,1.7047480922384253,-0.11204950380862289,70,20.0,1.6094379124341003,
Northmart,BITES_MALT_POUCH,CRESTLINE,Golden Malt,Bitesize Pouch,2022-05-16,4751,26130.5,5.5,5.5,0.0,0,0,0.88,Northmart|BITES_MALT_POUCH,8.466320861042481,1.7047480922384253,-0.12783337150988489,71,0.0,1.6094379124341003,
Northmart,BITES_MALT_POUCH,CRESTLINE,Golden Malt,Bitesize Pouch,2022-05-23,3804,20922.0,5.5,5.5,0.0,0,0,0.868,Northmart|BITES_MALT_POUCH,8.244071270295786,1.7047480922384253,-0.14156356432178688,72,0.0,1.252762968495368,
Northmart,BITES_MALT_POUCH,CRESTLINE,Golden Malt,Bitesize Pouch,2022-05-30,4159,22874.5,5.5,5.5,0.0,0,0,0.858,Northmart|BITES_MALT_POUCH,8.333270353255308,1.7047480922384253,-0.15315117949417478,73,0.0,1.6094379124341003,
Northmart,BITES_MALT_POUCH,CRESTLINE,Golden Malt,Bitesize Pouch,2022-06-06,4217,23193.5,5.5,5.5,0.0,0,0,0.85,Northmart|BITES_MALT_POUCH,8.34711636103872,1.7047480922384253,-0.16251892949777494,74,0.0,1.3217558399823195,
Northmart,BITES_MALT_POUCH,CRESTLINE,Golden Malt,Bitesize Pouch,2022-06-13,4121,22665.5,5.5,5.5,0.0,0,0,0.845,Northmart|BITES_MALT_POUCH,8.324093761450404,1.7047480922384253,-0.16841865162496325,75,0.0,1.6094379124341003,
Northmart,BITES_MALT_POUCH,CRESTLINE,Golden Malt,Bitesize Pouch,2022-06-20,4396,24178.0,5.5,5.5,0.0,0,0,0.841,Northmart|BITES_MALT_POUCH,8.388677769180811,1.7047480922384253,-0.17316361900918903,76,0.0,1.6094379124341003,
Northmart,BITES_MALT_POUCH,CRESTLINE,Golden Malt,Bitesize Pouch,2022-06-27,4363,23996.5,5.5,5.5,0.0,0,0,0.84,Northmart|BITES_MALT_POUCH,8.381144346952961,1.7047480922384253,-0.1743533871447778,77,0.0,1.6094379124341003,
Northmart,BITES_MALT_POUCH,CRESTLINE,Golden Malt,Bitesize Pouch,2022-07-04,9814,45929.52,4.68,5.5,15.0,1,0,0.841,Northmart|BITES_MALT_POUCH,9.191667106710561,1.5432981099295553,-0.17316361900918903,78,0.0,1.6094379124341003,
Northmart,BITES_MALT_POUCH,CRESTLINE,Golden Malt,Bitesize Pouch,2022-07-11,3945,21697.5,5.5,5.5,0.0,0,0,0.845,Northmart|BITES_MALT_POUCH,8.28045768658256,1.7047480922384253,-0.16841865162496325,79,15.0,1.6094379124341003,
Northmart,BITES_MALT_POUCH,CRESTLINE,Golden Malt,Bitesize Pouch,2022-07-18,4380,24090.0,5.5,5.5,0.0,0,0,0.85,Northmart|BITES_MALT_POUCH,8.385032287813898,1.7047480922384253,-0.16251892949777494,80,0.0,1.5040773967762742,
Northmart,BITES_MALT_POUCH,CRESTLINE,Golden Malt,Bitesize Pouch,2022-07-25,4427,24348.5,5.5,5.5,0.0,0,0,0.858,Northmart|BITES_MALT_POUCH,8.395703293828527,1.7047480922384253,-0.15315117949417478,81,0.0,1.6094379124341003,
Northmart,BITES_MALT_POUCH,CRESTLINE,Golden Malt,Bitesize Pouch,2022-08-01,12350,47547.5,3.85,5.5,30.0,0,1,0.868,Northmart|BITES_MALT_POUCH,9.421492310438014,1.3480731482996928,-0.14156356432178688,82,0.0,1.6094379124341003,
Northmart,BITES_MALT_POUCH,CRESTLINE,Golden Malt,Bitesize Pouch,2022-08-08,17162,66073.7,3.85,5.5,30.0,1,1,0.88,Northmart|BITES_MALT_POUCH,9.750511182936638,1.3480731482996928,-0.12783337150988489,83,30.0,1.6094379124341003,
Northmart,BITES_MALT_POUCH,CRESTLINE,Golden Malt,Bitesize Pouch,2022-08-15,3002,16511.0,5.5,5.5,0.0,0,0,0.894,Northmart|BITES_MALT_POUCH,8.00736706798333,1.7047480922384253,-0.11204950380862289,84,30.0,1.252762968495368,
Northmart,BITES_MALT_POUCH,CRESTLINE,Golden Malt,Bitesize Pouch,2022-08-22,6898,32282.64,4.68,5.5,15.0,0,0,0.909,Northmart|BITES_MALT_POUCH,8.839131752546109,1.5432981099295553,-0.09541018480465818,85,0.0,1.6094379124341003,
Northmart,BITES_MALT_POUCH,CRESTLINE,Golden Malt,Bitesize Pouch,2022-08-29,3693,20311.5,5.5,5.5,0.0,0,0,0.926,Northmart|BITES_MALT_POUCH,8.214465160759186,1.7047480922384253,-0.07688104433595762,86,15.0,1.4469189829363254,
Northmart,BITES_MALT_POUCH,CRESTLINE,Golden Malt,Bitesize Pouch,2022-09-05,5244,28842.0,5.5,5.5,0.0,0,0,0.943,Northmart|BITES_MALT_POUCH,8.565030520830398,1.7047480922384253,-0.05868899634867961,87,0.0,1.6094379124341003,
Northmart,BITES_MALT_POUCH,CRESTLINE,Golden Malt,Bitesize Pouch,2022-09-12,4260,23430.0,5.5,5.5,0.0,0,0,0.962,Northmart|BITES_MALT_POUCH,8.357259153499912,1.7047480922384253,-0.038740828316430595,88,0.0,1.6094379124341003,
Northmart,BITES_MALT_POUCH,CRESTLINE,Golden Malt,Bitesize Pouch,2022-09-19,11028,51611.04,4.68,5.5,15.0,1,0,0.981,Northmart|BITES_MALT_POUCH,9.308283446306147,1.5432981099295553,-0.019182819416773987,89,0.0,1.6094379124341003,
Northmart,BITES_MALT_POUCH,CRESTLINE,Golden Malt,Bitesize Pouch,2022-09-26,5685,26605.8,4.68,5.5,15.0,0,0,1.0,Northmart|BITES_MALT_POUCH,8.645762292210945,1.5432981099295553,0.0,90,15.0,1.6094379124341003,
Northmart,BITES_MALT_POUCH,CRESTLINE,Golden Malt,Bitesize Pouch,2022-10-03,7676,31625.12,4.12,5.5,25.0,0,0,1.019,Northmart|BITES_MALT_POUCH,8.945984124827898,1.415853163361435,0.018821754240587667,91,15.0,1.252762968495368,
Northmart,BITES_MALT_POUCH,CRESTLINE,Golden Malt,Bitesize Pouch,2022-10-10,3901,21455.5,5.5,5.5,0.0,0,0,1.038,Northmart|BITES_MALT_POUCH,8.269244521183056,1.7047480922384253,0.03729578474369693,92,25.0,1.4469189829363254,
Northmart,BITES_MALT_POUCH,CRESTLINE,Golden Malt,Bitesize Pouch,2022-10-17,6931,32437.08,4.68,5.5,15.0,0,0,1.057,Northmart|BITES_MALT_POUCH,8.843903650835497,1.5432981099295553,0.055434706888100524,93,0.0,1.3217558399823195,
Northmart,BITES_MALT_POUCH,CRESTLINE,Golden Malt,Bitesize Pouch,2022-10-24,9966,38369.1,3.85,5.5,30.0,0,0,1.074,Northmart|BITES_MALT_POUCH,9.207034914967457,1.3480731482996928,0.071389996086673,94,15.0,1.6094379124341003,
Northmart,BITES_MALT_POUCH,CRESTLINE,Golden Malt,Bitesize Pouch,2022-10-31,6465,32001.75,4.95,5.5,10.0,0,1,1.091,Northmart|BITES_MALT_POUCH,8.774312958285378,1.599387576580599,0.08709470685093373,95,30.0,1.3862943611198906,
Northmart,BITES_MALT_POUCH,CRESTLINE,Golden Malt,Bitesize Pouch,2022-11-07,4314,23727.0,5.5,5.5,0.0,0,0,1.106,Northmart|BITES_MALT_POUCH,8.36985260351753,1.7047480922384253,0.10074990310014315,96,10.0,1.6094379124341003,
Northmart,BITES_MALT_POUCH,CRESTLINE,Golden Malt,Bitesize Pouch,2022-11-14,4944,27192.0,5.5,5.5,0.0,0,0,1.12,Northmart|BITES_MALT_POUCH,8.506132244056813,1.7047480922384253,0.11332868530700327,97,0.0,1.3862943611198906,
Northmart,BITES_MALT_POUCH,CRESTLINE,Golden Malt,Bitesize Pouch,2022-11-21,5266,28963.0,5.5,5.5,0.0,0,0,1.132,Northmart|BITES_MALT_POUCH,8.569216219483389,1.7047480922384253,0.1239859797809911,98,0.0,1.3862943611198906,
Northmart,BITES_MALT_POUCH,CRESTLINE,Golden Malt,Bitesize Pouch,2022-11-28,5094,28017.0,5.5,5.5,0.0,0,0,1.142,Northmart|BITES_MALT_POUCH,8.536014945656826,1.7047480922384253,0.1327811112338184,99,0.0,1.1786549963416462,
Northmart,BITES_MALT_POUCH,CRESTLINE,Golden Malt,Bitesize Pouch,2022-12-05,17643,77629.2,4.4,5.5,20.0,1,0,1.15,Northmart|BITES_MALT_POUCH,9.77815106122483,1.4816045409242156,0.13976194237515863,100,0.0,1.6094379124341003,
Northmart,BITES_MALT_POUCH,CRESTLINE,Golden Malt,Bitesize Pouch,2022-12-12,5085,27967.5,5.5,5.5,0.0,0,0,1.155,Northmart|BITES_MALT_POUCH,8.534246945982066,1.7047480922384253,0.14410034397375687,101,20.0,1.6094379124341003,
Northmart,BITES_MALT_POUCH,CRESTLINE,Golden Malt,Bitesize Pouch,2022-12-19,5510,30305.0,5.5,5.5,0.0,0,0,1.159,Northmart|BITES_MALT_POUCH,8.614501373883236,1.7047480922384253,0.1475575643576147,102,0.0,1.6094379124341003,
Northmart,BITES_MALT_POUCH,CRESTLINE,Golden Malt,Bitesize Pouch,2022-12-26,6004,33022.0,5.5,5.5,0.0,0,0,1.16,Northmart|BITES_MALT_POUCH,8.700347734514084,1.7047480922384253,0.14842000511827322,103,0.0,1.6094379124341003,
Northmart,BITES_MALT_POUCH,CRESTLINE,Golden Malt,Bitesize Pouch,2023-01-02,5477,30123.5,5.5,5.5,0.0,0,0,1.159,Northmart|BITES_MALT_POUCH,8.608495349823023,1.7047480922384253,0.1475575643576147,104,0.0,1.6094379124341003,
Northmart,BITES_MALT_POUCH,CRESTLINE,Golden Malt,Bitesize Pouch,2023-01-09,5925,32587.5,5.5,5.5,0.0,0,0,1.155,Northmart|BITES_MALT_POUCH,8.68710472813351,1.7047480922384253,0.14410034397375687,105,0.0,1.6094379124341003,
Northmart,BITES_MALT_POUCH,CRESTLINE,Golden Malt,Bitesize Pouch,2023-01-16,6208,34144.0,5.5,5.5,0.0,0,0,1.15,Northmart|BITES_MALT_POUCH,8.733755131364893,1.7047480922384253,0.13976194237515863,106,0.0,1.6094379124341003,
Northmart,BITES_MALT_POUCH,CRESTLINE,Golden Malt,Bitesize Pouch,2023-01-23,19650,75652.5,3.85,5.5,30.0,1,0,1.142,Northmart|BITES_MALT_POUCH,9.885883506587767,1.3480731482996928,0.1327811112338184,107,0.0,1.6094379124341003,
Northmart,BITES_MALT_POUCH,CRESTLINE,Golden Malt,Bitesize Pouch,2023-01-30,15334,59035.9,3.85,5.5,30.0,0,1,1.132,Northmart|BITES_MALT_POUCH,9.637893076548352,1.3480731482996928,0.1239859797809911,108,30.0,1.6094379124341003,
Northmart,BITES_MALT_POUCH,CRESTLINE,Golden Malt,Bitesize Pouch,2023-02-06,13226,54491.12,4.12,5.5,25.0,1,0,1.12,Northmart|BITES_MALT_POUCH,9.490015474026047,1.415853163361435,0.11332868530700327,109,30.0,1.6094379124341003,
Northmart,BITES_MALT_POUCH,CRESTLINE,Golden Malt,Bitesize Pouch,2023-02-13,4125,22687.5,5.5,5.5,0.0,0,0,1.106,Northmart|BITES_MALT_POUCH,8.325063693631197,1.7047480922384253,0.10074990310014315,110,25.0,1.4469189829363254,
Northmart,BITES_MALT_POUCH,CRESTLINE,Golden Malt,Bitesize Pouch,2023-02-20,22322,79912.76,3.58,5.5,35.0,1,0,1.091,Northmart|BITES_MALT_POUCH,10.01337281606537,1.275362800412609,0.08709470685093373,111,0.0,1.6094379124341003,
Northmart,BITES_MALT_POUCH,CRESTLINE,Golden Malt,Bitesize Pouch,2023-02-27,3693,20311.5,5.5,5.5,0.0,0,0,1.074,Northmart|BITES_MALT_POUCH,8.214465160759186,1.7047480922384253,0.071389996086673,112,35.0,1.252762968495368,
Northmart,BITES_MALT_POUCH,CRESTLINE,Golden Malt,Bitesize Pouch,2023-03-06,5229,28759.5,5.5,5.5,0.0,0,0,1.057,Northmart|BITES_MALT_POUCH,8.56216655705897,1.7047480922384253,0.055434706888100524,113,0.0,1.6094379124341003,
Northmart,BITES_MALT_POUCH,CRESTLINE,Golden Malt,Bitesize Pouch,2023-03-13,11500,44275.0,3.85,5.5,30.0,0,0,1.038,Northmart|BITES_MALT_POUCH,9.350189267092581,1.3480731482996928,0.03729578474369693,114,0.0,1.6094379124341003,
Northmart,BITES_MALT_POUCH,CRESTLINE,Golden Malt,Bitesize Pouch,2023-03-20,3373,18551.5,5.5,5.5,0.0,0,0,1.019,Northmart|BITES_MALT_POUCH,8.123854263105914,1.7047480922384253,0.018821754240587667,115,30.0,1.1786549963416462,
Northmart,BITES_MALT_POUCH,CRESTLINE,Golden Malt,Bitesize Pouch,2023-03-27,5809,31949.5,5.5,5.5,0.0,0,0,1.0,Northmart|BITES_MALT_POUCH,8.667335849845957,1.7047480922384253,0.0,116,0.0,1.6094379124341003,
Northmart,BITES_MALT_POUCH,CRESTLINE,Golden Malt,Bitesize Pouch,2023-04-03,5152,28336.0,5.5,5.5,0.0,0,0,1.081,Northmart|BITES_MALT_POUCH,8.547334348328224,1.7047480922384253,0.0778865386570712,117,0.0,1.6094379124341003,
Northmart,BITES_MALT_POUCH,CRESTLINE,Golden Malt,Bitesize Pouch,2023-04-10,5627,30948.5,5.5,5.5,0.0,0,0,1.062,Northmart|BITES_MALT_POUCH,8.63550941823428,1.7047480922384253,0.060153922819747144,118,0.0,1.4469189829363254,
Northmart,BITES_MALT_POUCH,CRESTLINE,Golden Malt,Bitesize Pouch,2023-04-17,21571,83048.35,3.85,5.5,30.0,1,0,1.043,Northmart|BITES_MALT_POUCH,9.979151456457117,1.3480731482996928,0.042101176018635326,119,0.0,1.6094379124341003,
Northmart,BITES_MALT_POUCH,CRESTLINE,Golden Malt,Bitesize Pouch,2023-04-24,3316,18238.0,5.5,5.5,0.0,0,0,1.026,Northmart|BITES_MALT_POUCH,8.106816038947052,1.7047480922384253,0.025667746748577813,120,30.0,1.252762968495368,
Northmart,BITES_MALT_POUCH,CRESTLINE,Golden Malt,Bitesize Pouch,2023-05-01,4560,25080.0,5.5,5.5,0.0,0,0,0.909,Northmart|BITES_MALT_POUCH,8.4252971767117,1.7047480922384253,-0.09541018480465818,121,0.0,1.6094379124341003,
Northmart,BITES_MALT_POUCH,CRESTLINE,Golden Malt,Bitesize Pouch,2023-05-08,4153,22841.5,5.5,5.5,0.0,0,0,0.894,Northmart|BITES_MALT_POUCH,8.331827004436057,1.7047480922384253,-0.11204950380862289,122,0.0,1.1786549963416462,
Northmart,BITES_MALT_POUCH,CRESTLINE,Golden Malt,Bitesize Pouch,2023-05-15,4677,25723.5,5.5,5.5,0.0,0,0,0.88,Northmart|BITES_MALT_POUCH,8.450625947144124,1.7047480922384253,-0.12783337150988489,123,0.0,1.6094379124341003,
Northmart,BITES_MALT_POUCH,CRESTLINE,Golden Malt,Bitesize Pouch,2023-05-22,4476,24618.0,5.5,5.5,0.0,0,0,0.868,Northmart|BITES_MALT_POUCH,8.406708458240965,1.7047480922384253,-0.14156356432178688,124,0.0,1.6094379124341003,
Northmart,BITES_MALT_POUCH,CRESTLINE,Golden Malt,Bitesize Pouch,2023-05-29,4539,24964.5,5.5,5.5,0.0,0,0,0.858,Northmart|BITES_MALT_POUCH,8.420682291035394,1.7047480922384253,-0.15315117949417478,125,0.0,1.6094379124341003,
Northmart,BITES_MALT_POUCH,CRESTLINE,Golden Malt,Bitesize Pouch,2023-06-05,4447,24458.5,5.5,5.5,0.0,0,0,0.85,Northmart|BITES_MALT_POUCH,8.400209835930418,1.7047480922384253,-0.16251892949777494,126,0.0,1.5040773967762742,
Northmart,BITES_MALT_POUCH,CRESTLINE,Golden Malt,Bitesize Pouch,2023-06-12,4389,24139.5,5.5,5.5,0.0,0,0,0.845,Northmart|BITES_MALT_POUCH,8.387084506069217,1.7047480922384253,-0.16841865162496325,127,0.0,1.6094379124341003,
Northmart,BITES_MALT_POUCH,CRESTLINE,Golden Malt,Bitesize Pouch,2023-06-19,4559,25074.5,5.5,5.5,0.0,0,0,0.841,Northmart|BITES_MALT_POUCH,8.425077902508432,1.7047480922384253,-0.17316361900918903,128,0.0,1.6094379124341003,
Northmart,BITES_MALT_POUCH,CRESTLINE,Golden Malt,Bitesize Pouch,2023-06-26,7283,30005.96,4.12,5.5,25.0,0,0,0.84,Northmart|BITES_MALT_POUCH,8.8934354408475,1.415853163361435,-0.1743533871447778,129,0.0,1.6094379124341003,
Northmart,BITES_MALT_POUCH,CRESTLINE,Golden Malt,Bitesize Pouch,2023-07-03,6790,26141.5,3.85,5.5,30.0,0,0,0.841,Northmart|BITES_MALT_POUCH,8.823353485113792,1.3480731482996928,-0.17316361900918903,130,25.0,1.6094379124341003,
Northmart,BITES_MALT_POUCH,CRESTLINE,Golden Malt,Bitesize Pouch,2023-07-10,3492,19206.0,5.5,5.5,0.0,0,0,0.845,Northmart|BITES_MALT_POUCH,8.158516244806831,1.7047480922384253,-0.16841865162496325,131,30.0,1.6094379124341003,
Northmart,BITES_MALT_POUCH,CRESTLINE,Golden Malt,Bitesize Pouch,2023-07-17,4489,24689.5,5.5,5.5,0.0,0,0,0.85,Northmart|BITES_MALT_POUCH,8.4096079807363,1.7047480922384253,-0.16251892949777494,132,0.0,1.6094379124341003,
Northmart,BITES_MALT_POUCH,CRESTLINE,Golden Malt,Bitesize Pouch,2023-07-24,4206,23133.0,5.5,5.5,0.0,0,0,0.858,Northmart|BITES_MALT_POUCH,8.344505083590521,1.7047480922384253,-0.15315117949417478,133,0.0,1.6094379124341003,
Northmart,BITES_MALT_POUCH,CRESTLINE,Golden Malt,Bitesize Pouch,2023-07-31,4269,23479.5,5.5,5.5,0.0,0,0,0.868,Northmart|BITES_MALT_POUCH,8.35936910622267,1.7047480922384253,-0.14156356432178688,134,0.0,1.1786549963416462,
Northmart,BITES_MALT_POUCH,CRESTLINE,Golden Malt,Bitesize Pouch,2023-08-07,4077,22423.5,5.5,5.5,0.0,0,0,0.88,Northmart|BITES_MALT_POUCH,8.3133619511344,1.7047480922384253,-0.12783337150988489,135,0.0,1.6094379124341003,
Northmart,BITES_MALT_POUCH,CRESTLINE,Golden Malt,Bitesize Pouch,2023-08-14,4164,22902.0,5.5,5.5,0.0,0,0,0.894,Northmart|BITES_MALT_POUCH,8.334471554600944,1.7047480922384253,-0.11204950380862289,136,0.0,1.252762968495368,
Northmart,BITES_MALT_POUCH,CRESTLINE,Golden Malt,Bitesize Pouch,2023-08-21,4457,24513.5,5.5,5.5,0.0,0,0,0.909,Northmart|BITES_MALT_POUCH,8.402455513945814,1.7047480922384253,-0.09541018480465818,137,0.0,1.1786549963416462,
Northmart,BITES_MALT_POUCH,CRESTLINE,Golden Malt,Bitesize Pouch,2023-08-28,4364,24002.0,5.5,5.5,0.0,0,0,0.926,Northmart|BITES_MALT_POUCH,8.381373468273702,1.7047480922384253,-0.07688104433595762,138,0.0,1.6094379124341003,
Northmart,BITES_MALT_POUCH,CRESTLINE,Golden Malt,Bitesize Pouch,2023-09-04,10905,39039.9,3.58,5.5,35.0,0,0,0.943,Northmart|BITES_MALT_POUCH,9.297068375486006,1.275362800412609,-0.05868899634867961,139,0.0,1.252762968495368,
Northmart,BITES_MALT_POUCH,CRESTLINE,Golden Malt,Bitesize Pouch,2023-09-11,3583,19706.5,5.5,5.5,0.0,0,0,0.962,Northmart|BITES_MALT_POUCH,8.18423477409482,1.7047480922384253,-0.038740828316430595,140,35.0,1.6094379124341003,
Northmart,BITES_MALT_POUCH,CRESTLINE,Golden Malt,Bitesize Pouch,2023-09-18,4952,27236.0,5.5,5.5,0.0,0,0,0.981,Northmart|BITES_MALT_POUCH,8.507748732588238,1.7047480922384253,-0.019182819416773987,141,0.0,1.6094379124341003,
Northmart,BITES_MALT_POUCH,CRESTLINE,Golden Malt,Bitesize Pouch,2023-09-25,9913,40841.56,4.12,5.5,25.0,0,0,1.0,Northmart|BITES_MALT_POUCH,9.20170317858052,1.415853163361435,0.0,142,0.0,1.6094379124341003,
Northmart,BITES_MALT_POUCH,CRESTLINE,Golden Malt,Bitesize Pouch,2023-10-02,4347,23908.5,5.5,5.5,0.0,0,0,1.019,Northmart|BITES_MALT_POUCH,8.3774712482411,1.7047480922384253,0.018821754240587667,143,25.0,1.6094379124341003,
Northmart,BITES_MALT_POUCH,CRESTLINE,Golden Malt,Bitesize Pouch,2023-10-09,5731,31520.5,5.5,5.5,0.0,0,0,1.038,Northmart|BITES_MALT_POUCH,8.653819788948063,1.7047480922384253,0.03729578474369693,144,0.0,1.6094379124341003,
Northmart,BITES_MALT_POUCH,CRESTLINE,Golden Malt,Bitesize Pouch,2023-10-16,17480,67298.0,3.85,5.5,30.0,0,1,1.057,Northmart|BITES_MALT_POUCH,9.768869855811184,1.3480731482996928,0.055434706888100524,145,0.0,1.6094379124341003,
Northmart,BITES_MALT_POUCH,CRESTLINE,Golden Malt,Bitesize Pouch,2023-10-23,8157,31404.45,3.85,5.5,30.0,0,0,1.074,Northmart|BITES_MALT_POUCH,9.006754319877503,1.3480731482996928,0.071389996086673,146,30.0,1.6094379124341003,
Northmart,BITES_MALT_POUCH,CRESTLINE,Golden Malt,Bitesize Pouch,2023-10-30,4481,24645.5,5.5,5.5,0.0,0,0,1.091,Northmart|BITES_MALT_POUCH,8.407824654360873,1.7047480922384253,0.08709470685093373,147,30.0,1.6094379124341003,
Northmart,BITES_MALT_POUCH,CRESTLINE,Golden Malt,Bitesize Pouch,2023-11-06,5141,28275.5,5.5,5.5,0.0,0,0,1.106,Northmart|BITES_MALT_POUCH,8.545197387825835,1.7047480922384253,0.10074990310014315,148,0.0,1.6094379124341003,
Northmart,BITES_MALT_POUCH,CRESTLINE,Golden Malt,Bitesize Pouch,2023-11-13,7192,35600.4,4.95,5.5,10.0,0,0,1.12,Northmart|BITES_MALT_POUCH,8.880863609867356,1.599387576580599,0.11332868530700327,149,0.0,1.6094379124341003,
Northmart,BITES_MALT_POUCH,CRESTLINE,Golden Malt,Bitesize Pouch,2023-11-20,23897,85551.26,3.58,5.5,35.0,1,0,1.132,Northmart|BITES_MALT_POUCH,10.0815500524097,1.275362800412609,0.1239859797809911,150,10.0,1.6094379124341003,
Northmart,BITES_MALT_POUCH,CRESTLINE,Golden Malt,Bitesize Pouch,2023-11-27,3856,21208.0,5.5,5.5,0.0,0,0,1.142,Northmart|BITES_MALT_POUCH,8.257644958208228,1.7047480922384253,0.1327811112338184,151,35.0,1.6094379124341003,
Northmart,BITES_MALT_POUCH,CRESTLINE,Golden Malt,Bitesize Pouch,2023-12-04,6100,33550.0,5.5,5.5,0.0,0,0,1.15,Northmart|BITES_MALT_POUCH,8.716207971151853,1.7047480922384253,0.13976194237515863,152,0.0,1.6094379124341003,
Northmart,BITES_MALT_POUCH,CRESTLINE,Golden Malt,Bitesize Pouch,2023-12-11,5654,31097.0,5.5,5.5,0.0,0,0,1.155,Northmart|BITES_MALT_POUCH,8.640295388550221,1.7047480922384253,0.14410034397375687,153,0.0,1.6094379124341003,
Northmart,BITES_MALT_POUCH,CRESTLINE,Golden Malt,Bitesize Pouch,2023-12-18,5656,31108.0,5.5,5.5,0.0,0,0,1.159,Northmart|BITES_MALT_POUCH,8.640648995343156,1.7047480922384253,0.1475575643576147,154,0.0,1.1786549963416462,
Northmart,BITES_MALT_POUCH,CRESTLINE,Golden Malt,Bitesize Pouch,2023-12-25,6035,33192.5,5.5,5.5,0.0,0,0,1.16,Northmart|BITES_MALT_POUCH,8.70549681988774,1.7047480922384253,0.14842000511827322,155,0.0,1.3862943611198906,
Northmart,CLASSIC_DAIRY_BLOCK,HARTWELL,Hartwell Dairy,Block,2021-01-04,12199,48796.0,4.0,4.0,0.0,0,0,1.159,Northmart|CLASSIC_DAIRY_BLOCK,9.409191230721348,1.3862943611198906,0.1475575643576147,0,0.0,1.6094379124341003,1.4816045409242156
Northmart,CLASSIC_DAIRY_BLOCK,HARTWELL,Hartwell Dairy,Block,2021-01-11,18221,58307.2,3.2,4.0,20.0,0,0,1.155,Northmart|CLASSIC_DAIRY_BLOCK,9.810384934273804,1.1631508098056809,0.14410034397375687,1,0.0,1.6094379124341003,1.7047480922384253
Northmart,CLASSIC_DAIRY_BLOCK,HARTWELL,Hartwell Dairy,Block,2021-01-18,8762,35048.0,4.0,4.0,0.0,0,0,1.15,Northmart|CLASSIC_DAIRY_BLOCK,9.07829359105585,1.3862943611198906,0.13976194237515863,2,20.0,1.6094379124341003,1.275362800412609
Northmart,CLASSIC_DAIRY_BLOCK,HARTWELL,Hartwell Dairy,Block,2021-01-25,20377,69281.8,3.4,4.0,15.0,0,1,1.142,Northmart|CLASSIC_DAIRY_BLOCK,9.92221116653423,1.2237754316221157,0.1327811112338184,3,0.0,1.3862943611198906,1.7047480922384253
Northmart,CLASSIC_DAIRY_BLOCK,HARTWELL,Hartwell Dairy,Block,2021-02-01,23439,65629.2,2.8,4.0,30.0,0,0,1.132,Northmart|CLASSIC_DAIRY_BLOCK,10.06219924369095,1.0296194171811581,0.1239859797809911,4,15.0,1.6094379124341003,1.7047480922384253
Northmart,CLASSIC_DAIRY_BLOCK,HARTWELL,Hartwell Dairy,Block,2021-02-08,7643,30572.0,4.0,4.0,0.0,0,0,1.12,Northmart|CLASSIC_DAIRY_BLOCK,8.941676305360163,1.3862943611198906,0.11332868530700327,5,30.0,1.6094379124341003,1.5432981099295553
Northmart,CLASSIC_DAIRY_BLOCK,HARTWELL,Hartwell Dairy,Block,2021-02-15,25720,72016.0,2.8,4.0,30.0,0,0,1.106,Northmart|CLASSIC_DAIRY_BLOCK,10.155063057844572,1.0296194171811581,0.10074990310014315,6,0.0,1.6094379124341003,1.7047480922384253
Northmart,CLASSIC_DAIRY_BLOCK,HARTWELL,Hartwell Dairy,Block,2021-02-22,11541,39239.4,3.4,4.0,15.0,0,0,1.091,Northmart|CLASSIC_DAIRY_BLOCK,9.353747835270912,1.2237754316221157,0.08709470685093373,7,30.0,1.6094379124341003,1.415853163361435
Northmart,CLASSIC_DAIRY_BLOCK,HARTWELL,Hartwell Dairy,Block,2021-03-01,8347,33388.0,4.0,4.0,0.0,0,0,1.074,Northmart|CLASSIC_DAIRY_BLOCK,9.02977726819709,1.3862943611198906,0.071389996086673,8,15.0,1.5040773967762742,1.7047480922384253
Northmart,CLASSIC_DAIRY_BLOCK,HARTWELL,Hartwell Dairy,Block,2021-03-08,10878,43512.0,4.0,4.0,0.0,0,0,1.057,Northmart|CLASSIC_DAIRY_BLOCK,9.294589604421082,1.3862943611198906,0.055434706888100524,9,0.0,1.6094379124341003,1.7047480922384253
Northmart,CLASSIC_DAIRY_BLOCK,HARTWELL,Hartwell Dairy,Block,2021-03-15,8480,33920.0,4.0,4.0,0.0,0,0,1.038,Northmart|CLASSIC_DAIRY_BLOCK,9.0455836463617,1.3862943611198906,0.03729578474369693,10,0.0,1.6094379124341003,1.599387576580599
Northmart,CLASSIC_DAIRY_BLOCK,HARTWELL,Hartwell Dairy,Block,2021-03-22,9117,36468.0,4.0,4.0,0.0,0,0,1.019,Northmart|CLASSIC_DAIRY_BLOCK,9.118005760773388,1.3862943611198906,0.018821754240587667,11,0.0,1.252762968495368,1.3480731482996928
Northmart,CLASSIC_DAIRY_BLOCK,HARTWELL,Hartwell Dairy,Block,2021-03-29,9848,39392.0,4.0,4.0,0.0,0,0,1.0,Northmart|CLASSIC_DAIRY_BLOCK,9.195125206169703,1.3862943611198906,0.0,12,0.0,1.4469189829363254,1.4816045409242156
Northmart,CLASSIC_DAIRY_BLOCK,HARTWELL,Hartwell Dairy,Block,2021-04-05,10787,43148.0,4.0,4.0,0.0,0,0,1.081,Northmart|CLASSIC_DAIRY_BLOCK,9.28618968425962,1.3862943611198906,0.0778865386570712,13,0.0,1.6094379124341003,1.7047480922384253
Northmart,CLASSIC_DAIRY_BLOCK,HARTWELL,Hartwell Dairy,Block,2021-04-12,9605,38420.0,4.0,4.0,0.0,0,0,1.062,Northmart|CLASSIC_DAIRY_BLOCK,9.17014318222477,1.3862943611198906,0.060153922819747144,14,0.0,1.6094379124341003,1.7047480922384253
Northmart,CLASSIC_DAIRY_BLOCK,HARTWELL,Hartwell Dairy,Block,2021-04-19,9621,38484.0,4.0,4.0,0.0,0,0,1.043,Northmart|CLASSIC_DAIRY_BLOCK,9.171807422259398,1.3862943611198906,0.042101176018635326,15,0.0,1.6094379124341003,1.7047480922384253
Northmart,CLASSIC_DAIRY_BLOCK,HARTWELL,Hartwell Dairy,Block,2021-04-26,10002,40008.0,4.0,4.0,0.0,0,0,1.026,Northmart|CLASSIC_DAIRY_BLOCK,9.21064032698518,1.3862943611198906,0.025667746748577813,16,0.0,1.6094379124341003,1.7047480922384253
Northmart,CLASSIC_DAIRY_BLOCK,HARTWELL,Hartwell Dairy,Block,2021-05-03,24311,72933.0,3.0,4.0,25.0,0,1,0.909,Northmart|CLASSIC_DAIRY_BLOCK,10.09872533459663,1.0986122886681098,-0.09541018480465818,17,0.0,1.6094379124341003,1.7047480922384253
Northmart,CLASSIC_DAIRY_BLOCK,HARTWELL,Hartwell Dairy,Block,2021-05-10,10576,35958.4,3.4,4.0,15.0,0,0,0.894,Northmart|CLASSIC_DAIRY_BLOCK,9.266437111328052,1.2237754316221157,-0.11204950380862289,18,25.0,1.6094379124341003,1.7047480922384253
Northmart,CLASSIC_DAIRY_BLOCK,HARTWELL,Hartwell Dairy,Block,2021-05-17,14114,45164.8,3.2,4.0,20.0,0,0,0.88,Northmart|CLASSIC_DAIRY_BLOCK,9.55499334068759,1.1631508098056809,-0.12783337150988489,19,15.0,1.1786549963416462,1.3480731482996928
Northmart,CLASSIC_DAIRY_BLOCK,HARTWELL,Hartwell Dairy,Block,2021-05-24,7046,28184.0,4.0,4.0,0.0,0,0,0.868,Northmart|CLASSIC_DAIRY_BLOCK,8.860357273327022,1.3862943611198906,-0.14156356432178688,20,20.0,1.3217558399823195,1.7047480922384253
Northmart,CLASSIC_DAIRY_BLOCK,HARTWELL,Hartwell Dairy,Block,2021-05-31,8273,33092.0,4.0,4.0,0.0,0,0,0.858,Northmart|CLASSIC_DAIRY_BLOCK,9.020873347021357,1.3862943611198906,-0.15315117949417478,21,0.0,1.6094379124341003,1.7047480922384253
Northmart,CLASSIC_DAIRY_BLOCK,HARTWELL,Hartwell Dairy,Block,2021-06-07,8290,33160.0,4.0,4.0,0.0,0,0,0.85,Northmart|CLASSIC_DAIRY_BLOCK,9.022925868116218,1.3862943611198906,-0.16251892949777494,22,0.0,1.6094379124341003,1.7047480922384253
Northmart,CLASSIC_DAIRY_BLOCK,HARTWELL,Hartwell Dairy,Block,2021-06-14,8050,32200.0,4.0,4.0,0.0,0,0,0.845,Northmart|CLASSIC_DAIRY_BLOCK,8.993551586299981,1.3862943611198906,-0.16841865162496325,23,0.0,1.6094379124341003,1.5432981099295553
Northmart,CLASSIC_DAIRY_BLOCK,HARTWELL,Hartwell Dairy,Block,2021-06-21,11252,40507.2,3.6,4.0,10.0,0,0,0.841,Northmart|CLASSIC_DAIRY_BLOCK,9.328390038749998,1.2809338454620642,-0.17316361900918903,24,0.0,1.6094379124341003,1.7047480922384253
Northmart,CLASSIC_DAIRY_BLOCK,HARTWELL,Hartwell Dairy,Block,2021-06-28,24352,73056.0,3.0,4.0,25.0,1,0,0.84,Northmart|CLASSIC_DAIRY_BLOCK,10.100410324207255,1.0986122886681098,-0.1743533871447778,25,10.0,1.6094379124341003,1.3480731482996928
Northmart,CLASSIC_DAIRY_BLOCK,HARTWELL,Hartwell Dairy,Block,2021-07-05,24964,79884.8,3.2,4.0,20.0,1,1,0.841,Northmart|CLASSIC_DAIRY_BLOCK,10.12523012293471,1.1631508098056809,-0.17316361900918903,26,25.0,1.6094379124341003,1.7047480922384253
Northmart,CLASSIC_DAIRY_BLOCK,HARTWELL,Hartwell Dairy,Block,2021-07-12,6592,26368.0,4.0,4.0,0.0,0,0,0.845,Northmart|CLASSIC_DAIRY_BLOCK,8.7937637591133,1.3862943611198906,-0.16841865162496325,27,20.0,1.3217558399823195,1.7047480922384253
Northmart,CLASSIC_DAIRY_BLOCK,HARTWELL,Hartwell Dairy,Block,2021-07-19,29219,81813.2,2.8,4.0,30.0,0,1,0.85,Northmart|CLASSIC_DAIRY_BLOCK,10.282608685304691,1.0296194171811581,-0.16251892949777494,28,0.0,1.6094379124341003,1.7047480922384253
Northmart,CLASSIC_DAIRY_BLOCK,HARTWELL,Hartwell Dairy,Block,2021-07-26,6284,25136.0,4.0,4.0,0.0,0,0,0.858,Northmart|CLASSIC_DAIRY_BLOCK,8.745921121024347,1.3862943611198906,-0.15315117949417478,29,30.0,1.252762968495368,1.7047480922384253
Northmart,CLASSIC_DAIRY_BLOCK,HARTWELL,Hartwell Dairy,Block,2021-08-02,7346,29384.0,4.0,4.0,0.0,0,0,0.868,Northmart|CLASSIC_DAIRY_BLOCK,8.902047345620277,1.3862943611198906,-0.14156356432178688,30,0.0,1.6094379124341003,1.7047480922384253
Northmart,CLASSIC_DAIRY_BLOCK,HARTWELL,Hartwell Dairy,Block,2021-08-09,8786,35144.0,4.0,4.0,0.0,0,0,0.88,Northmart|CLASSIC_DAIRY_BLOCK,9.081028635495842,1.3862943611198906,-0.12783337150988489,31,0.0,1.6094379124341003,1.5432981099295553
Northmart,CLASSIC_DAIRY_BLOCK,HARTWELL,Hartwell Dairy,Block,2021-08-16,8868,35472.0,4.0,4.0,0.0,0,0,0.894,Northmart|CLASSIC_DAIRY_BLOCK,9.090317329376452,1.3862943611198906,-0.11204950380862289,32,0.0,1.6094379124341003,1.7047480922384253
Northmart,CLASSIC_DAIRY_BLOCK,HARTWELL,Hartwell Dairy,Block,2021-08-23,8700,34800.0,4.0,4.0,0.0,0,0,0.909,Northmart|CLASSIC_DAIRY_BLOCK,9.071193240566025,1.3862943611198906,-0.09541018480465818,33,0.0,1.1786549963416462,1.7047480922384253
Northmart,CLASSIC_DAIRY_BLOCK,HARTWELL,Hartwell Dairy,Block,2021-08-30,14486,46355.2,3.2,4.0,20.0,0,0,0.926,Northmart|CLASSIC_DAIRY_BLOCK,9.581006974541651,1.1631508098056809,-0.07688104433595762,34,0.0,1.5040773967762742,1.7047480922384253
Northmart,CLASSIC_DAIRY_BLOCK,HARTWELL,Hartwell Dairy,Block,2021-09-06,7269,29076.0,4.0,4.0,0.0,0,0,0.943,Northmart|CLASSIC_DAIRY_BLOCK,8.891511570527564,1.3862943611198906,-0.05868899634867961,35,20.0,1.6094379124341003,1.7047480922384253
Northmart,CLASSIC_DAIRY_BLOCK,HARTWELL,Hartwell Dairy,Block,2021-09-13,11187,44748.0,4.0,4.0,0.0,0,0,0.962,Northmart|CLASSIC_DAIRY_BLOCK,9.32259705432185,1.3862943611198906,-0.038740828316430595,36,0.0,1.6094379124341003,1.7047480922384253
Northmart,CLASSIC_DAIRY_BLOCK,HARTWELL,Hartwell Dairy,Block,2021-09-20,35680,121312.0,3.4,4.0,15.0,1,1,0.981,Northmart|CLASSIC_DAIRY_BLOCK,10.482373613207029,1.2237754316221157,-0.019182819416773987,37,0.0,1.6094379124341003,1.7047480922384253
Northmart,CLASSIC_DAIRY_BLOCK,HARTWELL,Hartwell Dairy,Block,2021-09-27,8947,35788.0,4.0,4.0,0.0,0,0,1.0,Northmart|CLASSIC_DAIRY_BLOCK,9.09918532261002,1.3862943611198906,0.0,38,15.0,1.6094379124341003,1.7047480922384253
Northmart,CLASSIC_DAIRY_BLOCK,HARTWELL,Hartwell Dairy,Block,2021-10-04,9719,38876.0,4.0,4.0,0.0,0,0,1.019,Northmart|CLASSIC_DAIRY_BLOCK,9.181940897454485,1.3862943611198906,0.018821754240587667,39,0.0,1.5040773967762742,1.415853163361435
Northmart,CLASSIC_DAIRY_BLOCK,HARTWELL,Hartwell Dairy,Block,2021-10-11,10462,41848.0,4.0,4.0,0.0,0,0,1.038,Northmart|CLASSIC_DAIRY_BLOCK,9.255600503381046,1.3862943611198906,0.03729578474369693,40,0.0,1.6094379124341003,1.7047480922384253
Northmart,CLASSIC_DAIRY_BLOCK,HARTWELL,Hartwell Dairy,Block,2021-10-18,11500,46000.0,4.0,4.0,0.0,0,0,1.057,Northmart|CLASSIC_DAIRY_BLOCK,9.350189267092581,1.3862943611198906,0.055434706888100524,41,0.0,1.6094379124341003,1.7047480922384253
Northmart,CLASSIC_DAIRY_BLOCK,HARTWELL,Hartwell Dairy,Block,2021-10-25,10365,41460.0,4.0,4.0,0.0,0,0,1.074,Northmart|CLASSIC_DAIRY_BLOCK,9.246286498749653,1.3862943611198906,0.071389996086673,42,0.0,1.6094379124341003,1.599387576580599
Northmart,CLASSIC_DAIRY_BLOCK,HARTWELL,Hartwell Dairy,Block,2021-11-01,10127,40508.0,4.0,4.0,0.0,0,0,1.091,Northmart|CLASSIC_DAIRY_BLOCK,9.223059144383958,1.3862943611198906,0.08709470685093373,43,0.0,1.6094379124341003,1.5432981099295553
Northmart,CLASSIC_DAIRY_BLOCK,HARTWELL,Hartwell Dairy,Block,2021-11-08,10910,43640.0,4.0,4.0,0.0,0,0,1.106,Northmart|CLASSIC_DAIRY_BLOCK,9.297526733655099,1.3862943611198906,0.10074990310014315,44,0.0,1.6094379124341003,1.7047480922384253
Northmart,CLASSIC_DAIRY_BLOCK,HARTWELL,Hartwell Dairy,Block,2021-11-15,16174,51756.8,3.2,4.0,20.0,0,0,1.12,Northmart|CLASSIC_DAIRY_BLOCK,9.691222119369101,1.1631508098056809,0.11332868530700327,45,0.0,1.5040773967762742,1.5432981099295553
Northmart,CLASSIC_DAIRY_BLOCK,HARTWELL,Hartwell Dairy,Block,2021-11-22,14738,47161.6,3.2,4.0,20.0,0,0,1.132,Northmart|CLASSIC_DAIRY_BLOCK,9.598252320836758,1.1631508098056809,0.1239859797809911,46,20.0,1.6094379124341003,1.7047480922384253
Northmart,CLASSIC_DAIRY_BLOCK,HARTWELL,Hartwell Dairy,Block,2021-11-29,22022,70470.4,3.2,4.0,20.0,0,1,1.142,Northmart|CLASSIC_DAIRY_BLOCK,9.99984264077889,1.1631508098056809,0.1327811112338184,47,20.0,1.4469189829363254,1.7047480922384253
Northmart,CLASSIC_DAIRY_BLOCK,HARTWELL,Hartwell Dairy,Block,2021-12-06,8199,32796.0,4.0,4.0,0.0,0,0,1.15,Northmart|CLASSIC_DAIRY_BLOCK,9.011889433252344,1.3862943611198906,0.13976194237515863,48,20.0,1.3217558399823195,1.7047480922384253
Northmart,CLASSIC_DAIRY_BLOCK,HARTWELL,Hartwell Dairy,Block,2021-12-13,11199,44796.0,4.0,4.0,0.0,0,0,1.155,Northmart|CLASSIC_DAIRY_BLOCK,9.323669057283185,1.3862943611198906,0.14410034397375687,49,0.0,1.6094379124341003,1.4816045409242156
Northmart,CLASSIC_DAIRY_BLOCK,HARTWELL,Hartwell Dairy,Block,2021-12-20,11095,44380.0,4.0,4.0,0.0,0,0,1.159,Northmart|CLASSIC_DAIRY_BLOCK,9.314339961994667,1.3862943611198906,0.1475575643576147,50,0.0,1.6094379124341003,1.7047480922384253
Northmart,CLASSIC_DAIRY_BLOCK,HARTWELL,Hartwell Dairy,Block,2021-12-27,55028,165084.0,3.0,4.0,25.0,1,1,1.16,Northmart|CLASSIC_DAIRY_BLOCK,10.91561559798246,1.0986122886681098,0.14842000511827322,51,0.0,1.252762968495368,1.5432981099295553
Northmart,CLASSIC_DAIRY_BLOCK,HARTWELL,Hartwell Dairy,Block,2022-01-03,50251,140702.8,2.8,4.0,30.0,1,1,1.159,Northmart|CLASSIC_DAIRY_BLOCK,10.82480562612431,1.0296194171811581,0.1475575643576147,52,25.0,1.3217558399823195,1.7047480922384253
Northmart,CLASSIC_DAIRY_BLOCK,HARTWELL,Hartwell Dairy,Block,2022-01-10,8248,32992.0,4.0,4.0,0.0,0,0,1.155,Northmart|CLASSIC_DAIRY_BLOCK,9.017847259860732,1.3862943611198906,0.14410034397375687,53,30.0,1.1786549963416462,1.7047480922384253
Northmart,CLASSIC_DAIRY_BLOCK,HARTWELL,Hartwell Dairy,Block,2022-01-17,17737,60305.8,3.4,4.0,15.0,0,0,1.15,Northmart|CLASSIC_DAIRY_BLOCK,9.783464509936397,1.2237754316221157,0.13976194237515863,54,0.0,1.252762968495368,1.7047480922384253
Northmart,CLASSIC_DAIRY_BLOCK,HARTWELL,Hartwell Dairy,Block,2022-01-24,8674,34696.0,4.0,4.0,0.0,0,0,1.142,Northmart|CLASSIC_DAIRY_BLOCK,9.06820060481506,1.3862943611198906,0.1327811112338184,55,15.0,1.6094379124341003,1.7047480922384253
Northmart,CLASSIC_DAIRY_BLOCK,HARTWELL,Hartwell Dairy,Block,2022-01-31,19800,63360.0,3.2,4.0,20.0,0,0,1.132,Northmart|CLASSIC_DAIRY_BLOCK,9.893487720457795,1.1631508098056809,0.1239859797809911,56,0.0,1.6094379124341003,1.7047480922384253
Northmart,CLASSIC_DAIRY_BLOCK,HARTWELL,Hartwell Dairy,Block,2022-02-07,9614,38456.0,4.0,4.0,0.0,0,0,1.12,Northmart|CLASSIC_DAIRY_BLOCK,9.17107965802288,1.3862943611198906,0.11332868530700327,57,20.0,1.3217558399823195,1.7047480922384253
Northmart,CLASSIC_DAIRY_BLOCK,HARTWELL,Hartwell Dairy,Block,2022-02-14,11445,45780.0,4.0,4.0,0.0,0,0,1.106,Northmart|CLASSIC_DAIRY_BLOCK,9.345395602969047,1.3862943611198906,0.10074990310014315,58,0.0,1.4469189829363254,1.415853163361435
Northmart,CLASSIC_DAIRY_BLOCK,HARTWELL,Hartwell Dairy,Block,2022-02-21,10317,41268.0,4.0,4.0,0.0,0,0,1.091,Northmart|CLASSIC_DAIRY_BLOCK,9.241645221804594,1.3862943611198906,0.08709470685093373,59,0.0,1.6094379124341003,1.7047480922384253
Northmart,CLASSIC_DAIRY_BLOCK,HARTWELL,Hartwell Dairy,Block,2022-02-28,26595,90423.0,3.4,4.0,15.0,1,0,1.074,Northmart|CLASSIC_DAIRY_BLOCK,10.188516107522345,1.2237754316221157,0.071389996086673,60,0.0,1.6094379124341003,1.3480731482996928
Northmart,CLASSIC_DAIRY_BLOCK,HARTWELL,Hartwell Dairy,Block,2022-03-07,8922,35688.0,4.0,4.0,0.0,0,0,1.057,Northmart|CLASSIC_DAIRY_BLOCK,9.09638749190015,1.3862943611198906,0.055434706888100524,61,15.0,1.6094379124341003,1.4816045409242156
Northmart,CLASSIC_DAIRY_BLOCK,HARTWELL,Hartwell Dairy,Block,2022-03-14,11123,44492.0,4.0,4.0,0.0,0,0,1.038,Northmart|CLASSIC_DAIRY_BLOCK,9.316860215353856,1.3862943611198906,0.03729578474369693,62,0.0,1.6094379124341003,1.7047480922384253
Northmart,CLASSIC_DAIRY_BLOCK,HARTWELL,Hartwell Dairy,Block,2022-03-21,18878,60409.6,3.2,4.0,20.0,0,0,1.019,Northmart|CLASSIC_DAIRY_BLOCK,9.845805472195043,1.1631508098056809,0.018821754240587667,63,0.0,1.1786549963416462,1.275362800412609
Northmart,CLASSIC_DAIRY_BLOCK,HARTWELL,Hartwell Dairy,Block,2022-03-28,13586,43475.2,3.2,4.0,20.0,0,0,1.0,Northmart|CLASSIC_DAIRY_BLOCK,9.516868732224324,1.1631508098056809,0.0,64,20.0,1.6094379124341003,1.7047480922384253
Northmart,CLASSIC_DAIRY_BLOCK,HARTWELL,Hartwell Dairy,Block,2022-04-04,8338,33352.0,4.0,4.0,0.0,0,0,1.081,Northmart|CLASSIC_DAIRY_BLOCK,9.028698584086985,1.3862943611198906,0.0778865386570712,65,20.0,1.1786549963416462,1.5432981099295553
Northmart,CLASSIC_DAIRY_BLOCK,HARTWELL,Hartwell Dairy,Block,2022-04-11,11069,44276.0,4.0,4.0,0.0,0,0,1.062,Northmart|CLASSIC_DAIRY_BLOCK,9.311994025702683,1.3862943611198906,0.060153922819747144,66,0.0,1.6094379124341003,1.275362800412609
Northmart,CLASSIC_DAIRY_BLOCK,HARTWELL,Hartwell Dairy,Block,2022-04-18,9012,36048.0,4.0,4.0,0.0,0,0,1.043,Northmart|CLASSIC_DAIRY_BLOCK,9.10642325855641,1.3862943611198906,0.042101176018635326,67,0.0,1.6094379124341003,1.7047480922384253
Northmart,CLASSIC_DAIRY_BLOCK,HARTWELL,Hartwell Dairy,Block,2022-04-25,10199,40796.0,4.0,4.0,0.0,0,0,1.026,Northmart|CLASSIC_DAIRY_BLOCK,9.230142999272362,1.3862943611198906,0.025667746748577813,68,0.0,1.6094379124341003,1.7047480922384253
Northmart,CLASSIC_DAIRY_BLOCK,HARTWELL,Hartwell Dairy,Block,2022-05-02,11244,40478.4,3.6,4.0,10.0,0,0,0.909,Northmart|CLASSIC_DAIRY_BLOCK,9.327678864393416,1.2809338454620642,-0.09541018480465818,69,0.0,1.6094379124341003,1.4816045409242156
Northmart,CLASSIC_DAIRY_BLOCK,HARTWELL,Hartwell Dairy,Block,2022-05-09,20008,56022.4,2.8,4.0,30.0,0,0,0.894,Northmart|CLASSIC_DAIRY_BLOCK,9.903937451316493,1.0296194171811581,-0.11204950380862289,70,10.0,1.3862943611198906,1.7047480922384253
Northmart,CLASSIC_DAIRY_BLOCK,HARTWELL,Hartwell Dairy,Block,2022-05-16,6183,24732.0,4.0,4.0,0.0,0,0,0.88,Northmart|CLASSIC_DAIRY_BLOCK,8.729720590267258,1.3862943611198906,-0.12783337150988489,71,30.0,1.6094379124341003,1.7047480922384253
Northmart,CLASSIC_DAIRY_BLOCK,HARTWELL,Hartwell Dairy,Block,2022-05-23,8225,32900.0,4.0,4.0,0.0,0,0,0.868,Northmart|CLASSIC_DAIRY_BLOCK,9.015055148790369,1.3862943611198906,-0.14156356432178688,72,0.0,1.6094379124341003,1.7047480922384253
Northmart,CLASSIC_DAIRY_BLOCK,HARTWELL,Hartwell Dairy,Block,2022-05-30,34543,96720.4,2.8,4.0,30.0,1,0,0.858,Northmart|CLASSIC_DAIRY_BLOCK,10.449989152754588,1.0296194171811581,-0.15315117949417478,73,0.0,1.6094379124341003,1.7047480922384253
Northmart,CLASSIC_DAIRY_BLOCK,HARTWELL,Hartwell Dairy,Block,2022-06-06,6449,25796.0,4.0,4.0,0.0,0,0,0.85,Northmart|CLASSIC_DAIRY_BLOCK,8.771835409789817,1.3862943611198906,-0.16251892949777494,74,30.0,1.6094379124341003,1.7047480922384253
Northmart,CLASSIC_DAIRY_BLOCK,HARTWELL,Hartwell Dairy,Block,2022-06-13,9187,36748.0,4.0,4.0,0.0,0,0,0.845,Northmart|CLASSIC_DAIRY_BLOCK,9.125653563808989,1.3862943611198906,-0.16841865162496325,75,0.0,1.6094379124341003,1.7047480922384253
Northmart,CLASSIC_DAIRY_BLOCK,HARTWELL,Hartwell Dairy,Block,2022-06-20,12678,43105.2,3.4,4.0,15.0,0,0,0.841,Northmart|CLASSIC_DAIRY_BLOCK,9.447702360527948,1.2237754316221157,-0.17316361900918903,76,0.0,1.6094379124341003,1.7047480922384253
Northmart,CLASSIC_DAIRY_BLOCK,HARTWELL,Hartwell Dairy,Block,2022-06-27,7215,28860.0,4.0,4.0,0.0,0,0,0.84,Northmart|CLASSIC_DAIRY_BLOCK,8.88405606174246,1.3862943611198906,-0.1743533871447778,77,15.0,1.3217558399823195,1.7047480922384253
Northmart,CLASSIC_DAIRY_BLOCK,HARTWELL,Hartwell Dairy,Block,2022-07-04,8683,34732.0,4.0,4.0,0.0,0,0,0.841,Northmart|CLASSIC_DAIRY_BLOCK,9.069237530998182,1.3862943611198906,-0.17316361900918903,78,0.0,1.6094379124341003,1.5432981099295553
Northmart,CLASSIC_DAIRY_BLOCK,HARTWELL,Hartwell Dairy,Block,2022-07-11,7692,30768.0,4.0,4.0,0.0,0,0,0.845,Northmart|CLASSIC_DAIRY_BLOCK,8.948066103458935,1.3862943611198906,-0.16841865162496325,79,0.0,1.1786549963416462,1.7047480922384253
Northmart,CLASSIC_DAIRY_BLOCK,HARTWELL,Hartwell Dairy,Block,2022-07-18,8180,32720.0,4.0,4.0,0.0,0,0,0.85,Northmart|CLASSIC_DAIRY_BLOCK,9.009569671513699,1.3862943611198906,-0.16251892949777494,80,0.0,1.3217558399823195,1.7047480922384253
Northmart,CLASSIC_DAIRY_BLOCK,HARTWELL,Hartwell Dairy,Block,2022-07-25,8119,32476.0,4.0,4.0,0.0,0,0,0.858,Northmart|CLASSIC_DAIRY_BLOCK,9.002085433155724,1.3862943611198906,-0.15315117949417478,81,0.0,1.3862943611198906,1.7047480922384253
Northmart,CLASSIC_DAIRY_BLOCK,HARTWELL,Hartwell Dairy,Block,2022-08-01,9472,37888.0,4.0,4.0,0.0,0,0,0.868,Northmart|CLASSIC_DAIRY_BLOCK,9.156200925875535,1.3862943611198906,-0.14156356432178688,82,0.0,1.252762968495368,1.3480731482996928
Northmart,CLASSIC_DAIRY_BLOCK,HARTWELL,Hartwell Dairy,Block,2022-08-08,13491,45869.4,3.4,4.0,15.0,0,0,0.88,Northmart|CLASSIC_DAIRY_BLOCK,9.50985219618154,1.2237754316221157,-0.12783337150988489,83,0.0,1.1786549963416462,1.3480731482996928
Northmart,CLASSIC_DAIRY_BLOCK,HARTWELL,Hartwell Dairy,Block,2022-08-15,7074,28296.0,4.0,4.0,0.0,0,0,0.894,Northmart|CLASSIC_DAIRY_BLOCK,8.864322722511439,1.3862943611198906,-0.11204950380862289,84,15.0,1.3217558399823195,1.7047480922384253
Northmart,CLASSIC_DAIRY_BLOCK,HARTWELL,Hartwell Dairy,Block,2022-08-22,9012,36048.0,4.0,4.0,0.0,0,0,0.909,Northmart|CLASSIC_DAIRY_BLOCK,9.10642325855641,1.3862943611198906,-0.09541018480465818,85,0.0,1.5040773967762742,1.5432981099295553
Northmart,CLASSIC_DAIRY_BLOCK,HARTWELL,Hartwell Dairy,Block,2022-08-29,25158,70442.4,2.8,4.0,30.0,0,0,0.926,Northmart|CLASSIC_DAIRY_BLOCK,10.132970964396517,1.0296194171811581,-0.07688104433595762,86,0.0,1.6094379124341003,1.7047480922384253
Northmart,CLASSIC_DAIRY_BLOCK,HARTWELL,Hartwell Dairy,Block,2022-09-05,7647,30588.0,4.0,4.0,0.0,0,0,0.943,Northmart|CLASSIC_DAIRY_BLOCK,8.942199454731238,1.3862943611198906,-0.05868899634867961,87,30.0,1.6094379124341003,1.7047480922384253
Northmart,CLASSIC_DAIRY_BLOCK,HARTWELL,Hartwell Dairy,Block,2022-09-12,8707,34828.0,4.0,4.0,0.0,0,0,0.962,Northmart|CLASSIC_DAIRY_BLOCK,9.071997422354437,1.3862943611198906,-0.038740828316430595,88,0.0,1.3217558399823195,1.7047480922384253
Northmart,CLASSIC_DAIRY_BLOCK,HARTWELL,Hartwell Dairy,Block,2022-09-19,8850,35400.0,4.0,4.0,0.0,0,0,0.981,Northmart|CLASSIC_DAIRY_BLOCK,9.088285725968877,1.3862943611198906,-0.019182819416773987,89,0.0,1.6094379124341003,1.5432981099295553
Northmart,CLASSIC_DAIRY_BLOCK,HARTWELL,Hartwell Dairy,Block,2022-09-26,16734,53548.8,3.2,4.0,20.0,0,0,1.0,Northmart|CLASSIC_DAIRY_BLOCK,9.725257613645427,1.1631508098056809,0.0,90,0.0,1.6094379124341003,1.5432981099295553
Northmart,CLASSIC_DAIRY_BLOCK,HARTWELL,Hartwell Dairy,Block,2022-10-03,8011,32044.0,4.0,4.0,0.0,0,0,1.019,Northmart|CLASSIC_DAIRY_BLOCK,8.988695696785708,1.3862943611198906,0.018821754240587667,91,20.0,1.6094379124341003,1.415853163361435
Northmart,CLASSIC_DAIRY_BLOCK,HARTWELL,Hartwell Dairy,Block,2022-10-10,11162,44648.0,4.0,4.0,0.0,0,0,1.038,Northmart|CLASSIC_DAIRY_BLOCK,9.320360017014732,1.3862943611198906,0.03729578474369693,92,0.0,1.6094379124341003,1.7047480922384253
Northmart,CLASSIC_DAIRY_BLOCK,HARTWELL,Hartwell Dairy,Block,2022-10-17,10561,42244.0,4.0,4.0,0.0,0,0,1.057,Northmart|CLASSIC_DAIRY_BLOCK,9.26501793326688,1.3862943611198906,0.055434706888100524,93,0.0,1.3862943611198906,1.5432981099295553
Northmart,CLASSIC_DAIRY_BLOCK,HARTWELL,Hartwell Dairy,Block,2022-10-24,15810,53754.0,3.4,4.0,15.0,0,0,1.074,Northmart|CLASSIC_DAIRY_BLOCK,9.668461179310146,1.2237754316221157,0.071389996086673,94,0.0,1.6094379124341003,1.3480731482996928
Northmart,CLASSIC_DAIRY_BLOCK,HARTWELL,Hartwell Dairy,Block,2022-10-31,8289,33156.0,4.0,4.0,0.0,0,0,1.091,Northmart|CLASSIC_DAIRY_BLOCK,9.022805248129341,1.3862943611198906,0.08709470685093373,95,15.0,1.6094379124341003,1.599387576580599
Northmart,CLASSIC_DAIRY_BLOCK,HARTWELL,Hartwell Dairy,Block,2022-11-07,12533,50132.0,4.0,4.0,0.0,0,0,1.106,Northmart|CLASSIC_DAIRY_BLOCK,9.436200230784621,1.3862943611198906,0.10074990310014315,96,0.0,1.6094379124341003,1.7047480922384253
Northmart,CLASSIC_DAIRY_BLOCK,HARTWELL,Hartwell Dairy,Block,2022-11-14,10763,43052.0,4.0,4.0,0.0,0,0,1.12,Northmart|CLASSIC_DAIRY_BLOCK,9.283962511846797,1.3862943611198906,0.11332868530700327,97,0.0,1.6094379124341003,1.7047480922384253
Northmart,CLASSIC_DAIRY_BLOCK,HARTWELL,Hartwell Dairy,Block,2022-11-21,12687,50748.0,4.0,4.0,0.0,0,0,1.132,Northmart|CLASSIC_DAIRY_BLOCK,9.448411943874628,1.3862943611198906,0.1239859797809911,98,0.0,1.6094379124341003,1.7047480922384253
Northmart,CLASSIC_DAIRY_BLOCK,HARTWELL,Hartwell Dairy,Block,2022-11-28,11321,45284.0,4.0,4.0,0.0,0,0,1.142,Northmart|CLASSIC_DAIRY_BLOCK,9.334503014596605,1.3862943611198906,0.1327811112338184,99,0.0,1.4469189829363254,1.7047480922384253
Northmart,CLASSIC_DAIRY_BLOCK,HARTWELL,Hartwell Dairy,Block,2022-12-05,11410,45640.0,4.0,4.0,0.0,0,0,1.15,Northmart|CLASSIC_DAIRY_BLOCK,9.34233308143468,1.3862943611198906,0.13976194237515863,100,0.0,1.6094379124341003,1.4816045409242156
Northmart,CLASSIC_DAIRY_BLOCK,HARTWELL,Hartwell Dairy,Block,2022-12-12,28821,92227.2,3.2,4.0,20.0,0,1,1.155,Northmart|CLASSIC_DAIRY_BLOCK,10.268894263398307,1.1631508098056809,0.14410034397375687,101,0.0,1.6094379124341003,1.7047480922384253
Northmart,CLASSIC_DAIRY_BLOCK,HARTWELL,Hartwell Dairy,Block,2022-12-19,22559,63165.2,2.8,4.0,30.0,0,0,1.159,Northmart|CLASSIC_DAIRY_BLOCK,10.023933705611995,1.0296194171811581,0.1475575643576147,102,20.0,1.6094379124341003,1.7047480922384253
Northmart,CLASSIC_DAIRY_BLOCK,HARTWELL,Hartwell Dairy,Block,2022-12-26,7420,29680.0,4.0,4.0,0.0,0,0,1.16,Northmart|CLASSIC_DAIRY_BLOCK,8.912069097970134,1.3862943611198906,0.14842000511827322,103,30.0,1.6094379124341003,1.7047480922384253
Northmart,CLASSIC_DAIRY_BLOCK,HARTWELL,Hartwell Dairy,Block,2023-01-02,11169,44676.0,4.0,4.0,0.0,0,0,1.159,Northmart|CLASSIC_DAIRY_BLOCK,9.320986892063246,1.3862943611198906,0.1475575643576147,104,0.0,1.6094379124341003,1.7047480922384253
Northmart,CLASSIC_DAIRY_BLOCK,HARTWELL,Hartwell Dairy,Block,2023-01-09,33978,101934.0,3.0,4.0,25.0,0,1,1.155,Northmart|CLASSIC_DAIRY_BLOCK,10.433497965716953,1.0986122886681098,0.14410034397375687,105,0.0,1.6094379124341003,1.7047480922384253
Northmart,CLASSIC_DAIRY_BLOCK,HARTWELL,Hartwell Dairy,Block,2023-01-16,9269,37076.0,4.0,4.0,0.0,0,0,1.15,Northmart|CLASSIC_DAIRY_BLOCK,9.1345386585599,1.3862943611198906,0.13976194237515863,106,25.0,1.252762968495368,1.7047480922384253
Northmart,CLASSIC_DAIRY_BLOCK,HARTWELL,Hartwell Dairy,Block,2023-01-23,36384,109152.0,3.0,4.0,25.0,0,1,1.142,Northmart|CLASSIC_DAIRY_BLOCK,10.501911880781186,1.0986122886681098,0.1327811112338184,107,0.0,1.6094379124341003,1.3480731482996928
Northmart,CLASSIC_DAIRY_BLOCK,HARTWELL,Hartwell Dairy,Block,2023-01-30,18986,56958.0,3.0,4.0,25.0,0,0,1.132,Northmart|CLASSIC_DAIRY_BLOCK,9.851509813443416,1.0986122886681098,0.1239859797809911,108,25.0,1.6094379124341003,1.3480731482996928
Northmart,CLASSIC_DAIRY_BLOCK,HARTWELL,Hartwell Dairy,Block,2023-02-06,11589,41720.4,3.6,4.0,10.0,0,0,1.12,Northmart|CLASSIC_DAIRY_BLOCK,9.357897936333798,1.2809338454620642,0.11332868530700327,109,25.0,1.3862943611198906,1.415853163361435
Northmart,CLASSIC_DAIRY_BLOCK,HARTWELL,Hartwell Dairy,Block,2023-02-13,8789,35156.0,4.0,4.0,0.0,0,0,1.106,Northmart|CLASSIC_DAIRY_BLOCK,9.081369990679223,1.3862943611198906,0.10074990310014315,110,10.0,1.6094379124341003,1.7047480922384253
Northmart,CLASSIC_DAIRY_BLOCK,HARTWELL,Hartwell Dairy,Block,2023-02-20,10612,42448.0,4.0,4.0,0.0,0,0,1.091,Northmart|CLASSIC_DAIRY_BLOCK,9.269834943761822,1.3862943611198906,0.08709470685093373,111,0.0,1.6094379124341003,1.275362800412609
Northmart,CLASSIC_DAIRY_BLOCK,HARTWELL,Hartwell Dairy,Block,2023-02-27,34224,88982.4,2.6,4.0,35.0,0,0,1.074,Northmart|CLASSIC_DAIRY_BLOCK,10.440711650156649,0.9555114450274363,0.071389996086673,112,0.0,1.6094379124341003,1.7047480922384253
Northmart,CLASSIC_DAIRY_BLOCK,HARTWELL,Hartwell Dairy,Block,2023-03-06,12356,42010.4,3.4,4.0,15.0,0,0,1.057,Northmart|CLASSIC_DAIRY_BLOCK,9.42197798310419,1.2237754316221157,0.055434706888100524,113,35.0,1.6094379124341003,1.7047480922384253
Northmart,CLASSIC_DAIRY_BLOCK,HARTWELL,Hartwell Dairy,Block,2023-03-13,7628,30512.0,4.0,4.0,0.0,0,0,1.038,Northmart|CLASSIC_DAIRY_BLOCK,8.93971205409023,1.3862943611198906,0.03729578474369693,114,15.0,1.6094379124341003,1.3480731482996928
Northmart,CLASSIC_DAIRY_BLOCK,HARTWELL,Hartwell Dairy,Block,2023-03-20,8643,34572.0,4.0,4.0,0.0,0,0,1.019,Northmart|CLASSIC_DAIRY_BLOCK,9.064620717626777,1.3862943611198906,0.018821754240587667,115,0.0,1.6094379124341003,1.7047480922384253
Northmart,CLASSIC_DAIRY_BLOCK,HARTWELL,Hartwell Dairy,Block,2023-03-27,9057,36228.0,4.0,4.0,0.0,0,0,1.0,Northmart|CLASSIC_DAIRY_BLOCK,9.111403624116159,1.3862943611198906,0.0,116,0.0,1.6094379124341003,1.7047480922384253
Northmart,CLASSIC_DAIRY_BLOCK,HARTWELL,Hartwell Dairy,Block,2023-04-03,11727,46908.0,4.0,4.0,0.0,0,0,1.081,Northmart|CLASSIC_DAIRY_BLOCK,9.369734424126433,1.3862943611198906,0.0778865386570712,117,0.0,1.6094379124341003,1.7047480922384253
Northmart,CLASSIC_DAIRY_BLOCK,HARTWELL,Hartwell Dairy,Block,2023-04-10,10706,42824.0,4.0,4.0,0.0,0,0,1.062,Northmart|CLASSIC_DAIRY_BLOCK,9.27865301215827,1.3862943611198906,0.060153922819747144,118,0.0,1.5040773967762742,1.7047480922384253
Northmart,CLASSIC_DAIRY_BLOCK,HARTWELL,Hartwell Dairy,Block,2023-04-17,9639,38556.0,4.0,4.0,0.0,0,0,1.043,Northmart|CLASSIC_DAIRY_BLOCK,9.17367638760459,1.3862943611198906,0.042101176018635326,119,0.0,1.6094379124341003,1.3480731482996928
Northmart,CLASSIC_DAIRY_BLOCK,HARTWELL,Hartwell Dairy,Block,2023-04-24,9867,39468.0,4.0,4.0,0.0,0,0,1.026,Northmart|CLASSIC_DAIRY_BLOCK,9.197052477649247,1.3862943611198906,0.025667746748577813,120,0.0,1.6094379124341003,1.7047480922384253
Northmart,CLASSIC_DAIRY_BLOCK,HARTWELL,Hartwell Dairy,Block,2023-05-01,11643,46572.0,4.0,4.0,0.0,0,0,0.909,Northmart|CLASSIC_DAIRY_BLOCK,9.362546304865514,1.3862943611198906,-0.09541018480465818,121,0.0,1.6094379124341003,1.7047480922384253
Northmart,CLASSIC_DAIRY_BLOCK,HARTWELL,Hartwell Dairy,Block,2023-05-08,10078,40312.0,4.0,4.0,0.0,0,0,0.894,Northmart|CLASSIC_DAIRY_BLOCK,9.218209330354878,1.3862943611198906,-0.11204950380862289,122,0.0,1.5040773967762742,1.7047480922384253
Northmart,CLASSIC_DAIRY_BLOCK,HARTWELL,Hartwell Dairy,Block,2023-05-15,8138,32552.0,4.0,4.0,0.0,0,0,0.88,Northmart|CLASSIC_DAIRY_BLOCK,9.004422601327041,1.3862943611198906,-0.12783337150988489,123,0.0,1.252762968495368,1.7047480922384253
Northmart,CLASSIC_DAIRY_BLOCK,HARTWELL,Hartwell Dairy,Block,2023-05-22,8595,34380.0,4.0,4.0,0.0,0,0,0.868,Northmart|CLASSIC_DAIRY_BLOCK,9.059052257762401,1.3862943611198906,-0.14156356432178688,124,0.0,1.6094379124341003,1.7047480922384253
Northmart,CLASSIC_DAIRY_BLOCK,HARTWELL,Hartwell Dairy,Block,2023-05-29,8527,34108.0,4.0,4.0,0.0,0,0,0.858,Northmart|CLASSIC_DAIRY_BLOCK,9.051110146405625,1.3862943611198906,-0.15315117949417478,125,0.0,1.6094379124341003,1.7047480922384253
Northmart,CLASSIC_DAIRY_BLOCK,HARTWELL,Hartwell Dairy,Block,2023-06-05,8500,34000.0,4.0,4.0,0.0,0,0,0.85,Northmart|CLASSIC_DAIRY_BLOCK,9.04793908261736,1.3862943611198906,-0.16251892949777494,126,0.0,1.6094379124341003,1.7047480922384253
Northmart,CLASSIC_DAIRY_BLOCK,HARTWELL,Hartwell Dairy,Block,2023-06-12,26323,68439.8,2.6,4.0,35.0,0,0,0.845,Northmart|CLASSIC_DAIRY_BLOCK,10.178236349576009,0.9555114450274363,-0.16841865162496325,127,0.0,1.3862943611198906,1.7047480922384253
Northmart,CLASSIC_DAIRY_BLOCK,HARTWELL,Hartwell Dairy,Block,2023-06-19,13756,38516.8,2.8,4.0,30.0,0,0,0.841,Northmart|CLASSIC_DAIRY_BLOCK,9.529303064460995,1.0296194171811581,-0.17316361900918903,128,35.0,1.3217558399823195,1.7047480922384253
Northmart,CLASSIC_DAIRY_BLOCK,HARTWELL,Hartwell Dairy,Block,2023-06-26,12187,38998.4,3.2,4.0,20.0,0,0,0.84,Northmart|CLASSIC_DAIRY_BLOCK,9.408207140105599,1.1631508098056809,-0.1743533871447778,129,30.0,1.6094379124341003,1.415853163361435
Northmart,CLASSIC_DAIRY_BLOCK,HARTWELL,Hartwell Dairy,Block,2023-07-03,7258,29032.0,4.0,4.0,0.0,0,0,0.841,Northmart|CLASSIC_DAIRY_BLOCK,8.889997357284841,1.3862943611198906,-0.17316361900918903,130,20.0,1.6094379124341003,1.3480731482996928
Northmart,CLASSIC_DAIRY_BLOCK,HARTWELL,Hartwell Dairy,Block,2023-07-10,15667,50134.4,3.2,4.0,20.0,0,0,0.845,Northmart|CLASSIC_DAIRY_BLOCK,9.659375694785721,1.1631508098056809,-0.16841865162496325,131,0.0,1.6094379124341003,1.7047480922384253
Northmart,CLASSIC_DAIRY_BLOCK,HARTWELL,Hartwell Dairy,Block,2023-07-17,7296,29184.0,4.0,4.0,0.0,0,0,0.85,Northmart|CLASSIC_DAIRY_BLOCK,8.89521858376562,1.3862943611198906,-0.16251892949777494,132,20.0,1.252762968495368,1.7047480922384253
Northmart,CLASSIC_DAIRY_BLOCK,HARTWELL,Hartwell Dairy,Block,2023-07-24,8134,32536.0,4.0,4.0,0.0,0,0,0.858,Northmart|CLASSIC_DAIRY_BLOCK,9.003931019653137,1.3862943611198906,-0.15315117949417478,133,0.0,1.6094379124341003,1.7047480922384253
Northmart,CLASSIC_DAIRY_BLOCK,HARTWELL,Hartwell Dairy,Block,2023-07-31,8632,34528.0,4.0,4.0,0.0,0,0,0.868,Northmart|CLASSIC_DAIRY_BLOCK,9.063347348235522,1.3862943611198906,-0.14156356432178688,134,0.0,1.6094379124341003,1.7047480922384253
Northmart,CLASSIC_DAIRY_BLOCK,HARTWELL,Hartwell Dairy,Block,2023-08-07,8482,33928.0,4.0,4.0,0.0,0,0,0.88,Northmart|CLASSIC_DAIRY_BLOCK,9.045819439807735,1.3862943611198906,-0.12783337150988489,135,0.0,1.6094379124341003,1.7047480922384253
Northmart,CLASSIC_DAIRY_BLOCK,HARTWELL,Hartwell Dairy,Block,2023-08-14,9507,38028.0,4.0,4.0,0.0,0,0,0.894,Northmart|CLASSIC_DAIRY_BLOCK,9.159888828480085,1.3862943611198906,-0.11204950380862289,136,0.0,1.6094379124341003,1.7047480922384253
Northmart,CLASSIC_DAIRY_BLOCK,HARTWELL,Hartwell Dairy,Block,2023-08-21,28197,95869.8,3.4,4.0,15.0,1,1,0.909,Northmart|CLASSIC_DAIRY_BLOCK,10.247006332425306,1.2237754316221157,-0.09541018480465818,137,0.0,1.3217558399823195,1.7047480922384253
Northmart,CLASSIC_DAIRY_BLOCK,HARTWELL,Hartwell Dairy,Block,2023-08-28,8033,32132.0,4.0,4.0,0.0,0,0,0.926,Northmart|CLASSIC_DAIRY_BLOCK,8.991437814919227,1.3862943611198906,-0.07688104433595762,138,15.0,1.6094379124341003,1.7047480922384253
Northmart,CLASSIC_DAIRY_BLOCK,HARTWELL,Hartwell Dairy,Block,2023-09-04,8108,32432.0,4.0,4.0,0.0,0,0,0.943,Northmart|CLASSIC_DAIRY_BLOCK,9.000729834944558,1.3862943611198906,-0.05868899634867961,139,0.0,1.6094379124341003,1.275362800412609
Northmart,CLASSIC_DAIRY_BLOCK,HARTWELL,Hartwell Dairy,Block,2023-09-11,48031,124880.6,2.6,4.0,35.0,1,0,0.962,Northmart|CLASSIC_DAIRY_BLOCK,10.779622734433188,0.9555114450274363,-0.038740828316430595,140,0.0,1.6094379124341003,1.7047480922384253
Northmart,CLASSIC_DAIRY_BLOCK,HARTWELL,Hartwell Dairy,Block,2023-09-18,12523,40073.6,3.2,4.0,20.0,0,0,0.981,Northmart|CLASSIC_DAIRY_BLOCK,9.435402082446297,1.1631508098056809,-0.019182819416773987,141,35.0,1.6094379124341003,1.7047480922384253
Northmart,CLASSIC_DAIRY_BLOCK,HARTWELL,Hartwell Dairy,Block,2023-09-25,10712,38563.2,3.6,4.0,10.0,0,0,1.0,Northmart|CLASSIC_DAIRY_BLOCK,9.279213236262558,1.2809338454620642,0.0,142,20.0,1.6094379124341003,1.415853163361435
Northmart,CLASSIC_DAIRY_BLOCK,HARTWELL,Hartwell Dairy,Block,2023-10-02,10188,40752.0,4.0,4.0,0.0,0,0,1.019,Northmart|CLASSIC_DAIRY_BLOCK,9.229063985974285,1.3862943611198906,0.018821754240587667,143,10.0,1.3862943611198906,1.7047480922384253
Northmart,CLASSIC_DAIRY_BLOCK,HARTWELL,Hartwell Dairy,Block,2023-10-09,15854,57074.4,3.6,4.0,10.0,0,0,1.038,Northmart|CLASSIC_DAIRY_BLOCK,9.671240186972447,1.2809338454620642,0.03729578474369693,144,0.0,1.6094379124341003,1.7047480922384253
Northmart,CLASSIC_DAIRY_BLOCK,HARTWELL,Hartwell Dairy,Block,2023-10-16,8983,35932.0,4.0,4.0,0.0,0,0,1.057,Northmart|CLASSIC_DAIRY_BLOCK,9.103200496418278,1.3862943611198906,0.055434706888100524,145,10.0,1.6094379124341003,1.3480731482996928
Northmart,CLASSIC_DAIRY_BLOCK,HARTWELL,Hartwell Dairy,Block,2023-10-23,11491,45964.0,4.0,4.0,0.0,0,0,1.074,Northmart|CLASSIC_DAIRY_BLOCK,9.34940642009918,1.3862943611198906,0.071389996086673,146,0.0,1.6094379124341003,1.3480731482996928
Northmart,CLASSIC_DAIRY_BLOCK,HARTWELL,Hartwell Dairy,Block,2023-10-30,16100,54740.0,3.4,4.0,15.0,0,0,1.091,Northmart|CLASSIC_DAIRY_BLOCK,9.686636660844938,1.2237754316221157,0.08709470685093373,147,0.0,1.6094379124341003,1.7047480922384253
Northmart,CLASSIC_DAIRY_BLOCK,HARTWELL,Hartwell Dairy,Block,2023-11-06,9736,38944.0,4.0,4.0,0.0,0,0,1.106,Northmart|CLASSIC_DAIRY_BLOCK,9.183688340978756,1.3862943611198906,0.10074990310014315,148,15.0,1.6094379124341003,1.7047480922384253
Northmart,CLASSIC_DAIRY_BLOCK,HARTWELL,Hartwell Dairy,Block,2023-11-13,11218,44872.0,4.0,4.0,0.0,0,0,1.12,Northmart|CLASSIC_DAIRY_BLOCK,9.325364048544964,1.3862943611198906,0.11332868530700327,149,0.0,1.1786549963416462,1.599387576580599
Northmart,CLASSIC_DAIRY_BLOCK,HARTWELL,Hartwell Dairy,Block,2023-11-20,65617,170604.2,2.6,4.0,35.0,1,0,1.132,Northmart|CLASSIC_DAIRY_BLOCK,11.091605327537964,0.9555114450274363,0.1239859797809911,150,0.0,1.6094379124341003,1.275362800412609
Northmart,CLASSIC_DAIRY_BLOCK,HARTWELL,Hartwell Dairy,Block,2023-11-27,9665,34794.0,3.6,4.0,10.0,0,0,1.142,Northmart|CLASSIC_DAIRY_BLOCK,9.17636985240503,1.2809338454620642,0.1327811112338184,151,35.0,1.3862943611198906,1.7047480922384253
Northmart,CLASSIC_DAIRY_BLOCK,HARTWELL,Hartwell Dairy,Block,2023-12-04,10532,42128.0,4.0,4.0,0.0,0,0,1.15,Northmart|CLASSIC_DAIRY_BLOCK,9.262268464836541,1.3862943611198906,0.13976194237515863,152,10.0,1.6094379124341003,1.7047480922384253
Northmart,CLASSIC_DAIRY_BLOCK,HARTWELL,Hartwell Dairy,Block,2023-12-11,49455,128583.0,2.6,4.0,35.0,0,1,1.155,Northmart|CLASSIC_DAIRY_BLOCK,10.808838664371898,0.9555114450274363,0.14410034397375687,153,0.0,1.3862943611198906,1.7047480922384253
Northmart,CLASSIC_DAIRY_BLOCK,HARTWELL,Hartwell Dairy,Block,2023-12-18,8019,32076.0,4.0,4.0,0.0,0,0,1.159,Northmart|CLASSIC_DAIRY_BLOCK,8.98969370086056,1.3862943611198906,0.1475575643576147,154,35.0,1.6094379124341003,1.7047480922384253
Northmart,CLASSIC_DAIRY_BLOCK,HARTWELL,Hartwell Dairy,Block,2023-12-25,12546,50184.0,4.0,4.0,0.0,0,0,1.16,Northmart|CLASSIC_DAIRY_BLOCK,9.4372368721597,1.3862943611198906,0.14842000511827322,155,0.0,1.6094379124341003,1.7047480922384253
Northmart,DARK_ORCHARD_BLOCK,ORCHARD,Orchard Dark,Block,2021-01-04,3270,16350.0,5.0,5.0,0.0,0,0,1.159,Northmart|DARK_ORCHARD_BLOCK,8.092851027538384,1.6094379124341003,0.1475575643576147,0,0.0,1.5040773967762742,1.3862943611198906
Northmart,DARK_ORCHARD_BLOCK,ORCHARD,Orchard Dark,Block,2021-01-11,3259,16295.0,5.0,5.0,0.0,0,0,1.155,Northmart|DARK_ORCHARD_BLOCK,8.089482474360754,1.6094379124341003,0.14410034397375687,1,0.0,1.5040773967762742,1.1631508098056809
Northmart,DARK_ORCHARD_BLOCK,ORCHARD,Orchard Dark,Block,2021-01-18,3121,15605.0,5.0,5.0,0.0,0,0,1.15,Northmart|DARK_ORCHARD_BLOCK,8.046229101075378,1.6094379124341003,0.13976194237515863,2,0.0,1.5040773967762742,1.3862943611198906
Northmart,DARK_ORCHARD_BLOCK,ORCHARD,Orchard Dark,Block,2021-01-25,6223,24892.0,4.0,5.0,20.0,0,1,1.142,Northmart|DARK_ORCHARD_BLOCK,8.736168065858228,1.3862943611198906,0.1327811112338184,3,0.0,1.5040773967762742,1.2237754316221157
Northmart,DARK_ORCHARD_BLOCK,ORCHARD,Orchard Dark,Block,2021-02-01,2672,13360.0,5.0,5.0,0.0,0,0,1.132,Northmart|DARK_ORCHARD_BLOCK,7.890956716138919,1.6094379124341003,0.1239859797809911,4,20.0,1.5040773967762742,1.0296194171811581
Northmart,DARK_ORCHARD_BLOCK,ORCHARD,Orchard Dark,Block,2021-02-08,3077,15385.0,5.0,5.0,0.0,0,0,1.12,Northmart|DARK_ORCHARD_BLOCK,8.032035314398824,1.6094379124341003,0.11332868530700327,5,0.0,1.5040773967762742,1.3862943611198906
Northmart,DARK_ORCHARD_BLOCK,ORCHARD,Orchard Dark,Block,2021-02-15,2736,13680.0,5.0,5.0,0.0,0,0,1.106,Northmart|DARK_ORCHARD_BLOCK,7.914617709040679,1.6094379124341003,0.10074990310014315,6,0.0,1.5040773967762742,1.0296194171811581
Northmart,DARK_ORCHARD_BLOCK,ORCHARD,Orchard Dark,Block,2021-02-22,2760,13800.0,5.0,5.0,0.0,0,0,1.091,Northmart|DARK_ORCHARD_BLOCK,7.923348211930154,1.6094379124341003,0.08709470685093373,7,0.0,1.3402504226184837,1.2237754316221157
Northmart,DARK_ORCHARD_BLOCK,ORCHARD,Orchard Dark,Block,2021-03-01,3432,15444.0,4.5,5.0,10.0,0,0,1.074,Northmart|DARK_ORCHARD_BLOCK,8.141189793457691,1.5040773967762742,0.071389996086673,8,0.0,1.5040773967762742,1.3862943611198906
Northmart,DARK_ORCHARD_BLOCK,ORCHARD,Orchard Dark,Block,2021-03-08,2622,13110.0,5.0,5.0,0.0,0,0,1.057,Northmart|DARK_ORCHARD_BLOCK,7.872073979866873,1.6094379124341003,0.055434706888100524,9,10.0,1.2178757094949273,1.3862943611198906
Northmart,DARK_ORCHARD_BLOCK,ORCHARD,Orchard Dark,Block,2021-03-15,2758,13790.0,5.0,5.0,0.0,0,0,1.038,Northmart|DARK_ORCHARD_BLOCK,7.922623574217286,1.6094379124341003,0.03729578474369693,10,0.0,1.5040773967762742,1.3862943611198906
Northmart,DARK_ORCHARD_BLOCK,ORCHARD,Orchard Dark,Block,2021-03-22,5421,18973.5,3.5,5.0,30.0,0,0,1.019,Northmart|DARK_ORCHARD_BLOCK,8.598220030058611,1.252762968495368,0.018821754240587667,11,0.0,1.1474024528375417,1.3862943611198906
Northmart,DARK_ORCHARD_BLOCK,ORCHARD,Orchard Dark,Block,2021-03-29,2429,10323.25,4.25,5.0,15.0,0,0,1.0,Northmart|DARK_ORCHARD_BLOCK,7.795646536334594,1.4469189829363254,0.0,12,30.0,1.5040773967762742,1.3862943611198906
Northmart,DARK_ORCHARD_BLOCK,ORCHARD,Orchard Dark,Block,2021-04-05,2675,13375.0,5.0,5.0,0.0,0,0,1.081,Northmart|DARK_ORCHARD_BLOCK,7.892078421248119,1.6094379124341003,0.0778865386570712,13,15.0,1.2809338454620642,1.3862943611198906
Northmart,DARK_ORCHARD_BLOCK,ORCHARD,Orchard Dark,Block,2021-04-12,3068,15340.0,5.0,5.0,0.0,0,0,1.062,Northmart|DARK_ORCHARD_BLOCK,8.029107054619736,1.6094379124341003,0.060153922819747144,14,0.0,1.5040773967762742,1.3862943611198906
Northmart,DARK_ORCHARD_BLOCK,ORCHARD,Orchard Dark,Block,2021-04-19,2758,13790.0,5.0,5.0,0.0,0,0,1.043,Northmart|DARK_ORCHARD_BLOCK,7.922623574217286,1.6094379124341003,0.042101176018635326,15,0.0,1.5040773967762742,1.3862943611198906
Northmart,DARK_ORCHARD_BLOCK,ORCHARD,Orchard Dark,Block,2021-04-26,2598,12990.0,5.0,5.0,0.0,0,0,1.026,Northmart|DARK_ORCHARD_BLOCK,7.8628820346414905,1.6094379124341003,0.025667746748577813,16,0.0,1.5040773967762742,1.3862943611198906
Northmart,DARK_ORCHARD_BLOCK,ORCHARD,Orchard Dark,Block,2021-05-03,2202,11010.0,5.0,5.0,0.0,0,0,0.909,Northmart|DARK_ORCHARD_BLOCK,7.697575346802343,1.6094379124341003,-0.09541018480465818,17,0.0,1.5040773967762742,1.0986122886681098
Northmart,DARK_ORCHARD_BLOCK,ORCHARD,Orchard Dark,Block,2021-05-10,2333,11665.0,5.0,5.0,0.0,0,0,0.894,Northmart|DARK_ORCHARD_BLOCK,7.755338812846501,1.6094379124341003,-0.11204950380862289,18,0.0,1.2178757094949273,1.2237754316221157
Northmart,DARK_ORCHARD_BLOCK,ORCHARD,Orchard Dark,Block,2021-05-17,4847,15752.75,3.25,5.0,35.0,0,0,0.88,Northmart|DARK_ORCHARD_BLOCK,8.486321527749151,1.1786549963416462,-0.12783337150988489,19,0.0,1.5040773967762742,1.1631508098056809
Northmart,DARK_ORCHARD_BLOCK,ORCHARD,Orchard Dark,Block,2021-05-24,2700,10125.0,3.75,5.0,25.0,0,0,0.868,Northmart|DARK_ORCHARD_BLOCK,7.901377353792616,1.3217558399823195,-0.14156356432178688,20,35.0,1.5040773967762742,1.3862943611198906
Northmart,DARK_ORCHARD_BLOCK,ORCHARD,Orchard Dark,Block,2021-05-31,1913,9565.0,5.0,5.0,0.0,0,0,0.858,Northmart|DARK_ORCHARD_BLOCK,7.5569505720129,1.6094379124341003,-0.15315117949417478,21,25.0,1.5040773967762742,1.3862943611198906
Northmart,DARK_ORCHARD_BLOCK,ORCHARD,Orchard Dark,Block,2021-06-07,1905,9525.0,5.0,5.0,0.0,0,0,0.85,Northmart|DARK_ORCHARD_BLOCK,7.552762084214147,1.6094379124341003,-0.16251892949777494,22,0.0,1.0715836162801904,1.3862943611198906
Northmart,DARK_ORCHARD_BLOCK,ORCHARD,Orchard Dark,Block,2021-06-14,2133,10665.0,5.0,5.0,0.0,0,0,0.845,Northmart|DARK_ORCHARD_BLOCK,7.665753431861699,1.6094379124341003,-0.16841865162496325,23,0.0,1.2809338454620642,1.3862943611198906
Northmart,DARK_ORCHARD_BLOCK,ORCHARD,Orchard Dark,Block,2021-06-21,2228,11140.0,5.0,5.0,0.0,0,0,0.841,Northmart|DARK_ORCHARD_BLOCK,7.709308333385869,1.6094379124341003,-0.17316361900918903,24,0.0,1.5040773967762742,1.2809338454620642
Northmart,DARK_ORCHARD_BLOCK,ORCHARD,Orchard Dark,Block,2021-06-28,2287,11435.0,5.0,5.0,0.0,0,0,0.84,Northmart|DARK_ORCHARD_BLOCK,7.7354333524996886,1.6094379124341003,-0.1743533871447778,25,0.0,1.5040773967762742,1.0986122886681098
Northmart,DARK_ORCHARD_BLOCK,ORCHARD,Orchard Dark,Block,2021-07-05,2227,11135.0,5.0,5.0,0.0,0,0,0.841,Northmart|DARK_ORCHARD_BLOCK,7.708859601047175,1.6094379124341003,-0.17316361900918903,26,0.0,1.5040773967762742,1.1631508098056809
Northmart,DARK_ORCHARD_BLOCK,ORCHARD,Orchard Dark,Block,2021-07-12,4597,17238.75,3.75,5.0,25.0,0,0,0.845,Northmart|DARK_ORCHARD_BLOCK,8.433376705323127,1.3217558399823195,-0.16841865162496325,27,0.0,1.2178757094949273,1.3862943611198906
Northmart,DARK_ORCHARD_BLOCK,ORCHARD,Orchard Dark,Block,2021-07-19,1851,9255.0,5.0,5.0,0.0,0,0,0.85,Northmart|DARK_ORCHARD_BLOCK,7.524021415206125,1.6094379124341003,-0.16251892949777494,28,25.0,1.5040773967762742,1.0296194171811581
Northmart,DARK_ORCHARD_BLOCK,ORCHARD,Orchard Dark,Block,2021-07-26,5218,18263.0,3.5,5.0,30.0,0,1,0.858,Northmart|DARK_ORCHARD_BLOCK,8.560061091643414,1.252762968495368,-0.15315117949417478,29,0.0,1.2178757094949273,1.3862943611198906
Northmart,DARK_ORCHARD_BLOCK,ORCHARD,Orchard Dark,Block,2021-08-02,1823,9115.0,5.0,5.0,0.0,0,0,0.868,Northmart|DARK_ORCHARD_BLOCK,7.508787170634276,1.6094379124341003,-0.14156356432178688,30,30.0,1.5040773967762742,1.3862943611198906
Northmart,DARK_ORCHARD_BLOCK,ORCHARD,Orchard Dark,Block,2021-08-09,2084,10420.0,5.0,5.0,0.0,0,0,0.88,Northmart|DARK_ORCHARD_BLOCK,7.642524134232902,1.6094379124341003,-0.12783337150988489,31,0.0,1.2178757094949273,1.3862943611198906
Northmart,DARK_ORCHARD_BLOCK,ORCHARD,Orchard Dark,Block,2021-08-16,2504,12520.0,5.0,5.0,0.0,0,0,0.894,Northmart|DARK_ORCHARD_BLOCK,7.826044013518965,1.6094379124341003,-0.11204950380862289,32,0.0,1.5040773967762742,1.3862943611198906
Northmart,DARK_ORCHARD_BLOCK,ORCHARD,Orchard Dark,Block,2021-08-23,5554,18050.5,3.25,5.0,35.0,0,0,0.909,Northmart|DARK_ORCHARD_BLOCK,8.62245370207373,1.1786549963416462,-0.09541018480465818,33,0.0,1.3402504226184837,1.3862943611198906
Northmart,DARK_ORCHARD_BLOCK,ORCHARD,Orchard Dark,Block,2021-08-30,2129,9580.5,4.5,5.0,10.0,0,0,0.926,Northmart|DARK_ORCHARD_BLOCK,7.6638772587034705,1.5040773967762742,-0.07688104433595762,34,35.0,1.5040773967762742,1.1631508098056809
Northmart,DARK_ORCHARD_BLOCK,ORCHARD,Orchard Dark,Block,2021-09-06,2290,11450.0,5.0,5.0,0.0,0,0,0.943,Northmart|DARK_ORCHARD_BLOCK,7.736743682453495,1.6094379124341003,-0.05868899634867961,35,10.0,1.5040773967762742,1.3862943611198906
Northmart,DARK_ORCHARD_BLOCK,ORCHARD,Orchard Dark,Block,2021-09-13,2620,13100.0,5.0,5.0,0.0,0,0,0.962,Northmart|DARK_ORCHARD_BLOCK,7.8713112033234065,1.6094379124341003,-0.038740828316430595,36,0.0,1.5040773967762742,1.3862943611198906
Northmart,DARK_ORCHARD_BLOCK,ORCHARD,Orchard Dark,Block,2021-09-20,2546,12730.0,5.0,5.0,0.0,0,0,0.981,Northmart|DARK_ORCHARD_BLOCK,7.842671474979457,1.6094379124341003,-0.019182819416773987,37,0.0,1.5040773967762742,1.2237754316221157
Northmart,DARK_ORCHARD_BLOCK,ORCHARD,Orchard Dark,Block,2021-09-27,2577,12885.0,5.0,5.0,0.0,0,0,1.0,Northmart|DARK_ORCHARD_BLOCK,7.8547691834991324,1.6094379124341003,0.0,38,0.0,1.5040773967762742,1.3862943611198906
Northmart,DARK_ORCHARD_BLOCK,ORCHARD,Orchard Dark,Block,2021-10-04,3003,13513.5,4.5,5.0,10.0,0,0,1.019,Northmart|DARK_ORCHARD_BLOCK,8.007700012884026,1.5040773967762742,0.018821754240587667,39,0.0,1.3987168811184478,1.3862943611198906
Northmart,DARK_ORCHARD_BLOCK,ORCHARD,Orchard Dark,Block,2021-10-11,2555,12775.0,5.0,5.0,0.0,0,0,1.038,Northmart|DARK_ORCHARD_BLOCK,7.846198815497425,1.6094379124341003,0.03729578474369693,40,10.0,1.5040773967762742,1.3862943611198906
Northmart,DARK_ORCHARD_BLOCK,ORCHARD,Orchard Dark,Block,2021-10-18,2603,13015.0,5.0,5.0,0.0,0,0,1.057,Northmart|DARK_ORCHARD_BLOCK,7.86480400332846,1.6094379124341003,0.055434706888100524,41,0.0,1.2809338454620642,1.3862943611198906
Northmart,DARK_ORCHARD_BLOCK,ORCHARD,Orchard Dark,Block,2021-10-25,3057,15285.0,5.0,5.0,0.0,0,0,1.074,Northmart|DARK_ORCHARD_BLOCK,8.025516386489008,1.6094379124341003,0.071389996086673,42,0.0,1.5040773967762742,1.3862943611198906
Northmart,DARK_ORCHARD_BLOCK,ORCHARD,Orchard Dark,Block,2021-11-01,2713,13565.0,5.0,5.0,0.0,0,0,1.091,Northmart|DARK_ORCHARD_BLOCK,7.906178840394815,1.6094379124341003,0.08709470685093373,43,0.0,1.2178757094949273,1.3862943611198906
Northmart,DARK_ORCHARD_BLOCK,ORCHARD,Orchard Dark,Block,2021-11-08,2949,14745.0,5.0,5.0,0.0,0,0,1.106,Northmart|DARK_ORCHARD_BLOCK,7.989560449333865,1.6094379124341003,0.10074990310014315,44,0.0,1.5040773967762742,1.3862943611198906
Northmart,DARK_ORCHARD_BLOCK,ORCHARD,Orchard Dark,Block,2021-11-15,5389,24250.5,4.5,5.0,10.0,1,0,1.12,Northmart|DARK_ORCHARD_BLOCK,8.592300663903043,1.5040773967762742,0.11332868530700327,45,0.0,1.5040773967762742,1.1631508098056809
Northmart,DARK_ORCHARD_BLOCK,ORCHARD,Orchard Dark,Block,2021-11-22,2675,13375.0,5.0,5.0,0.0,0,0,1.132,Northmart|DARK_ORCHARD_BLOCK,7.892078421248119,1.6094379124341003,0.1239859797809911,46,10.0,1.5040773967762742,1.1631508098056809
Northmart,DARK_ORCHARD_BLOCK,ORCHARD,Orchard Dark,Block,2021-11-29,4363,18542.75,4.25,5.0,15.0,0,0,1.142,Northmart|DARK_ORCHARD_BLOCK,8.381144346952961,1.4469189829363254,0.1327811112338184,47,0.0,1.3987168811184478,1.1631508098056809
Northmart,DARK_ORCHARD_BLOCK,ORCHARD,Orchard Dark,Block,2021-12-06,4864,18240.0,3.75,5.0,25.0,0,0,1.15,Northmart|DARK_ORCHARD_BLOCK,8.489821994620105,1.3217558399823195,0.13976194237515863,48,15.0,1.5040773967762742,1.3862943611198906
Northmart,DARK_ORCHARD_BLOCK,ORCHARD,Orchard Dark,Block,2021-12-13,2580,12900.0,5.0,5.0,0.0,0,0,1.155,Northmart|DARK_ORCHARD_BLOCK,7.855932199718614,1.6094379124341003,0.14410034397375687,49,25.0,1.5040773967762742,1.3862943611198906
Northmart,DARK_ORCHARD_BLOCK,ORCHARD,Orchard Dark,Block,2021-12-20,3106,15530.0,5.0,5.0,0.0,0,0,1.159,Northmart|DARK_ORCHARD_BLOCK,8.041412909393047,1.6094379124341003,0.1475575643576147,50,0.0,1.5040773967762742,1.3862943611198906
Northmart,DARK_ORCHARD_BLOCK,ORCHARD,Orchard Dark,Block,2021-12-27,5938,20783.0,3.5,5.0,30.0,0,0,1.16,Northmart|DARK_ORCHARD_BLOCK,8.68929604801586,1.252762968495368,0.14842000511827322,51,0.0,1.5040773967762742,1.0986122886681098
Northmart,DARK_ORCHARD_BLOCK,ORCHARD,Orchard Dark,Block,2022-01-03,5003,18761.25,3.75,5.0,25.0,0,1,1.159,Northmart|DARK_ORCHARD_BLOCK,8.517992871586802,1.3217558399823195,0.1475575643576147,52,30.0,1.5040773967762742,1.0296194171811581
Northmart,DARK_ORCHARD_BLOCK,ORCHARD,Orchard Dark,Block,2022-01-10,5274,17140.5,3.25,5.0,35.0,0,0,1.155,Northmart|DARK_ORCHARD_BLOCK,8.570733958344267,1.1786549963416462,0.14410034397375687,53,25.0,1.3987168811184478,1.3862943611198906
Northmart,DARK_ORCHARD_BLOCK,ORCHARD,Orchard Dark,Block,2022-01-17,5569,19491.5,3.5,5.0,30.0,0,1,1.15,Northmart|DARK_ORCHARD_BLOCK,8.62515033292133,1.252762968495368,0.13976194237515863,54,35.0,1.5040773967762742,1.2237754316221157
Northmart,DARK_ORCHARD_BLOCK,ORCHARD,Orchard Dark,Block,2022-01-24,2256,11280.0,5.0,5.0,0.0,0,0,1.142,Northmart|DARK_ORCHARD_BLOCK,7.721791776817535,1.6094379124341003,0.1327811112338184,55,30.0,1.5040773967762742,1.3862943611198906
Northmart,DARK_ORCHARD_BLOCK,ORCHARD,Orchard Dark,Block,2022-01-31,2753,13765.0,5.0,5.0,0.0,0,0,1.132,Northmart|DARK_ORCHARD_BLOCK,7.9208096792886,1.6094379124341003,0.1239859797809911,56,0.0,1.5040773967762742,1.1631508098056809
Northmart,DARK_ORCHARD_BLOCK,ORCHARD,Orchard Dark,Block,2022-02-07,5736,21510.0,3.75,5.0,25.0,0,0,1.12,Northmart|DARK_ORCHARD_BLOCK,8.654691704601872,1.3217558399823195,0.11332868530700327,57,0.0,1.1474024528375417,1.3862943611198906
Northmart,DARK_ORCHARD_BLOCK,ORCHARD,Orchard Dark,Block,2022-02-14,3919,16655.75,4.25,5.0,15.0,0,1,1.106,Northmart|DARK_ORCHARD_BLOCK,8.273846932784508,1.4469189829363254,0.10074990310014315,58,25.0,1.5040773967762742,1.3862943611198906
Northmart,DARK_ORCHARD_BLOCK,ORCHARD,Orchard Dark,Block,2022-02-21,2299,11495.0,5.0,5.0,0.0,0,0,1.091,Northmart|DARK_ORCHARD_BLOCK,7.7406644019172415,1.6094379124341003,0.08709470685093373,59,15.0,1.5040773967762742,1.3862943611198906
Northmart,DARK_ORCHARD_BLOCK,ORCHARD,Orchard Dark,Block,2022-02-28,2984,14920.0,5.0,5.0,0.0,0,0,1.074,Northmart|DARK_ORCHARD_BLOCK,8.001355025826703,1.6094379124341003,0.071389996086673,60,0.0,1.5040773967762742,1.2237754316221157
Northmart,DARK_ORCHARD_BLOCK,ORCHARD,Orchard Dark,Block,2022-03-07,2715,13575.0,5.0,5.0,0.0,0,0,1.057,Northmart|DARK_ORCHARD_BLOCK,7.906915488678587,1.6094379124341003,0.055434706888100524,61,0.0,1.3402504226184837,1.3862943611198906
Northmart,DARK_ORCHARD_BLOCK,ORCHARD,Orchard Dark,Block,2022-03-14,2953,14765.0,5.0,5.0,0.0,0,0,1.038,Northmart|DARK_ORCHARD_BLOCK,7.9909154630913255,1.6094379124341003,0.03729578474369693,62,0.0,1.5040773967762742,1.3862943611198906
Northmart,DARK_ORCHARD_BLOCK,ORCHARD,Orchard Dark,Block,2022-03-21,5879,19106.75,3.25,5.0,35.0,0,0,1.019,Northmart|DARK_ORCHARD_BLOCK,8.679312040892672,1.1786549963416462,0.018821754240587667,63,0.0,1.5040773967762742,1.1631508098056809
Northmart,DARK_ORCHARD_BLOCK,ORCHARD,Orchard Dark,Block,2022-03-28,1894,9470.0,5.0,5.0,0.0,0,0,1.0,Northmart|DARK_ORCHARD_BLOCK,7.546974117516527,1.6094379124341003,0.0,64,35.0,1.5040773967762742,1.1631508098056809
Northmart,DARK_ORCHARD_BLOCK,ORCHARD,Orchard Dark,Block,2022-04-04,7259,23591.75,3.25,5.0,35.0,0,0,1.081,Northmart|DARK_ORCHARD_BLOCK,8.890135107818843,1.1786549963416462,0.0778865386570712,65,0.0,1.0715836162801904,1.3862943611198906
Northmart,DARK_ORCHARD_BLOCK,ORCHARD,Orchard Dark,Block,2022-04-11,2168,10840.0,5.0,5.0,0.0,0,0,1.062,Northmart|DARK_ORCHARD_BLOCK,7.682021510826875,1.6094379124341003,0.060153922819747144,66,35.0,1.5040773967762742,1.3862943611198906
Northmart,DARK_ORCHARD_BLOCK,ORCHARD,Orchard Dark,Block,2022-04-18,3208,16040.0,5.0,5.0,0.0,0,0,1.043,Northmart|DARK_ORCHARD_BLOCK,8.073714641109857,1.6094379124341003,0.042101176018635326,67,0.0,1.5040773967762742,1.3862943611198906
Northmart,DARK_ORCHARD_BLOCK,ORCHARD,Orchard Dark,Block,2022-04-25,2715,13575.0,5.0,5.0,0.0,0,0,1.026,Northmart|DARK_ORCHARD_BLOCK,7.906915488678587,1.6094379124341003,0.025667746748577813,68,0.0,1.5040773967762742,1.3862943611198906
Northmart,DARK_ORCHARD_BLOCK,ORCHARD,Orchard Dark,Block,2022-05-02,2470,12350.0,5.0,5.0,0.0,0,0,0.909,Northmart|DARK_ORCHARD_BLOCK,7.81237820598861,1.6094379124341003,-0.09541018480465818,69,0.0,1.0715836162801904,1.2809338454620642
Northmart,DARK_ORCHARD_BLOCK,ORCHARD,Orchard Dark,Block,2022-05-09,3440,13760.0,4.0,5.0,20.0,0,0,0.894,Northmart|DARK_ORCHARD_BLOCK,8.14351740579748,1.3862943611198906,-0.11204950380862289,70,0.0,1.5040773967762742,1.0296194171811581
Northmart,DARK_ORCHARD_BLOCK,ORCHARD,Orchard Dark,Block,2022-05-16,2118,10590.0,5.0,5.0,0.0,0,0,0.88,Northmart|DARK_ORCHARD_BLOCK,7.6586995582682995,1.6094379124341003,-0.12783337150988489,71,20.0,1.5040773967762742,1.3862943611198906
Northmart,DARK_ORCHARD_BLOCK,ORCHARD,Orchard Dark,Block,2022-05-23,2427,12135.0,5.0,5.0,0.0,0,0,0.868,Northmart|DARK_ORCHARD_BLOCK,7.794823152179389,1.6094379124341003,-0.14156356432178688,72,0.0,1.5040773967762742,1.3862943611198906
Northmart,DARK_ORCHARD_BLOCK,ORCHARD,Orchard Dark,Block,2022-05-30,2186,10930.0,5.0,5.0,0.0,0,0,0.858,Northmart|DARK_ORCHARD_BLOCK,7.690286020676768,1.6094379124341003,-0.15315117949417478,73,0.0,1.5040773967762742,1.0296194171811581
Northmart,DARK_ORCHARD_BLOCK,ORCHARD,Orchard Dark,Block,2022-06-06,2305,11525.0,5.0,5.0,0.0,0,0,0.85,Northmart|DARK_ORCHARD_BLOCK,7.743269700829004,1.6094379124341003,-0.16251892949777494,74,0.0,1.3987168811184478,1.3862943611198906
Northmart,DARK_ORCHARD_BLOCK,ORCHARD,Orchard Dark,Block,2022-06-13,2403,12015.0,5.0,5.0,0.0,0,0,0.845,Northmart|DARK_ORCHARD_BLOCK,7.784889295655098,1.6094379124341003,-0.16841865162496325,75,0.0,1.1474024528375417,1.3862943611198906
Northmart,DARK_ORCHARD_BLOCK,ORCHARD,Orchard Dark,Block,2022-06-20,2060,10300.0,5.0,5.0,0.0,0,0,0.841,Northmart|DARK_ORCHARD_BLOCK,7.630946580890459,1.6094379124341003,-0.17316361900918903,76,0.0,1.5040773967762742,1.2237754316221157
Northmart,DARK_ORCHARD_BLOCK,ORCHARD,Orchard Dark,Block,2022-06-27,3509,13158.75,3.75,5.0,25.0,0,0,0.84,Northmart|DARK_ORCHARD_BLOCK,8.163371316459912,1.3217558399823195,-0.1743533871447778,77,0.0,1.3402504226184837,1.3862943611198906
Northmart,DARK_ORCHARD_BLOCK,ORCHARD,Orchard Dark,Block,2022-07-04,1872,9360.0,5.0,5.0,0.0,0,0,0.841,Northmart|DARK_ORCHARD_BLOCK,7.5352967024440884,1.6094379124341003,-0.17316361900918903,78,25.0,1.5040773967762742,1.3862943611198906
Northmart,DARK_ORCHARD_BLOCK,ORCHARD,Orchard Dark,Block,2022-07-11,7753,25197.25,3.25,5.0,35.0,1,0,0.845,Northmart|DARK_ORCHARD_BLOCK,8.955964118230874,1.1786549963416462,-0.16841865162496325,79,0.0,1.5040773967762742,1.3862943611198906
Northmart,DARK_ORCHARD_BLOCK,ORCHARD,Orchard Dark,Block,2022-07-18,4639,17396.25,3.75,5.0,25.0,1,0,0.85,Northmart|DARK_ORCHARD_BLOCK,8.442469645220301,1.3217558399823195,-0.16251892949777494,80,35.0,1.5040773967762742,1.3862943611198906
Northmart,DARK_ORCHARD_BLOCK,ORCHARD,Orchard Dark,Block,2022-07-25,2759,11036.0,4.0,5.0,20.0,0,0,0.858,Northmart|DARK_ORCHARD_BLOCK,7.9229859587111955,1.3862943611198906,-0.15315117949417478,81,25.0,1.5040773967762742,1.3862943611198906
Northmart,DARK_ORCHARD_BLOCK,ORCHARD,Orchard Dark,Block,2022-08-01,5604,19614.0,3.5,5.0,30.0,1,0,0.868,Northmart|DARK_ORCHARD_BLOCK,8.63141433550626,1.252762968495368,-0.14156356432178688,82,20.0,1.5040773967762742,1.3862943611198906
Northmart,DARK_ORCHARD_BLOCK,ORCHARD,Orchard Dark,Block,2022-08-08,4102,13331.5,3.25,5.0,35.0,0,0,0.88,Northmart|DARK_ORCHARD_BLOCK,8.319473692442186,1.1786549963416462,-0.12783337150988489,83,30.0,1.5040773967762742,1.2237754316221157
Northmart,DARK_ORCHARD_BLOCK,ORCHARD,Orchard Dark,Block,2022-08-15,2834,10627.5,3.75,5.0,25.0,0,0,0.894,Northmart|DARK_ORCHARD_BLOCK,7.949797216161852,1.3217558399823195,-0.11204950380862289,84,35.0,1.5040773967762742,1.3862943611198906
Northmart,DARK_ORCHARD_BLOCK,ORCHARD,Orchard Dark,Block,2022-08-22,3718,16731.0,4.5,5.0,10.0,1,0,0.909,Northmart|DARK_ORCHARD_BLOCK,8.22121009392507,1.5040773967762742,-0.09541018480465818,85,25.0,1.5040773967762742,1.3862943611198906
Northmart,DARK_ORCHARD_BLOCK,ORCHARD,Orchard Dark,Block,2022-08-29,2193,10965.0,5.0,5.0,0.0,0,0,0.926,Northmart|DARK_ORCHARD_BLOCK,7.693481640835175,1.6094379124341003,-0.07688104433595762,86,10.0,1.5040773967762742,1.0296194171811581
Northmart,DARK_ORCHARD_BLOCK,ORCHARD,Orchard Dark,Block,2022-09-05,2905,14525.0,5.0,5.0,0.0,0,0,0.943,Northmart|DARK_ORCHARD_BLOCK,7.974532844130228,1.6094379124341003,-0.05868899634867961,87,0.0,1.1474024528375417,1.3862943611198906
Northmart,DARK_ORCHARD_BLOCK,ORCHARD,Orchard Dark,Block,2022-09-12,4375,16406.25,3.75,5.0,25.0,0,0,0.962,Northmart|DARK_ORCHARD_BLOCK,8.383890344101816,1.3217558399823195,-0.038740828316430595,88,0.0,1.5040773967762742,1.3862943611198906
Northmart,DARK_ORCHARD_BLOCK,ORCHARD,Orchard Dark,Block,2022-09-19,2393,11965.0,5.0,5.0,0.0,0,0,0.981,Northmart|DARK_ORCHARD_BLOCK,7.780720886117918,1.6094379124341003,-0.019182819416773987,89,25.0,1.5040773967762742,1.3862943611198906
Northmart,DARK_ORCHARD_BLOCK,ORCHARD,Orchard Dark,Block,2022-09-26,3205,16025.0,5.0,5.0,0.0,0,0,1.0,Northmart|DARK_ORCHARD_BLOCK,8.072779333169498,1.6094379124341003,0.0,90,0.0,1.5040773967762742,1.1631508098056809
Northmart,DARK_ORCHARD_BLOCK,ORCHARD,Orchard Dark,Block,2022-10-03,3277,16385.0,5.0,5.0,0.0,0,0,1.019,Northmart|DARK_ORCHARD_BLOCK,8.094988759303774,1.6094379124341003,0.018821754240587667,91,0.0,1.5040773967762742,1.3862943611198906
Northmart,DARK_ORCHARD_BLOCK,ORCHARD,Orchard Dark,Block,2022-10-10,3053,15265.0,5.0,5.0,0.0,0,0,1.038,Northmart|DARK_ORCHARD_BLOCK,8.024207485778577,1.6094379124341003,0.03729578474369693,92,0.0,1.5040773967762742,1.3862943611198906
Northmart,DARK_ORCHARD_BLOCK,ORCHARD,Orchard Dark,Block,2022-10-17,3894,15576.0,4.0,5.0,20.0,0,0,1.057,Northmart|DARK_ORCHARD_BLOCK,8.267448958304849,1.3862943611198906,0.055434706888100524,93,0.0,1.3402504226184837,1.3862943611198906
Northmart,DARK_ORCHARD_BLOCK,ORCHARD,Orchard Dark,Block,2022-10-24,2551,12755.0,5.0,5.0,0.0,0,0,1.074,Northmart|DARK_ORCHARD_BLOCK,7.844632644464681,1.6094379124341003,0.071389996086673,94,20.0,1.5040773967762742,1.2237754316221157
Northmart,DARK_ORCHARD_BLOCK,ORCHARD,Orchard Dark,Block,2022-10-31,2834,14170.0,5.0,5.0,0.0,0,0,1.091,Northmart|DARK_ORCHARD_BLOCK,7.949797216161852,1.6094379124341003,0.08709470685093373,95,0.0,1.5040773967762742,1.3862943611198906
Northmart,DARK_ORCHARD_BLOCK,ORCHARD,Orchard Dark,Block,2022-11-07,3036,15180.0,5.0,5.0,0.0,0,0,1.106,Northmart|DARK_ORCHARD_BLOCK,8.01862546504575,1.6094379124341003,0.10074990310014315,96,0.0,1.5040773967762742,1.3862943611198906
Northmart,DARK_ORCHARD_BLOCK,ORCHARD,Orchard Dark,Block,2022-11-14,3256,16280.0,5.0,5.0,0.0,0,0,1.12,Northmart|DARK_ORCHARD_BLOCK,8.088561805276234,1.6094379124341003,0.11332868530700327,97,0.0,1.5040773967762742,1.3862943611198906
Northmart,DARK_ORCHARD_BLOCK,ORCHARD,Orchard Dark,Block,2022-11-21,3346,16730.0,5.0,5.0,0.0,0,0,1.132,Northmart|DARK_ORCHARD_BLOCK,8.115819701211327,1.6094379124341003,0.1239859797809911,98,0.0,1.2809338454620642,1.3862943611198906
Northmart,DARK_ORCHARD_BLOCK,ORCHARD,Orchard Dark,Block,2022-11-28,6183,26277.75,4.25,5.0,15.0,1,0,1.142,Northmart|DARK_ORCHARD_BLOCK,8.729720590267258,1.4469189829363254,0.1327811112338184,99,0.0,1.3987168811184478,1.3862943611198906
Northmart,DARK_ORCHARD_BLOCK,ORCHARD,Orchard Dark,Block,2022-12-05,2731,13655.0,5.0,5.0,0.0,0,0,1.15,Northmart|DARK_ORCHARD_BLOCK,7.912789220690681,1.6094379124341003,0.13976194237515863,100,15.0,1.1474024528375417,1.3862943611198906
Northmart,DARK_ORCHARD_BLOCK,ORCHARD,Orchard Dark,Block,2022-12-12,3002,15010.0,5.0,5.0,0.0,0,0,1.155,Northmart|DARK_ORCHARD_BLOCK,8.00736706798333,1.6094379124341003,0.14410034397375687,101,0.0,1.3987168811184478,1.1631508098056809
Northmart,DARK_ORCHARD_BLOCK,ORCHARD,Orchard Dark,Block,2022-12-19,3220,16100.0,5.0,5.0,0.0,0,0,1.159,Northmart|DARK_ORCHARD_BLOCK,8.0774471493312,1.6094379124341003,0.1475575643576147,102,0.0,1.5040773967762742,1.0296194171811581
Northmart,DARK_ORCHARD_BLOCK,ORCHARD,Orchard Dark,Block,2022-12-26,3458,17290.0,5.0,5.0,0.0,0,0,1.16,Northmart|DARK_ORCHARD_BLOCK,8.148734808937169,1.6094379124341003,0.14842000511827322,103,0.0,1.3402504226184837,1.3862943611198906
Northmart,DARK_ORCHARD_BLOCK,ORCHARD,Orchard Dark,Block,2023-01-02,3462,17310.0,5.0,5.0,0.0,0,0,1.159,Northmart|DARK_ORCHARD_BLOCK,8.149890544402423,1.6094379124341003,0.1475575643576147,104,0.0,1.0715836162801904,1.3862943611198906
Northmart,DARK_ORCHARD_BLOCK,ORCHARD,Orchard Dark,Block,2023-01-09,3027,15135.0,5.0,5.0,0.0,0,0,1.155,Northmart|DARK_ORCHARD_BLOCK,8.01565761455734,1.6094379124341003,0.14410034397375687,105,0.0,1.5040773967762742,1.0986122886681098
Northmart,DARK_ORCHARD_BLOCK,ORCHARD,Orchard Dark,Block,2023-01-16,5709,19981.5,3.5,5.0,30.0,0,0,1.15,Northmart|DARK_ORCHARD_BLOCK,8.649974302650056,1.252762968495368,0.13976194237515863,106,0.0,1.5040773967762742,1.3862943611198906
Northmart,DARK_ORCHARD_BLOCK,ORCHARD,Orchard Dark,Block,2023-01-23,2466,12330.0,5.0,5.0,0.0,0,0,1.142,Northmart|DARK_ORCHARD_BLOCK,7.810758116529357,1.6094379124341003,0.1327811112338184,107,30.0,1.5040773967762742,1.0986122886681098
Northmart,DARK_ORCHARD_BLOCK,ORCHARD,Orchard Dark,Block,2023-01-30,3428,17140.0,5.0,5.0,0.0,0,0,1.132,Northmart|DARK_ORCHARD_BLOCK,8.14002395246292,1.6094379124341003,0.1239859797809911,108,0.0,1.5040773967762742,1.0986122886681098
Northmart,DARK_ORCHARD_BLOCK,ORCHARD,Orchard Dark,Block,2023-02-06,4262,17048.0,4.0,5.0,20.0,0,0,1.12,Northmart|DARK_ORCHARD_BLOCK,8.35772841676521,1.3862943611198906,0.11332868530700327,109,0.0,1.5040773967762742,1.2809338454620642
Northmart,DARK_ORCHARD_BLOCK,ORCHARD,Orchard Dark,Block,2023-02-13,2213,11065.0,5.0,5.0,0.0,0,0,1.106,Northmart|DARK_ORCHARD_BLOCK,7.7025561132685825,1.6094379124341003,0.10074990310014315,110,20.0,1.5040773967762742,1.3862943611198906
Northmart,DARK_ORCHARD_BLOCK,ORCHARD,Orchard Dark,Block,2023-02-20,2749,13745.0,5.0,5.0,0.0,0,0,1.091,Northmart|DARK_ORCHARD_BLOCK,7.919356190660617,1.6094379124341003,0.08709470685093373,111,0.0,1.5040773967762742,1.3862943611198906
Northmart,DARK_ORCHARD_BLOCK,ORCHARD,Orchard Dark,Block,2023-02-27,3148,15740.0,5.0,5.0,0.0,0,0,1.074,Northmart|DARK_ORCHARD_BLOCK,8.054840221101024,1.6094379124341003,0.071389996086673,112,0.0,1.1474024528375417,0.9555114450274363
Northmart,DARK_ORCHARD_BLOCK,ORCHARD,Orchard Dark,Block,2023-03-06,2894,14470.0,5.0,5.0,0.0,0,0,1.057,Northmart|DARK_ORCHARD_BLOCK,7.970740390007095,1.6094379124341003,0.055434706888100524,113,0.0,1.5040773967762742,1.2237754316221157
Northmart,DARK_ORCHARD_BLOCK,ORCHARD,Orchard Dark,Block,2023-03-13,2766,13830.0,5.0,5.0,0.0,0,0,1.038,Northmart|DARK_ORCHARD_BLOCK,7.925518979786926,1.6094379124341003,0.03729578474369693,114,0.0,1.5040773967762742,1.3862943611198906
Northmart,DARK_ORCHARD_BLOCK,ORCHARD,Orchard Dark,Block,2023-03-20,2944,14720.0,5.0,5.0,0.0,0,0,1.019,Northmart|DARK_ORCHARD_BLOCK,7.987864096085687,1.6094379124341003,0.018821754240587667,115,0.0,1.2809338454620642,1.3862943611198906
Northmart,DARK_ORCHARD_BLOCK,ORCHARD,Orchard Dark,Block,2023-03-27,2922,14610.0,5.0,5.0,0.0,0,0,1.0,Northmart|DARK_ORCHARD_BLOCK,7.980365765111246,1.6094379124341003,0.0,116,0.0,1.2809338454620642,1.3862943611198906
Northmart,DARK_ORCHARD_BLOCK,ORCHARD,Orchard Dark,Block,2023-04-03,3189,15945.0,5.0,5.0,0.0,0,0,1.081,Northmart|DARK_ORCHARD_BLOCK,8.06777619577889,1.6094379124341003,0.0778865386570712,117,0.0,1.5040773967762742,1.3862943611198906
Northmart,DARK_ORCHARD_BLOCK,ORCHARD,Orchard Dark,Block,2023-04-10,3190,14355.0,4.5,5.0,10.0,0,0,1.062,Northmart|DARK_ORCHARD_BLOCK,8.068089626278244,1.5040773967762742,0.060153922819747144,118,0.0,1.5040773967762742,1.3862943611198906
Northmart,DARK_ORCHARD_BLOCK,ORCHARD,Orchard Dark,Block,2023-04-17,2560,12800.0,5.0,5.0,0.0,0,0,1.043,Northmart|DARK_ORCHARD_BLOCK,7.848153086199526,1.6094379124341003,0.042101176018635326,119,10.0,1.5040773967762742,1.3862943611198906
Northmart,DARK_ORCHARD_BLOCK,ORCHARD,Orchard Dark,Block,2023-04-24,3094,15470.0,5.0,5.0,0.0,0,0,1.026,Northmart|DARK_ORCHARD_BLOCK,8.037543185118697,1.6094379124341003,0.025667746748577813,120,0.0,1.5040773967762742,1.3862943611198906
Northmart,DARK_ORCHARD_BLOCK,ORCHARD,Orchard Dark,Block,2023-05-01,2559,12795.0,5.0,5.0,0.0,0,0,0.909,Northmart|DARK_ORCHARD_BLOCK,7.847762537473608,1.6094379124341003,-0.09541018480465818,121,0.0,1.5040773967762742,1.3862943611198906
Northmart,DARK_ORCHARD_BLOCK,ORCHARD,Orchard Dark,Block,2023-05-08,3115,14017.5,4.5,5.0,10.0,0,0,0.894,Northmart|DARK_ORCHARD_BLOCK,8.044305406990638,1.5040773967762742,-0.11204950380862289,122,0.0,1.5040773967762742,1.3862943611198906
Northmart,DARK_ORCHARD_BLOCK,ORCHARD,Orchard Dark,Block,2023-05-15,4991,17468.5,3.5,5.0,30.0,0,0,0.88,Northmart|DARK_ORCHARD_BLOCK,8.515591910049263,1.252762968495368,-0.12783337150988489,123,10.0,1.2809338454620642,1.3862943611198906
Northmart,DARK_ORCHARD_BLOCK,ORCHARD,Orchard Dark,Block,2023-05-22,1963,9815.0,5.0,5.0,0.0,0,0,0.868,Northmart|DARK_ORCHARD_BLOCK,7.582738488914411,1.6094379124341003,-0.14156356432178688,124,30.0,1.5040773967762742,1.3862943611198906
Northmart,DARK_ORCHARD_BLOCK,ORCHARD,Orchard Dark,Block,2023-05-29,2460,12300.0,5.0,5.0,0.0,0,0,0.858,Northmart|DARK_ORCHARD_BLOCK,7.8083230503910555,1.6094379124341003,-0.15315117949417478,125,0.0,1.5040773967762742,1.3862943611198906
Northmart,DARK_ORCHARD_BLOCK,ORCHARD,Orchard Dark,Block,2023-06-05,2576,12880.0,5.0,5.0,0.0,0,0,0.85,Northmart|DARK_ORCHARD_BLOCK,7.854381210652365,1.6094379124341003,-0.16251892949777494,126,0.0,1.5040773967762742,1.3862943611198906
Northmart,DARK_ORCHARD_BLOCK,ORCHARD,Orchard Dark,Block,2023-06-12,5691,22764.0,4.0,5.0,20.0,1,0,0.845,Northmart|DARK_ORCHARD_BLOCK,8.646816959209742,1.3862943611198906,-0.16841865162496325,127,0.0,1.5040773967762742,0.9555114450274363
Northmart,DARK_ORCHARD_BLOCK,ORCHARD,Orchard Dark,Block,2023-06-19,3342,12532.5,3.75,5.0,25.0,0,0,0.841,Northmart|DARK_ORCHARD_BLOCK,8.114623886420098,1.3217558399823195,-0.17316361900918903,128,20.0,1.5040773967762742,1.0296194171811581
Northmart,DARK_ORCHARD_BLOCK,ORCHARD,Orchard Dark,Block,2023-06-26,1800,9000.0,5.0,5.0,0.0,0,0,0.84,Northmart|DARK_ORCHARD_BLOCK,7.496097345175956,1.6094379124341003,-0.1743533871447778,129,25.0,1.5040773967762742,1.1631508098056809
Northmart,DARK_ORCHARD_BLOCK,ORCHARD,Orchard Dark,Block,2023-07-03,2466,12330.0,5.0,5.0,0.0,0,0,0.841,Northmart|DARK_ORCHARD_BLOCK,7.810758116529357,1.6094379124341003,-0.17316361900918903,130,0.0,1.5040773967762742,1.3862943611198906
Northmart,DARK_ORCHARD_BLOCK,ORCHARD,Orchard Dark,Block,2023-07-10,2406,12030.0,5.0,5.0,0.0,0,0,0.845,Northmart|DARK_ORCHARD_BLOCK,7.786136437783072,1.6094379124341003,-0.16841865162496325,131,0.0,1.5040773967762742,1.1631508098056809
Northmart,DARK_ORCHARD_BLOCK,ORCHARD,Orchard Dark,Block,2023-07-17,4803,16810.5,3.5,5.0,30.0,0,0,0.85,Northmart|DARK_ORCHARD_BLOCK,8.477204183199873,1.252762968495368,-0.16251892949777494,132,0.0,1.1474024528375417,1.3862943611198906
Northmart,DARK_ORCHARD_BLOCK,ORCHARD,Orchard Dark,Block,2023-07-24,1734,8670.0,5.0,5.0,0.0,0,0,0.858,Northmart|DARK_ORCHARD_BLOCK,7.45876269238096,1.6094379124341003,-0.15315117949417478,133,30.0,1.5040773967762742,1.3862943611198906
Northmart,DARK_ORCHARD_BLOCK,ORCHARD,Orchard Dark,Block,2023-07-31,2403,12015.0,5.0,5.0,0.0,0,0,0.868,Northmart|DARK_ORCHARD_BLOCK,7.784889295655098,1.6094379124341003,-0.14156356432178688,134,0.0,1.0715836162801904,1.3862943611198906
Northmart,DARK_ORCHARD_BLOCK,ORCHARD,Orchard Dark,Block,2023-08-07,2839,14195.0,5.0,5.0,0.0,0,0,0.88,Northmart|DARK_ORCHARD_BLOCK,7.951559331155252,1.6094379124341003,-0.12783337150988489,135,0.0,1.5040773967762742,1.3862943611198906
Northmart,DARK_ORCHARD_BLOCK,ORCHARD,Orchard Dark,Block,2023-08-14,2807,14035.0,5.0,5.0,0.0,0,0,0.894,Northmart|DARK_ORCHARD_BLOCK,7.940227765145702,1.6094379124341003,-0.11204950380862289,136,0.0,1.5040773967762742,1.3862943611198906
Northmart,DARK_ORCHARD_BLOCK,ORCHARD,Orchard Dark,Block,2023-08-21,4508,16905.0,3.75,5.0,25.0,0,0,0.909,Northmart|DARK_ORCHARD_BLOCK,8.413830678421084,1.3217558399823195,-0.09541018480465818,137,0.0,1.2178757094949273,1.2237754316221157
Northmart,DARK_ORCHARD_BLOCK,ORCHARD,Orchard Dark,Block,2023-08-28,1850,9250.0,5.0,5.0,0.0,0,0,0.926,Northmart|DARK_ORCHARD_BLOCK,7.523481312573497,1.6094379124341003,-0.07688104433595762,138,25.0,1.5040773967762742,1.3862943611198906
Northmart,DARK_ORCHARD_BLOCK,ORCHARD,Orchard Dark,Block,2023-09-04,2642,13210.0,5.0,5.0,0.0,0,0,0.943,Northmart|DARK_ORCHARD_BLOCK,7.879669914604289,1.6094379124341003,-0.05868899634867961,139,0.0,1.2809338454620642,1.3862943611198906
Northmart,DARK_ORCHARD_BLOCK,ORCHARD,Orchard Dark,Block,2023-09-11,2419,12095.0,5.0,5.0,0.0,0,0,0.962,Northmart|DARK_ORCHARD_BLOCK,7.791522819150732,1.6094379124341003,-0.038740828316430595,140,0.0,1.5040773967762742,0.9555114450274363
Northmart,DARK_ORCHARD_BLOCK,ORCHARD,Orchard Dark,Block,2023-09-18,2824,14120.0,5.0,5.0,0.0,0,0,0.981,Northmart|DARK_ORCHARD_BLOCK,7.946263643580541,1.6094379124341003,-0.019182819416773987,141,0.0,1.5040773967762742,1.1631508098056809
Northmart,DARK_ORCHARD_BLOCK,ORCHARD,Orchard Dark,Block,2023-09-25,2874,14370.0,5.0,5.0,0.0,0,0,1.0,Northmart|DARK_ORCHARD_BLOCK,7.963807953231451,1.6094379124341003,0.0,142,0.0,1.5040773967762742,1.2809338454620642
Northmart,DARK_ORCHARD_BLOCK,ORCHARD,Orchard Dark,Block,2023-10-02,4500,18000.0,4.0,5.0,20.0,0,0,1.019,Northmart|DARK_ORCHARD_BLOCK,8.412054873292933,1.3862943611198906,0.018821754240587667,143,0.0,1.5040773967762742,1.3862943611198906
Northmart,DARK_ORCHARD_BLOCK,ORCHARD,Orchard Dark,Block,2023-10-09,2167,10835.0,5.0,5.0,0.0,0,0,1.038,Northmart|DARK_ORCHARD_BLOCK,7.681560362559537,1.6094379124341003,0.03729578474369693,144,20.0,1.5040773967762742,1.2809338454620642
Northmart,DARK_ORCHARD_BLOCK,ORCHARD,Orchard Dark,Block,2023-10-16,3398,16990.0,5.0,5.0,0.0,0,0,1.057,Northmart|DARK_ORCHARD_BLOCK,8.131236549696116,1.6094379124341003,0.055434706888100524,145,0.0,1.5040773967762742,1.3862943611198906
Northmart,DARK_ORCHARD_BLOCK,ORCHARD,Orchard Dark,Block,2023-10-23,3089,15445.0,5.0,5.0,0.0,0,0,1.074,Northmart|DARK_ORCHARD_BLOCK,8.035926369891792,1.6094379124341003,0.071389996086673,146,0.0,1.5040773967762742,1.3862943611198906
Northmart,DARK_ORCHARD_BLOCK,ORCHARD,Orchard Dark,Block,2023-10-30,3273,16365.0,5.0,5.0,0.0,0,0,1.091,Northmart|DARK_ORCHARD_BLOCK,8.09376775793108,1.6094379124341003,0.08709470685093373,147,0.0,1.5040773967762742,1.2237754316221157
Northmart,DARK_ORCHARD_BLOCK,ORCHARD,Orchard Dark,Block,2023-11-06,3121,15605.0,5.0,5.0,0.0,0,0,1.106,Northmart|DARK_ORCHARD_BLOCK,8.046229101075378,1.6094379124341003,0.10074990310014315,148,0.0,1.5040773967762742,1.3862943611198906
Northmart,DARK_ORCHARD_BLOCK,ORCHARD,Orchard Dark,Block,2023-11-13,6780,22035.0,3.25,5.0,35.0,0,0,1.12,Northmart|DARK_ORCHARD_BLOCK,8.821879862683842,1.1786549963416462,0.11332868530700327,149,0.0,1.3987168811184478,1.3862943611198906
Northmart,DARK_ORCHARD_BLOCK,ORCHARD,Orchard Dark,Block,2023-11-20,2323,11615.0,5.0,5.0,0.0,0,0,1.132,Northmart|DARK_ORCHARD_BLOCK,7.751045117971802,1.6094379124341003,0.1239859797809911,150,35.0,1.2809338454620642,0.9555114450274363
Northmart,DARK_ORCHARD_BLOCK,ORCHARD,Orchard Dark,Block,2023-11-27,4836,19344.0,4.0,5.0,20.0,0,0,1.142,Northmart|DARK_ORCHARD_BLOCK,8.484049972822984,1.3862943611198906,0.1327811112338184,151,0.0,1.5040773967762742,1.2809338454620642
Northmart,DARK_ORCHARD_BLOCK,ORCHARD,Orchard Dark,Block,2023-12-04,3018,15090.0,5.0,5.0,0.0,0,0,1.15,Northmart|DARK_ORCHARD_BLOCK,8.012680929706839,1.6094379124341003,0.13976194237515863,152,20.0,1.2809338454620642,1.3862943611198906
Northmart,DARK_ORCHARD_BLOCK,ORCHARD,Orchard Dark,Block,2023-12-11,5436,21744.0,4.0,5.0,20.0,0,0,1.155,Northmart|DARK_ORCHARD_BLOCK,8.600982717145921,1.3862943611198906,0.14410034397375687,153,0.0,1.5040773967762742,0.9555114450274363
Northmart,DARK_ORCHARD_BLOCK,ORCHARD,Orchard Dark,Block,2023-12-18,2576,12880.0,5.0,5.0,0.0,0,0,1.159,Northmart|DARK_ORCHARD_BLOCK,7.854381210652365,1.6094379124341003,0.1475575643576147,154,20.0,1.2809338454620642,1.3862943611198906
Northmart,DARK_ORCHARD_BLOCK,ORCHARD,Orchard Dark,Block,2023-12-25,3383,16915.0,5.0,5.0,0.0,0,0,1.16,Northmart|DARK_ORCHARD_BLOCK,8.126813720726114,1.6094379124341003,0.14842000511827322,155,0.0,1.5040773967762742,1.3862943611198906
Northmart,GOLDEN_MALT_BLOCK,CRESTLINE,Golden Malt,Block,2021-01-04,3082,13869.0,4.5,4.5,0.0,0,0,1.159,Northmart|GOLDEN_MALT_BLOCK,8.03365842788615,1.5040773967762742,0.1475575643576147,0,0.0,1.2119409739751128,1.3862943611198906
Northmart,GOLDEN_MALT_BLOCK,CRESTLINE,Golden Malt,Block,2021-01-11,3209,14440.5,4.5,4.5,0.0,0,0,1.155,Northmart|GOLDEN_MALT_BLOCK,8.07402621612406,1.5040773967762742,0.14410034397375687,1,0.0,1.2725655957915476,1.1631508098056809
Northmart,GOLDEN_MALT_BLOCK,CRESTLINE,Golden Malt,Block,2021-01-18,3639,16375.5,4.5,4.5,0.0,0,0,1.15,Northmart|GOLDEN_MALT_BLOCK,8.199738960630786,1.5040773967762742,0.13976194237515863,2,0.0,1.4350845252893227,1.3862943611198906
Northmart,GOLDEN_MALT_BLOCK,CRESTLINE,Golden Malt,Block,2021-01-25,2995,13477.5,4.5,4.5,0.0,0,0,1.142,Northmart|GOLDEN_MALT_BLOCK,8.005033344637111,1.5040773967762742,0.1327811112338184,3,0.0,1.0043016091968684,1.2237754316221157
Northmart,GOLDEN_MALT_BLOCK,CRESTLINE,Golden Malt,Block,2021-02-01,3092,13914.0,4.5,4.5,0.0,0,0,1.132,Northmart|GOLDEN_MALT_BLOCK,8.03689677268507,1.5040773967762742,0.1239859797809911,4,0.0,1.4350845252893227,1.0296194171811581
Northmart,GOLDEN_MALT_BLOCK,CRESTLINE,Golden Malt,Block,2021-02-08,3690,16605.0,4.5,4.5,0.0,0,0,1.12,Northmart|GOLDEN_MALT_BLOCK,8.213652703029998,1.5040773967762742,0.11332868530700327,5,0.0,1.4350845252893227,1.3862943611198906
Northmart,GOLDEN_MALT_BLOCK,CRESTLINE,Golden Malt,Block,2021-02-15,3219,14485.5,4.5,4.5,0.0,0,0,1.106,Northmart|GOLDEN_MALT_BLOCK,8.077136638538454,1.5040773967762742,0.10074990310014315,6,0.0,1.4350845252893227,1.0296194171811581
Northmart,GOLDEN_MALT_BLOCK,CRESTLINE,Golden Malt,Block,2021-02-22,8816,33677.12,3.82,4.5,15.0,1,1,1.091,Northmart|GOLDEN_MALT_BLOCK,9.084436955087027,1.3402504226184837,0.08709470685093373,7,0.0,1.0784095813505903,1.2237754316221157
Northmart,GOLDEN_MALT_BLOCK,CRESTLINE,Golden Malt,Block,2021-03-01,2922,13149.0,4.5,4.5,0.0,0,0,1.074,Northmart|GOLDEN_MALT_BLOCK,7.980365765111246,1.5040773967762742,0.071389996086673,8,15.0,1.4350845252893227,1.3862943611198906
Northmart,GOLDEN_MALT_BLOCK,CRESTLINE,Golden Malt,Block,2021-03-08,13274,44866.12,3.38,4.5,25.0,1,1,1.057,Northmart|GOLDEN_MALT_BLOCK,9.49363784611014,1.2178757094949273,0.055434706888100524,9,0.0,1.4350845252893227,1.3862943611198906
Northmart,GOLDEN_MALT_BLOCK,CRESTLINE,Golden Malt,Block,2021-03-15,2432,10944.0,4.5,4.5,0.0,0,0,1.038,Northmart|GOLDEN_MALT_BLOCK,7.796880342783522,1.5040773967762742,0.03729578474369693,10,25.0,1.1474024528375417,1.3862943611198906
Northmart,GOLDEN_MALT_BLOCK,CRESTLINE,Golden Malt,Block,2021-03-22,6107,19237.05,3.15,4.5,30.0,0,0,1.019,Northmart|GOLDEN_MALT_BLOCK,8.717354666338522,1.1474024528375417,0.018821754240587667,11,0.0,1.0784095813505903,1.3862943611198906
Northmart,GOLDEN_MALT_BLOCK,CRESTLINE,Golden Malt,Block,2021-03-29,2267,10201.5,4.5,4.5,0.0,0,0,1.0,Northmart|GOLDEN_MALT_BLOCK,7.7266536648476425,1.5040773967762742,0.0,12,30.0,1.4350845252893227,1.3862943611198906
Northmart,GOLDEN_MALT_BLOCK,CRESTLINE,Golden Malt,Block,2021-04-05,7128,25660.8,3.6,4.5,20.0,1,0,1.081,Northmart|GOLDEN_MALT_BLOCK,8.871926251117628,1.2809338454620642,0.0778865386570712,13,0.0,1.0784095813505903,1.3862943611198906
Northmart,GOLDEN_MALT_BLOCK,CRESTLINE,Golden Malt,Block,2021-04-12,2664,11988.0,4.5,4.5,0.0,0,0,1.062,Northmart|GOLDEN_MALT_BLOCK,7.887959336599945,1.5040773967762742,0.060153922819747144,14,20.0,1.4350845252893227,1.3862943611198906
Northmart,GOLDEN_MALT_BLOCK,CRESTLINE,Golden Malt,Block,2021-04-19,3331,14989.5,4.5,4.5,0.0,0,0,1.043,Northmart|GOLDEN_MALT_BLOCK,8.111328003286733,1.5040773967762742,0.042101176018635326,15,0.0,1.4350845252893227,1.3862943611198906
Northmart,GOLDEN_MALT_BLOCK,CRESTLINE,Golden Malt,Block,2021-04-26,3310,14895.0,4.5,4.5,0.0,0,0,1.026,Northmart|GOLDEN_MALT_BLOCK,8.105005537547246,1.5040773967762742,0.025667746748577813,16,0.0,1.4350845252893227,1.3862943611198906
Northmart,GOLDEN_MALT_BLOCK,CRESTLINE,Golden Malt,Block,2021-05-03,2700,12150.0,4.5,4.5,0.0,0,0,0.909,Northmart|GOLDEN_MALT_BLOCK,7.901377353792616,1.5040773967762742,-0.09541018480465818,17,0.0,1.4350845252893227,1.0986122886681098
Northmart,GOLDEN_MALT_BLOCK,CRESTLINE,Golden Malt,Block,2021-05-10,7959,26901.42,3.38,4.5,25.0,1,0,0.894,Northmart|GOLDEN_MALT_BLOCK,8.982184278838428,1.2178757094949273,-0.11204950380862289,18,0.0,1.4350845252893227,1.2237754316221157
Northmart,GOLDEN_MALT_BLOCK,CRESTLINE,Golden Malt,Block,2021-05-17,1982,8919.0,4.5,4.5,0.0,0,0,0.88,Northmart|GOLDEN_MALT_BLOCK,7.592366128519796,1.5040773967762742,-0.12783337150988489,19,25.0,1.4350845252893227,1.1631508098056809
Northmart,GOLDEN_MALT_BLOCK,CRESTLINE,Golden Malt,Block,2021-05-24,2985,13432.5,4.5,4.5,0.0,0,0,0.868,Northmart|GOLDEN_MALT_BLOCK,8.001689978099135,1.5040773967762742,-0.14156356432178688,20,0.0,1.4350845252893227,1.3862943611198906
Northmart,GOLDEN_MALT_BLOCK,CRESTLINE,Golden Malt,Block,2021-05-31,2766,12447.0,4.5,4.5,0.0,0,0,0.858,Northmart|GOLDEN_MALT_BLOCK,7.925518979786926,1.5040773967762742,-0.15315117949417478,21,0.0,1.4350845252893227,1.3862943611198906
Northmart,GOLDEN_MALT_BLOCK,CRESTLINE,Golden Malt,Block,2021-06-07,10793,31515.56,2.92,4.5,35.0,1,0,0.85,Northmart|GOLDEN_MALT_BLOCK,9.286745703178589,1.0715836162801904,-0.16251892949777494,22,0.0,1.4350845252893227,1.3862943611198906
Northmart,GOLDEN_MALT_BLOCK,CRESTLINE,Golden Malt,Block,2021-06-14,2907,10465.2,3.6,4.5,20.0,0,0,0.845,Northmart|GOLDEN_MALT_BLOCK,7.97522083865341,1.2809338454620642,-0.16841865162496325,23,35.0,1.4350845252893227,1.3862943611198906
Northmart,GOLDEN_MALT_BLOCK,CRESTLINE,Golden Malt,Block,2021-06-21,2100,9450.0,4.5,4.5,0.0,0,0,0.841,Northmart|GOLDEN_MALT_BLOCK,7.650168700845001,1.5040773967762742,-0.17316361900918903,24,20.0,1.4350845252893227,1.2809338454620642
Northmart,GOLDEN_MALT_BLOCK,CRESTLINE,Golden Malt,Block,2021-06-28,2205,9922.5,4.5,4.5,0.0,0,0,0.84,Northmart|GOLDEN_MALT_BLOCK,7.698936199813447,1.5040773967762742,-0.1743533871447778,25,0.0,1.2119409739751128,1.0986122886681098
Northmart,GOLDEN_MALT_BLOCK,CRESTLINE,Golden Malt,Block,2021-07-05,2451,11029.5,4.5,4.5,0.0,0,0,0.841,Northmart|GOLDEN_MALT_BLOCK,7.804659297056102,1.5040773967762742,-0.17316361900918903,26,0.0,1.1474024528375417,1.1631508098056809
Northmart,GOLDEN_MALT_BLOCK,CRESTLINE,Golden Malt,Block,2021-07-12,4727,15977.26,3.38,4.5,25.0,0,0,0.845,Northmart|GOLDEN_MALT_BLOCK,8.461257559085935,1.2178757094949273,-0.16841865162496325,27,0.0,1.4350845252893227,1.3862943611198906
Northmart,GOLDEN_MALT_BLOCK,CRESTLINE,Golden Malt,Block,2021-07-19,1914,8613.0,4.5,4.5,0.0,0,0,0.85,Northmart|GOLDEN_MALT_BLOCK,7.557472901614746,1.5040773967762742,-0.16251892949777494,28,25.0,1.3297240096314962,1.0296194171811581
Northmart,GOLDEN_MALT_BLOCK,CRESTLINE,Golden Malt,Block,2021-07-26,5455,18437.9,3.38,4.5,25.0,0,0,0.858,Northmart|GOLDEN_MALT_BLOCK,8.604471199523298,1.2178757094949273,-0.15315117949417478,29,0.0,1.4350845252893227,1.3862943611198906
Northmart,GOLDEN_MALT_BLOCK,CRESTLINE,Golden Malt,Block,2021-08-02,2219,9985.5,4.5,4.5,0.0,0,0,0.868,Northmart|GOLDEN_MALT_BLOCK,7.705262474866325,1.5040773967762742,-0.14156356432178688,30,25.0,1.4350845252893227,1.3862943611198906
Northmart,GOLDEN_MALT_BLOCK,CRESTLINE,Golden Malt,Block,2021-08-09,5519,18654.22,3.38,4.5,25.0,0,0,0.88,Northmart|GOLDEN_MALT_BLOCK,8.616133139271142,1.2178757094949273,-0.12783337150988489,31,0.0,1.4350845252893227,1.3862943611198906
Northmart,GOLDEN_MALT_BLOCK,CRESTLINE,Golden Malt,Block,2021-08-16,1958,8811.0,4.5,4.5,0.0,0,0,0.894,Northmart|GOLDEN_MALT_BLOCK,7.580189417944541,1.5040773967762742,-0.11204950380862289,32,25.0,1.2725655957915476,1.3862943611198906
Northmart,GOLDEN_MALT_BLOCK,CRESTLINE,Golden Malt,Block,2021-08-23,6449,24635.18,3.82,4.5,15.0,1,0,0.909,Northmart|GOLDEN_MALT_BLOCK,8.771835409789817,1.3402504226184837,-0.09541018480465818,33,0.0,1.4350845252893227,1.3862943611198906
Northmart,GOLDEN_MALT_BLOCK,CRESTLINE,Golden Malt,Block,2021-08-30,2542,11439.0,4.5,4.5,0.0,0,0,0.926,Northmart|GOLDEN_MALT_BLOCK,7.841099765422119,1.5040773967762742,-0.07688104433595762,34,15.0,1.4350845252893227,1.1631508098056809
Northmart,GOLDEN_MALT_BLOCK,CRESTLINE,Golden Malt,Block,2021-09-06,2987,13441.5,4.5,4.5,0.0,0,0,0.943,Northmart|GOLDEN_MALT_BLOCK,8.002359546252707,1.5040773967762742,-0.05868899634867961,35,0.0,1.4350845252893227,1.3862943611198906
Northmart,GOLDEN_MALT_BLOCK,CRESTLINE,Golden Malt,Block,2021-09-13,2938,13221.0,4.5,4.5,0.0,0,0,0.962,Northmart|GOLDEN_MALT_BLOCK,7.985824666418917,1.5040773967762742,-0.038740828316430595,36,0.0,1.4350845252893227,1.3862943611198906
Northmart,GOLDEN_MALT_BLOCK,CRESTLINE,Golden Malt,Block,2021-09-20,2479,11155.5,4.5,4.5,0.0,0,0,0.981,Northmart|GOLDEN_MALT_BLOCK,7.8160138391590275,1.5040773967762742,-0.019182819416773987,37,0.0,1.1474024528375417,1.2237754316221157
Northmart,GOLDEN_MALT_BLOCK,CRESTLINE,Golden Malt,Block,2021-09-27,2655,11947.5,4.5,4.5,0.0,0,0,1.0,Northmart|GOLDEN_MALT_BLOCK,7.884576510596324,1.5040773967762742,0.0,38,0.0,1.1474024528375417,1.3862943611198906
Northmart,GOLDEN_MALT_BLOCK,CRESTLINE,Golden Malt,Block,2021-10-04,4014,16256.7,4.05,4.5,10.0,0,0,1.019,Northmart|GOLDEN_MALT_BLOCK,8.297792626380861,1.3987168811184478,0.018821754240587667,39,0.0,1.4350845252893227,1.3862943611198906
Northmart,GOLDEN_MALT_BLOCK,CRESTLINE,Golden Malt,Block,2021-10-11,3194,14373.0,4.5,4.5,0.0,0,0,1.038,Northmart|GOLDEN_MALT_BLOCK,8.069342366811636,1.5040773967762742,0.03729578474369693,40,10.0,1.1474024528375417,1.3862943611198906
Northmart,GOLDEN_MALT_BLOCK,CRESTLINE,Golden Malt,Block,2021-10-18,5346,19245.6,3.6,4.5,20.0,0,0,1.057,Northmart|GOLDEN_MALT_BLOCK,8.584290934948731,1.2809338454620642,0.055434706888100524,41,0.0,1.4350845252893227,1.3862943611198906
Northmart,GOLDEN_MALT_BLOCK,CRESTLINE,Golden Malt,Block,2021-10-25,2706,12177.0,4.5,4.5,0.0,0,0,1.074,Northmart|GOLDEN_MALT_BLOCK,7.903596289614301,1.5040773967762742,0.071389996086673,42,20.0,1.2725655957915476,1.3862943611198906
Northmart,GOLDEN_MALT_BLOCK,CRESTLINE,Golden Malt,Block,2021-11-01,7512,25390.56,3.38,4.5,25.0,0,0,1.091,Northmart|GOLDEN_MALT_BLOCK,8.92439013236916,1.2178757094949273,0.08709470685093373,43,0.0,1.4350845252893227,1.3862943611198906
Northmart,GOLDEN_MALT_BLOCK,CRESTLINE,Golden Malt,Block,2021-11-08,2681,12064.5,4.5,4.5,0.0,0,0,1.106,Northmart|GOLDEN_MALT_BLOCK,7.894318063841624,1.5040773967762742,0.10074990310014315,44,25.0,1.4350845252893227,1.3862943611198906
Northmart,GOLDEN_MALT_BLOCK,CRESTLINE,Golden Malt,Block,2021-11-15,2775,12487.5,4.5,4.5,0.0,0,0,1.12,Northmart|GOLDEN_MALT_BLOCK,7.9287663216266955,1.5040773967762742,0.11332868530700327,45,0.0,1.0784095813505903,1.1631508098056809
Northmart,GOLDEN_MALT_BLOCK,CRESTLINE,Golden Malt,Block,2021-11-22,3139,14125.5,4.5,4.5,0.0,0,0,1.132,Northmart|GOLDEN_MALT_BLOCK,8.0519780789023,1.5040773967762742,0.1239859797809911,46,0.0,1.4350845252893227,1.1631508098056809
Northmart,GOLDEN_MALT_BLOCK,CRESTLINE,Golden Malt,Block,2021-11-29,6030,24421.5,4.05,4.5,10.0,0,1,1.142,Northmart|GOLDEN_MALT_BLOCK,8.704668113450987,1.3987168811184478,0.1327811112338184,47,0.0,1.4350845252893227,1.1631508098056809
Northmart,GOLDEN_MALT_BLOCK,CRESTLINE,Golden Malt,Block,2021-12-06,3304,14868.0,4.5,4.5,0.0,0,0,1.15,Northmart|GOLDEN_MALT_BLOCK,8.103191752285786,1.5040773967762742,0.13976194237515863,48,10.0,1.1474024528375417,1.3862943611198906
Northmart,GOLDEN_MALT_BLOCK,CRESTLINE,Golden Malt,Block,2021-12-13,3341,15034.5,4.5,4.5,0.0,0,0,1.155,Northmart|GOLDEN_MALT_BLOCK,8.114324709155339,1.5040773967762742,0.14410034397375687,49,0.0,1.4350845252893227,1.3862943611198906
Northmart,GOLDEN_MALT_BLOCK,CRESTLINE,Golden Malt,Block,2021-12-20,3757,16906.5,4.5,4.5,0.0,0,0,1.159,Northmart|GOLDEN_MALT_BLOCK,8.231642179973411,1.5040773967762742,0.1475575643576147,50,0.0,1.4350845252893227,1.3862943611198906
Northmart,GOLDEN_MALT_BLOCK,CRESTLINE,Golden Malt,Block,2021-12-27,3237,14566.5,4.5,4.5,0.0,0,0,1.16,Northmart|GOLDEN_MALT_BLOCK,8.08271113423758,1.5040773967762742,0.14842000511827322,51,0.0,1.4350845252893227,1.0986122886681098
Northmart,GOLDEN_MALT_BLOCK,CRESTLINE,Golden Malt,Block,2022-01-03,3080,13860.0,4.5,4.5,0.0,0,0,1.159,Northmart|GOLDEN_MALT_BLOCK,8.033009498596668,1.5040773967762742,0.1475575643576147,52,0.0,1.2725655957915476,1.0296194171811581
Northmart,GOLDEN_MALT_BLOCK,CRESTLINE,Golden Malt,Block,2022-01-10,5624,22777.2,4.05,4.5,10.0,0,1,1.155,Northmart|GOLDEN_MALT_BLOCK,8.63497622707262,1.3987168811184478,0.14410034397375687,53,0.0,1.2119409739751128,1.3862943611198906
Northmart,GOLDEN_MALT_BLOCK,CRESTLINE,Golden Malt,Block,2022-01-17,3160,14220.0,4.5,4.5,0.0,0,0,1.15,Northmart|GOLDEN_MALT_BLOCK,8.058643712215618,1.5040773967762742,0.13976194237515863,54,10.0,1.4350845252893227,1.2237754316221157
Northmart,GOLDEN_MALT_BLOCK,CRESTLINE,Golden Malt,Block,2022-01-24,3511,15799.5,4.5,4.5,0.0,0,0,1.142,Northmart|GOLDEN_MALT_BLOCK,8.163940954755008,1.5040773967762742,0.1327811112338184,55,0.0,1.2725655957915476,1.3862943611198906
Northmart,GOLDEN_MALT_BLOCK,CRESTLINE,Golden Malt,Block,2022-01-31,3347,15061.5,4.5,4.5,0.0,0,0,1.132,Northmart|GOLDEN_MALT_BLOCK,8.116118431609365,1.5040773967762742,0.1239859797809911,56,0.0,1.4350845252893227,1.1631508098056809
Northmart,GOLDEN_MALT_BLOCK,CRESTLINE,Golden Malt,Block,2022-02-07,7255,22853.25,3.15,4.5,30.0,0,0,1.12,Northmart|GOLDEN_MALT_BLOCK,8.889583991794973,1.1474024528375417,0.11332868530700327,57,0.0,1.4350845252893227,1.3862943611198906
Northmart,GOLDEN_MALT_BLOCK,CRESTLINE,Golden Malt,Block,2022-02-14,2482,11169.0,4.5,4.5,0.0,0,0,1.106,Northmart|GOLDEN_MALT_BLOCK,7.817222785508166,1.5040773967762742,0.10074990310014315,58,30.0,1.4350845252893227,1.3862943611198906
Northmart,GOLDEN_MALT_BLOCK,CRESTLINE,Golden Malt,Block,2022-02-21,3561,16024.5,4.5,4.5,0.0,0,0,1.091,Northmart|GOLDEN_MALT_BLOCK,8.178077463849608,1.5040773967762742,0.08709470685093373,59,0.0,1.4350845252893227,1.3862943611198906
Northmart,GOLDEN_MALT_BLOCK,CRESTLINE,Golden Malt,Block,2022-02-28,2888,12996.0,4.5,4.5,0.0,0,0,1.074,Northmart|GOLDEN_MALT_BLOCK,7.968665700466235,1.5040773967762742,0.071389996086673,60,0.0,1.4350845252893227,1.2237754316221157
Northmart,GOLDEN_MALT_BLOCK,CRESTLINE,Golden Malt,Block,2022-03-07,7406,28290.92,3.82,4.5,15.0,1,0,1.057,Northmart|GOLDEN_MALT_BLOCK,8.91018077801329,1.3402504226184837,0.055434706888100524,61,0.0,1.2725655957915476,1.3862943611198906
Northmart,GOLDEN_MALT_BLOCK,CRESTLINE,Golden Malt,Block,2022-03-14,2726,12267.0,4.5,4.5,0.0,0,0,1.038,Northmart|GOLDEN_MALT_BLOCK,7.910957382845589,1.5040773967762742,0.03729578474369693,62,15.0,1.0784095813505903,1.3862943611198906
Northmart,GOLDEN_MALT_BLOCK,CRESTLINE,Golden Malt,Block,2022-03-21,2983,13423.5,4.5,4.5,0.0,0,0,1.019,Northmart|GOLDEN_MALT_BLOCK,8.001019961323651,1.5040773967762742,0.018821754240587667,63,0.0,1.2725655957915476,1.1631508098056809
Northmart,GOLDEN_MALT_BLOCK,CRESTLINE,Golden Malt,Block,2022-03-28,3220,14490.0,4.5,4.5,0.0,0,0,1.0,Northmart|GOLDEN_MALT_BLOCK,8.0774471493312,1.5040773967762742,0.0,64,0.0,1.2725655957915476,1.1631508098056809
Northmart,GOLDEN_MALT_BLOCK,CRESTLINE,Golden Malt,Block,2022-04-04,14336,41861.12,2.92,4.5,35.0,1,0,1.081,Northmart|GOLDEN_MALT_BLOCK,9.570598887246268,1.0715836162801904,0.0778865386570712,65,0.0,1.4350845252893227,1.3862943611198906
Northmart,GOLDEN_MALT_BLOCK,CRESTLINE,Golden Malt,Block,2022-04-11,2406,10827.0,4.5,4.5,0.0,0,0,1.062,Northmart|GOLDEN_MALT_BLOCK,7.786136437783072,1.5040773967762742,0.060153922819747144,66,35.0,1.2725655957915476,1.3862943611198906
Northmart,GOLDEN_MALT_BLOCK,CRESTLINE,Golden Malt,Block,2022-04-18,3376,15192.0,4.5,4.5,0.0,0,0,1.043,Northmart|GOLDEN_MALT_BLOCK,8.124743020385568,1.5040773967762742,0.042101176018635326,67,0.0,1.4350845252893227,1.3862943611198906
Northmart,GOLDEN_MALT_BLOCK,CRESTLINE,Golden Malt,Block,2022-04-25,3172,14274.0,4.5,4.5,0.0,0,0,1.026,Northmart|GOLDEN_MALT_BLOCK,8.062432791583195,1.5040773967762742,0.025667746748577813,68,0.0,1.4350845252893227,1.3862943611198906
Northmart,GOLDEN_MALT_BLOCK,CRESTLINE,Golden Malt,Block,2022-05-02,11287,32958.04,2.92,4.5,35.0,1,0,0.909,Northmart|GOLDEN_MALT_BLOCK,9.33149549353265,1.0715836162801904,-0.09541018480465818,69,0.0,1.4350845252893227,1.2809338454620642
Northmart,GOLDEN_MALT_BLOCK,CRESTLINE,Golden Malt,Block,2022-05-09,1548,6966.0,4.5,4.5,0.0,0,0,0.894,Northmart|GOLDEN_MALT_BLOCK,7.3453648404168685,1.5040773967762742,-0.11204950380862289,70,35.0,1.0043016091968684,1.0296194171811581
Northmart,GOLDEN_MALT_BLOCK,CRESTLINE,Golden Malt,Block,2022-05-16,2984,13428.0,4.5,4.5,0.0,0,0,0.88,Northmart|GOLDEN_MALT_BLOCK,8.001355025826703,1.5040773967762742,-0.12783337150988489,71,0.0,1.4350845252893227,1.3862943611198906
Northmart,GOLDEN_MALT_BLOCK,CRESTLINE,Golden Malt,Block,2022-05-23,2974,13383.0,4.5,4.5,0.0,0,0,0.868,Northmart|GOLDEN_MALT_BLOCK,7.99799931797973,1.5040773967762742,-0.14156356432178688,72,0.0,1.4350845252893227,1.3862943611198906
Northmart,GOLDEN_MALT_BLOCK,CRESTLINE,Golden Malt,Block,2022-05-30,2295,10327.5,4.5,4.5,0.0,0,0,0.858,Northmart|GOLDEN_MALT_BLOCK,7.738923757439457,1.5040773967762742,-0.15315117949417478,73,0.0,1.4350845252893227,1.0296194171811581
Northmart,GOLDEN_MALT_BLOCK,CRESTLINE,Golden Malt,Block,2022-06-06,3829,15507.45,4.05,4.5,10.0,0,0,0.85,Northmart|GOLDEN_MALT_BLOCK,8.250620082174692,1.3987168811184478,-0.16251892949777494,74,0.0,1.4350845252893227,1.3862943611198906
Northmart,GOLDEN_MALT_BLOCK,CRESTLINE,Golden Malt,Block,2022-06-13,6970,21955.5,3.15,4.5,30.0,0,1,0.845,Northmart|GOLDEN_MALT_BLOCK,8.849513965486398,1.1474024528375417,-0.16841865162496325,75,10.0,1.4350845252893227,1.3862943611198906
Northmart,GOLDEN_MALT_BLOCK,CRESTLINE,Golden Malt,Block,2022-06-20,1847,8311.5,4.5,4.5,0.0,0,0,0.841,Northmart|GOLDEN_MALT_BLOCK,7.521859252201629,1.5040773967762742,-0.17316361900918903,76,30.0,1.0043016091968684,1.2237754316221157
Northmart,GOLDEN_MALT_BLOCK,CRESTLINE,Golden Malt,Block,2022-06-27,3440,13140.8,3.82,4.5,15.0,0,0,0.84,Northmart|GOLDEN_MALT_BLOCK,8.14351740579748,1.3402504226184837,-0.1743533871447778,77,0.0,1.2725655957915476,1.3862943611198906
Northmart,GOLDEN_MALT_BLOCK,CRESTLINE,Golden Malt,Block,2022-07-04,2521,11344.5,4.5,4.5,0.0,0,0,0.841,Northmart|GOLDEN_MALT_BLOCK,7.8328075165248645,1.5040773967762742,-0.17316361900918903,78,15.0,1.4350845252893227,1.3862943611198906
Northmart,GOLDEN_MALT_BLOCK,CRESTLINE,Golden Malt,Block,2022-07-11,2630,11835.0,4.5,4.5,0.0,0,0,0.845,Northmart|GOLDEN_MALT_BLOCK,7.875119281040293,1.5040773967762742,-0.16841865162496325,79,0.0,1.4350845252893227,1.3862943611198906
Northmart,GOLDEN_MALT_BLOCK,CRESTLINE,Golden Malt,Block,2022-07-18,2367,10651.5,4.5,4.5,0.0,0,0,0.85,Northmart|GOLDEN_MALT_BLOCK,7.769800996003896,1.5040773967762742,-0.16251892949777494,80,0.0,1.4350845252893227,1.3862943611198906
Northmart,GOLDEN_MALT_BLOCK,CRESTLINE,Golden Malt,Block,2022-07-25,2726,12267.0,4.5,4.5,0.0,0,0,0.858,Northmart|GOLDEN_MALT_BLOCK,7.910957382845589,1.5040773967762742,-0.15315117949417478,81,0.0,1.0784095813505903,1.3862943611198906
Northmart,GOLDEN_MALT_BLOCK,CRESTLINE,Golden Malt,Block,2022-08-01,2694,12123.0,4.5,4.5,0.0,0,0,0.868,Northmart|GOLDEN_MALT_BLOCK,7.899153483343097,1.5040773967762742,-0.14156356432178688,82,0.0,1.2119409739751128,1.3862943611198906
Northmart,GOLDEN_MALT_BLOCK,CRESTLINE,Golden Malt,Block,2022-08-08,2867,12901.5,4.5,4.5,0.0,0,0,0.88,Northmart|GOLDEN_MALT_BLOCK,7.961370201719511,1.5040773967762742,-0.12783337150988489,83,0.0,1.2119409739751128,1.2237754316221157
Northmart,GOLDEN_MALT_BLOCK,CRESTLINE,Golden Malt,Block,2022-08-15,2535,11407.5,4.5,4.5,0.0,0,0,0.894,Northmart|GOLDEN_MALT_BLOCK,7.8383433155571165,1.5040773967762742,-0.11204950380862289,84,0.0,1.1474024528375417,1.3862943611198906
Northmart,GOLDEN_MALT_BLOCK,CRESTLINE,Golden Malt,Block,2022-08-22,2907,13081.5,4.5,4.5,0.0,0,0,0.909,Northmart|GOLDEN_MALT_BLOCK,7.97522083865341,1.5040773967762742,-0.09541018480465818,85,0.0,1.4350845252893227,1.3862943611198906
Northmart,GOLDEN_MALT_BLOCK,CRESTLINE,Golden Malt,Block,2022-08-29,2593,11668.5,4.5,4.5,0.0,0,0,0.926,Northmart|GOLDEN_MALT_BLOCK,7.860956364876389,1.5040773967762742,-0.07688104433595762,86,0.0,1.4350845252893227,1.0296194171811581
Northmart,GOLDEN_MALT_BLOCK,CRESTLINE,Golden Malt,Block,2022-09-05,5842,18402.3,3.15,4.5,30.0,0,0,0.943,Northmart|GOLDEN_MALT_BLOCK,8.672999642554437,1.1474024528375417,-0.05868899634867961,87,0.0,1.4350845252893227,1.3862943611198906
Northmart,GOLDEN_MALT_BLOCK,CRESTLINE,Golden Malt,Block,2022-09-12,2273,10228.5,4.5,4.5,0.0,0,0,0.962,Northmart|GOLDEN_MALT_BLOCK,7.729295674310482,1.5040773967762742,-0.038740828316430595,88,30.0,1.3297240096314962,1.3862943611198906
Northmart,GOLDEN_MALT_BLOCK,CRESTLINE,Golden Malt,Block,2022-09-19,3058,13761.0,4.5,4.5,0.0,0,0,0.981,Northmart|GOLDEN_MALT_BLOCK,8.025843344150903,1.5040773967762742,-0.019182819416773987,89,0.0,1.4350845252893227,1.3862943611198906
Northmart,GOLDEN_MALT_BLOCK,CRESTLINE,Golden Malt,Block,2022-09-26,2796,12582.0,4.5,4.5,0.0,0,0,1.0,Northmart|GOLDEN_MALT_BLOCK,7.936302693201959,1.5040773967762742,0.0,90,0.0,1.4350845252893227,1.1631508098056809
Northmart,GOLDEN_MALT_BLOCK,CRESTLINE,Golden Malt,Block,2022-10-03,3516,15822.0,4.5,4.5,0.0,0,0,1.019,Northmart|GOLDEN_MALT_BLOCK,8.165363632473982,1.5040773967762742,0.018821754240587667,91,0.0,1.4350845252893227,1.3862943611198906
Northmart,GOLDEN_MALT_BLOCK,CRESTLINE,Golden Malt,Block,2022-10-10,3026,13617.0,4.5,4.5,0.0,0,0,1.038,Northmart|GOLDEN_MALT_BLOCK,8.01532730902172,1.5040773967762742,0.03729578474369693,92,0.0,1.4350845252893227,1.3862943611198906
Northmart,GOLDEN_MALT_BLOCK,CRESTLINE,Golden Malt,Block,2022-10-17,4312,16471.84,3.82,4.5,15.0,0,0,1.057,Northmart|GOLDEN_MALT_BLOCK,8.369388996647842,1.3402504226184837,0.055434706888100524,93,0.0,1.3297240096314962,1.3862943611198906
Northmart,GOLDEN_MALT_BLOCK,CRESTLINE,Golden Malt,Block,2022-10-24,3009,13540.5,4.5,4.5,0.0,0,0,1.074,Northmart|GOLDEN_MALT_BLOCK,8.009695357742922,1.5040773967762742,0.071389996086673,94,15.0,1.4350845252893227,1.2237754316221157
Northmart,GOLDEN_MALT_BLOCK,CRESTLINE,Golden Malt,Block,2022-10-31,3542,15939.0,4.5,4.5,0.0,0,0,1.091,Northmart|GOLDEN_MALT_BLOCK,8.172729104865471,1.5040773967762742,0.08709470685093373,95,0.0,1.4350845252893227,1.3862943611198906
Northmart,GOLDEN_MALT_BLOCK,CRESTLINE,Golden Malt,Block,2022-11-07,3016,13572.0,4.5,4.5,0.0,0,0,1.106,Northmart|GOLDEN_MALT_BLOCK,8.012018239159062,1.5040773967762742,0.10074990310014315,96,0.0,1.0043016091968684,1.3862943611198906
Northmart,GOLDEN_MALT_BLOCK,CRESTLINE,Golden Malt,Block,2022-11-14,4246,19107.0,4.5,4.5,0.0,0,0,1.12,Northmart|GOLDEN_MALT_BLOCK,8.353968130313271,1.5040773967762742,0.11332868530700327,97,0.0,1.4350845252893227,1.3862943611198906
Northmart,GOLDEN_MALT_BLOCK,CRESTLINE,Golden Malt,Block,2022-11-21,5713,20566.8,3.6,4.5,20.0,0,0,1.132,Northmart|GOLDEN_MALT_BLOCK,8.65067458279072,1.2809338454620642,0.1239859797809911,98,0.0,1.4350845252893227,1.3862943611198906
Northmart,GOLDEN_MALT_BLOCK,CRESTLINE,Golden Malt,Block,2022-11-28,5359,21703.95,4.05,4.5,10.0,0,1,1.142,Northmart|GOLDEN_MALT_BLOCK,8.586719254064848,1.3987168811184478,0.1327811112338184,99,20.0,1.3297240096314962,1.3862943611198906
Northmart,GOLDEN_MALT_BLOCK,CRESTLINE,Golden Malt,Block,2022-12-05,7806,24588.9,3.15,4.5,30.0,0,0,1.15,Northmart|GOLDEN_MALT_BLOCK,8.962776046120291,1.1474024528375417,0.13976194237515863,100,10.0,1.4350845252893227,1.3862943611198906
Northmart,GOLDEN_MALT_BLOCK,CRESTLINE,Golden Malt,Block,2022-12-12,4859,19678.95,4.05,4.5,10.0,1,0,1.155,Northmart|GOLDEN_MALT_BLOCK,8.48879371689454,1.3987168811184478,0.14410034397375687,101,30.0,1.4350845252893227,1.1631508098056809
Northmart,GOLDEN_MALT_BLOCK,CRESTLINE,Golden Malt,Block,2022-12-19,2718,12231.0,4.5,4.5,0.0,0,0,1.159,Northmart|GOLDEN_MALT_BLOCK,7.908019444632471,1.5040773967762742,0.1475575643576147,102,10.0,1.2725655957915476,1.0296194171811581
Northmart,GOLDEN_MALT_BLOCK,CRESTLINE,Golden Malt,Block,2022-12-26,7528,28756.96,3.82,4.5,15.0,0,1,1.16,Northmart|GOLDEN_MALT_BLOCK,8.926517509850122,1.3402504226184837,0.14842000511827322,103,0.0,1.4350845252893227,1.3862943611198906
Northmart,GOLDEN_MALT_BLOCK,CRESTLINE,Golden Malt,Block,2023-01-02,12302,35921.84,2.92,4.5,35.0,1,0,1.159,Northmart|GOLDEN_MALT_BLOCK,9.41759841406017,1.0715836162801904,0.1475575643576147,104,15.0,1.4350845252893227,1.3862943611198906
Northmart,GOLDEN_MALT_BLOCK,CRESTLINE,Golden Malt,Block,2023-01-09,1996,8982.0,4.5,4.5,0.0,0,0,1.155,Northmart|GOLDEN_MALT_BLOCK,7.599401333415815,1.5040773967762742,0.14410034397375687,105,35.0,1.1474024528375417,1.0986122886681098
Northmart,GOLDEN_MALT_BLOCK,CRESTLINE,Golden Malt,Block,2023-01-16,3866,17397.0,4.5,4.5,0.0,0,0,1.15,Northmart|GOLDEN_MALT_BLOCK,8.260234291607297,1.5040773967762742,0.13976194237515863,106,0.0,1.4350845252893227,1.3862943611198906
Northmart,GOLDEN_MALT_BLOCK,CRESTLINE,Golden Malt,Block,2023-01-23,3381,15214.5,4.5,4.5,0.0,0,0,1.142,Northmart|GOLDEN_MALT_BLOCK,8.126222529458525,1.5040773967762742,0.1327811112338184,107,0.0,1.4350845252893227,1.0986122886681098
Northmart,GOLDEN_MALT_BLOCK,CRESTLINE,Golden Malt,Block,2023-01-30,2828,12726.0,4.5,4.5,0.0,0,0,1.132,Northmart|GOLDEN_MALT_BLOCK,7.947678571301568,1.5040773967762742,0.1239859797809911,108,0.0,1.4350845252893227,1.0986122886681098
Northmart,GOLDEN_MALT_BLOCK,CRESTLINE,Golden Malt,Block,2023-02-06,3406,15327.0,4.5,4.5,0.0,0,0,1.12,Northmart|GOLDEN_MALT_BLOCK,8.133587417660966,1.5040773967762742,0.11332868530700327,109,0.0,1.4350845252893227,1.2809338454620642
Northmart,GOLDEN_MALT_BLOCK,CRESTLINE,Golden Malt,Block,2023-02-13,3312,14904.0,4.5,4.5,0.0,0,0,1.106,Northmart|GOLDEN_MALT_BLOCK,8.105609402299896,1.5040773967762742,0.10074990310014315,110,0.0,1.4350845252893227,1.3862943611198906
Northmart,GOLDEN_MALT_BLOCK,CRESTLINE,Golden Malt,Block,2023-02-20,3460,15570.0,4.5,4.5,0.0,0,0,1.091,Northmart|GOLDEN_MALT_BLOCK,8.149312843635345,1.5040773967762742,0.08709470685093373,111,0.0,1.2725655957915476,1.3862943611198906
Northmart,GOLDEN_MALT_BLOCK,CRESTLINE,Golden Malt,Block,2023-02-27,7029,22141.35,3.15,4.5,30.0,0,0,1.074,Northmart|GOLDEN_MALT_BLOCK,8.857941984804711,1.1474024528375417,0.071389996086673,112,0.0,1.4350845252893227,0.9555114450274363
Northmart,GOLDEN_MALT_BLOCK,CRESTLINE,Golden Malt,Block,2023-03-06,2137,9616.5,4.5,4.5,0.0,0,0,1.057,Northmart|GOLDEN_MALT_BLOCK,7.6676260915849905,1.5040773967762742,0.055434706888100524,113,30.0,1.4350845252893227,1.2237754316221157
Northmart,GOLDEN_MALT_BLOCK,CRESTLINE,Golden Malt,Block,2023-03-13,3349,15070.5,4.5,4.5,0.0,0,0,1.038,Northmart|GOLDEN_MALT_BLOCK,8.116715624819111,1.5040773967762742,0.03729578474369693,114,0.0,1.2119409739751128,1.3862943611198906
Northmart,GOLDEN_MALT_BLOCK,CRESTLINE,Golden Malt,Block,2023-03-20,4808,17308.8,3.6,4.5,20.0,0,0,1.019,Northmart|GOLDEN_MALT_BLOCK,8.478244441277663,1.2809338454620642,0.018821754240587667,115,0.0,1.1474024528375417,1.3862943611198906
Northmart,GOLDEN_MALT_BLOCK,CRESTLINE,Golden Malt,Block,2023-03-27,4164,14990.4,3.6,4.5,20.0,0,0,1.0,Northmart|GOLDEN_MALT_BLOCK,8.334471554600944,1.2809338454620642,0.0,116,20.0,1.2725655957915476,1.3862943611198906
Northmart,GOLDEN_MALT_BLOCK,CRESTLINE,Golden Malt,Block,2023-04-03,2863,12883.5,4.5,4.5,0.0,0,0,1.081,Northmart|GOLDEN_MALT_BLOCK,7.9599745280805365,1.5040773967762742,0.0778865386570712,117,20.0,1.4350845252893227,1.3862943611198906
Northmart,GOLDEN_MALT_BLOCK,CRESTLINE,Golden Malt,Block,2023-04-10,3425,15412.5,4.5,4.5,0.0,0,0,1.062,Northmart|GOLDEN_MALT_BLOCK,8.139148678884066,1.5040773967762742,0.060153922819747144,118,0.0,1.2725655957915476,1.3862943611198906
Northmart,GOLDEN_MALT_BLOCK,CRESTLINE,Golden Malt,Block,2023-04-17,3530,15885.0,4.5,4.5,0.0,0,0,1.043,Northmart|GOLDEN_MALT_BLOCK,8.169336395928386,1.5040773967762742,0.042101176018635326,119,0.0,1.4350845252893227,1.3862943611198906
Northmart,GOLDEN_MALT_BLOCK,CRESTLINE,Golden Malt,Block,2023-04-24,3122,14049.0,4.5,4.5,0.0,0,0,1.026,Northmart|GOLDEN_MALT_BLOCK,8.046549357283078,1.5040773967762742,0.025667746748577813,120,0.0,1.0784095813505903,1.3862943611198906
Northmart,GOLDEN_MALT_BLOCK,CRESTLINE,Golden Malt,Block,2023-05-01,3148,14166.0,4.5,4.5,0.0,0,0,0.909,Northmart|GOLDEN_MALT_BLOCK,8.054840221101024,1.5040773967762742,-0.09541018480465818,121,0.0,1.4350845252893227,1.3862943611198906
Northmart,GOLDEN_MALT_BLOCK,CRESTLINE,Golden Malt,Block,2023-05-08,3002,13509.0,4.5,4.5,0.0,0,0,0.894,Northmart|GOLDEN_MALT_BLOCK,8.00736706798333,1.5040773967762742,-0.11204950380862289,122,0.0,1.4350845252893227,1.3862943611198906
Northmart,GOLDEN_MALT_BLOCK,CRESTLINE,Golden Malt,Block,2023-05-15,4561,16419.6,3.6,4.5,20.0,0,0,0.88,Northmart|GOLDEN_MALT_BLOCK,8.425516402844334,1.2809338454620642,-0.12783337150988489,123,0.0,1.4350845252893227,1.3862943611198906
Northmart,GOLDEN_MALT_BLOCK,CRESTLINE,Golden Malt,Block,2023-05-22,1987,8941.5,4.5,4.5,0.0,0,0,0.868,Northmart|GOLDEN_MALT_BLOCK,7.59488438721652,1.5040773967762742,-0.14156356432178688,124,20.0,1.0043016091968684,1.3862943611198906
Northmart,GOLDEN_MALT_BLOCK,CRESTLINE,Golden Malt,Block,2023-05-29,2993,13468.5,4.5,4.5,0.0,0,0,0.858,Northmart|GOLDEN_MALT_BLOCK,8.004365564979574,1.5040773967762742,-0.15315117949417478,125,0.0,1.4350845252893227,1.3862943611198906
Northmart,GOLDEN_MALT_BLOCK,CRESTLINE,Golden Malt,Block,2023-06-05,2725,12262.5,4.5,4.5,0.0,0,0,0.85,Northmart|GOLDEN_MALT_BLOCK,7.9105906122564775,1.5040773967762742,-0.16251892949777494,126,0.0,1.2725655957915476,1.3862943611198906
Northmart,GOLDEN_MALT_BLOCK,CRESTLINE,Golden Malt,Block,2023-06-12,2381,10714.5,4.5,4.5,0.0,0,0,0.845,Northmart|GOLDEN_MALT_BLOCK,7.775695749915245,1.5040773967762742,-0.16841865162496325,127,0.0,1.4350845252893227,0.9555114450274363
Northmart,GOLDEN_MALT_BLOCK,CRESTLINE,Golden Malt,Block,2023-06-19,2717,12226.5,4.5,4.5,0.0,0,0,0.841,Northmart|GOLDEN_MALT_BLOCK,7.907651594711089,1.5040773967762742,-0.17316361900918903,128,0.0,1.4350845252893227,1.0296194171811581
Northmart,GOLDEN_MALT_BLOCK,CRESTLINE,Golden Malt,Block,2023-06-26,2385,10732.5,4.5,4.5,0.0,0,0,0.84,Northmart|GOLDEN_MALT_BLOCK,7.777373602657861,1.5040773967762742,-0.1743533871447778,129,0.0,1.4350845252893227,1.1631508098056809
Northmart,GOLDEN_MALT_BLOCK,CRESTLINE,Golden Malt,Block,2023-07-03,2790,12555.0,4.5,4.5,0.0,0,0,0.841,Northmart|GOLDEN_MALT_BLOCK,7.934155233536322,1.5040773967762742,-0.17316361900918903,130,0.0,1.4350845252893227,1.3862943611198906
Northmart,GOLDEN_MALT_BLOCK,CRESTLINE,Golden Malt,Block,2023-07-10,3146,14157.0,4.5,4.5,0.0,0,0,0.845,Northmart|GOLDEN_MALT_BLOCK,8.054204897064407,1.5040773967762742,-0.16841865162496325,131,0.0,1.4350845252893227,1.1631508098056809
Northmart,GOLDEN_MALT_BLOCK,CRESTLINE,Golden Malt,Block,2023-07-17,5295,16679.25,3.15,4.5,30.0,0,0,0.85,Northmart|GOLDEN_MALT_BLOCK,8.574707097616844,1.1474024528375417,-0.16251892949777494,132,0.0,1.0043016091968684,1.3862943611198906
Northmart,GOLDEN_MALT_BLOCK,CRESTLINE,Golden Malt,Block,2023-07-24,1687,7591.5,4.5,4.5,0.0,0,0,0.858,Northmart|GOLDEN_MALT_BLOCK,7.431299675155903,1.5040773967762742,-0.15315117949417478,133,30.0,1.0043016091968684,1.3862943611198906
Northmart,GOLDEN_MALT_BLOCK,CRESTLINE,Golden Malt,Block,2023-07-31,7412,21643.04,2.92,4.5,35.0,0,0,0.868,Northmart|GOLDEN_MALT_BLOCK,8.910990494656719,1.0715836162801904,-0.14156356432178688,134,0.0,1.4350845252893227,1.3862943611198906
Northmart,GOLDEN_MALT_BLOCK,CRESTLINE,Golden Malt,Block,2023-08-07,2111,9499.5,4.5,4.5,0.0,0,0,0.88,Northmart|GOLDEN_MALT_BLOCK,7.655390644826152,1.5040773967762742,-0.12783337150988489,135,35.0,1.4350845252893227,1.3862943611198906
Northmart,GOLDEN_MALT_BLOCK,CRESTLINE,Golden Malt,Block,2023-08-14,2854,12843.0,4.5,4.5,0.0,0,0,0.894,Northmart|GOLDEN_MALT_BLOCK,7.956827122090111,1.5040773967762742,-0.11204950380862289,136,0.0,1.1474024528375417,1.3862943611198906
Northmart,GOLDEN_MALT_BLOCK,CRESTLINE,Golden Malt,Block,2023-08-21,8297,28043.86,3.38,4.5,25.0,1,0,0.909,Northmart|GOLDEN_MALT_BLOCK,9.023769800892813,1.2178757094949273,-0.09541018480465818,137,0.0,1.0043016091968684,1.2237754316221157
Northmart,GOLDEN_MALT_BLOCK,CRESTLINE,Golden Malt,Block,2023-08-28,2707,12181.5,4.5,4.5,0.0,0,0,0.926,Northmart|GOLDEN_MALT_BLOCK,7.903965634032166,1.5040773967762742,-0.07688104433595762,138,25.0,1.4350845252893227,1.3862943611198906
Northmart,GOLDEN_MALT_BLOCK,CRESTLINE,Golden Malt,Block,2023-09-04,4438,15976.8,3.6,4.5,20.0,0,0,0.943,Northmart|GOLDEN_MALT_BLOCK,8.398184404834035,1.2809338454620642,-0.05868899634867961,139,0.0,1.2725655957915476,1.3862943611198906
Northmart,GOLDEN_MALT_BLOCK,CRESTLINE,Golden Malt,Block,2023-09-11,1978,8901.0,4.5,4.5,0.0,0,0,0.962,Northmart|GOLDEN_MALT_BLOCK,7.590346945602565,1.5040773967762742,-0.038740828316430595,140,20.0,1.4350845252893227,0.9555114450274363
Northmart,GOLDEN_MALT_BLOCK,CRESTLINE,Golden Malt,Block,2023-09-18,2934,13203.0,4.5,4.5,0.0,0,0,0.981,Northmart|GOLDEN_MALT_BLOCK,7.984462732262196,1.5040773967762742,-0.019182819416773987,141,0.0,1.4350845252893227,1.1631508098056809
Northmart,GOLDEN_MALT_BLOCK,CRESTLINE,Golden Malt,Block,2023-09-25,3547,15961.5,4.5,4.5,0.0,0,0,1.0,Northmart|GOLDEN_MALT_BLOCK,8.17413934342947,1.5040773967762742,0.0,142,0.0,1.4350845252893227,1.2809338454620642
Northmart,GOLDEN_MALT_BLOCK,CRESTLINE,Golden Malt,Block,2023-10-02,2902,13059.0,4.5,4.5,0.0,0,0,1.019,Northmart|GOLDEN_MALT_BLOCK,7.97349996402463,1.5040773967762742,0.018821754240587667,143,0.0,1.2119409739751128,1.3862943611198906
Northmart,GOLDEN_MALT_BLOCK,CRESTLINE,Golden Malt,Block,2023-10-09,3450,15525.0,4.5,4.5,0.0,0,0,1.038,Northmart|GOLDEN_MALT_BLOCK,8.146419323098003,1.5040773967762742,0.03729578474369693,144,0.0,1.4350845252893227,1.2809338454620642
Northmart,GOLDEN_MALT_BLOCK,CRESTLINE,Golden Malt,Block,2023-10-16,3643,16393.5,4.5,4.5,0.0,0,0,1.057,Northmart|GOLDEN_MALT_BLOCK,8.200837258379849,1.5040773967762742,0.055434706888100524,145,0.0,1.4350845252893227,1.3862943611198906
Northmart,GOLDEN_MALT_BLOCK,CRESTLINE,Golden Malt,Block,2023-10-23,3722,16749.0,4.5,4.5,0.0,0,0,1.074,Northmart|GOLDEN_MALT_BLOCK,8.222285073872717,1.5040773967762742,0.071389996086673,146,0.0,1.3297240096314962,1.3862943611198906
Northmart,GOLDEN_MALT_BLOCK,CRESTLINE,Golden Malt,Block,2023-10-30,3531,15889.5,4.5,4.5,0.0,0,0,1.091,Northmart|GOLDEN_MALT_BLOCK,8.16961956172385,1.5040773967762742,0.08709470685093373,147,0.0,1.4350845252893227,1.2237754316221157
Northmart,GOLDEN_MALT_BLOCK,CRESTLINE,Golden Malt,Block,2023-11-06,4034,18153.0,4.5,4.5,0.0,0,0,1.106,Northmart|GOLDEN_MALT_BLOCK,8.302761580704049,1.5040773967762742,0.10074990310014315,148,0.0,1.4350845252893227,1.3862943611198906
Northmart,GOLDEN_MALT_BLOCK,CRESTLINE,Golden Malt,Block,2023-11-13,4681,18958.05,4.05,4.5,10.0,0,0,1.12,Northmart|GOLDEN_MALT_BLOCK,8.451480648050856,1.3987168811184478,0.11332868530700327,149,0.0,1.4350845252893227,1.3862943611198906
Northmart,GOLDEN_MALT_BLOCK,CRESTLINE,Golden Malt,Block,2023-11-20,4765,17154.0,3.6,4.5,20.0,0,0,1.132,Northmart|GOLDEN_MALT_BLOCK,8.469262657658687,1.2809338454620642,0.1239859797809911,150,10.0,1.4350845252893227,0.9555114450274363
Northmart,GOLDEN_MALT_BLOCK,CRESTLINE,Golden Malt,Block,2023-11-27,2920,13140.0,4.5,4.5,0.0,0,0,1.142,Northmart|GOLDEN_MALT_BLOCK,7.979681302387741,1.5040773967762742,0.1327811112338184,151,20.0,1.4350845252893227,1.2809338454620642
Northmart,GOLDEN_MALT_BLOCK,CRESTLINE,Golden Malt,Block,2023-12-04,8632,31075.2,3.6,4.5,20.0,0,1,1.15,Northmart|GOLDEN_MALT_BLOCK,9.063347348235522,1.2809338454620642,0.13976194237515863,152,0.0,1.2725655957915476,1.3862943611198906
Northmart,GOLDEN_MALT_BLOCK,CRESTLINE,Golden Malt,Block,2023-12-11,2241,10084.5,4.5,4.5,0.0,0,0,1.155,Northmart|GOLDEN_MALT_BLOCK,7.715123603632105,1.5040773967762742,0.14410034397375687,153,20.0,1.0784095813505903,0.9555114450274363
Northmart,GOLDEN_MALT_BLOCK,CRESTLINE,Golden Malt,Block,2023-12-18,7060,25416.0,3.6,4.5,20.0,0,0,1.159,Northmart|GOLDEN_MALT_BLOCK,8.862341963516347,1.2809338454620642,0.1475575643576147,154,0.0,1.3297240096314962,1.3862943611198906
Northmart,GOLDEN_MALT_BLOCK,CRESTLINE,Golden Malt,Block,2023-12-25,2866,12897.0,4.5,4.5,0.0,0,0,1.16,Northmart|GOLDEN_MALT_BLOCK,7.96102146588337,1.5040773967762742,0.14842000511827322,155,20.0,1.0784095813505903,1.3862943611198906
Northmart,HONEY_NOUGAT_SINGLE,CRESTLINE,Honey Nougat,Single,2021-01-04,8066,16132.0,2.0,2.0,0.0,0,0,1.159,Northmart|HONEY_NOUGAT_SINGLE,8.995536944936974,0.6931471805599453,0.1475575643576147,0,0.0,1.3862943611198906,
Northmart,HONEY_NOUGAT_SINGLE,CRESTLINE,Honey Nougat,Single,2021-01-11,8019,16038.0,2.0,2.0,0.0,0,0,1.155,Northmart|HONEY_NOUGAT_SINGLE,8.98969370086056,0.6931471805599453,0.14410034397375687,1,0.0,1.1631508098056809,
Northmart,HONEY_NOUGAT_SINGLE,CRESTLINE,Honey Nougat,Single,2021-01-18,11278,20300.4,1.8,2.0,10.0,0,0,1.15,Northmart|HONEY_NOUGAT_SINGLE,9.330697868639916,0.5877866649021191,0.13976194237515863,2,0.0,1.3862943611198906,
Northmart,HONEY_NOUGAT_SINGLE,CRESTLINE,Honey Nougat,Single,2021-01-25,18928,26499.2,1.4,2.0,30.0,0,0,1.142,Northmart|HONEY_NOUGAT_SINGLE,9.84845041660622,0.3364722366212129,0.1327811112338184,3,10.0,1.2237754316221157,
Northmart,HONEY_NOUGAT_SINGLE,CRESTLINE,Honey Nougat,Single,2021-02-01,5179,10358.0,2.0,2.0,0.0,0,0,1.132,Northmart|HONEY_NOUGAT_SINGLE,8.55256033525353,0.6931471805599453,0.1239859797809911,4,30.0,1.0296194171811581,
Northmart,HONEY_NOUGAT_SINGLE,CRESTLINE,Honey Nougat,Single,2021-02-08,8031,16062.0,2.0,2.0,0.0,0,0,1.12,Northmart|HONEY_NOUGAT_SINGLE,8.99118884193151,0.6931471805599453,0.11332868530700327,5,0.0,1.3862943611198906,
Northmart,HONEY_NOUGAT_SINGLE,CRESTLINE,Honey Nougat,Single,2021-02-15,6440,12880.0,2.0,2.0,0.0,0,0,1.106,Northmart|HONEY_NOUGAT_SINGLE,8.77043908654689,0.6931471805599453,0.10074990310014315,6,0.0,1.0296194171811581,
Northmart,HONEY_NOUGAT_SINGLE,CRESTLINE,Honey Nougat,Single,2021-02-22,6953,13906.0,2.0,2.0,0.0,0,0,1.091,Northmart|HONEY_NOUGAT_SINGLE,8.847072312567807,0.6931471805599453,0.08709470685093373,7,0.0,1.2237754316221157,
Northmart,HONEY_NOUGAT_SINGLE,CRESTLINE,Honey Nougat,Single,2021-03-01,27902,39062.8,1.4,2.0,30.0,1,0,1.074,Northmart|HONEY_NOUGAT_SINGLE,10.236489488910577,0.3364722366212129,0.071389996086673,8,0.0,1.3862943611198906,
Northmart,HONEY_NOUGAT_SINGLE,CRESTLINE,Honey Nougat,Single,2021-03-08,7295,14590.0,2.0,2.0,0.0,0,0,1.057,Northmart|HONEY_NOUGAT_SINGLE,8.895081531754167,0.6931471805599453,0.055434706888100524,9,30.0,1.3862943611198906,
Northmart,HONEY_NOUGAT_SINGLE,CRESTLINE,Honey Nougat,Single,2021-03-15,8527,17054.0,2.0,2.0,0.0,0,0,1.038,Northmart|HONEY_NOUGAT_SINGLE,9.051110146405625,0.6931471805599453,0.03729578474369693,10,0.0,1.3862943611198906,
Northmart,HONEY_NOUGAT_SINGLE,CRESTLINE,Honey Nougat,Single,2021-03-22,7952,15904.0,2.0,2.0,0.0,0,0,1.019,Northmart|HONEY_NOUGAT_SINGLE,8.981304494957135,0.6931471805599453,0.018821754240587667,11,0.0,1.3862943611198906,
Northmart,HONEY_NOUGAT_SINGLE,CRESTLINE,Honey Nougat,Single,2021-03-29,7563,15126.0,2.0,2.0,0.0,0,0,1.0,Northmart|HONEY_NOUGAT_SINGLE,8.931155429778348,0.6931471805599453,0.0,12,0.0,1.3862943611198906,
Northmart,HONEY_NOUGAT_SINGLE,CRESTLINE,Honey Nougat,Single,2021-04-05,8432,16864.0,2.0,2.0,0.0,0,0,1.081,Northmart|HONEY_NOUGAT_SINGLE,9.039907859574642,0.6931471805599453,0.0778865386570712,13,0.0,1.3862943611198906,
Northmart,HONEY_NOUGAT_SINGLE,CRESTLINE,Honey Nougat,Single,2021-04-12,7083,14166.0,2.0,2.0,0.0,0,0,1.062,Northmart|HONEY_NOUGAT_SINGLE,8.865593998902725,0.6931471805599453,0.060153922819747144,14,0.0,1.3862943611198906,
Northmart,HONEY_NOUGAT_SINGLE,CRESTLINE,Honey Nougat,Single,2021-04-19,13244,22514.8,1.7,2.0,15.0,0,1,1.043,Northmart|HONEY_NOUGAT_SINGLE,9.49137540170617,0.5306282510621704,0.042101176018635326,15,0.0,1.3862943611198906,
Northmart,HONEY_NOUGAT_SINGLE,CRESTLINE,Honey Nougat,Single,2021-04-26,6970,13940.0,2.0,2.0,0.0,0,0,1.026,Northmart|HONEY_NOUGAT_SINGLE,8.849513965486398,0.6931471805599453,0.025667746748577813,16,15.0,1.3862943611198906,
Northmart,HONEY_NOUGAT_SINGLE,CRESTLINE,Honey Nougat,Single,2021-05-03,9145,15546.5,1.7,2.0,15.0,0,0,0.909,Northmart|HONEY_NOUGAT_SINGLE,9.121071904218,0.5306282510621704,-0.09541018480465818,17,0.0,1.0986122886681098,
Northmart,HONEY_NOUGAT_SINGLE,CRESTLINE,Honey Nougat,Single,2021-05-10,5076,10152.0,2.0,2.0,0.0,0,0,0.894,Northmart|HONEY_NOUGAT_SINGLE,8.532475814947395,0.6931471805599453,-0.11204950380862289,18,15.0,1.2237754316221157,
Northmart,HONEY_NOUGAT_SINGLE,CRESTLINE,Honey Nougat,Single,2021-05-17,6618,13236.0,2.0,2.0,0.0,0,0,0.88,Northmart|HONEY_NOUGAT_SINGLE,8.797699580118923,0.6931471805599453,-0.12783337150988489,19,0.0,1.1631508098056809,
Northmart,HONEY_NOUGAT_SINGLE,CRESTLINE,Honey Nougat,Single,2021-05-24,10674,18145.8,1.7,2.0,15.0,0,0,0.868,Northmart|HONEY_NOUGAT_SINGLE,9.275659838096825,0.5306282510621704,-0.14156356432178688,20,0.0,1.3862943611198906,
Northmart,HONEY_NOUGAT_SINGLE,CRESTLINE,Honey Nougat,Single,2021-05-31,5693,11386.0,2.0,2.0,0.0,0,0,0.858,Northmart|HONEY_NOUGAT_SINGLE,8.647168267837984,0.6931471805599453,-0.15315117949417478,21,15.0,1.3862943611198906,
Northmart,HONEY_NOUGAT_SINGLE,CRESTLINE,Honey Nougat,Single,2021-06-07,6603,13206.0,2.0,2.0,0.0,0,0,0.85,Northmart|HONEY_NOUGAT_SINGLE,8.795430805040018,0.6931471805599453,-0.16251892949777494,22,0.0,1.3862943611198906,
Northmart,HONEY_NOUGAT_SINGLE,CRESTLINE,Honey Nougat,Single,2021-06-14,14454,21681.0,1.5,2.0,25.0,0,0,0.845,Northmart|HONEY_NOUGAT_SINGLE,9.578795654450447,0.4054651081081644,-0.16841865162496325,23,0.0,1.3862943611198906,
Northmart,HONEY_NOUGAT_SINGLE,CRESTLINE,Honey Nougat,Single,2021-06-21,4482,8964.0,2.0,2.0,0.0,0,0,0.841,Northmart|HONEY_NOUGAT_SINGLE,8.40804774415544,0.6931471805599453,-0.17316361900918903,24,25.0,1.2809338454620642,
Northmart,HONEY_NOUGAT_SINGLE,CRESTLINE,Honey Nougat,Single,2021-06-28,18378,25729.2,1.4,2.0,30.0,0,1,0.84,Northmart|HONEY_NOUGAT_SINGLE,9.818963987465475,0.3364722366212129,-0.1743533871447778,25,0.0,1.0986122886681098,
Northmart,HONEY_NOUGAT_SINGLE,CRESTLINE,Honey Nougat,Single,2021-07-05,6069,10317.3,1.7,2.0,15.0,0,0,0.841,Northmart|HONEY_NOUGAT_SINGLE,8.711113884053544,0.5306282510621704,-0.17316361900918903,26,30.0,1.1631508098056809,
Northmart,HONEY_NOUGAT_SINGLE,CRESTLINE,Honey Nougat,Single,2021-07-12,5792,11584.0,2.0,2.0,0.0,0,0,0.845,Northmart|HONEY_NOUGAT_SINGLE,8.664405571096625,0.6931471805599453,-0.16841865162496325,27,15.0,1.3862943611198906,
Northmart,HONEY_NOUGAT_SINGLE,CRESTLINE,Honey Nougat,Single,2021-07-19,9266,13899.0,1.5,2.0,25.0,0,0,0.85,Northmart|HONEY_NOUGAT_SINGLE,9.134214981586691,0.4054651081081644,-0.16251892949777494,28,0.0,1.0296194171811581,
Northmart,HONEY_NOUGAT_SINGLE,CRESTLINE,Honey Nougat,Single,2021-07-26,4698,9396.0,2.0,2.0,0.0,0,0,0.858,Northmart|HONEY_NOUGAT_SINGLE,8.455104999102815,0.6931471805599453,-0.15315117949417478,29,25.0,1.3862943611198906,
Northmart,HONEY_NOUGAT_SINGLE,CRESTLINE,Honey Nougat,Single,2021-08-02,6942,13884.0,2.0,2.0,0.0,0,0,0.868,Northmart|HONEY_NOUGAT_SINGLE,8.845489236753274,0.6931471805599453,-0.14156356432178688,30,0.0,1.3862943611198906,
Northmart,HONEY_NOUGAT_SINGLE,CRESTLINE,Honey Nougat,Single,2021-08-09,6497,12994.0,2.0,2.0,0.0,0,0,0.88,Northmart|HONEY_NOUGAT_SINGLE,8.779249716229046,0.6931471805599453,-0.12783337150988489,31,0.0,1.3862943611198906,
Northmart,HONEY_NOUGAT_SINGLE,CRESTLINE,Honey Nougat,Single,2021-08-16,5818,11636.0,2.0,2.0,0.0,0,0,0.894,Northmart|HONEY_NOUGAT_SINGLE,8.66888370465667,0.6931471805599453,-0.11204950380862289,32,0.0,1.3862943611198906,
Northmart,HONEY_NOUGAT_SINGLE,CRESTLINE,Honey Nougat,Single,2021-08-23,6470,12940.0,2.0,2.0,0.0,0,0,0.909,Northmart|HONEY_NOUGAT_SINGLE,8.775085935057266,0.6931471805599453,-0.09541018480465818,33,0.0,1.3862943611198906,
Northmart,HONEY_NOUGAT_SINGLE,CRESTLINE,Honey Nougat,Single,2021-08-30,5572,11144.0,2.0,2.0,0.0,0,0,0.926,Northmart|HONEY_NOUGAT_SINGLE,8.625688787569537,0.6931471805599453,-0.07688104433595762,34,0.0,1.1631508098056809,
Northmart,HONEY_NOUGAT_SINGLE,CRESTLINE,Honey Nougat,Single,2021-09-06,6561,13122.0,2.0,2.0,0.0,0,0,0.943,Northmart|HONEY_NOUGAT_SINGLE,8.789050713521046,0.6931471805599453,-0.05868899634867961,35,0.0,1.3862943611198906,
Northmart,HONEY_NOUGAT_SINGLE,CRESTLINE,Honey Nougat,Single,2021-09-13,10658,18118.6,1.7,2.0,15.0,0,0,0.962,Northmart|HONEY_NOUGAT_SINGLE,9.274159884689137,0.5306282510621704,-0.038740828316430595,36,0.0,1.3862943611198906,
Northmart,HONEY_NOUGAT_SINGLE,CRESTLINE,Honey Nougat,Single,2021-09-20,11899,20228.3,1.7,2.0,15.0,0,1,0.981,Northmart|HONEY_NOUGAT_SINGLE,9.38429367909962,0.5306282510621704,-0.019182819416773987,37,15.0,1.2237754316221157,
Northmart,HONEY_NOUGAT_SINGLE,CRESTLINE,Honey Nougat,Single,2021-09-27,5716,11432.0,2.0,2.0,0.0,0,0,1.0,Northmart|HONEY_NOUGAT_SINGLE,8.651199471263972,0.6931471805599453,0.0,38,15.0,1.3862943611198906,
Northmart,HONEY_NOUGAT_SINGLE,CRESTLINE,Honey Nougat,Single,2021-10-04,7441,14882.0,2.0,2.0,0.0,0,0,1.019,Northmart|HONEY_NOUGAT_SINGLE,8.914894908906568,0.6931471805599453,0.018821754240587667,39,0.0,1.3862943611198906,
Northmart,HONEY_NOUGAT_SINGLE,CRESTLINE,Honey Nougat,Single,2021-10-11,11562,19655.4,1.7,2.0,15.0,0,0,1.038,Northmart|HONEY_NOUGAT_SINGLE,9.355565624128962,0.5306282510621704,0.03729578474369693,40,0.0,1.3862943611198906,
Northmart,HONEY_NOUGAT_SINGLE,CRESTLINE,Honey Nougat,Single,2021-10-18,6727,13454.0,2.0,2.0,0.0,0,0,1.057,Northmart|HONEY_NOUGAT_SINGLE,8.814033201652784,0.6931471805599453,0.055434706888100524,41,15.0,1.3862943611198906,
Northmart,HONEY_NOUGAT_SINGLE,CRESTLINE,Honey Nougat,Single,2021-10-25,18889,34000.2,1.8,2.0,10.0,1,0,1.074,Northmart|HONEY_NOUGAT_SINGLE,9.846387960495555,0.5877866649021191,0.071389996086673,42,0.0,1.3862943611198906,
Northmart,HONEY_NOUGAT_SINGLE,CRESTLINE,Honey Nougat,Single,2021-11-01,7476,14952.0,2.0,2.0,0.0,0,0,1.091,Northmart|HONEY_NOUGAT_SINGLE,8.919586920999915,0.6931471805599453,0.08709470685093373,43,10.0,1.3862943611198906,
Northmart,HONEY_NOUGAT_SINGLE,CRESTLINE,Honey Nougat,Single,2021-11-08,22967,29857.1,1.3,2.0,35.0,0,0,1.106,Northmart|HONEY_NOUGAT_SINGLE,10.0418572218009,0.26236426446749106,0.10074990310014315,44,0.0,1.3862943611198906,
Northmart,HONEY_NOUGAT_SINGLE,CRESTLINE,Honey Nougat,Single,2021-11-15,7000,12600.0,1.8,2.0,10.0,0,0,1.12,Northmart|HONEY_NOUGAT_SINGLE,8.853808274977197,0.5877866649021191,0.11332868530700327,45,35.0,1.1631508098056809,
Northmart,HONEY_NOUGAT_SINGLE,CRESTLINE,Honey Nougat,Single,2021-11-22,6444,12888.0,2.0,2.0,0.0,0,0,1.132,Northmart|HONEY_NOUGAT_SINGLE,8.771059915373288,0.6931471805599453,0.1239859797809911,46,10.0,1.1631508098056809,
Northmart,HONEY_NOUGAT_SINGLE,CRESTLINE,Honey Nougat,Single,2021-11-29,10172,18309.6,1.8,2.0,10.0,0,0,1.142,Northmart|HONEY_NOUGAT_SINGLE,9.227492430793749,0.5877866649021191,0.1327811112338184,47,0.0,1.1631508098056809,
Northmart,HONEY_NOUGAT_SINGLE,CRESTLINE,Honey Nougat,Single,2021-12-06,7637,15274.0,2.0,2.0,0.0,0,0,1.15,Northmart|HONEY_NOUGAT_SINGLE,8.940891067785461,0.6931471805599453,0.13976194237515863,48,10.0,1.3862943611198906,
Northmart,HONEY_NOUGAT_SINGLE,CRESTLINE,Honey Nougat,Single,2021-12-13,10984,19771.2,1.8,2.0,10.0,0,0,1.155,Northmart|HONEY_NOUGAT_SINGLE,9.30428598481871,0.5877866649021191,0.14410034397375687,49,0.0,1.3862943611198906,
Northmart,HONEY_NOUGAT_SINGLE,CRESTLINE,Honey Nougat,Single,2021-12-20,23242,30214.6,1.3,2.0,35.0,0,0,1.159,Northmart|HONEY_NOUGAT_SINGLE,10.053759290414428,0.26236426446749106,0.1475575643576147,50,10.0,1.3862943611198906,
Northmart,HONEY_NOUGAT_SINGLE,CRESTLINE,Honey Nougat,Single,2021-12-27,5785,11570.0,2.0,2.0,0.0,0,0,1.16,Northmart|HONEY_NOUGAT_SINGLE,8.66319648553608,0.6931471805599453,0.14842000511827322,51,35.0,1.0986122886681098,
Northmart,HONEY_NOUGAT_SINGLE,CRESTLINE,Honey Nougat,Single,2022-01-03,10492,18885.6,1.8,2.0,10.0,0,0,1.159,Northmart|HONEY_NOUGAT_SINGLE,9.25846364715791,0.5877866649021191,0.1475575643576147,52,0.0,1.0296194171811581,
Northmart,HONEY_NOUGAT_SINGLE,CRESTLINE,Honey Nougat,Single,2022-01-10,8989,17978.0,2.0,2.0,0.0,0,0,1.155,Northmart|HONEY_NOUGAT_SINGLE,9.103868127465667,0.6931471805599453,0.14410034397375687,53,10.0,1.3862943611198906,
Northmart,HONEY_NOUGAT_SINGLE,CRESTLINE,Honey Nougat,Single,2022-01-17,8345,16690.0,2.0,2.0,0.0,0,0,1.15,Northmart|HONEY_NOUGAT_SINGLE,9.029537661151497,0.6931471805599453,0.13976194237515863,54,0.0,1.2237754316221157,
Northmart,HONEY_NOUGAT_SINGLE,CRESTLINE,Honey Nougat,Single,2022-01-24,15317,24507.2,1.6,2.0,20.0,0,0,1.142,Northmart|HONEY_NOUGAT_SINGLE,9.636783886469539,0.47000362924573563,0.1327811112338184,55,0.0,1.3862943611198906,
Northmart,HONEY_NOUGAT_SINGLE,CRESTLINE,Honey Nougat,Single,2022-01-31,12947,19420.5,1.5,2.0,25.0,0,0,1.132,Northmart|HONEY_NOUGAT_SINGLE,9.468696615046134,0.4054651081081644,0.1239859797809911,56,20.0,1.1631508098056809,
Northmart,HONEY_NOUGAT_SINGLE,CRESTLINE,Honey Nougat,Single,2022-02-07,41669,54169.7,1.3,2.0,35.0,1,1,1.12,Northmart|HONEY_NOUGAT_SINGLE,10.6375367244165,0.26236426446749106,0.11332868530700327,57,25.0,1.3862943611198906,
Northmart,HONEY_NOUGAT_SINGLE,CRESTLINE,Honey Nougat,Single,2022-02-14,5350,10700.0,2.0,2.0,0.0,0,0,1.106,Northmart|HONEY_NOUGAT_SINGLE,8.585038738311304,0.6931471805599453,0.10074990310014315,58,35.0,1.3862943611198906,
Northmart,HONEY_NOUGAT_SINGLE,CRESTLINE,Honey Nougat,Single,2022-02-21,8263,16526.0,2.0,2.0,0.0,0,0,1.091,Northmart|HONEY_NOUGAT_SINGLE,9.019664010799474,0.6931471805599453,0.08709470685093373,59,0.0,1.3862943611198906,
Northmart,HONEY_NOUGAT_SINGLE,CRESTLINE,Honey Nougat,Single,2022-02-28,7856,15712.0,2.0,2.0,0.0,0,0,1.074,Northmart|HONEY_NOUGAT_SINGLE,8.969160133175821,0.6931471805599453,0.071389996086673,60,0.0,1.2237754316221157,
Northmart,HONEY_NOUGAT_SINGLE,CRESTLINE,Honey Nougat,Single,2022-03-07,8212,16424.0,2.0,2.0,0.0,0,0,1.057,Northmart|HONEY_NOUGAT_SINGLE,9.013473543740192,0.6931471805599453,0.055434706888100524,61,0.0,1.3862943611198906,
Northmart,HONEY_NOUGAT_SINGLE,CRESTLINE,Honey Nougat,Single,2022-03-14,15991,23986.5,1.5,2.0,25.0,0,0,1.038,Northmart|HONEY_NOUGAT_SINGLE,9.679843876180236,0.4054651081081644,0.03729578474369693,62,0.0,1.3862943611198906,
Northmart,HONEY_NOUGAT_SINGLE,CRESTLINE,Honey Nougat,Single,2022-03-21,5519,11038.0,2.0,2.0,0.0,0,0,1.019,Northmart|HONEY_NOUGAT_SINGLE,8.616133139271142,0.6931471805599453,0.018821754240587667,63,25.0,1.1631508098056809,
Northmart,HONEY_NOUGAT_SINGLE,CRESTLINE,Honey Nougat,Single,2022-03-28,13124,19686.0,1.5,2.0,25.0,0,0,1.0,Northmart|HONEY_NOUGAT_SINGLE,9.482274087459825,0.4054651081081644,0.0,64,0.0,1.1631508098056809,
Northmart,HONEY_NOUGAT_SINGLE,CRESTLINE,Honey Nougat,Single,2022-04-04,6693,13386.0,2.0,2.0,0.0,0,0,1.081,Northmart|HONEY_NOUGAT_SINGLE,8.808966881771273,0.6931471805599453,0.0778865386570712,65,25.0,1.3862943611198906,
Northmart,HONEY_NOUGAT_SINGLE,CRESTLINE,Honey Nougat,Single,2022-04-11,8441,16882.0,2.0,2.0,0.0,0,0,1.062,Northmart|HONEY_NOUGAT_SINGLE,9.040974526342444,0.6931471805599453,0.060153922819747144,66,0.0,1.3862943611198906,
Northmart,HONEY_NOUGAT_SINGLE,CRESTLINE,Honey Nougat,Single,2022-04-18,12138,19420.8,1.6,2.0,20.0,0,0,1.043,Northmart|HONEY_NOUGAT_SINGLE,9.404178688897805,0.47000362924573563,0.042101176018635326,67,0.0,1.3862943611198906,
Northmart,HONEY_NOUGAT_SINGLE,CRESTLINE,Honey Nougat,Single,2022-04-25,6201,12402.0,2.0,2.0,0.0,0,0,1.026,Northmart|HONEY_NOUGAT_SINGLE,8.732627099660395,0.6931471805599453,0.025667746748577813,68,20.0,1.3862943611198906,
Northmart,HONEY_NOUGAT_SINGLE,CRESTLINE,Honey Nougat,Single,2022-05-02,6588,13176.0,2.0,2.0,0.0,0,0,0.909,Northmart|HONEY_NOUGAT_SINGLE,8.793156870913819,0.6931471805599453,-0.09541018480465818,69,0.0,1.2809338454620642,
Northmart,HONEY_NOUGAT_SINGLE,CRESTLINE,Honey Nougat,Single,2022-05-09,6289,12578.0,2.0,2.0,0.0,0,0,0.894,Northmart|HONEY_NOUGAT_SINGLE,8.746716349694486,0.6931471805599453,-0.11204950380862289,70,0.0,1.0296194171811581,
Northmart,HONEY_NOUGAT_SINGLE,CRESTLINE,Honey Nougat,Single,2022-05-16,15074,22611.0,1.5,2.0,25.0,0,0,0.88,Northmart|HONEY_NOUGAT_SINGLE,9.620793021595386,0.4054651081081644,-0.12783337150988489,71,0.0,1.3862943611198906,
Northmart,HONEY_NOUGAT_SINGLE,CRESTLINE,Honey Nougat,Single,2022-05-23,5405,10810.0,2.0,2.0,0.0,0,0,0.868,Northmart|HONEY_NOUGAT_SINGLE,8.595264726836392,0.6931471805599453,-0.14156356432178688,72,25.0,1.3862943611198906,
Northmart,HONEY_NOUGAT_SINGLE,CRESTLINE,Honey Nougat,Single,2022-05-30,6030,12060.0,2.0,2.0,0.0,0,0,0.858,Northmart|HONEY_NOUGAT_SINGLE,8.704668113450987,0.6931471805599453,-0.15315117949417478,73,0.0,1.0296194171811581,
Northmart,HONEY_NOUGAT_SINGLE,CRESTLINE,Honey Nougat,Single,2022-06-06,16392,26227.2,1.6,2.0,20.0,1,0,0.85,Northmart|HONEY_NOUGAT_SINGLE,9.704609693426455,0.47000362924573563,-0.16251892949777494,74,0.0,1.3862943611198906,
Northmart,HONEY_NOUGAT_SINGLE,CRESTLINE,Honey Nougat,Single,2022-06-13,5528,11056.0,2.0,2.0,0.0,0,0,0.845,Northmart|HONEY_NOUGAT_SINGLE,8.617762246337932,0.6931471805599453,-0.16841865162496325,75,20.0,1.3862943611198906,
Northmart,HONEY_NOUGAT_SINGLE,CRESTLINE,Honey Nougat,Single,2022-06-20,6421,12842.0,2.0,2.0,0.0,0,0,0.841,Northmart|HONEY_NOUGAT_SINGLE,8.76748487464946,0.6931471805599453,-0.17316361900918903,76,0.0,1.2237754316221157,
Northmart,HONEY_NOUGAT_SINGLE,CRESTLINE,Honey Nougat,Single,2022-06-27,6737,13474.0,2.0,2.0,0.0,0,0,0.84,Northmart|HONEY_NOUGAT_SINGLE,8.815518423966498,0.6931471805599453,-0.1743533871447778,77,0.0,1.3862943611198906,
Northmart,HONEY_NOUGAT_SINGLE,CRESTLINE,Honey Nougat,Single,2022-07-04,8328,14990.4,1.8,2.0,10.0,0,0,0.841,Northmart|HONEY_NOUGAT_SINGLE,9.02749867993534,0.5877866649021191,-0.17316361900918903,78,0.0,1.3862943611198906,
Northmart,HONEY_NOUGAT_SINGLE,CRESTLINE,Honey Nougat,Single,2022-07-11,5695,11390.0,2.0,2.0,0.0,0,0,0.845,Northmart|HONEY_NOUGAT_SINGLE,8.647519453091812,0.6931471805599453,-0.16841865162496325,79,10.0,1.3862943611198906,
Northmart,HONEY_NOUGAT_SINGLE,CRESTLINE,Honey Nougat,Single,2022-07-18,6627,13254.0,2.0,2.0,0.0,0,0,0.85,Northmart|HONEY_NOUGAT_SINGLE,8.799058378546453,0.6931471805599453,-0.16251892949777494,80,0.0,1.3862943611198906,
Northmart,HONEY_NOUGAT_SINGLE,CRESTLINE,Honey Nougat,Single,2022-07-25,10557,17946.9,1.7,2.0,15.0,0,0,0.858,Northmart|HONEY_NOUGAT_SINGLE,9.264639145383562,0.5306282510621704,-0.15315117949417478,81,0.0,1.3862943611198906,
Northmart,HONEY_NOUGAT_SINGLE,CRESTLINE,Honey Nougat,Single,2022-08-01,15649,20343.7,1.3,2.0,35.0,0,0,0.868,Northmart|HONEY_NOUGAT_SINGLE,9.658226195968298,0.26236426446749106,-0.14156356432178688,82,15.0,1.3862943611198906,
Northmart,HONEY_NOUGAT_SINGLE,CRESTLINE,Honey Nougat,Single,2022-08-08,4705,9410.0,2.0,2.0,0.0,0,0,0.88,Northmart|HONEY_NOUGAT_SINGLE,8.456593569287309,0.6931471805599453,-0.12783337150988489,83,35.0,1.2237754316221157,
Northmart,HONEY_NOUGAT_SINGLE,CRESTLINE,Honey Nougat,Single,2022-08-15,6680,13360.0,2.0,2.0,0.0,0,0,0.894,Northmart|HONEY_NOUGAT_SINGLE,8.807022955925477,0.6931471805599453,-0.11204950380862289,84,0.0,1.3862943611198906,
Northmart,HONEY_NOUGAT_SINGLE,CRESTLINE,Honey Nougat,Single,2022-08-22,7281,14562.0,2.0,2.0,0.0,0,0,0.909,Northmart|HONEY_NOUGAT_SINGLE,8.893160828735379,0.6931471805599453,-0.09541018480465818,85,0.0,1.3862943611198906,
Northmart,HONEY_NOUGAT_SINGLE,CRESTLINE,Honey Nougat,Single,2022-08-29,6158,12316.0,2.0,2.0,0.0,0,0,0.926,Northmart|HONEY_NOUGAT_SINGLE,8.725669705687043,0.6931471805599453,-0.07688104433595762,86,0.0,1.0296194171811581,
Northmart,HONEY_NOUGAT_SINGLE,CRESTLINE,Honey Nougat,Single,2022-09-05,7444,14888.0,2.0,2.0,0.0,0,0,0.943,Northmart|HONEY_NOUGAT_SINGLE,8.915297945118109,0.6931471805599453,-0.05868899634867961,87,0.0,1.3862943611198906,
Northmart,HONEY_NOUGAT_SINGLE,CRESTLINE,Honey Nougat,Single,2022-09-12,29997,41995.8,1.4,2.0,30.0,1,0,0.962,Northmart|HONEY_NOUGAT_SINGLE,10.308885991755306,0.3364722366212129,-0.038740828316430595,88,0.0,1.3862943611198906,
Northmart,HONEY_NOUGAT_SINGLE,CRESTLINE,Honey Nougat,Single,2022-09-19,6319,12638.0,2.0,2.0,0.0,0,0,0.981,Northmart|HONEY_NOUGAT_SINGLE,8.751474487140904,0.6931471805599453,-0.019182819416773987,89,30.0,1.3862943611198906,
Northmart,HONEY_NOUGAT_SINGLE,CRESTLINE,Honey Nougat,Single,2022-09-26,7373,14746.0,2.0,2.0,0.0,0,0,1.0,Northmart|HONEY_NOUGAT_SINGLE,8.90571557879409,0.6931471805599453,0.0,90,0.0,1.1631508098056809,
Northmart,HONEY_NOUGAT_SINGLE,CRESTLINE,Honey Nougat,Single,2022-10-03,17544,31579.2,1.8,2.0,10.0,1,0,1.019,Northmart|HONEY_NOUGAT_SINGLE,9.772524288017316,0.5877866649021191,0.018821754240587667,91,0.0,1.3862943611198906,
Northmart,HONEY_NOUGAT_SINGLE,CRESTLINE,Honey Nougat,Single,2022-10-10,20645,26838.5,1.3,2.0,35.0,0,0,1.038,Northmart|HONEY_NOUGAT_SINGLE,9.935276875025535,0.26236426446749106,0.03729578474369693,92,10.0,1.3862943611198906,
Northmart,HONEY_NOUGAT_SINGLE,CRESTLINE,Honey Nougat,Single,2022-10-17,5714,11428.0,2.0,2.0,0.0,0,0,1.057,Northmart|HONEY_NOUGAT_SINGLE,8.65084957622891,0.6931471805599453,0.055434706888100524,93,35.0,1.3862943611198906,
Northmart,HONEY_NOUGAT_SINGLE,CRESTLINE,Honey Nougat,Single,2022-10-24,7487,14974.0,2.0,2.0,0.0,0,0,1.074,Northmart|HONEY_NOUGAT_SINGLE,8.921057018157429,0.6931471805599453,0.071389996086673,94,0.0,1.2237754316221157,
Northmart,HONEY_NOUGAT_SINGLE,CRESTLINE,Honey Nougat,Single,2022-10-31,9166,18332.0,2.0,2.0,0.0,0,0,1.091,Northmart|HONEY_NOUGAT_SINGLE,9.123365357961776,0.6931471805599453,0.08709470685093373,95,0.0,1.3862943611198906,
Northmart,HONEY_NOUGAT_SINGLE,CRESTLINE,Honey Nougat,Single,2022-11-07,8672,17344.0,2.0,2.0,0.0,0,0,1.106,Northmart|HONEY_NOUGAT_SINGLE,9.067970030684457,0.6931471805599453,0.10074990310014315,96,0.0,1.3862943611198906,
Northmart,HONEY_NOUGAT_SINGLE,CRESTLINE,Honey Nougat,Single,2022-11-14,7529,15058.0,2.0,2.0,0.0,0,0,1.12,Northmart|HONEY_NOUGAT_SINGLE,8.92665032079394,0.6931471805599453,0.11332868530700327,97,0.0,1.3862943611198906,
Northmart,HONEY_NOUGAT_SINGLE,CRESTLINE,Honey Nougat,Single,2022-11-21,26039,33850.7,1.3,2.0,35.0,0,0,1.132,Northmart|HONEY_NOUGAT_SINGLE,10.167389096322506,0.26236426446749106,0.1239859797809911,98,0.0,1.3862943611198906,
Northmart,HONEY_NOUGAT_SINGLE,CRESTLINE,Honey Nougat,Single,2022-11-28,6361,12722.0,2.0,2.0,0.0,0,0,1.142,Northmart|HONEY_NOUGAT_SINGLE,8.758098072309089,0.6931471805599453,0.1327811112338184,99,35.0,1.3862943611198906,
Northmart,HONEY_NOUGAT_SINGLE,CRESTLINE,Honey Nougat,Single,2022-12-05,10026,20052.0,2.0,2.0,0.0,0,0,1.15,Northmart|HONEY_NOUGAT_SINGLE,9.213036733523925,0.6931471805599453,0.13976194237515863,100,0.0,1.3862943611198906,
Northmart,HONEY_NOUGAT_SINGLE,CRESTLINE,Honey Nougat,Single,2022-12-12,25404,35565.6,1.4,2.0,30.0,0,1,1.155,Northmart|HONEY_NOUGAT_SINGLE,10.142701284027833,0.3364722366212129,0.14410034397375687,101,0.0,1.1631508098056809,
Northmart,HONEY_NOUGAT_SINGLE,CRESTLINE,Honey Nougat,Single,2022-12-19,5949,11898.0,2.0,2.0,0.0,0,0,1.159,Northmart|HONEY_NOUGAT_SINGLE,8.691146498539675,0.6931471805599453,0.1475575643576147,102,30.0,1.0296194171811581,
Northmart,HONEY_NOUGAT_SINGLE,CRESTLINE,Honey Nougat,Single,2022-12-26,8707,17414.0,2.0,2.0,0.0,0,0,1.16,Northmart|HONEY_NOUGAT_SINGLE,9.071997422354437,0.6931471805599453,0.14842000511827322,103,0.0,1.3862943611198906,
Northmart,HONEY_NOUGAT_SINGLE,CRESTLINE,Honey Nougat,Single,2023-01-02,32623,42409.9,1.3,2.0,35.0,0,1,1.159,Northmart|HONEY_NOUGAT_SINGLE,10.392803492814236,0.26236426446749106,0.1475575643576147,104,0.0,1.3862943611198906,
Northmart,HONEY_NOUGAT_SINGLE,CRESTLINE,Honey Nougat,Single,2023-01-09,6115,12230.0,2.0,2.0,0.0,0,0,1.155,Northmart|HONEY_NOUGAT_SINGLE,8.718663567048953,0.6931471805599453,0.14410034397375687,105,35.0,1.0986122886681098,
Northmart,HONEY_NOUGAT_SINGLE,CRESTLINE,Honey Nougat,Single,2023-01-16,8915,17830.0,2.0,2.0,0.0,0,0,1.15,Northmart|HONEY_NOUGAT_SINGLE,9.095602694505759,0.6931471805599453,0.13976194237515863,106,0.0,1.3862943611198906,
Northmart,HONEY_NOUGAT_SINGLE,CRESTLINE,Honey Nougat,Single,2023-01-23,7548,15096.0,2.0,2.0,0.0,0,0,1.142,Northmart|HONEY_NOUGAT_SINGLE,8.929170383139624,0.6931471805599453,0.1327811112338184,107,0.0,1.0986122886681098,
Northmart,HONEY_NOUGAT_SINGLE,CRESTLINE,Honey Nougat,Single,2023-01-30,7218,14436.0,2.0,2.0,0.0,0,0,1.132,Northmart|HONEY_NOUGAT_SINGLE,8.88447171813916,0.6931471805599453,0.1239859797809911,108,0.0,1.0986122886681098,
Northmart,HONEY_NOUGAT_SINGLE,CRESTLINE,Honey Nougat,Single,2023-02-06,8347,16694.0,2.0,2.0,0.0,0,0,1.12,Northmart|HONEY_NOUGAT_SINGLE,9.02977726819709,0.6931471805599453,0.11332868530700327,109,0.0,1.2809338454620642,
Northmart,HONEY_NOUGAT_SINGLE,CRESTLINE,Honey Nougat,Single,2023-02-13,10532,21064.0,2.0,2.0,0.0,0,0,1.106,Northmart|HONEY_NOUGAT_SINGLE,9.262268464836541,0.6931471805599453,0.10074990310014315,110,0.0,1.3862943611198906,
Northmart,HONEY_NOUGAT_SINGLE,CRESTLINE,Honey Nougat,Single,2023-02-20,8259,16518.0,2.0,2.0,0.0,0,0,1.091,Northmart|HONEY_NOUGAT_SINGLE,9.019179866515024,0.6931471805599453,0.08709470685093373,111,0.0,1.3862943611198906,
Northmart,HONEY_NOUGAT_SINGLE,CRESTLINE,Honey Nougat,Single,2023-02-27,7597,15194.0,2.0,2.0,0.0,0,0,1.074,Northmart|HONEY_NOUGAT_SINGLE,8.935640333747571,0.6931471805599453,0.071389996086673,112,0.0,0.9555114450274363,
Northmart,HONEY_NOUGAT_SINGLE,CRESTLINE,Honey Nougat,Single,2023-03-06,7497,14994.0,2.0,2.0,0.0,0,0,1.057,Northmart|HONEY_NOUGAT_SINGLE,8.922391597295857,0.6931471805599453,0.055434706888100524,113,0.0,1.2237754316221157,
Northmart,HONEY_NOUGAT_SINGLE,CRESTLINE,Honey Nougat,Single,2023-03-13,7804,15608.0,2.0,2.0,0.0,0,0,1.038,Northmart|HONEY_NOUGAT_SINGLE,8.962519832949532,0.6931471805599453,0.03729578474369693,114,0.0,1.3862943611198906,
Northmart,HONEY_NOUGAT_SINGLE,CRESTLINE,Honey Nougat,Single,2023-03-20,7985,15970.0,2.0,2.0,0.0,0,0,1.019,Northmart|HONEY_NOUGAT_SINGLE,8.985445287623167,0.6931471805599453,0.018821754240587667,115,0.0,1.3862943611198906,
Northmart,HONEY_NOUGAT_SINGLE,CRESTLINE,Honey Nougat,Single,2023-03-27,7924,15848.0,2.0,2.0,0.0,0,0,1.0,Northmart|HONEY_NOUGAT_SINGLE,8.977777598745481,0.6931471805599453,0.0,116,0.0,1.3862943611198906,
Northmart,HONEY_NOUGAT_SINGLE,CRESTLINE,Honey Nougat,Single,2023-04-03,11329,20392.2,1.8,2.0,10.0,0,0,1.081,Northmart|HONEY_NOUGAT_SINGLE,9.335209354022052,0.5877866649021191,0.0778865386570712,117,0.0,1.3862943611198906,
Northmart,HONEY_NOUGAT_SINGLE,CRESTLINE,Honey Nougat,Single,2023-04-10,15904,23856.0,1.5,2.0,25.0,0,0,1.062,Northmart|HONEY_NOUGAT_SINGLE,9.674388804183245,0.4054651081081644,0.060153922819747144,118,10.0,1.3862943611198906,
Northmart,HONEY_NOUGAT_SINGLE,CRESTLINE,Honey Nougat,Single,2023-04-17,15627,21877.8,1.4,2.0,30.0,0,0,1.043,Northmart|HONEY_NOUGAT_SINGLE,9.656819456174961,0.3364722366212129,0.042101176018635326,119,25.0,1.3862943611198906,
Northmart,HONEY_NOUGAT_SINGLE,CRESTLINE,Honey Nougat,Single,2023-04-24,5616,11232.0,2.0,2.0,0.0,0,0,1.026,Northmart|HONEY_NOUGAT_SINGLE,8.633552992532433,0.6931471805599453,0.025667746748577813,120,30.0,1.3862943611198906,
Northmart,HONEY_NOUGAT_SINGLE,CRESTLINE,Honey Nougat,Single,2023-05-01,7550,15100.0,2.0,2.0,0.0,0,0,0.909,Northmart|HONEY_NOUGAT_SINGLE,8.929435283803425,0.6931471805599453,-0.09541018480465818,121,0.0,1.3862943611198906,
Northmart,HONEY_NOUGAT_SINGLE,CRESTLINE,Honey Nougat,Single,2023-05-08,6897,13794.0,2.0,2.0,0.0,0,0,0.894,Northmart|HONEY_NOUGAT_SINGLE,8.838986793496787,0.6931471805599453,-0.11204950380862289,122,0.0,1.3862943611198906,
Northmart,HONEY_NOUGAT_SINGLE,CRESTLINE,Honey Nougat,Single,2023-05-15,6521,13042.0,2.0,2.0,0.0,0,0,0.88,Northmart|HONEY_NOUGAT_SINGLE,8.782936356349264,0.6931471805599453,-0.12783337150988489,123,0.0,1.3862943611198906,
Northmart,HONEY_NOUGAT_SINGLE,CRESTLINE,Honey Nougat,Single,2023-05-22,6841,13682.0,2.0,2.0,0.0,0,0,0.868,Northmart|HONEY_NOUGAT_SINGLE,8.830835365537549,0.6931471805599453,-0.14156356432178688,124,0.0,1.3862943611198906,
Northmart,HONEY_NOUGAT_SINGLE,CRESTLINE,Honey Nougat,Single,2023-05-29,6954,13908.0,2.0,2.0,0.0,0,0,0.858,Northmart|HONEY_NOUGAT_SINGLE,8.847216104357543,0.6931471805599453,-0.15315117949417478,125,0.0,1.3862943611198906,
Northmart,HONEY_NOUGAT_SINGLE,CRESTLINE,Honey Nougat,Single,2023-06-05,6428,12856.0,2.0,2.0,0.0,0,0,0.85,Northmart|HONEY_NOUGAT_SINGLE,8.768574284141687,0.6931471805599453,-0.16251892949777494,126,0.0,1.3862943611198906,
Northmart,HONEY_NOUGAT_SINGLE,CRESTLINE,Honey Nougat,Single,2023-06-12,6128,12256.0,2.0,2.0,0.0,0,0,0.845,Northmart|HONEY_NOUGAT_SINGLE,8.720786883485731,0.6931471805599453,-0.16841865162496325,127,0.0,0.9555114450274363,
Northmart,HONEY_NOUGAT_SINGLE,CRESTLINE,Honey Nougat,Single,2023-06-19,5534,11068.0,2.0,2.0,0.0,0,0,0.841,Northmart|HONEY_NOUGAT_SINGLE,8.618846845142738,0.6931471805599453,-0.17316361900918903,128,0.0,1.0296194171811581,
Northmart,HONEY_NOUGAT_SINGLE,CRESTLINE,Honey Nougat,Single,2023-06-26,6862,13724.0,2.0,2.0,0.0,0,0,0.84,Northmart|HONEY_NOUGAT_SINGLE,8.833899942908635,0.6931471805599453,-0.1743533871447778,129,0.0,1.1631508098056809,
Northmart,HONEY_NOUGAT_SINGLE,CRESTLINE,Honey Nougat,Single,2023-07-03,6090,12180.0,2.0,2.0,0.0,0,0,0.841,Northmart|HONEY_NOUGAT_SINGLE,8.714567550836485,0.6931471805599453,-0.17316361900918903,130,0.0,1.3862943611198906,
Northmart,HONEY_NOUGAT_SINGLE,CRESTLINE,Honey Nougat,Single,2023-07-10,18303,23793.9,1.3,2.0,35.0,0,0,0.845,Northmart|HONEY_NOUGAT_SINGLE,9.814874894179525,0.26236426446749106,-0.16841865162496325,131,0.0,1.1631508098056809,
Northmart,HONEY_NOUGAT_SINGLE,CRESTLINE,Honey Nougat,Single,2023-07-17,5021,10042.0,2.0,2.0,0.0,0,0,0.85,Northmart|HONEY_NOUGAT_SINGLE,8.52158353971753,0.6931471805599453,-0.16251892949777494,132,35.0,1.3862943611198906,
Northmart,HONEY_NOUGAT_SINGLE,CRESTLINE,Honey Nougat,Single,2023-07-24,7220,14440.0,2.0,2.0,0.0,0,0,0.858,Northmart|HONEY_NOUGAT_SINGLE,8.884748726451182,0.6931471805599453,-0.15315117949417478,133,0.0,1.3862943611198906,
Northmart,HONEY_NOUGAT_SINGLE,CRESTLINE,Honey Nougat,Single,2023-07-31,6875,13750.0,2.0,2.0,0.0,0,0,0.868,Northmart|HONEY_NOUGAT_SINGLE,8.83579236650274,0.6931471805599453,-0.14156356432178688,134,0.0,1.3862943611198906,
Northmart,HONEY_NOUGAT_SINGLE,CRESTLINE,Honey Nougat,Single,2023-08-07,7662,15324.0,2.0,2.0,0.0,0,0,0.88,Northmart|HONEY_NOUGAT_SINGLE,8.944158830970405,0.6931471805599453,-0.12783337150988489,135,0.0,1.3862943611198906,
Northmart,HONEY_NOUGAT_SINGLE,CRESTLINE,Honey Nougat,Single,2023-08-14,7305,14610.0,2.0,2.0,0.0,0,0,0.894,Northmart|HONEY_NOUGAT_SINGLE,8.896451207355227,0.6931471805599453,-0.11204950380862289,136,0.0,1.3862943611198906,
Northmart,HONEY_NOUGAT_SINGLE,CRESTLINE,Honey Nougat,Single,2023-08-21,6847,13694.0,2.0,2.0,0.0,0,0,0.909,Northmart|HONEY_NOUGAT_SINGLE,8.831711917821577,0.6931471805599453,-0.09541018480465818,137,0.0,1.2237754316221157,
Northmart,HONEY_NOUGAT_SINGLE,CRESTLINE,Honey Nougat,Single,2023-08-28,7283,14566.0,2.0,2.0,0.0,0,0,0.926,Northmart|HONEY_NOUGAT_SINGLE,8.8934354408475,0.6931471805599453,-0.07688104433595762,138,0.0,1.3862943611198906,
Northmart,HONEY_NOUGAT_SINGLE,CRESTLINE,Honey Nougat,Single,2023-09-04,7950,15900.0,2.0,2.0,0.0,0,0,0.943,Northmart|HONEY_NOUGAT_SINGLE,8.981052985901483,0.6931471805599453,-0.05868899634867961,139,0.0,1.3862943611198906,
Northmart,HONEY_NOUGAT_SINGLE,CRESTLINE,Honey Nougat,Single,2023-09-11,6346,12692.0,2.0,2.0,0.0,0,0,0.962,Northmart|HONEY_NOUGAT_SINGLE,8.75573753930647,0.6931471805599453,-0.038740828316430595,140,0.0,0.9555114450274363,
Northmart,HONEY_NOUGAT_SINGLE,CRESTLINE,Honey Nougat,Single,2023-09-18,6518,13036.0,2.0,2.0,0.0,0,0,0.981,Northmart|HONEY_NOUGAT_SINGLE,8.782476268924539,0.6931471805599453,-0.019182819416773987,141,0.0,1.1631508098056809,
Northmart,HONEY_NOUGAT_SINGLE,CRESTLINE,Honey Nougat,Single,2023-09-25,8214,16428.0,2.0,2.0,0.0,0,0,1.0,Northmart|HONEY_NOUGAT_SINGLE,9.01371703047137,0.6931471805599453,0.0,142,0.0,1.2809338454620642,
Northmart,HONEY_NOUGAT_SINGLE,CRESTLINE,Honey Nougat,Single,2023-10-02,18532,31504.4,1.7,2.0,15.0,1,0,1.019,Northmart|HONEY_NOUGAT_SINGLE,9.82730820579731,0.5306282510621704,0.018821754240587667,143,0.0,1.3862943611198906,
Northmart,HONEY_NOUGAT_SINGLE,CRESTLINE,Honey Nougat,Single,2023-10-09,5769,11538.0,2.0,2.0,0.0,0,0,1.038,Northmart|HONEY_NOUGAT_SINGLE,8.660427359502146,0.6931471805599453,0.03729578474369693,144,15.0,1.2809338454620642,
Northmart,HONEY_NOUGAT_SINGLE,CRESTLINE,Honey Nougat,Single,2023-10-16,23666,37865.6,1.6,2.0,20.0,1,0,1.057,Northmart|HONEY_NOUGAT_SINGLE,10.0718369517632,0.47000362924573563,0.055434706888100524,145,0.0,1.3862943611198906,
Northmart,HONEY_NOUGAT_SINGLE,CRESTLINE,Honey Nougat,Single,2023-10-23,6660,13320.0,2.0,2.0,0.0,0,0,1.074,Northmart|HONEY_NOUGAT_SINGLE,8.804024902413179,0.6931471805599453,0.071389996086673,146,20.0,1.3862943611198906,
Northmart,HONEY_NOUGAT_SINGLE,CRESTLINE,Honey Nougat,Single,2023-10-30,9410,18820.0,2.0,2.0,0.0,0,0,1.091,Northmart|HONEY_NOUGAT_SINGLE,9.149634496858788,0.6931471805599453,0.08709470685093373,147,0.0,1.2237754316221157,
Northmart,HONEY_NOUGAT_SINGLE,CRESTLINE,Honey Nougat,Single,2023-11-06,8693,17386.0,2.0,2.0,0.0,0,0,1.106,Northmart|HONEY_NOUGAT_SINGLE,9.070388411548738,0.6931471805599453,0.10074990310014315,148,0.0,1.3862943611198906,
Northmart,HONEY_NOUGAT_SINGLE,CRESTLINE,Honey Nougat,Single,2023-11-13,28253,39554.2,1.4,2.0,30.0,0,1,1.12,Northmart|HONEY_NOUGAT_SINGLE,10.24899031947161,0.3364722366212129,0.11332868530700327,149,0.0,1.3862943611198906,
Northmart,HONEY_NOUGAT_SINGLE,CRESTLINE,Honey Nougat,Single,2023-11-20,5544,11088.0,2.0,2.0,0.0,0,0,1.132,Northmart|HONEY_NOUGAT_SINGLE,8.620651899784468,0.6931471805599453,0.1239859797809911,150,30.0,0.9555114450274363,
Northmart,HONEY_NOUGAT_SINGLE,CRESTLINE,Honey Nougat,Single,2023-11-27,8697,17394.0,2.0,2.0,0.0,0,0,1.142,Northmart|HONEY_NOUGAT_SINGLE,9.070848393157585,0.6931471805599453,0.1327811112338184,151,0.0,1.2809338454620642,
Northmart,HONEY_NOUGAT_SINGLE,CRESTLINE,Honey Nougat,Single,2023-12-04,22521,36033.6,1.6,2.0,20.0,0,1,1.15,Northmart|HONEY_NOUGAT_SINGLE,10.02224788825697,0.47000362924573563,0.13976194237515863,152,0.0,1.3862943611198906,
Northmart,HONEY_NOUGAT_SINGLE,CRESTLINE,Honey Nougat,Single,2023-12-11,5992,11984.0,2.0,2.0,0.0,0,0,1.155,Northmart|HONEY_NOUGAT_SINGLE,8.698347400458186,0.6931471805599453,0.14410034397375687,153,20.0,0.9555114450274363,
Northmart,HONEY_NOUGAT_SINGLE,CRESTLINE,Honey Nougat,Single,2023-12-18,15723,25156.8,1.6,2.0,20.0,0,0,1.159,Northmart|HONEY_NOUGAT_SINGLE,9.662943486541751,0.47000362924573563,0.1475575643576147,154,0.0,1.3862943611198906,
Northmart,HONEY_NOUGAT_SINGLE,CRESTLINE,Honey Nougat,Single,2023-12-25,7785,15570.0,2.0,2.0,0.0,0,0,1.16,Northmart|HONEY_NOUGAT_SINGLE,8.960082528170402,0.6931471805599453,0.14842000511827322,155,20.0,1.3862943611198906,
Northmart,SILKEN_BLOCK,ALPINE,Alpine Silken,Block,2021-01-04,12692,42645.12,3.36,4.2,20.0,0,0,1.159,Northmart|SILKEN_BLOCK,9.448805939388176,1.2119409739751128,0.1475575643576147,0,0.0,,
Northmart,SILKEN_BLOCK,ALPINE,Alpine Silken,Block,2021-01-11,8082,28852.74,3.57,4.2,15.0,0,0,1.155,Northmart|SILKEN_BLOCK,8.997518369733845,1.2725655957915476,0.14410034397375687,1,20.0,,
Northmart,SILKEN_BLOCK,ALPINE,Alpine Silken,Block,2021-01-18,5265,22113.0,4.2,4.2,0.0,0,0,1.15,Northmart|SILKEN_BLOCK,8.569026340056254,1.4350845252893227,0.13976194237515863,2,15.0,,
Northmart,SILKEN_BLOCK,ALPINE,Alpine Silken,Block,2021-01-25,18217,49732.41,2.73,4.2,35.0,0,0,1.142,Northmart|SILKEN_BLOCK,9.810165395304756,1.0043016091968684,0.1327811112338184,3,0.0,,
Northmart,SILKEN_BLOCK,ALPINE,Alpine Silken,Block,2021-02-01,5156,21655.2,4.2,4.2,0.0,0,0,1.132,Northmart|SILKEN_BLOCK,8.548110294050959,1.4350845252893227,0.1239859797809911,4,35.0,,
Northmart,SILKEN_BLOCK,ALPINE,Alpine Silken,Block,2021-02-08,7392,31046.4,4.2,4.2,0.0,0,0,1.12,Northmart|SILKEN_BLOCK,8.9082888855571,1.4350845252893227,0.11332868530700327,5,0.0,,
Northmart,SILKEN_BLOCK,ALPINE,Alpine Silken,Block,2021-02-15,6538,27459.6,4.2,4.2,0.0,0,0,1.106,Northmart|SILKEN_BLOCK,8.785539527561276,1.4350845252893227,0.10074990310014315,6,0.0,,
Northmart,SILKEN_BLOCK,ALPINE,Alpine Silken,Block,2021-02-22,15602,45869.88,2.94,4.2,30.0,0,0,1.091,Northmart|SILKEN_BLOCK,9.655218482441182,1.0784095813505903,0.08709470685093373,7,0.0,,
Northmart,SILKEN_BLOCK,ALPINE,Alpine Silken,Block,2021-03-01,4434,18622.8,4.2,4.2,0.0,0,0,1.074,Northmart|SILKEN_BLOCK,8.39728289474368,1.4350845252893227,0.071389996086673,8,30.0,,
Northmart,SILKEN_BLOCK,ALPINE,Alpine Silken,Block,2021-03-08,6289,26413.8,4.2,4.2,0.0,0,0,1.057,Northmart|SILKEN_BLOCK,8.746716349694486,1.4350845252893227,0.055434706888100524,9,0.0,,
Northmart,SILKEN_BLOCK,ALPINE,Alpine Silken,Block,2021-03-15,12895,40619.25,3.15,4.2,25.0,0,0,1.038,Northmart|SILKEN_BLOCK,9.464672464746409,1.1474024528375417,0.03729578474369693,10,0.0,,
Northmart,SILKEN_BLOCK,ALPINE,Alpine Silken,Block,2021-03-22,11197,32919.18,2.94,4.2,30.0,0,0,1.019,Northmart|SILKEN_BLOCK,9.323490469908839,1.0784095813505903,0.018821754240587667,11,25.0,,
Northmart,SILKEN_BLOCK,ALPINE,Alpine Silken,Block,2021-03-29,4937,20735.4,4.2,4.2,0.0,0,0,1.0,Northmart|SILKEN_BLOCK,8.504715669905124,1.4350845252893227,0.0,12,30.0,,
Northmart,SILKEN_BLOCK,ALPINE,Alpine Silken,Block,2021-04-05,22458,66026.52,2.94,4.2,30.0,0,1,1.081,Northmart|SILKEN_BLOCK,10.019446703703723,1.0784095813505903,0.0778865386570712,13,0.0,,
Northmart,SILKEN_BLOCK,ALPINE,Alpine Silken,Block,2021-04-12,4302,18068.4,4.2,4.2,0.0,0,0,1.062,Northmart|SILKEN_BLOCK,8.3670677328386,1.4350845252893227,0.060153922819747144,14,30.0,,
Northmart,SILKEN_BLOCK,ALPINE,Alpine Silken,Block,2021-04-19,6516,27367.2,4.2,4.2,0.0,0,0,1.043,Northmart|SILKEN_BLOCK,8.78216942633238,1.4350845252893227,0.042101176018635326,15,0.0,,
Northmart,SILKEN_BLOCK,ALPINE,Alpine Silken,Block,2021-04-26,7466,31357.2,4.2,4.2,0.0,0,0,1.026,Northmart|SILKEN_BLOCK,8.918248591035702,1.4350845252893227,0.025667746748577813,16,0.0,,
Northmart,SILKEN_BLOCK,ALPINE,Alpine Silken,Block,2021-05-03,6128,25737.6,4.2,4.2,0.0,0,0,0.909,Northmart|SILKEN_BLOCK,8.720786883485731,1.4350845252893227,-0.09541018480465818,17,0.0,,
Northmart,SILKEN_BLOCK,ALPINE,Alpine Silken,Block,2021-05-10,5541,23272.2,4.2,4.2,0.0,0,0,0.894,Northmart|SILKEN_BLOCK,8.620110725422924,1.4350845252893227,-0.11204950380862289,18,0.0,,
Northmart,SILKEN_BLOCK,ALPINE,Alpine Silken,Block,2021-05-17,5399,22675.8,4.2,4.2,0.0,0,0,0.88,Northmart|SILKEN_BLOCK,8.594154232552366,1.4350845252893227,-0.12783337150988489,19,0.0,,
Northmart,SILKEN_BLOCK,ALPINE,Alpine Silken,Block,2021-05-24,5215,21903.0,4.2,4.2,0.0,0,0,0.868,Northmart|SILKEN_BLOCK,8.559486103606488,1.4350845252893227,-0.14156356432178688,20,0.0,,
Northmart,SILKEN_BLOCK,ALPINE,Alpine Silken,Block,2021-05-31,6214,26098.8,4.2,4.2,0.0,0,0,0.858,Northmart|SILKEN_BLOCK,8.734721003944811,1.4350845252893227,-0.15315117949417478,21,0.0,,
Northmart,SILKEN_BLOCK,ALPINE,Alpine Silken,Block,2021-06-07,4981,20920.2,4.2,4.2,0.0,0,0,0.85,Northmart|SILKEN_BLOCK,8.513586695822125,1.4350845252893227,-0.16251892949777494,22,0.0,,
Northmart,SILKEN_BLOCK,ALPINE,Alpine Silken,Block,2021-06-14,5289,22213.8,4.2,4.2,0.0,0,0,0.845,Northmart|SILKEN_BLOCK,8.573573524852344,1.4350845252893227,-0.16841865162496325,23,0.0,,
Northmart,SILKEN_BLOCK,ALPINE,Alpine Silken,Block,2021-06-21,6102,25628.4,4.2,4.2,0.0,0,0,0.841,Northmart|SILKEN_BLOCK,8.716535732544495,1.4350845252893227,-0.17316361900918903,24,0.0,,
Northmart,SILKEN_BLOCK,ALPINE,Alpine Silken,Block,2021-06-28,12655,42520.8,3.36,4.2,20.0,1,0,0.84,Northmart|SILKEN_BLOCK,9.445886690007436,1.2119409739751128,-0.1743533871447778,25,0.0,,
Northmart,SILKEN_BLOCK,ALPINE,Alpine Silken,Block,2021-07-05,8002,25206.3,3.15,4.2,25.0,0,0,0.841,Northmart|SILKEN_BLOCK,8.987571750367046,1.1474024528375417,-0.17316361900918903,26,20.0,,
Northmart,SILKEN_BLOCK,ALPINE,Alpine Silken,Block,2021-07-12,3940,16548.0,4.2,4.2,0.0,0,0,0.845,Northmart|SILKEN_BLOCK,8.279189777195004,1.4350845252893227,-0.16841865162496325,27,25.0,,
Northmart,SILKEN_BLOCK,ALPINE,Alpine Silken,Block,2021-07-19,6923,26168.94,3.78,4.2,10.0,0,0,0.85,Northmart|SILKEN_BLOCK,8.8427489162961,1.3297240096314962,-0.16251892949777494,28,0.0,,
Northmart,SILKEN_BLOCK,ALPINE,Alpine Silken,Block,2021-07-26,5058,21243.6,4.2,4.2,0.0,0,0,0.858,Northmart|SILKEN_BLOCK,8.528924114291936,1.4350845252893227,-0.15315117949417478,29,10.0,,
Northmart,SILKEN_BLOCK,ALPINE,Alpine Silken,Block,2021-08-02,4792,20126.4,4.2,4.2,0.0,0,0,0.868,Northmart|SILKEN_BLOCK,8.474911799159631,1.4350845252893227,-0.14156356432178688,30,0.0,,
Northmart,SILKEN_BLOCK,ALPINE,Alpine Silken,Block,2021-08-09,5515,23163.0,4.2,4.2,0.0,0,0,0.88,Northmart|SILKEN_BLOCK,8.615408238913192,1.4350845252893227,-0.12783337150988489,31,0.0,,
Northmart,SILKEN_BLOCK,ALPINE,Alpine Silken,Block,2021-08-16,13505,48212.85,3.57,4.2,15.0,1,0,0.894,Northmart|SILKEN_BLOCK,9.510889310134788,1.2725655957915476,-0.11204950380862289,32,0.0,,
Northmart,SILKEN_BLOCK,ALPINE,Alpine Silken,Block,2021-08-23,4786,20101.2,4.2,4.2,0.0,0,0,0.909,Northmart|SILKEN_BLOCK,8.473659189392508,1.4350845252893227,-0.09541018480465818,33,15.0,,
Northmart,SILKEN_BLOCK,ALPINE,Alpine Silken,Block,2021-08-30,5725,24045.0,4.2,4.2,0.0,0,0,0.926,Northmart|SILKEN_BLOCK,8.65277248565806,1.4350845252893227,-0.07688104433595762,34,0.0,,
Northmart,SILKEN_BLOCK,ALPINE,Alpine Silken,Block,2021-09-06,5812,24410.4,4.2,4.2,0.0,0,0,0.943,Northmart|SILKEN_BLOCK,8.66785206770135,1.4350845252893227,-0.05868899634867961,35,0.0,,
Northmart,SILKEN_BLOCK,ALPINE,Alpine Silken,Block,2021-09-13,6236,26191.2,4.2,4.2,0.0,0,0,0.962,Northmart|SILKEN_BLOCK,8.738254576526122,1.4350845252893227,-0.038740828316430595,36,0.0,,
Northmart,SILKEN_BLOCK,ALPINE,Alpine Silken,Block,2021-09-20,11525,36303.75,3.15,4.2,25.0,0,0,0.981,Northmart|SILKEN_BLOCK,9.352360631996612,1.1474024528375417,-0.019182819416773987,37,0.0,,
Northmart,SILKEN_BLOCK,ALPINE,Alpine Silken,Block,2021-09-27,10070,31720.5,3.15,4.2,25.0,0,0,1.0,Northmart|SILKEN_BLOCK,9.217415285648144,1.1474024528375417,0.0,38,25.0,,
Northmart,SILKEN_BLOCK,ALPINE,Alpine Silken,Block,2021-10-04,4933,20718.6,4.2,4.2,0.0,0,0,1.019,Northmart|SILKEN_BLOCK,8.503905297089302,1.4350845252893227,0.018821754240587667,39,25.0,,
Northmart,SILKEN_BLOCK,ALPINE,Alpine Silken,Block,2021-10-11,11780,37107.0,3.15,4.2,25.0,0,0,1.038,Northmart|SILKEN_BLOCK,9.37424334324612,1.1474024528375417,0.03729578474369693,40,0.0,,
Northmart,SILKEN_BLOCK,ALPINE,Alpine Silken,Block,2021-10-18,5523,23196.6,4.2,4.2,0.0,0,0,1.057,Northmart|SILKEN_BLOCK,8.616857514529183,1.4350845252893227,0.055434706888100524,41,25.0,,
Northmart,SILKEN_BLOCK,ALPINE,Alpine Silken,Block,2021-10-25,9910,35378.7,3.57,4.2,15.0,0,0,1.074,Northmart|SILKEN_BLOCK,9.201400530406708,1.2725655957915476,0.071389996086673,42,0.0,,
Northmart,SILKEN_BLOCK,ALPINE,Alpine Silken,Block,2021-11-01,5691,23902.2,4.2,4.2,0.0,0,0,1.091,Northmart|SILKEN_BLOCK,8.646816959209742,1.4350845252893227,0.08709470685093373,43,15.0,,
Northmart,SILKEN_BLOCK,ALPINE,Alpine Silken,Block,2021-11-08,7028,29517.6,4.2,4.2,0.0,0,0,1.106,Northmart|SILKEN_BLOCK,8.857799727175905,1.4350845252893227,0.10074990310014315,44,0.0,,
Northmart,SILKEN_BLOCK,ALPINE,Alpine Silken,Block,2021-11-15,16461,48395.34,2.94,4.2,30.0,0,0,1.12,Northmart|SILKEN_BLOCK,9.70880997353259,1.0784095813505903,0.11332868530700327,45,0.0,,
Northmart,SILKEN_BLOCK,ALPINE,Alpine Silken,Block,2021-11-22,5819,24439.8,4.2,4.2,0.0,0,0,1.132,Northmart|SILKEN_BLOCK,8.669055540725484,1.4350845252893227,0.1239859797809911,46,30.0,,
Northmart,SILKEN_BLOCK,ALPINE,Alpine Silken,Block,2021-11-29,7393,31050.6,4.2,4.2,0.0,0,0,1.142,Northmart|SILKEN_BLOCK,8.908424139496578,1.4350845252893227,0.1327811112338184,47,0.0,,
Northmart,SILKEN_BLOCK,ALPINE,Alpine Silken,Block,2021-12-06,14001,44103.15,3.15,4.2,25.0,0,0,1.15,Northmart|SILKEN_BLOCK,9.546955455537143,1.1474024528375417,0.13976194237515863,48,0.0,,
Northmart,SILKEN_BLOCK,ALPINE,Alpine Silken,Block,2021-12-13,5324,22360.8,4.2,4.2,0.0,0,0,1.155,Northmart|SILKEN_BLOCK,8.580167990577626,1.4350845252893227,0.14410034397375687,49,25.0,,
Northmart,SILKEN_BLOCK,ALPINE,Alpine Silken,Block,2021-12-20,7496,31483.2,4.2,4.2,0.0,0,0,1.159,Northmart|SILKEN_BLOCK,8.922258219503062,1.4350845252893227,0.1475575643576147,50,0.0,,
Northmart,SILKEN_BLOCK,ALPINE,Alpine Silken,Block,2021-12-27,7502,31508.4,4.2,4.2,0.0,0,0,1.16,Northmart|SILKEN_BLOCK,8.923058219545728,1.4350845252893227,0.14842000511827322,51,0.0,,
Northmart,SILKEN_BLOCK,ALPINE,Alpine Silken,Block,2022-01-03,9383,33497.31,3.57,4.2,15.0,0,0,1.159,Northmart|SILKEN_BLOCK,9.146761390333312,1.2725655957915476,0.1475575643576147,52,0.0,,
Northmart,SILKEN_BLOCK,ALPINE,Alpine Silken,Block,2022-01-10,10134,34050.24,3.36,4.2,20.0,0,0,1.155,Northmart|SILKEN_BLOCK,9.2237500588861,1.2119409739751128,0.14410034397375687,53,15.0,,
Northmart,SILKEN_BLOCK,ALPINE,Alpine Silken,Block,2022-01-17,6091,25582.2,4.2,4.2,0.0,0,0,1.15,Northmart|SILKEN_BLOCK,8.714731714015052,1.4350845252893227,0.13976194237515863,54,20.0,,
Northmart,SILKEN_BLOCK,ALPINE,Alpine Silken,Block,2022-01-24,10763,38423.91,3.57,4.2,15.0,0,0,1.142,Northmart|SILKEN_BLOCK,9.283962511846797,1.2725655957915476,0.1327811112338184,55,0.0,,
Northmart,SILKEN_BLOCK,ALPINE,Alpine Silken,Block,2022-01-31,7042,29576.4,4.2,4.2,0.0,0,0,1.132,Northmart|SILKEN_BLOCK,8.85978949474541,1.4350845252893227,0.1239859797809911,56,15.0,,
Northmart,SILKEN_BLOCK,ALPINE,Alpine Silken,Block,2022-02-07,7427,31193.4,4.2,4.2,0.0,0,0,1.12,Northmart|SILKEN_BLOCK,8.913011922472597,1.4350845252893227,0.11332868530700327,57,0.0,,
Northmart,SILKEN_BLOCK,ALPINE,Alpine Silken,Block,2022-02-14,7931,33310.2,4.2,4.2,0.0,0,0,1.106,Northmart|SILKEN_BLOCK,8.978660489639687,1.4350845252893227,0.10074990310014315,58,0.0,,
Northmart,SILKEN_BLOCK,ALPINE,Alpine Silken,Block,2022-02-21,7087,29765.4,4.2,4.2,0.0,0,0,1.091,Northmart|SILKEN_BLOCK,8.866158492284917,1.4350845252893227,0.08709470685093373,59,0.0,,
Northmart,SILKEN_BLOCK,ALPINE,Alpine Silken,Block,2022-02-28,7095,29799.0,4.2,4.2,0.0,0,0,1.074,Northmart|SILKEN_BLOCK,8.867286523989415,1.4350845252893227,0.071389996086673,60,0.0,,
Northmart,SILKEN_BLOCK,ALPINE,Alpine Silken,Block,2022-03-07,14580,52050.6,3.57,4.2,15.0,0,1,1.057,Northmart|SILKEN_BLOCK,9.587474590316285,1.2725655957915476,0.055434706888100524,61,0.0,,
Northmart,SILKEN_BLOCK,ALPINE,Alpine Silken,Block,2022-03-14,12480,36691.2,2.94,4.2,30.0,0,0,1.038,Northmart|SILKEN_BLOCK,9.431962766918454,1.0784095813505903,0.03729578474369693,62,15.0,,
Northmart,SILKEN_BLOCK,ALPINE,Alpine Silken,Block,2022-03-21,7322,26139.54,3.57,4.2,15.0,0,0,1.019,Northmart|SILKEN_BLOCK,8.89877535906107,1.2725655957915476,0.018821754240587667,63,30.0,,
Northmart,SILKEN_BLOCK,ALPINE,Alpine Silken,Block,2022-03-28,10761,38416.77,3.57,4.2,15.0,0,1,1.0,Northmart|SILKEN_BLOCK,9.283776690049365,1.2725655957915476,0.0,64,15.0,,
Northmart,SILKEN_BLOCK,ALPINE,Alpine Silken,Block,2022-04-04,6650,27930.0,4.2,4.2,0.0,0,0,1.081,Northmart|SILKEN_BLOCK,8.802522498284421,1.4350845252893227,0.0778865386570712,65,15.0,,
Northmart,SILKEN_BLOCK,ALPINE,Alpine Silken,Block,2022-04-11,14339,51190.23,3.57,4.2,15.0,0,1,1.062,Northmart|SILKEN_BLOCK,9.57080811415361,1.2725655957915476,0.060153922819747144,66,0.0,,
Northmart,SILKEN_BLOCK,ALPINE,Alpine Silken,Block,2022-04-18,5878,24687.6,4.2,4.2,0.0,0,0,1.043,Northmart|SILKEN_BLOCK,8.679141958402255,1.4350845252893227,0.042101176018635326,67,15.0,,
Northmart,SILKEN_BLOCK,ALPINE,Alpine Silken,Block,2022-04-25,6002,25208.4,4.2,4.2,0.0,0,0,1.026,Northmart|SILKEN_BLOCK,8.700014623251842,1.4350845252893227,0.025667746748577813,68,0.0,,
Northmart,SILKEN_BLOCK,ALPINE,Alpine Silken,Block,2022-05-02,5439,22843.8,4.2,4.2,0.0,0,0,0.909,Northmart|SILKEN_BLOCK,8.601534339849989,1.4350845252893227,-0.09541018480465818,69,0.0,,
Northmart,SILKEN_BLOCK,ALPINE,Alpine Silken,Block,2022-05-09,14868,40589.64,2.73,4.2,35.0,0,0,0.894,Northmart|SILKEN_BLOCK,9.607033787697222,1.0043016091968684,-0.11204950380862289,70,0.0,,
Northmart,SILKEN_BLOCK,ALPINE,Alpine Silken,Block,2022-05-16,4296,18043.2,4.2,4.2,0.0,0,0,0.88,Northmart|SILKEN_BLOCK,8.365672383774996,1.4350845252893227,-0.12783337150988489,71,35.0,,
Northmart,SILKEN_BLOCK,ALPINE,Alpine Silken,Block,2022-05-23,5671,23818.2,4.2,4.2,0.0,0,0,0.868,Northmart|SILKEN_BLOCK,8.643297068211963,1.4350845252893227,-0.14156356432178688,72,0.0,,
Northmart,SILKEN_BLOCK,ALPINE,Alpine Silken,Block,2022-05-30,4984,20932.8,4.2,4.2,0.0,0,0,0.858,Northmart|SILKEN_BLOCK,8.514188682395938,1.4350845252893227,-0.15315117949417478,73,0.0,,
Northmart,SILKEN_BLOCK,ALPINE,Alpine Silken,Block,2022-06-06,6030,25326.0,4.2,4.2,0.0,0,0,0.85,Northmart|SILKEN_BLOCK,8.704668113450987,1.4350845252893227,-0.16251892949777494,74,0.0,,
Northmart,SILKEN_BLOCK,ALPINE,Alpine Silken,Block,2022-06-13,6307,26489.4,4.2,4.2,0.0,0,0,0.845,Northmart|SILKEN_BLOCK,8.74957394808293,1.4350845252893227,-0.16841865162496325,75,0.0,,
Northmart,SILKEN_BLOCK,ALPINE,Alpine Silken,Block,2022-06-20,14735,40226.55,2.73,4.2,35.0,0,0,0.841,Northmart|SILKEN_BLOCK,9.598048758495088,1.0043016091968684,-0.17316361900918903,76,0.0,,
Northmart,SILKEN_BLOCK,ALPINE,Alpine Silken,Block,2022-06-27,5554,19827.78,3.57,4.2,15.0,0,0,0.84,Northmart|SILKEN_BLOCK,8.62245370207373,1.2725655957915476,-0.1743533871447778,77,35.0,,
Northmart,SILKEN_BLOCK,ALPINE,Alpine Silken,Block,2022-07-04,5423,22776.6,4.2,4.2,0.0,0,0,0.841,Northmart|SILKEN_BLOCK,8.598588829620232,1.4350845252893227,-0.17316361900918903,78,15.0,,
Northmart,SILKEN_BLOCK,ALPINE,Alpine Silken,Block,2022-07-11,5785,24297.0,4.2,4.2,0.0,0,0,0.845,Northmart|SILKEN_BLOCK,8.66319648553608,1.4350845252893227,-0.16841865162496325,79,0.0,,
Northmart,SILKEN_BLOCK,ALPINE,Alpine Silken,Block,2022-07-18,5244,22024.8,4.2,4.2,0.0,0,0,0.85,Northmart|SILKEN_BLOCK,8.565030520830398,1.4350845252893227,-0.16251892949777494,80,0.0,,
Northmart,SILKEN_BLOCK,ALPINE,Alpine Silken,Block,2022-07-25,21201,62330.94,2.94,4.2,30.0,1,0,0.858,Northmart|SILKEN_BLOCK,9.961850795833042,1.0784095813505903,-0.15315117949417478,81,0.0,,
Northmart,SILKEN_BLOCK,ALPINE,Alpine Silken,Block,2022-08-01,7395,24847.2,3.36,4.2,20.0,0,0,0.868,Northmart|SILKEN_BLOCK,8.908694592507015,1.2119409739751128,-0.14156356432178688,82,30.0,,
Northmart,SILKEN_BLOCK,ALPINE,Alpine Silken,Block,2022-08-08,12484,41946.24,3.36,4.2,20.0,1,0,0.88,Northmart|SILKEN_BLOCK,9.432283202713874,1.2119409739751128,-0.12783337150988489,83,20.0,,
Northmart,SILKEN_BLOCK,ALPINE,Alpine Silken,Block,2022-08-15,8567,26986.05,3.15,4.2,25.0,0,0,0.894,Northmart|SILKEN_BLOCK,9.055789612127585,1.1474024528375417,-0.11204950380862289,84,20.0,,
Northmart,SILKEN_BLOCK,ALPINE,Alpine Silken,Block,2022-08-22,3996,16783.2,4.2,4.2,0.0,0,0,0.909,Northmart|SILKEN_BLOCK,8.293299358711323,1.4350845252893227,-0.09541018480465818,85,25.0,,
Northmart,SILKEN_BLOCK,ALPINE,Alpine Silken,Block,2022-08-29,6945,29169.0,4.2,4.2,0.0,0,0,0.926,Northmart|SILKEN_BLOCK,8.845921233304018,1.4350845252893227,-0.07688104433595762,86,0.0,,
Northmart,SILKEN_BLOCK,ALPINE,Alpine Silken,Block,2022-09-05,6101,25624.2,4.2,4.2,0.0,0,0,0.943,Northmart|SILKEN_BLOCK,8.716371865276615,1.4350845252893227,-0.05868899634867961,87,0.0,,
Northmart,SILKEN_BLOCK,ALPINE,Alpine Silken,Block,2022-09-12,13473,50927.94,3.78,4.2,10.0,1,0,0.962,Northmart|SILKEN_BLOCK,9.508517181520606,1.3297240096314962,-0.038740828316430595,88,0.0,,
Northmart,SILKEN_BLOCK,ALPINE,Alpine Silken,Block,2022-09-19,5530,23226.0,4.2,4.2,0.0,0,0,0.981,Northmart|SILKEN_BLOCK,8.618123909994678,1.4350845252893227,-0.019182819416773987,89,10.0,,
Northmart,SILKEN_BLOCK,ALPINE,Alpine Silken,Block,2022-09-26,6769,28429.8,4.2,4.2,0.0,0,0,1.0,Northmart|SILKEN_BLOCK,8.820256365906321,1.4350845252893227,0.0,90,0.0,,
Northmart,SILKEN_BLOCK,ALPINE,Alpine Silken,Block,2022-10-03,7100,29820.0,4.2,4.2,0.0,0,0,1.019,Northmart|SILKEN_BLOCK,8.867990898182093,1.4350845252893227,0.018821754240587667,91,0.0,,
Northmart,SILKEN_BLOCK,ALPINE,Alpine Silken,Block,2022-10-10,6915,29043.0,4.2,4.2,0.0,0,0,1.038,Northmart|SILKEN_BLOCK,8.84159284680318,1.4350845252893227,0.03729578474369693,92,0.0,,
Northmart,SILKEN_BLOCK,ALPINE,Alpine Silken,Block,2022-10-17,15235,57588.3,3.78,4.2,10.0,1,0,1.057,Northmart|SILKEN_BLOCK,9.631416327598494,1.3297240096314962,0.055434706888100524,93,0.0,,
Northmart,SILKEN_BLOCK,ALPINE,Alpine Silken,Block,2022-10-24,6639,27883.8,4.2,4.2,0.0,0,0,1.074,Northmart|SILKEN_BLOCK,8.80086724247048,1.4350845252893227,0.071389996086673,94,10.0,,
Northmart,SILKEN_BLOCK,ALPINE,Alpine Silken,Block,2022-10-31,7200,30240.0,4.2,4.2,0.0,0,0,1.091,Northmart|SILKEN_BLOCK,8.881975184248867,1.4350845252893227,0.08709470685093373,95,0.0,,
Northmart,SILKEN_BLOCK,ALPINE,Alpine Silken,Block,2022-11-07,18876,51531.48,2.73,4.2,35.0,0,0,1.106,Northmart|SILKEN_BLOCK,9.845699528768733,1.0043016091968684,0.10074990310014315,96,0.0,,
Northmart,SILKEN_BLOCK,ALPINE,Alpine Silken,Block,2022-11-14,5052,21218.4,4.2,4.2,0.0,0,0,1.12,Northmart|SILKEN_BLOCK,8.527737405291909,1.4350845252893227,0.11332868530700327,97,35.0,,
Northmart,SILKEN_BLOCK,ALPINE,Alpine Silken,Block,2022-11-21,7302,30668.4,4.2,4.2,0.0,0,0,1.132,Northmart|SILKEN_BLOCK,8.89604050162011,1.4350845252893227,0.1239859797809911,98,0.0,,
Northmart,SILKEN_BLOCK,ALPINE,Alpine Silken,Block,2022-11-28,20361,76964.58,3.78,4.2,10.0,1,1,1.142,Northmart|SILKEN_BLOCK,9.921425697667141,1.3297240096314962,0.1327811112338184,99,0.0,,
Northmart,SILKEN_BLOCK,ALPINE,Alpine Silken,Block,2022-12-05,6435,27027.0,4.2,4.2,0.0,0,0,1.15,Northmart|SILKEN_BLOCK,8.769662508112274,1.4350845252893227,0.13976194237515863,100,10.0,,
Northmart,SILKEN_BLOCK,ALPINE,Alpine Silken,Block,2022-12-12,7855,32991.0,4.2,4.2,0.0,0,0,1.155,Northmart|SILKEN_BLOCK,8.969032850034301,1.4350845252893227,0.14410034397375687,101,0.0,,
Northmart,SILKEN_BLOCK,ALPINE,Alpine Silken,Block,2022-12-19,11847,42293.79,3.57,4.2,15.0,0,0,1.159,Northmart|SILKEN_BLOCK,9.379914355947635,1.2725655957915476,0.1475575643576147,102,0.0,,
Northmart,SILKEN_BLOCK,ALPINE,Alpine Silken,Block,2022-12-26,6172,25922.4,4.2,4.2,0.0,0,0,1.16,Northmart|SILKEN_BLOCK,8.727940222393896,1.4350845252893227,0.14842000511827322,103,15.0,,
Northmart,SILKEN_BLOCK,ALPINE,Alpine Silken,Block,2023-01-02,6991,29362.2,4.2,4.2,0.0,0,0,1.159,Northmart|SILKEN_BLOCK,8.852521917335372,1.4350845252893227,0.1475575643576147,104,0.0,,
Northmart,SILKEN_BLOCK,ALPINE,Alpine Silken,Block,2023-01-09,14306,45063.9,3.15,4.2,25.0,0,0,1.155,Northmart|SILKEN_BLOCK,9.568504206966335,1.1474024528375417,0.14410034397375687,105,0.0,,
Northmart,SILKEN_BLOCK,ALPINE,Alpine Silken,Block,2023-01-16,6059,25447.8,4.2,4.2,0.0,0,0,1.15,Northmart|SILKEN_BLOCK,8.70946507906336,1.4350845252893227,0.13976194237515863,106,25.0,,
Northmart,SILKEN_BLOCK,ALPINE,Alpine Silken,Block,2023-01-23,7581,31840.2,4.2,4.2,0.0,0,0,1.142,Northmart|SILKEN_BLOCK,8.93353229607628,1.4350845252893227,0.1327811112338184,107,0.0,,
Northmart,SILKEN_BLOCK,ALPINE,Alpine Silken,Block,2023-01-30,7607,31949.4,4.2,4.2,0.0,0,0,1.132,Northmart|SILKEN_BLOCK,8.936955604225226,1.4350845252893227,0.1239859797809911,108,0.0,,
Northmart,SILKEN_BLOCK,ALPINE,Alpine Silken,Block,2023-02-06,7066,29677.2,4.2,4.2,0.0,0,0,1.12,Northmart|SILKEN_BLOCK,8.863191340690854,1.4350845252893227,0.11332868530700327,109,0.0,,
Northmart,SILKEN_BLOCK,ALPINE,Alpine Silken,Block,2023-02-13,7049,29605.8,4.2,4.2,0.0,0,0,1.106,Northmart|SILKEN_BLOCK,8.860782895806315,1.4350845252893227,0.10074990310014315,110,0.0,,
Northmart,SILKEN_BLOCK,ALPINE,Alpine Silken,Block,2023-02-20,11231,40094.67,3.57,4.2,15.0,0,0,1.091,Northmart|SILKEN_BLOCK,9.326522126265592,1.2725655957915476,0.08709470685093373,111,0.0,,
Northmart,SILKEN_BLOCK,ALPINE,Alpine Silken,Block,2023-02-27,6266,26317.2,4.2,4.2,0.0,0,0,1.074,Northmart|SILKEN_BLOCK,8.743053050224676,1.4350845252893227,0.071389996086673,112,15.0,,
Northmart,SILKEN_BLOCK,ALPINE,Alpine Silken,Block,2023-03-06,7963,33444.6,4.2,4.2,0.0,0,0,1.057,Northmart|SILKEN_BLOCK,8.982686665184087,1.4350845252893227,0.055434706888100524,113,0.0,,
Northmart,SILKEN_BLOCK,ALPINE,Alpine Silken,Block,2023-03-13,17772,59713.92,3.36,4.2,20.0,1,0,1.038,Northmart|SILKEN_BLOCK,9.785435730759993,1.2119409739751128,0.03729578474369693,114,0.0,,
Northmart,SILKEN_BLOCK,ALPINE,Alpine Silken,Block,2023-03-20,11360,35784.0,3.15,4.2,25.0,0,0,1.019,Northmart|SILKEN_BLOCK,9.337941716569905,1.1474024528375417,0.018821754240587667,115,20.0,,
Northmart,SILKEN_BLOCK,ALPINE,Alpine Silken,Block,2023-03-27,10022,35778.54,3.57,4.2,15.0,0,1,1.0,Northmart|SILKEN_BLOCK,9.212637731024866,1.2725655957915476,0.0,116,25.0,,
Northmart,SILKEN_BLOCK,ALPINE,Alpine Silken,Block,2023-04-03,5457,22919.4,4.2,4.2,0.0,0,0,1.081,Northmart|SILKEN_BLOCK,8.604837701268284,1.4350845252893227,0.0778865386570712,117,15.0,,
Northmart,SILKEN_BLOCK,ALPINE,Alpine Silken,Block,2023-04-10,11250,40162.5,3.57,4.2,15.0,0,0,1.062,Northmart|SILKEN_BLOCK,9.328212292571072,1.2725655957915476,0.060153922819747144,118,0.0,,
Northmart,SILKEN_BLOCK,ALPINE,Alpine Silken,Block,2023-04-17,6275,26355.0,4.2,4.2,0.0,0,0,1.043,Northmart|SILKEN_BLOCK,8.744488113852924,1.4350845252893227,0.042101176018635326,119,15.0,,
Northmart,SILKEN_BLOCK,ALPINE,Alpine Silken,Block,2023-04-24,25150,73941.0,2.94,4.2,30.0,1,0,1.026,Northmart|SILKEN_BLOCK,10.132652936168832,1.0784095813505903,0.025667746748577813,120,0.0,,
Northmart,SILKEN_BLOCK,ALPINE,Alpine Silken,Block,2023-05-01,3995,16779.0,4.2,4.2,0.0,0,0,0.909,Northmart|SILKEN_BLOCK,8.293049139768444,1.4350845252893227,-0.09541018480465818,121,30.0,,
Northmart,SILKEN_BLOCK,ALPINE,Alpine Silken,Block,2023-05-08,6290,26418.0,4.2,4.2,0.0,0,0,0.894,Northmart|SILKEN_BLOCK,8.74687531957003,1.4350845252893227,-0.11204950380862289,122,0.0,,
Northmart,SILKEN_BLOCK,ALPINE,Alpine Silken,Block,2023-05-15,6739,28303.8,4.2,4.2,0.0,0,0,0.88,Northmart|SILKEN_BLOCK,8.815815203906352,1.4350845252893227,-0.12783337150988489,123,0.0,,
Northmart,SILKEN_BLOCK,ALPINE,Alpine Silken,Block,2023-05-22,19838,54157.74,2.73,4.2,35.0,0,1,0.868,Northmart|SILKEN_BLOCK,9.895404976342771,1.0043016091968684,-0.14156356432178688,124,0.0,,
Northmart,SILKEN_BLOCK,ALPINE,Alpine Silken,Block,2023-05-29,3654,15346.8,4.2,4.2,0.0,0,0,0.858,Northmart|SILKEN_BLOCK,8.203851372183879,1.4350845252893227,-0.15315117949417478,125,35.0,,
Northmart,SILKEN_BLOCK,ALPINE,Alpine Silken,Block,2023-06-05,8244,29431.08,3.57,4.2,15.0,0,0,0.85,Northmart|SILKEN_BLOCK,9.0173622349937,1.2725655957915476,-0.16251892949777494,126,0.0,,
Northmart,SILKEN_BLOCK,ALPINE,Alpine Silken,Block,2023-06-12,5822,24452.4,4.2,4.2,0.0,0,0,0.845,Northmart|SILKEN_BLOCK,8.66957087183712,1.4350845252893227,-0.16841865162496325,127,15.0,,
Northmart,SILKEN_BLOCK,ALPINE,Alpine Silken,Block,2023-06-19,6532,27434.4,4.2,4.2,0.0,0,0,0.841,Northmart|SILKEN_BLOCK,8.78462153484075,1.4350845252893227,-0.17316361900918903,128,0.0,,
Northmart,SILKEN_BLOCK,ALPINE,Alpine Silken,Block,2023-06-26,5689,23893.8,4.2,4.2,0.0,0,0,0.84,Northmart|SILKEN_BLOCK,8.646465527120377,1.4350845252893227,-0.1743533871447778,129,0.0,,
Northmart,SILKEN_BLOCK,ALPINE,Alpine Silken,Block,2023-07-03,5625,23625.0,4.2,4.2,0.0,0,0,0.841,Northmart|SILKEN_BLOCK,8.635153989049803,1.4350845252893227,-0.17316361900918903,130,0.0,,
Northmart,SILKEN_BLOCK,ALPINE,Alpine Silken,Block,2023-07-10,6093,25590.6,4.2,4.2,0.0,0,0,0.845,Northmart|SILKEN_BLOCK,8.715059959545654,1.4350845252893227,-0.16841865162496325,131,0.0,,
Northmart,SILKEN_BLOCK,ALPINE,Alpine Silken,Block,2023-07-17,15657,42743.61,2.73,4.2,35.0,0,0,0.85,Northmart|SILKEN_BLOCK,9.65873724746786,1.0043016091968684,-0.16251892949777494,132,0.0,,
Northmart,SILKEN_BLOCK,ALPINE,Alpine Silken,Block,2023-07-24,20130,54954.9,2.73,4.2,35.0,1,0,0.858,Northmart|SILKEN_BLOCK,9.910016194498828,1.0043016091968684,-0.15315117949417478,133,35.0,,
Northmart,SILKEN_BLOCK,ALPINE,Alpine Silken,Block,2023-07-31,4095,17199.0,4.2,4.2,0.0,0,0,0.868,Northmart|SILKEN_BLOCK,8.317766166719343,1.4350845252893227,-0.14156356432178688,134,35.0,,
Northmart,SILKEN_BLOCK,ALPINE,Alpine Silken,Block,2023-08-07,6005,25221.0,4.2,4.2,0.0,0,0,0.88,Northmart|SILKEN_BLOCK,8.700514248543275,1.4350845252893227,-0.12783337150988489,135,0.0,,
Northmart,SILKEN_BLOCK,ALPINE,Alpine Silken,Block,2023-08-14,11602,36546.3,3.15,4.2,25.0,0,0,0.894,Northmart|SILKEN_BLOCK,9.359018964347545,1.1474024528375417,-0.11204950380862289,136,0.0,,
Northmart,SILKEN_BLOCK,ALPINE,Alpine Silken,Block,2023-08-21,14376,39246.48,2.73,4.2,35.0,0,0,0.909,Northmart|SILKEN_BLOCK,9.573384986422592,1.0043016091968684,-0.09541018480465818,137,25.0,,
Northmart,SILKEN_BLOCK,ALPINE,Alpine Silken,Block,2023-08-28,4356,18295.2,4.2,4.2,0.0,0,0,0.926,Northmart|SILKEN_BLOCK,8.379539026117442,1.4350845252893227,-0.07688104433595762,138,35.0,,
Northmart,SILKEN_BLOCK,ALPINE,Alpine Silken,Block,2023-09-04,10352,36956.64,3.57,4.2,15.0,0,0,0.943,Northmart|SILKEN_BLOCK,9.245031611766112,1.2725655957915476,-0.05868899634867961,139,0.0,,
Northmart,SILKEN_BLOCK,ALPINE,Alpine Silken,Block,2023-09-11,5530,23226.0,4.2,4.2,0.0,0,0,0.962,Northmart|SILKEN_BLOCK,8.618123909994678,1.4350845252893227,-0.038740828316430595,140,15.0,,
Northmart,SILKEN_BLOCK,ALPINE,Alpine Silken,Block,2023-09-18,6149,25825.8,4.2,4.2,0.0,0,0,0.981,Northmart|SILKEN_BLOCK,8.724207360800564,1.4350845252893227,-0.019182819416773987,141,0.0,,
Northmart,SILKEN_BLOCK,ALPINE,Alpine Silken,Block,2023-09-25,6035,25347.0,4.2,4.2,0.0,0,0,1.0,Northmart|SILKEN_BLOCK,8.70549681988774,1.4350845252893227,0.0,142,0.0,,
Northmart,SILKEN_BLOCK,ALPINE,Alpine Silken,Block,2023-10-02,10900,36624.0,3.36,4.2,20.0,0,0,1.019,Northmart|SILKEN_BLOCK,9.296609807128359,1.2119409739751128,0.018821754240587667,143,0.0,,
Northmart,SILKEN_BLOCK,ALPINE,Alpine Silken,Block,2023-10-09,5792,24326.4,4.2,4.2,0.0,0,0,1.038,Northmart|SILKEN_BLOCK,8.664405571096625,1.4350845252893227,0.03729578474369693,144,20.0,,
Northmart,SILKEN_BLOCK,ALPINE,Alpine Silken,Block,2023-10-16,7166,30097.2,4.2,4.2,0.0,0,0,1.057,Northmart|SILKEN_BLOCK,8.877242435993919,1.4350845252893227,0.055434706888100524,145,0.0,,
Northmart,SILKEN_BLOCK,ALPINE,Alpine Silken,Block,2023-10-23,9662,36522.36,3.78,4.2,10.0,0,0,1.074,Northmart|SILKEN_BLOCK,9.176059437999308,1.3297240096314962,0.071389996086673,146,0.0,,
Northmart,SILKEN_BLOCK,ALPINE,Alpine Silken,Block,2023-10-30,6721,28228.2,4.2,4.2,0.0,0,0,1.091,Northmart|SILKEN_BLOCK,8.81314100828505,1.4350845252893227,0.08709470685093373,147,10.0,,
Northmart,SILKEN_BLOCK,ALPINE,Alpine Silken,Block,2023-11-06,7943,33360.6,4.2,4.2,0.0,0,0,1.106,Northmart|SILKEN_BLOCK,8.980172205725008,1.4350845252893227,0.10074990310014315,148,0.0,,
Northmart,SILKEN_BLOCK,ALPINE,Alpine Silken,Block,2023-11-13,7164,30088.8,4.2,4.2,0.0,0,0,1.12,Northmart|SILKEN_BLOCK,8.876963340262272,1.4350845252893227,0.11332868530700327,149,0.0,,
Northmart,SILKEN_BLOCK,ALPINE,Alpine Silken,Block,2023-11-20,7479,31411.8,4.2,4.2,0.0,0,0,1.132,Northmart|SILKEN_BLOCK,8.919988070968524,1.4350845252893227,0.1239859797809911,150,0.0,,
Northmart,SILKEN_BLOCK,ALPINE,Alpine Silken,Block,2023-11-27,9088,38169.6,4.2,4.2,0.0,0,0,1.142,Northmart|SILKEN_BLOCK,9.11482017011877,1.4350845252893227,0.1327811112338184,151,0.0,,
Northmart,SILKEN_BLOCK,ALPINE,Alpine Silken,Block,2023-12-04,26945,96193.65,3.57,4.2,15.0,1,1,1.15,Northmart|SILKEN_BLOCK,10.201590142315792,1.2725655957915476,0.13976194237515863,152,0.0,,
Northmart,SILKEN_BLOCK,ALPINE,Alpine Silken,Block,2023-12-11,16022,47104.68,2.94,4.2,30.0,0,0,1.155,Northmart|SILKEN_BLOCK,9.68178046900788,1.0784095813505903,0.14410034397375687,153,15.0,,
Northmart,SILKEN_BLOCK,ALPINE,Alpine Silken,Block,2023-12-18,8513,32179.14,3.78,4.2,10.0,0,0,1.159,Northmart|SILKEN_BLOCK,9.049467146388098,1.3297240096314962,0.1475575643576147,154,30.0,,
Northmart,SILKEN_BLOCK,ALPINE,Alpine Silken,Block,2023-12-25,16042,47163.48,2.94,4.2,30.0,0,0,1.16,Northmart|SILKEN_BLOCK,9.683027896351076,1.0784095813505903,0.14842000511827322,155,10.0,,
