cta_ppg,week_ending,current_depth,optimised_depth
GreatLakes|ARCTIC_MINT_GUM,2021-01-04,0.0,0.0
GreatLakes|ARCTIC_MINT_GUM,2021-01-11,0.0,0.0
GreatLakes|ARCTIC_MINT_GUM,2021-01-18,0.0,0.0
GreatLakes|ARCTIC_MINT_GUM,2021-01-25,0.0,0.0
GreatLakes|ARCTIC_MINT_GUM,2021-02-01,0.0,0.0
GreatLakes|ARCTIC_MINT_GUM,2021-02-08,0.0,0.1
GreatLakes|ARCTIC_MINT_GUM,2021-02-15,0.0,0.1
GreatLakes|ARCTIC_MINT_GUM,2021-02-22,0.0,0.0
GreatLakes|ARCTIC_MINT_GUM,2021-03-01,0.2011173184357542,0.0
GreatLakes|ARCTIC_MINT_GUM,2021-03-08,0.0,0.0
GreatLakes|ARCTIC_MINT_GUM,2021-03-15,0.0,0.0
GreatLakes|ARCTIC_MINT_GUM,2021-03-22,0.0,0.0
GreatLakes|ARCTIC_MINT_GUM,2021-03-29,0.0,0.0
GreatLakes|ARCTIC_MINT_GUM,2021-04-05,0.0,0.1
GreatLakes|ARCTIC_MINT_GUM,2021-04-12,0.0,0.1
GreatLakes|ARCTIC_MINT_GUM,2021-04-19,0.100558659217877,0.0
GreatLakes|ARCTIC_MINT_GUM,2021-04-26,0.0,0.0
GreatLakes|ARCTIC_MINT_GUM,2021-05-03,0.0,0.0
GreatLakes|ARCTIC_MINT_GUM,2021-05-10,0.0,0.0
GreatLakes|ARCTIC_MINT_GUM,2021-05-17,0.100558659217877,0.0
GreatLakes|ARCTIC_MINT_GUM,2021-05-24,0.100558659217877,0.0
GreatLakes|ARCTIC_MINT_GUM,2021-05-31,0.0,0.0
GreatLakes|ARCTIC_MINT_GUM,2021-06-07,0.2513966480446927,0.0
GreatLakes|ARCTIC_MINT_GUM,2021-06-14,0.2513966480446927,0.0
GreatLakes|ARCTIC_MINT_GUM,2021-06-21,0.100558659217877,0.0
GreatLakes|ARCTIC_MINT_GUM,2021-06-28,0.0,0.0
GreatLakes|ARCTIC_MINT_GUM,2021-07-05,0.0,0.0
GreatLakes|ARCTIC_MINT_GUM,2021-07-12,0.3016759776536313,0.0
GreatLakes|ARCTIC_MINT_GUM,2021-07-19,0.0,0.0
GreatLakes|ARCTIC_MINT_GUM,2021-07-26,0.0,0.0
GreatLakes|ARCTIC_MINT_GUM,2021-08-02,0.3519553072625699,0.0
GreatLakes|ARCTIC_MINT_GUM,2021-08-09,0.0,0.0
GreatLakes|ARCTIC_MINT_GUM,2021-08-16,0.0,0.0
GreatLakes|ARCTIC_MINT_GUM,2021-08-23,0.100558659217877,0.0
GreatLakes|ARCTIC_MINT_GUM,2021-08-30,0.0,0.0
GreatLakes|ARCTIC_MINT_GUM,2021-09-06,0.0,0.0
GreatLakes|ARCTIC_MINT_GUM,2021-09-13,0.0,0.0
GreatLakes|ARCTIC_MINT_GUM,2021-09-20,0.1508379888268156,0.0
GreatLakes|ARCTIC_MINT_GUM,2021-09-27,0.0,0.0
GreatLakes|ARCTIC_MINT_GUM,2021-10-04,0.0,0.0
GreatLakes|ARCTIC_MINT_GUM,2021-10-11,0.0,0.0
GreatLakes|ARCTIC_MINT_GUM,2021-10-18,0.0,0.1
GreatLakes|ARCTIC_MINT_GUM,2021-10-25,0.0,0.1
GreatLakes|ARCTIC_MINT_GUM,2021-11-01,0.1508379888268156,0.0
GreatLakes|ARCTIC_MINT_GUM,2021-11-08,0.3016759776536313,0.0
GreatLakes|ARCTIC_MINT_GUM,2021-11-15,0.0,0.0
GreatLakes|ARCTIC_MINT_GUM,2021-11-22,0.0,0.0
GreatLakes|ARCTIC_MINT_GUM,2021-11-29,0.3519553072625699,0.0
GreatLakes|ARCTIC_MINT_GUM,2021-12-06,0.0,0.0
GreatLakes|ARCTIC_MINT_GUM,2021-12-13,0.0,0.1
GreatLakes|ARCTIC_MINT_GUM,2021-12-20,0.0,0.1
GreatLakes|ARCTIC_MINT_GUM,2021-12-27,0.0,0.0
GreatLakes|ARCTIC_MINT_GUM,2022-01-03,0.0,0.0
GreatLakes|ARCTIC_MINT_GUM,2022-01-10,0.3519553072625699,0.0
GreatLakes|ARCTIC_MINT_GUM,2022-01-17,0.2011173184357542,0.0
GreatLakes|ARCTIC_MINT_GUM,2022-01-24,0.0,0.0
GreatLakes|ARCTIC_MINT_GUM,2022-01-31,0.0,0.1
GreatLakes|ARCTIC_MINT_GUM,2022-02-07,0.3519553072625699,0.1
GreatLakes|ARCTIC_MINT_GUM,2022-02-14,0.3519553072625699,0.1
GreatLakes|ARCTIC_MINT_GUM,2022-02-21,0.0,0.1
GreatLakes|ARCTIC_MINT_GUM,2022-02-28,0.0,0.0
GreatLakes|ARCTIC_MINT_GUM,2022-03-07,0.2513966480446927,0.0
GreatLakes|ARCTIC_MINT_GUM,2022-03-14,0.0,0.1
GreatLakes|ARCTIC_MINT_GUM,2022-03-21,0.3519553072625699,0.0
GreatLakes|ARCTIC_MINT_GUM,2022-03-28,0.0,0.0
GreatLakes|ARCTIC_MINT_GUM,2022-04-04,0.0,0.1
GreatLakes|ARCTIC_MINT_GUM,2022-04-11,0.0,0.1
GreatLakes|ARCTIC_MINT_GUM,2022-04-18,0.1508379888268156,0.1
GreatLakes|ARCTIC_MINT_GUM,2022-04-25,0.0,0.0
GreatLakes|ARCTIC_MINT_GUM,2022-05-02,0.0,0.1
GreatLakes|ARCTIC_MINT_GUM,2022-05-09,0.1508379888268156,0.1
GreatLakes|ARCTIC_MINT_GUM,2022-05-16,0.0,0.1
GreatLakes|ARCTIC_MINT_GUM,2022-05-23,0.1508379888268156,0.0
GreatLakes|ARCTIC_MINT_GUM,2022-05-30,0.0,0.0
GreatLakes|ARCTIC_MINT_GUM,2022-06-06,0.3016759776536313,0.0
GreatLakes|ARCTIC_MINT_GUM,2022-06-13,0.2513966480446927,0.0
GreatLakes|ARCTIC_MINT_GUM,2022-06-20,0.100558659217877,0.0
GreatLakes|ARCTIC_MINT_GUM,2022-06-27,0.100558659217877,0.0
GreatLakes|ARCTIC_MINT_GUM,2022-07-04,0.0,0.0
GreatLakes|ARCTIC_MINT_GUM,2022-07-11,0.0,0.0
GreatLakes|ARCTIC_MINT_GUM,2022-07-18,0.100558659217877,0.0
GreatLakes|ARCTIC_MINT_GUM,2022-07-25,0.0,0.0
GreatLakes|ARCTIC_MINT_GUM,2022-08-01,0.100558659217877,0.0
GreatLakes|ARCTIC_MINT_GUM,2022-08-08,0.100558659217877,0.0
GreatLakes|ARCTIC_MINT_GUM,2022-08-15,0.0,0.0
GreatLakes|ARCTIC_MINT_GUM,2022-08-22,0.0,0.0
GreatLakes|ARCTIC_MINT_GUM,2022-08-29,0.0,0.0
GreatLakes|ARCTIC_MINT_GUM,2022-09-05,0.0,0.0
GreatLakes|ARCTIC_MINT_GUM,2022-09-12,0.0,0.0
GreatLakes|ARCTIC_MINT_GUM,2022-09-19,0.0,0.0
GreatLakes|ARCTIC_MINT_GUM,2022-09-26,0.3519553072625699,0.0
GreatLakes|ARCTIC_MINT_GUM,2022-10-03,0.0,0.0
GreatLakes|ARCTIC_MINT_GUM,2022-10-10,0.2513966480446927,0.0
GreatLakes|ARCTIC_MINT_GUM,2022-10-17,0.0,0.0
GreatLakes|ARCTIC_MINT_GUM,2022-10-24,0.0,0.1
GreatLakes|ARCTIC_MINT_GUM,2022-10-31,0.0,0.1
GreatLakes|ARCTIC_MINT_GUM,2022-11-07,0.0,0.0
GreatLakes|ARCTIC_MINT_GUM,2022-11-14,0.3016759776536313,0.0
GreatLakes|ARCTIC_MINT_GUM,2022-11-21,0.0,0.0
GreatLakes|ARCTIC_MINT_GUM,2022-11-28,0.100558659217877,0.0
GreatLakes|ARCTIC_MINT_GUM,2022-12-05,0.3519553072625699,0.0
GreatLakes|ARCTIC_MINT_GUM,2022-12-12,0.0,0.1
GreatLakes|ARCTIC_MINT_GUM,2022-12-19,0.1508379888268156,0.1
GreatLakes|ARCTIC_MINT_GUM,2022-12-26,0.0,0.1
GreatLakes|ARCTIC_MINT_GUM,2023-01-02,0.0,0.1
GreatLakes|ARCTIC_MINT_GUM,2023-01-09,0.2011173184357542,0.1
GreatLakes|ARCTIC_MINT_GUM,2023-01-16,0.0,0.0
GreatLakes|ARCTIC_MINT_GUM,2023-01-23,0.0,0.1
GreatLakes|ARCTIC_MINT_GUM,2023-01-30,0.0,0.0
GreatLakes|ARCTIC_MINT_GUM,2023-02-06,0.2513966480446927,0.1
GreatLakes|ARCTIC_MINT_GUM,2023-02-13,0.0,0.1
GreatLakes|ARCTIC_MINT_GUM,2023-02-20,0.3016759776536313,0.0
GreatLakes|ARCTIC_MINT_GUM,2023-02-27,0.2513966480446927,0.1
GreatLakes|ARCTIC_MINT_GUM,2023-03-06,0.0,0.1
GreatLakes|ARCTIC_MINT_GUM,2023-03-13,0.0,0.1
GreatLakes|ARCTIC_MINT_GUM,2023-03-20,0.0,0.1
GreatLakes|ARCTIC_MINT_GUM,2023-03-27,0.0,0.1
GreatLakes|ARCTIC_MINT_GUM,2023-04-03,0.0,0.1
GreatLakes|ARCTIC_MINT_GUM,2023-04-10,0.0,0.1
GreatLakes|ARCTIC_MINT_GUM,2023-04-17,0.0,0.1
GreatLakes|ARCTIC_MINT_GUM,2023-04-24,0.0,0.0
GreatLakes|ARCTIC_MINT_GUM,2023-05-01,0.0,0.1
GreatLakes|ARCTIC_MINT_GUM,2023-05-08,0.0,0.1
GreatLakes|ARCTIC_MINT_GUM,2023-05-15,0.0,0.0
GreatLakes|ARCTIC_MINT_GUM,2023-05-22,0.0,0.0
GreatLakes|ARCTIC_MINT_GUM,2023-05-29,0.0,0.0
GreatLakes|ARCTIC_MINT_GUM,2023-06-05,0.3016759776536313,0.0
GreatLakes|ARCTIC_MINT_GUM,2023-06-12,0.0,0.0
GreatLakes|ARCTIC_MINT_GUM,2023-06-19,0.0,0.1
GreatLakes|ARCTIC_MINT_GUM,2023-06-26,0.3519553072625699,0.0
GreatLakes|ARCTIC_MINT_GUM,2023-07-03,0.0,0.0
GreatLakes|ARCTIC_MINT_GUM,2023-07-10,0.0,0.0
GreatLakes|ARCTIC_MINT_GUM,2023-07-17,0.0,0.0
GreatLakes|ARCTIC_MINT_GUM,2023-07-24,0.2011173184357542,0.0
GreatLakes|ARCTIC_MINT_GUM,2023-07-31,0.0,0.0
GreatLakes|ARCTIC_MINT_GUM,2023-08-07,0.0,0.0
GreatLakes|ARCTIC_MINT_GUM,2023-08-14,0.0,0.0
GreatLakes|ARCTIC_MINT_GUM,2023-08-21,0.2513966480446927,0.0
GreatLakes|ARCTIC_MINT_GUM,2023-08-28,0.0,0.0
GreatLakes|ARCTIC_MINT_GUM,2023-09-04,0.0,0.0
GreatLakes|ARCTIC_MINT_GUM,2023-09-11,0.0,0.0
GreatLakes|ARCTIC_MINT_GUM,2023-09-18,0.0,0.0
GreatLakes|ARCTIC_MINT_GUM,2023-09-25,0.0,0.0
GreatLakes|ARCTIC_MINT_GUM,2023-10-02,0.2011173184357542,0.0
GreatLakes|ARCTIC_MINT_GUM,2023-10-09,0.0,0.1
GreatLakes|ARCTIC_MINT_GUM,2023-10-16,0.0,0.0
GreatLakes|ARCTIC_MINT_GUM,2023-10-23,0.0,0.1
GreatLakes|ARCTIC_MINT_GUM,2023-10-30,0.0,0.1
GreatLakes|ARCTIC_MINT_GUM,2023-11-06,0.0,0.0
GreatLakes|ARCTIC_MINT_GUM,2023-11-13,0.0,0.0
GreatLakes|ARCTIC_MINT_GUM,2023-11-20,0.0,0.1
GreatLakes|ARCTIC_MINT_GUM,2023-11-27,0.2011173184357542,0.0
GreatLakes|ARCTIC_MINT_GUM,2023-12-04,0.0,0.0
GreatLakes|ARCTIC_MINT_GUM,2023-12-11,0.2011173184357542,0.1
GreatLakes|ARCTIC_MINT_GUM,2023-12-18,0.0,0.1
GreatLakes|ARCTIC_MINT_GUM,2023-12-25,0.0,0.1
GreatLakes|BLISS_SILK_BAR,2021-01-04,0.348993288590604,0.1
GreatLakes|BLISS_SILK_BAR,2021-01-11,0.0,0.0
GreatLakes|BLISS_SILK_BAR,2021-01-18,0.0,0.0
GreatLakes|BLISS_SILK_BAR,2021-01-25,0.348993288590604,0.0
GreatLakes|BLISS_SILK_BAR,2021-02-01,0.2483221476510066,0.0
GreatLakes|BLISS_SILK_BAR,2021-02-08,0.2483221476510066,0.1
GreatLakes|BLISS_SILK_BAR,2021-02-15,0.348993288590604,0.1
GreatLakes|BLISS_SILK_BAR,2021-02-22,0.0,0.1
GreatLakes|BLISS_SILK_BAR,2021-03-01,0.0,0.0
GreatLakes|BLISS_SILK_BAR,2021-03-08,0.0,0.0
GreatLakes|BLISS_SILK_BAR,2021-03-15,0.0,0.0
GreatLakes|BLISS_SILK_BAR,2021-03-22,0.2013422818791946,0.0
GreatLakes|BLISS_SILK_BAR,2021-03-29,0.0,0.0
GreatLakes|BLISS_SILK_BAR,2021-04-05,0.0,0.1
GreatLakes|BLISS_SILK_BAR,2021-04-12,0.0,0.1
GreatLakes|BLISS_SILK_BAR,2021-04-19,0.2013422818791946,0.0
GreatLakes|BLISS_SILK_BAR,2021-04-26,0.0,0.0
GreatLakes|BLISS_SILK_BAR,2021-05-03,0.0,0.0
GreatLakes|BLISS_SILK_BAR,2021-05-10,0.0,0.0
GreatLakes|BLISS_SILK_BAR,2021-05-17,0.0,0.0
GreatLakes|BLISS_SILK_BAR,2021-05-24,0.2483221476510066,0.0
GreatLakes|BLISS_SILK_BAR,2021-05-31,0.2013422818791946,0.0
GreatLakes|BLISS_SILK_BAR,2021-06-07,0.0,0.0
GreatLakes|BLISS_SILK_BAR,2021-06-14,0.0,0.0
GreatLakes|BLISS_SILK_BAR,2021-06-21,0.0,0.0
GreatLakes|BLISS_SILK_BAR,2021-06-28,0.1476510067114093,0.0
GreatLakes|BLISS_SILK_BAR,2021-07-05,0.0,0.0
GreatLakes|BLISS_SILK_BAR,2021-07-12,0.0,0.0
GreatLakes|BLISS_SILK_BAR,2021-07-19,0.1476510067114093,0.0
GreatLakes|BLISS_SILK_BAR,2021-07-26,0.0,0.0
GreatLakes|BLISS_SILK_BAR,2021-08-02,0.0,0.0
GreatLakes|BLISS_SILK_BAR,2021-08-09,0.0,0.0
GreatLakes|BLISS_SILK_BAR,2021-08-16,0.0,0.0
GreatLakes|BLISS_SILK_BAR,2021-08-23,0.0,0.0
GreatLakes|BLISS_SILK_BAR,2021-08-30,0.3020134228187919,0.0
GreatLakes|BLISS_SILK_BAR,2021-09-06,0.2013422818791946,0.0
GreatLakes|BLISS_SILK_BAR,2021-09-13,0.0,0.0
GreatLakes|BLISS_SILK_BAR,2021-09-20,0.0,0.0
GreatLakes|BLISS_SILK_BAR,2021-09-27,0.0,0.0
GreatLakes|BLISS_SILK_BAR,2021-10-04,0.2483221476510066,0.0
GreatLakes|BLISS_SILK_BAR,2021-10-11,0.1476510067114093,0.0
GreatLakes|BLISS_SILK_BAR,2021-10-18,0.0,0.1
GreatLakes|BLISS_SILK_BAR,2021-10-25,0.1006711409395972,0.1
GreatLakes|BLISS_SILK_BAR,2021-11-01,0.0,0.0
GreatLakes|BLISS_SILK_BAR,2021-11-08,0.1476510067114093,0.1
GreatLakes|BLISS_SILK_BAR,2021-11-15,0.1476510067114093,0.1
GreatLakes|BLISS_SILK_BAR,2021-11-22,0.0,0.1
GreatLakes|BLISS_SILK_BAR,2021-11-29,0.0,0.0
GreatLakes|BLISS_SILK_BAR,2021-12-06,0.1006711409395972,0.1
GreatLakes|BLISS_SILK_BAR,2021-12-13,0.0,0.1
GreatLakes|BLISS_SILK_BAR,2021-12-20,0.0,0.1
GreatLakes|BLISS_SILK_BAR,2021-12-27,0.0,0.1
GreatLakes|BLISS_SILK_BAR,2022-01-03,0.0,0.1
GreatLakes|BLISS_SILK_BAR,2022-01-10,0.1006711409395972,0.1
GreatLakes|BLISS_SILK_BAR,2022-01-17,0.3020134228187919,0.0
GreatLakes|BLISS_SILK_BAR,2022-01-24,0.0,0.1
GreatLakes|BLISS_SILK_BAR,2022-01-31,0.3020134228187919,0.0
GreatLakes|BLISS_SILK_BAR,2022-02-07,0.0,0.1
GreatLakes|BLISS_SILK_BAR,2022-02-14,0.2013422818791946,0.1
GreatLakes|BLISS_SILK_BAR,2022-02-21,0.0,0.1
GreatLakes|BLISS_SILK_BAR,2022-02-28,0.0,0.1
GreatLakes|BLISS_SILK_BAR,2022-03-07,0.0,0.1
GreatLakes|BLISS_SILK_BAR,2022-03-14,0.0,0.0
GreatLakes|BLISS_SILK_BAR,2022-03-21,0.0,0.0
GreatLakes|BLISS_SILK_BAR,2022-03-28,0.1476510067114093,0.0
GreatLakes|BLISS_SILK_BAR,2022-04-04,0.0,0.1
GreatLakes|BLISS_SILK_BAR,2022-04-11,0.0,0.1
GreatLakes|BLISS_SILK_BAR,2022-04-18,0.0,0.1
GreatLakes|BLISS_SILK_BAR,2022-04-25,0.2483221476510066,0.0
GreatLakes|BLISS_SILK_BAR,2022-05-02,0.3020134228187919,0.0
GreatLakes|BLISS_SILK_BAR,2022-05-09,0.0,0.0
GreatLakes|BLISS_SILK_BAR,2022-05-16,0.1476510067114093,0.0
GreatLakes|BLISS_SILK_BAR,2022-05-23,0.3020134228187919,0.0
GreatLakes|BLISS_SILK_BAR,2022-05-30,0.0,0.0
GreatLakes|BLISS_SILK_BAR,2022-06-06,0.0,0.0
GreatLakes|BLISS_SILK_BAR,2022-06-13,0.2483221476510066,0.0
GreatLakes|BLISS_SILK_BAR,2022-06-20,0.0,0.0
GreatLakes|BLISS_SILK_BAR,2022-06-27,0.0,0.0
GreatLakes|BLISS_SILK_BAR,2022-07-04,0.0,0.0
GreatLakes|BLISS_SILK_BAR,2022-07-11,0.0,0.0
GreatLakes|BLISS_SILK_BAR,2022-07-18,0.2013422818791946,0.0
GreatLakes|BLISS_SILK_BAR,2022-07-25,0.0,0.0
GreatLakes|BLISS_SILK_BAR,2022-08-01,0.1476510067114093,0.0
GreatLakes|BLISS_SILK_BAR,2022-08-08,0.2483221476510066,0.0
GreatLakes|BLISS_SILK_BAR,2022-08-15,0.0,0.0
GreatLakes|BLISS_SILK_BAR,2022-08-22,0.0,0.0
GreatLakes|BLISS_SILK_BAR,2022-08-29,0.2483221476510066,0.0
GreatLakes|BLISS_SILK_BAR,2022-09-05,0.0,0.0
GreatLakes|BLISS_SILK_BAR,2022-09-12,0.0,0.0
GreatLakes|BLISS_SILK_BAR,2022-09-19,0.0,0.0
GreatLakes|BLISS_SILK_BAR,2022-09-26,0.0,0.0
GreatLakes|BLISS_SILK_BAR,2022-10-03,0.2013422818791946,0.0
GreatLakes|BLISS_SILK_BAR,2022-10-10,0.0,0.0
GreatLakes|BLISS_SILK_BAR,2022-10-17,0.2483221476510066,0.1
GreatLakes|BLISS_SILK_BAR,2022-10-24,0.0,0.1
GreatLakes|BLISS_SILK_BAR,2022-10-31,0.0,0.1
GreatLakes|BLISS_SILK_BAR,2022-11-07,0.348993288590604,0.0
GreatLakes|BLISS_SILK_BAR,2022-11-14,0.0,0.1
GreatLakes|BLISS_SILK_BAR,2022-11-21,0.2483221476510066,0.1
GreatLakes|BLISS_SILK_BAR,2022-11-28,0.0,0.1
GreatLakes|BLISS_SILK_BAR,2022-12-05,0.0,0.1
GreatLakes|BLISS_SILK_BAR,2022-12-12,0.0,0.1
GreatLakes|BLISS_SILK_BAR,2022-12-19,0.0,0.1
GreatLakes|BLISS_SILK_BAR,2022-12-26,0.3020134228187919,0.1
GreatLakes|BLISS_SILK_BAR,2023-01-02,0.0,0.1
GreatLakes|BLISS_SILK_BAR,2023-01-09,0.348993288590604,0.1
GreatLakes|BLISS_SILK_BAR,2023-01-16,0.0,0.1
GreatLakes|BLISS_SILK_BAR,2023-01-23,0.0,0.1
GreatLakes|BLISS_SILK_BAR,2023-01-30,0.1006711409395972,0.1
GreatLakes|BLISS_SILK_BAR,2023-02-06,0.3020134228187919,0.1
GreatLakes|BLISS_SILK_BAR,2023-02-13,0.3020134228187919,0.1
GreatLakes|BLISS_SILK_BAR,2023-02-20,0.0,0.1
GreatLakes|BLISS_SILK_BAR,2023-02-27,0.2013422818791946,0.0
GreatLakes|BLISS_SILK_BAR,2023-03-06,0.0,0.0
GreatLakes|BLISS_SILK_BAR,2023-03-13,0.0,0.0
GreatLakes|BLISS_SILK_BAR,2023-03-20,0.0,0.1
GreatLakes|BLISS_SILK_BAR,2023-03-27,0.0,0.1
GreatLakes|BLISS_SILK_BAR,2023-04-03,0.0,0.1
GreatLakes|BLISS_SILK_BAR,2023-04-10,0.3020134228187919,0.1
GreatLakes|BLISS_SILK_BAR,2023-04-17,0.2013422818791946,0.1
GreatLakes|BLISS_SILK_BAR,2023-04-24,0.0,0.0
GreatLakes|BLISS_SILK_BAR,2023-05-01,0.0,0.0
GreatLakes|BLISS_SILK_BAR,2023-05-08,0.0,0.0
GreatLakes|BLISS_SILK_BAR,2023-05-15,0.2483221476510066,0.0
GreatLakes|BLISS_SILK_BAR,2023-05-22,0.0,0.0
GreatLakes|BLISS_SILK_BAR,2023-05-29,0.0,0.0
GreatLakes|BLISS_SILK_BAR,2023-06-05,0.348993288590604,0.0
GreatLakes|BLISS_SILK_BAR,2023-06-12,0.1476510067114093,0.0
GreatLakes|BLISS_SILK_BAR,2023-06-19,0.0,0.0
GreatLakes|BLISS_SILK_BAR,2023-06-26,0.3020134228187919,0.0
GreatLakes|BLISS_SILK_BAR,2023-07-03,0.2013422818791946,0.0
GreatLakes|BLISS_SILK_BAR,2023-07-10,0.0,0.0
GreatLakes|BLISS_SILK_BAR,2023-07-17,0.0,0.0
GreatLakes|BLISS_SILK_BAR,2023-07-24,0.0,0.0
GreatLakes|BLISS_SILK_BAR,2023-07-31,0.0,0.0
GreatLakes|BLISS_SILK_BAR,2023-08-07,0.1006711409395972,0.0
GreatLakes|BLISS_SILK_BAR,2023-08-14,0.0,0.0
GreatLakes|BLISS_SILK_BAR,2023-08-21,0.0,0.0
GreatLakes|BLISS_SILK_BAR,2023-08-28,0.3020134228187919,0.0
GreatLakes|BLISS_SILK_BAR,2023-09-04,0.0,0.0
GreatLakes|BLISS_SILK_BAR,2023-09-11,0.348993288590604,0.0
GreatLakes|BLISS_SILK_BAR,2023-09-18,0.1006711409395972,0.1
GreatLakes|BLISS_SILK_BAR,2023-09-25,0.0,0.0
GreatLakes|BLISS_SILK_BAR,2023-10-02,0.0,0.0
GreatLakes|BLISS_SILK_BAR,2023-10-09,0.3020134228187919,0.1
GreatLakes|BLISS_SILK_BAR,2023-10-16,0.0,0.0
GreatLakes|BLISS_SILK_BAR,2023-10-23,0.2013422818791946,0.1
GreatLakes|BLISS_SILK_BAR,2023-10-30,0.2013422818791946,0.1
GreatLakes|BLISS_SILK_BAR,2023-11-06,0.0,0.1
GreatLakes|BLISS_SILK_BAR,2023-11-13,0.0,0.1
GreatLakes|BLISS_SILK_BAR,2023-11-20,0.0,0.0
GreatLakes|BLISS_SILK_BAR,2023-11-27,0.0,0.1
GreatLakes|BLISS_SILK_BAR,2023-12-04,0.3020134228187919,0.1
GreatLakes|BLISS_SILK_BAR,2023-12-11,0.3020134228187919,0.1
GreatLakes|BLISS_SILK_BAR,2023-12-18,0.2483221476510066,0.1
GreatLakes|BLISS_SILK_BAR,2023-12-25,0.0,0.1
GreatLakes|GOLDEN_MALT_POUCH,2021-01-04,0.0,0.0
GreatLakes|GOLDEN_MALT_POUCH,2021-01-11,0.0,0.0
GreatLakes|GOLDEN_MALT_POUCH,2021-01-18,0.249240121580547,0.0
GreatLakes|GOLDEN_MALT_POUCH,2021-01-25,0.0,0.0
GreatLakes|GOLDEN_MALT_POUCH,2021-02-01,0.2006079027355623,0.0
GreatLakes|GOLDEN_MALT_POUCH,2021-02-08,0.0,0.1
GreatLakes|GOLDEN_MALT_POUCH,2021-02-15,0.0,0.1
GreatLakes|GOLDEN_MALT_POUCH,2021-02-22,0.0,0.0
GreatLakes|GOLDEN_MALT_POUCH,2021-03-01,0.0,0.0
GreatLakes|GOLDEN_MALT_POUCH,2021-03-08,0.0,0.0
GreatLakes|GOLDEN_MALT_POUCH,2021-03-15,0.3009118541033435,0.0
GreatLakes|GOLDEN_MALT_POUCH,2021-03-22,0.0,0.0
GreatLakes|GOLDEN_MALT_POUCH,2021-03-29,0.0,0.0
GreatLakes|GOLDEN_MALT_POUCH,2021-04-05,0.0,0.1
GreatLakes|GOLDEN_MALT_POUCH,2021-04-12,0.2006079027355623,0.1
GreatLakes|GOLDEN_MALT_POUCH,2021-04-19,0.0,0.0
GreatLakes|GOLDEN_MALT_POUCH,2021-04-26,0.0,0.0
GreatLakes|GOLDEN_MALT_POUCH,2021-05-03,0.0,0.0
GreatLakes|GOLDEN_MALT_POUCH,2021-05-10,0.148936170212766,0.0
GreatLakes|GOLDEN_MALT_POUCH,2021-05-17,0.0,0.0
GreatLakes|GOLDEN_MALT_POUCH,2021-05-24,0.0,0.0
GreatLakes|GOLDEN_MALT_POUCH,2021-05-31,0.0,0.0
GreatLakes|GOLDEN_MALT_POUCH,2021-06-07,0.2006079027355623,0.0
GreatLakes|GOLDEN_MALT_POUCH,2021-06-14,0.0,0.0
GreatLakes|GOLDEN_MALT_POUCH,2021-06-21,0.0,0.0
GreatLakes|GOLDEN_MALT_POUCH,2021-06-28,0.0,0.0
GreatLakes|GOLDEN_MALT_POUCH,2021-07-05,0.0,0.0
GreatLakes|GOLDEN_MALT_POUCH,2021-07-12,0.0,0.0
GreatLakes|GOLDEN_MALT_POUCH,2021-07-19,0.0,0.0
GreatLakes|GOLDEN_MALT_POUCH,2021-07-26,0.148936170212766,0.0
GreatLakes|GOLDEN_MALT_POUCH,2021-08-02,0.3495440729483282,0.0
GreatLakes|GOLDEN_MALT_POUCH,2021-08-09,0.3495440729483282,0.0
GreatLakes|GOLDEN_MALT_POUCH,2021-08-16,0.0,0.0
GreatLakes|GOLDEN_MALT_POUCH,2021-08-23,0.0,0.0
GreatLakes|GOLDEN_MALT_POUCH,2021-08-30,0.3009118541033435,0.0
GreatLakes|GOLDEN_MALT_POUCH,2021-09-06,0.0,0.0
GreatLakes|GOLDEN_MALT_POUCH,2021-09-13,0.1003039513677811,0.0
GreatLakes|GOLDEN_MALT_POUCH,2021-09-20,0.0,0.0
GreatLakes|GOLDEN_MALT_POUCH,2021-09-27,0.0,0.0
GreatLakes|GOLDEN_MALT_POUCH,2021-10-04,0.0,0.0
GreatLakes|GOLDEN_MALT_POUCH,2021-10-11,0.0,0.0
GreatLakes|GOLDEN_MALT_POUCH,2021-10-18,0.249240121580547,0.1
GreatLakes|GOLDEN_MALT_POUCH,2021-10-25,0.0,0.1
GreatLakes|GOLDEN_MALT_POUCH,2021-11-01,0.0,0.0
GreatLakes|GOLDEN_MALT_POUCH,2021-11-08,0.2006079027355623,0.0
GreatLakes|GOLDEN_MALT_POUCH,2021-11-15,0.0,0.0
GreatLakes|GOLDEN_MALT_POUCH,2021-11-22,0.1003039513677811,0.0
GreatLakes|GOLDEN_MALT_POUCH,2021-11-29,0.0,0.0
GreatLakes|GOLDEN_MALT_POUCH,2021-12-06,0.0,0.1
GreatLakes|GOLDEN_MALT_POUCH,2021-12-13,0.249240121580547,0.1
GreatLakes|GOLDEN_MALT_POUCH,2021-12-20,0.0,0.1
GreatLakes|GOLDEN_MALT_POUCH,2021-12-27,0.0,0.1
GreatLakes|GOLDEN_MALT_POUCH,2022-01-03,0.0,0.1
GreatLakes|GOLDEN_MALT_POUCH,2022-01-10,0.3495440729483282,0.1
GreatLakes|GOLDEN_MALT_POUCH,2022-01-17,0.0,0.1
GreatLakes|GOLDEN_MALT_POUCH,2022-01-24,0.2006079027355623,0.1
GreatLakes|GOLDEN_MALT_POUCH,2022-01-31,0.0,0.0
GreatLakes|GOLDEN_MALT_POUCH,2022-02-07,0.0,0.1
GreatLakes|GOLDEN_MALT_POUCH,2022-02-14,0.0,0.1
GreatLakes|GOLDEN_MALT_POUCH,2022-02-21,0.2006079027355623,0.0
GreatLakes|GOLDEN_MALT_POUCH,2022-02-28,0.0,0.0
GreatLakes|GOLDEN_MALT_POUCH,2022-03-07,0.0,0.0
GreatLakes|GOLDEN_MALT_POUCH,2022-03-14,0.0,0.0
GreatLakes|GOLDEN_MALT_POUCH,2022-03-21,0.3009118541033435,0.0
GreatLakes|GOLDEN_MALT_POUCH,2022-03-28,0.0,0.0
GreatLakes|GOLDEN_MALT_POUCH,2022-04-04,0.3009118541033435,0.1
GreatLakes|GOLDEN_MALT_POUCH,2022-04-11,0.0,0.1
GreatLakes|GOLDEN_MALT_POUCH,2022-04-18,0.0,0.1
GreatLakes|GOLDEN_MALT_POUCH,2022-04-25,0.0,0.0
GreatLakes|GOLDEN_MALT_POUCH,2022-05-02,0.148936170212766,0.0
GreatLakes|GOLDEN_MALT_POUCH,2022-05-09,0.2006079027355623,0.0
GreatLakes|GOLDEN_MALT_POUCH,2022-05-16,0.1003039513677811,0.0
GreatLakes|GOLDEN_MALT_POUCH,2022-05-23,0.0,0.0
GreatLakes|GOLDEN_MALT_POUCH,2022-05-30,0.0,0.0
GreatLakes|GOLDEN_MALT_POUCH,2022-06-06,0.0,0.0
GreatLakes|GOLDEN_MALT_POUCH,2022-06-13,0.0,0.0
GreatLakes|GOLDEN_MALT_POUCH,2022-06-20,0.3495440729483282,0.0
GreatLakes|GOLDEN_MALT_POUCH,2022-06-27,0.0,0.0
GreatLakes|GOLDEN_MALT_POUCH,2022-07-04,0.0,0.0
GreatLakes|GOLDEN_MALT_POUCH,2022-07-11,0.0,0.0
GreatLakes|GOLDEN_MALT_POUCH,2022-07-18,0.148936170212766,0.0
GreatLakes|GOLDEN_MALT_POUCH,2022-07-25,0.0,0.0
GreatLakes|GOLDEN_MALT_POUCH,2022-08-01,0.1003039513677811,0.0
GreatLakes|GOLDEN_MALT_POUCH,2022-08-08,0.2006079027355623,0.0
GreatLakes|GOLDEN_MALT_POUCH,2022-08-15,0.0,0.0
GreatLakes|GOLDEN_MALT_POUCH,2022-08-22,0.249240121580547,0.0
GreatLakes|GOLDEN_MALT_POUCH,2022-08-29,0.0,0.0
GreatLakes|GOLDEN_MALT_POUCH,2022-09-05,0.0,0.0
GreatLakes|GOLDEN_MALT_POUCH,2022-09-12,0.0,0.0
GreatLakes|GOLDEN_MALT_POUCH,2022-09-19,0.0,0.0
GreatLakes|GOLDEN_MALT_POUCH,2022-09-26,0.0,0.0
GreatLakes|GOLDEN_MALT_POUCH,2022-10-03,0.0,0.0
GreatLakes|GOLDEN_MALT_POUCH,2022-10-10,0.1003039513677811,0.0
GreatLakes|GOLDEN_MALT_POUCH,2022-10-17,0.0,0.0
GreatLakes|GOLDEN_MALT_POUCH,2022-10-24,0.249240121580547,0.1
GreatLakes|GOLDEN_MALT_POUCH,2022-10-31,0.0,0.1
GreatLakes|GOLDEN_MALT_POUCH,2022-11-07,0.0,0.0
GreatLakes|GOLDEN_MALT_POUCH,2022-11-14,0.3009118541033435,0.1
GreatLakes|GOLDEN_MALT_POUCH,2022-11-21,0.0,0.1
GreatLakes|GOLDEN_MALT_POUCH,2022-11-28,0.148936170212766,0.1
GreatLakes|GOLDEN_MALT_POUCH,2022-12-05,0.0,0.1
GreatLakes|GOLDEN_MALT_POUCH,2022-12-12,0.0,0.1
GreatLakes|GOLDEN_MALT_POUCH,2022-12-19,0.2006079027355623,0.1
GreatLakes|GOLDEN_MALT_POUCH,2022-12-26,0.0,0.1
GreatLakes|GOLDEN_MALT_POUCH,2023-01-02,0.0,0.1
GreatLakes|GOLDEN_MALT_POUCH,2023-01-09,0.249240121580547,0.1
GreatLakes|GOLDEN_MALT_POUCH,2023-01-16,0.0,0.1
GreatLakes|GOLDEN_MALT_POUCH,2023-01-23,0.0,0.1
GreatLakes|GOLDEN_MALT_POUCH,2023-01-30,0.0,0.1
GreatLakes|GOLDEN_MALT_POUCH,2023-02-06,0.0,0.1
GreatLakes|GOLDEN_MALT_POUCH,2023-02-13,0.249240121580547,0.1
GreatLakes|GOLDEN_MALT_POUCH,2023-02-20,0.0,0.0
GreatLakes|GOLDEN_MALT_POUCH,2023-02-27,0.0,0.0
GreatLakes|GOLDEN_MALT_POUCH,2023-03-06,0.0,0.0
GreatLakes|GOLDEN_MALT_POUCH,2023-03-13,0.0,0.0
GreatLakes|GOLDEN_MALT_POUCH,2023-03-20,0.249240121580547,0.0
GreatLakes|GOLDEN_MALT_POUCH,2023-03-27,0.0,0.0
GreatLakes|GOLDEN_MALT_POUCH,2023-04-03,0.0,0.1
GreatLakes|GOLDEN_MALT_POUCH,2023-04-10,0.3009118541033435,0.1
GreatLakes|GOLDEN_MALT_POUCH,2023-04-17,0.0,0.1
GreatLakes|GOLDEN_MALT_POUCH,2023-04-24,0.0,0.0
GreatLakes|GOLDEN_MALT_POUCH,2023-05-01,0.0,0.0
GreatLakes|GOLDEN_MALT_POUCH,2023-05-08,0.0,0.0
GreatLakes|GOLDEN_MALT_POUCH,2023-05-15,0.0,0.0
GreatLakes|GOLDEN_MALT_POUCH,2023-05-22,0.249240121580547,0.0
GreatLakes|GOLDEN_MALT_POUCH,2023-05-29,0.0,0.0
GreatLakes|GOLDEN_MALT_POUCH,2023-06-05,0.1003039513677811,0.0
GreatLakes|GOLDEN_MALT_POUCH,2023-06-12,0.0,0.0
GreatLakes|GOLDEN_MALT_POUCH,2023-06-19,0.0,0.0
GreatLakes|GOLDEN_MALT_POUCH,2023-06-26,0.0,0.0
GreatLakes|GOLDEN_MALT_POUCH,2023-07-03,0.3009118541033435,0.0
GreatLakes|GOLDEN_MALT_POUCH,2023-07-10,0.3495440729483282,0.0
GreatLakes|GOLDEN_MALT_POUCH,2023-07-17,0.0,0.0
GreatLakes|GOLDEN_MALT_POUCH,2023-07-24,0.0,0.0
GreatLakes|GOLDEN_MALT_POUCH,2023-07-31,0.3009118541033435,0.0
GreatLakes|GOLDEN_MALT_POUCH,2023-08-07,0.3495440729483282,0.0
GreatLakes|GOLDEN_MALT_POUCH,2023-08-14,0.0,0.0
GreatLakes|GOLDEN_MALT_POUCH,2023-08-21,0.0,0.0
GreatLakes|GOLDEN_MALT_POUCH,2023-08-28,0.148936170212766,0.0
GreatLakes|GOLDEN_MALT_POUCH,2023-09-04,0.0,0.0
GreatLakes|GOLDEN_MALT_POUCH,2023-09-11,0.0,0.0
GreatLakes|GOLDEN_MALT_POUCH,2023-09-18,0.249240121580547,0.0
GreatLakes|GOLDEN_MALT_POUCH,2023-09-25,0.0,0.0
GreatLakes|GOLDEN_MALT_POUCH,2023-10-02,0.0,0.0
GreatLakes|GOLDEN_MALT_POUCH,2023-10-09,0.0,0.0
GreatLakes|GOLDEN_MALT_POUCH,2023-10-16,0.0,0.0
GreatLakes|GOLDEN_MALT_POUCH,2023-10-23,0.2006079027355623,0.1
GreatLakes|GOLDEN_MALT_POUCH,2023-10-30,0.0,0.1
GreatLakes|GOLDEN_MALT_POUCH,2023-11-06,0.0,0.1
GreatLakes|GOLDEN_MALT_POUCH,2023-11-13,0.0,0.1
GreatLakes|GOLDEN_MALT_POUCH,2023-11-20,0.0,0.1
GreatLakes|GOLDEN_MALT_POUCH,2023-11-27,0.0,0.1
GreatLakes|GOLDEN_MALT_POUCH,2023-12-04,0.0,0.1
GreatLakes|GOLDEN_MALT_POUCH,2023-12-11,0.0,0.1
GreatLakes|GOLDEN_MALT_POUCH,2023-12-18,0.2006079027355623,0.1
GreatLakes|GOLDEN_MALT_POUCH,2023-12-25,0.3009118541033435,0.1
GreatLakes|HAPPY_BUTTONS_PEG,2021-01-04,0.0,0.1
GreatLakes|HAPPY_BUTTONS_PEG,2021-01-11,0.0,0.1
GreatLakes|HAPPY_BUTTONS_PEG,2021-01-18,0.0,0.0
GreatLakes|HAPPY_BUTTONS_PEG,2021-01-25,0.0,0.0
GreatLakes|HAPPY_BUTTONS_PEG,2021-02-01,0.0,0.0
GreatLakes|HAPPY_BUTTONS_PEG,2021-02-08,0.0,0.1
GreatLakes|HAPPY_BUTTONS_PEG,2021-02-15,0.2005730659025788,0.1
GreatLakes|HAPPY_BUTTONS_PEG,2021-02-22,0.0,0.0
GreatLakes|HAPPY_BUTTONS_PEG,2021-03-01,0.0,0.0
GreatLakes|HAPPY_BUTTONS_PEG,2021-03-08,0.1002865329512894,0.0
GreatLakes|HAPPY_BUTTONS_PEG,2021-03-15,0.0,0.0
GreatLakes|HAPPY_BUTTONS_PEG,2021-03-22,0.0,0.0
GreatLakes|HAPPY_BUTTONS_PEG,2021-03-29,0.0,0.0
GreatLakes|HAPPY_BUTTONS_PEG,2021-04-05,0.3495702005730659,0.1
GreatLakes|HAPPY_BUTTONS_PEG,2021-04-12,0.1002865329512894,0.1
GreatLakes|HAPPY_BUTTONS_PEG,2021-04-19,0.1489971346704871,0.0
GreatLakes|HAPPY_BUTTONS_PEG,2021-04-26,0.0,0.0
GreatLakes|HAPPY_BUTTONS_PEG,2021-05-03,0.0,0.0
GreatLakes|HAPPY_BUTTONS_PEG,2021-05-10,0.1002865329512894,0.0
GreatLakes|HAPPY_BUTTONS_PEG,2021-05-17,0.0,0.0
GreatLakes|HAPPY_BUTTONS_PEG,2021-05-24,0.3495702005730659,0.0
GreatLakes|HAPPY_BUTTONS_PEG,2021-05-31,0.0,0.0
GreatLakes|HAPPY_BUTTONS_PEG,2021-06-07,0.0,0.0
GreatLakes|HAPPY_BUTTONS_PEG,2021-06-14,0.0,0.0
GreatLakes|HAPPY_BUTTONS_PEG,2021-06-21,0.0,0.0
GreatLakes|HAPPY_BUTTONS_PEG,2021-06-28,0.3495702005730659,0.0
GreatLakes|HAPPY_BUTTONS_PEG,2021-07-05,0.0,0.0
GreatLakes|HAPPY_BUTTONS_PEG,2021-07-12,0.0,0.0
GreatLakes|HAPPY_BUTTONS_PEG,2021-07-19,0.0,0.0
GreatLakes|HAPPY_BUTTONS_PEG,2021-07-26,0.0,0.0
GreatLakes|HAPPY_BUTTONS_PEG,2021-08-02,0.0,0.0
GreatLakes|HAPPY_BUTTONS_PEG,2021-08-09,0.0,0.0
GreatLakes|HAPPY_BUTTONS_PEG,2021-08-16,0.0,0.0
GreatLakes|HAPPY_BUTTONS_PEG,2021-08-23,0.1489971346704871,0.0
GreatLakes|HAPPY_BUTTONS_PEG,2021-08-30,0.0,0.0
GreatLakes|HAPPY_BUTTONS_PEG,2021-09-06,0.3008595988538682,0.0
GreatLakes|HAPPY_BUTTONS_PEG,2021-09-13,0.0,0.0
GreatLakes|HAPPY_BUTTONS_PEG,2021-09-20,0.0,0.0
GreatLakes|HAPPY_BUTTONS_PEG,2021-09-27,0.0,0.0
GreatLakes|HAPPY_BUTTONS_PEG,2021-10-04,0.0,0.0
GreatLakes|HAPPY_BUTTONS_PEG,2021-10-11,0.2005730659025788,0.0
GreatLakes|HAPPY_BUTTONS_PEG,2021-10-18,0.2492836676217765,0.1
GreatLakes|HAPPY_BUTTONS_PEG,2021-10-25,0.2492836676217765,0.1
GreatLakes|HAPPY_BUTTONS_PEG,2021-11-01,0.0,0.1
GreatLakes|HAPPY_BUTTONS_PEG,2021-11-08,0.2005730659025788,0.1
GreatLakes|HAPPY_BUTTONS_PEG,2021-11-15,0.0,0.1
GreatLakes|HAPPY_BUTTONS_PEG,2021-11-22,0.3495702005730659,0.0
GreatLakes|HAPPY_BUTTONS_PEG,2021-11-29,0.1002865329512894,0.0
GreatLakes|HAPPY_BUTTONS_PEG,2021-12-06,0.0,0.0
GreatLakes|HAPPY_BUTTONS_PEG,2021-12-13,0.3008595988538682,0.1
GreatLakes|HAPPY_BUTTONS_PEG,2021-12-20,0.3495702005730659,0.1
GreatLakes|HAPPY_BUTTONS_PEG,2021-12-27,0.0,0.1
GreatLakes|HAPPY_BUTTONS_PEG,2022-01-03,0.1002865329512894,0.0
GreatLakes|HAPPY_BUTTONS_PEG,2022-01-10,0.0,0.1
GreatLakes|HAPPY_BUTTONS_PEG,2022-01-17,0.0,0.0
GreatLakes|HAPPY_BUTTONS_PEG,2022-01-24,0.0,0.0
GreatLakes|HAPPY_BUTTONS_PEG,2022-01-31,0.0,0.0
GreatLakes|HAPPY_BUTTONS_PEG,2022-02-07,0.0,0.1
GreatLakes|HAPPY_BUTTONS_PEG,2022-02-14,0.2492836676217765,0.1
GreatLakes|HAPPY_BUTTONS_PEG,2022-02-21,0.1489971346704871,0.1
GreatLakes|HAPPY_BUTTONS_PEG,2022-02-28,0.0,0.1
GreatLakes|HAPPY_BUTTONS_PEG,2022-03-07,0.0,0.0
GreatLakes|HAPPY_BUTTONS_PEG,2022-03-14,0.0,0.0
GreatLakes|HAPPY_BUTTONS_PEG,2022-03-21,0.2492836676217765,0.0
GreatLakes|HAPPY_BUTTONS_PEG,2022-03-28,0.0,0.0
GreatLakes|HAPPY_BUTTONS_PEG,2022-04-04,0.3495702005730659,0.1
GreatLakes|HAPPY_BUTTONS_PEG,2022-04-11,0.0,0.1
GreatLakes|HAPPY_BUTTONS_PEG,2022-04-18,0.0,0.1
GreatLakes|HAPPY_BUTTONS_PEG,2022-04-25,0.0,0.0
GreatLakes|HAPPY_BUTTONS_PEG,2022-05-02,0.2005730659025788,0.0
GreatLakes|HAPPY_BUTTONS_PEG,2022-05-09,0.3008595988538682,0.0
GreatLakes|HAPPY_BUTTONS_PEG,2022-05-16,0.0,0.0
GreatLakes|HAPPY_BUTTONS_PEG,2022-05-23,0.2005730659025788,0.0
GreatLakes|HAPPY_BUTTONS_PEG,2022-05-30,0.0,0.0
GreatLakes|HAPPY_BUTTONS_PEG,2022-06-06,0.0,0.0
GreatLakes|HAPPY_BUTTONS_PEG,2022-06-13,0.0,0.0
GreatLakes|HAPPY_BUTTONS_PEG,2022-06-20,0.0,0.0
GreatLakes|HAPPY_BUTTONS_PEG,2022-06-27,0.0,0.0
GreatLakes|HAPPY_BUTTONS_PEG,2022-07-04,0.1489971346704871,0.0
GreatLakes|HAPPY_BUTTONS_PEG,2022-07-11,0.0,0.0
GreatLakes|HAPPY_BUTTONS_PEG,2022-07-18,0.0,0.0
GreatLakes|HAPPY_BUTTONS_PEG,2022-07-25,0.0,0.0
GreatLakes|HAPPY_BUTTONS_PEG,2022-08-01,0.0,0.0
GreatLakes|HAPPY_BUTTONS_PEG,2022-08-08,0.3008595988538682,0.0
GreatLakes|HAPPY_BUTTONS_PEG,2022-08-15,0.2492836676217765,0.0
GreatLakes|HAPPY_BUTTONS_PEG,2022-08-22,0.3495702005730659,0.0
GreatLakes|HAPPY_BUTTONS_PEG,2022-08-29,0.0,0.0
GreatLakes|HAPPY_BUTTONS_PEG,2022-09-05,0.0,0.0
GreatLakes|HAPPY_BUTTONS_PEG,2022-09-12,0.0,0.0
GreatLakes|HAPPY_BUTTONS_PEG,2022-09-19,0.1489971346704871,0.0
GreatLakes|HAPPY_BUTTONS_PEG,2022-09-26,0.2005730659025788,0.0
GreatLakes|HAPPY_BUTTONS_PEG,2022-10-03,0.0,0.0
GreatLakes|HAPPY_BUTTONS_PEG,2022-10-10,0.0,0.0
GreatLakes|HAPPY_BUTTONS_PEG,2022-10-17,0.0,0.0
GreatLakes|HAPPY_BUTTONS_PEG,2022-10-24,0.0,0.1
GreatLakes|HAPPY_BUTTONS_PEG,2022-10-31,0.1002865329512894,0.1
GreatLakes|HAPPY_BUTTONS_PEG,2022-11-07,0.0,0.1
GreatLakes|HAPPY_BUTTONS_PEG,2022-11-14,0.2492836676217765,0.0
GreatLakes|HAPPY_BUTTONS_PEG,2022-11-21,0.0,0.1
GreatLakes|HAPPY_BUTTONS_PEG,2022-11-28,0.0,0.1
GreatLakes|HAPPY_BUTTONS_PEG,2022-12-05,0.0,0.0
GreatLakes|HAPPY_BUTTONS_PEG,2022-12-12,0.0,0.1
GreatLakes|HAPPY_BUTTONS_PEG,2022-12-19,0.0,0.1
GreatLakes|HAPPY_BUTTONS_PEG,2022-12-26,0.0,0.1
GreatLakes|HAPPY_BUTTONS_PEG,2023-01-02,0.0,0.1
GreatLakes|HAPPY_BUTTONS_PEG,2023-01-09,0.2492836676217765,0.1
GreatLakes|HAPPY_BUTTONS_PEG,2023-01-16,0.0,0.1
GreatLakes|HAPPY_BUTTONS_PEG,2023-01-23,0.2492836676217765,0.1
GreatLakes|HAPPY_BUTTONS_PEG,2023-01-30,0.0,0.1
GreatLakes|HAPPY_BUTTONS_PEG,2023-02-06,0.0,0.1
GreatLakes|HAPPY_BUTTONS_PEG,2023-02-13,0.0,0.1
GreatLakes|HAPPY_BUTTONS_PEG,2023-02-20,0.0,0.0
GreatLakes|HAPPY_BUTTONS_PEG,2023-02-27,0.0,0.1
GreatLakes|HAPPY_BUTTONS_PEG,2023-03-06,0.0,0.0
GreatLakes|HAPPY_BUTTONS_PEG,2023-03-13,0.0,0.0
GreatLakes|HAPPY_BUTTONS_PEG,2023-03-20,0.0,0.0
GreatLakes|HAPPY_BUTTONS_PEG,2023-03-27,0.3495702005730659,0.0
GreatLakes|HAPPY_BUTTONS_PEG,2023-04-03,0.0,0.1
GreatLakes|HAPPY_BUTTONS_PEG,2023-04-10,0.2005730659025788,0.1
GreatLakes|HAPPY_BUTTONS_PEG,2023-04-17,0.0,0.1
GreatLakes|HAPPY_BUTTONS_PEG,2023-04-24,0.3008595988538682,0.0
GreatLakes|HAPPY_BUTTONS_PEG,2023-05-01,0.0,0.0
GreatLakes|HAPPY_BUTTONS_PEG,2023-05-08,0.0,0.0
GreatLakes|HAPPY_BUTTONS_PEG,2023-05-15,0.0,0.0
GreatLakes|HAPPY_BUTTONS_PEG,2023-05-22,0.0,0.0
GreatLakes|HAPPY_BUTTONS_PEG,2023-05-29,0.0,0.0
GreatLakes|HAPPY_BUTTONS_PEG,2023-06-05,0.0,0.0
GreatLakes|HAPPY_BUTTONS_PEG,2023-06-12,0.0,0.0
GreatLakes|HAPPY_BUTTONS_PEG,2023-06-19,0.1489971346704871,0.0
GreatLakes|HAPPY_BUTTONS_PEG,2023-06-26,0.1002865329512894,0.0
GreatLakes|HAPPY_BUTTONS_PEG,2023-07-03,0.2005730659025788,0.0
GreatLakes|HAPPY_BUTTONS_PEG,2023-07-10,0.2492836676217765,0.0
GreatLakes|HAPPY_BUTTONS_PEG,2023-07-17,0.0,0.0
GreatLakes|HAPPY_BUTTONS_PEG,2023-07-24,0.0,0.0
GreatLakes|HAPPY_BUTTONS_PEG,2023-07-31,0.0,0.0
GreatLakes|HAPPY_BUTTONS_PEG,2023-08-07,0.0,0.0
GreatLakes|HAPPY_BUTTONS_PEG,2023-08-14,0.0,0.0
GreatLakes|HAPPY_BUTTONS_PEG,2023-08-21,0.3495702005730659,0.0
GreatLakes|HAPPY_BUTTONS_PEG,2023-08-28,0.0,0.0
GreatLakes|HAPPY_BUTTONS_PEG,2023-09-04,0.2005730659025788,0.0
GreatLakes|HAPPY_BUTTONS_PEG,2023-09-11,0.3495702005730659,0.0
GreatLakes|HAPPY_BUTTONS_PEG,2023-09-18,0.0,0.0
GreatLakes|HAPPY_BUTTONS_PEG,2023-09-25,0.2492836676217765,0.0
GreatLakes|HAPPY_BUTTONS_PEG,2023-10-02,0.3495702005730659,0.0
GreatLakes|HAPPY_BUTTONS_PEG,2023-10-09,0.1002865329512894,0.0
GreatLakes|HAPPY_BUTTONS_PEG,2023-10-16,0.0,0.0
GreatLakes|HAPPY_BUTTONS_PEG,2023-10-23,0.0,0.1
GreatLakes|HAPPY_BUTTONS_PEG,2023-10-30,0.0,0.1
GreatLakes|HAPPY_BUTTONS_PEG,2023-11-06,0.0,0.0
GreatLakes|HAPPY_BUTTONS_PEG,2023-11-13,0.0,0.1
GreatLakes|HAPPY_BUTTONS_PEG,2023-11-20,0.0,0.1
GreatLakes|HAPPY_BUTTONS_PEG,2023-11-27,0.0,0.1
GreatLakes|HAPPY_BUTTONS_PEG,2023-12-04,0.0,0.0
GreatLakes|HAPPY_BUTTONS_PEG,2023-12-11,0.0,0.1
GreatLakes|HAPPY_BUTTONS_PEG,2023-12-18,0.0,0.1
GreatLakes|HAPPY_BUTTONS_PEG,2023-12-25,0.0,0.1
GreatLakes|ICE_BREEZE_GUM,2021-01-04,0.0,0.0
GreatLakes|ICE_BREEZE_GUM,2021-01-11,0.0,0.0
GreatLakes|ICE_BREEZE_GUM,2021-01-18,0.0,0.0
GreatLakes|ICE_BREEZE_GUM,2021-01-25,0.0,0.0
GreatLakes|ICE_BREEZE_GUM,2021-02-01,0.2011173184357542,0.0
GreatLakes|ICE_BREEZE_GUM,2021-02-08,0.0,0.1
GreatLakes|ICE_BREEZE_GUM,2021-02-15,0.0,0.1
GreatLakes|ICE_BREEZE_GUM,2021-02-22,0.2011173184357542,0.0
GreatLakes|ICE_BREEZE_GUM,2021-03-01,0.2513966480446927,0.0
GreatLakes|ICE_BREEZE_GUM,2021-03-08,0.0,0.0
GreatLakes|ICE_BREEZE_GUM,2021-03-15,0.0,0.0
GreatLakes|ICE_BREEZE_GUM,2021-03-22,0.0,0.0
GreatLakes|ICE_BREEZE_GUM,2021-03-29,0.1508379888268156,0.0
GreatLakes|ICE_BREEZE_GUM,2021-04-05,0.0,0.1
GreatLakes|ICE_BREEZE_GUM,2021-04-12,0.0,0.1
GreatLakes|ICE_BREEZE_GUM,2021-04-19,0.0,0.0
GreatLakes|ICE_BREEZE_GUM,2021-04-26,0.0,0.0
GreatLakes|ICE_BREEZE_GUM,2021-05-03,0.0,0.0
GreatLakes|ICE_BREEZE_GUM,2021-05-10,0.0,0.0
GreatLakes|ICE_BREEZE_GUM,2021-05-17,0.0,0.0
GreatLakes|ICE_BREEZE_GUM,2021-05-24,0.0,0.0
GreatLakes|ICE_BREEZE_GUM,2021-05-31,0.0,0.0
GreatLakes|ICE_BREEZE_GUM,2021-06-07,0.2513966480446927,0.0
GreatLakes|ICE_BREEZE_GUM,2021-06-14,0.3519553072625699,0.0
GreatLakes|ICE_BREEZE_GUM,2021-06-21,0.0,0.0
GreatLakes|ICE_BREEZE_GUM,2021-06-28,0.0,0.0
GreatLakes|ICE_BREEZE_GUM,2021-07-05,0.0,0.0
GreatLakes|ICE_BREEZE_GUM,2021-07-12,0.2513966480446927,0.0
GreatLakes|ICE_BREEZE_GUM,2021-07-19,0.0,0.0
GreatLakes|ICE_BREEZE_GUM,2021-07-26,0.3519553072625699,0.0
GreatLakes|ICE_BREEZE_GUM,2021-08-02,0.0,0.0
GreatLakes|ICE_BREEZE_GUM,2021-08-09,0.0,0.0
GreatLakes|ICE_BREEZE_GUM,2021-08-16,0.0,0.0
GreatLakes|ICE_BREEZE_GUM,2021-08-23,0.0,0.0
GreatLakes|ICE_BREEZE_GUM,2021-08-30,0.0,0.0
GreatLakes|ICE_BREEZE_GUM,2021-09-06,0.0,0.0
GreatLakes|ICE_BREEZE_GUM,2021-09-13,0.0,0.0
GreatLakes|ICE_BREEZE_GUM,2021-09-20,0.0,0.0
GreatLakes|ICE_BREEZE_GUM,2021-09-27,0.2513966480446927,0.0
GreatLakes|ICE_BREEZE_GUM,2021-10-04,0.0,0.0
GreatLakes|ICE_BREEZE_GUM,2021-10-11,0.0,0.0
GreatLakes|ICE_BREEZE_GUM,2021-10-18,0.3519553072625699,0.1
GreatLakes|ICE_BREEZE_GUM,2021-10-25,0.0,0.1
GreatLakes|ICE_BREEZE_GUM,2021-11-01,0.0,0.0
GreatLakes|ICE_BREEZE_GUM,2021-11-08,0.0,0.0
GreatLakes|ICE_BREEZE_GUM,2021-11-15,0.0,0.0
GreatLakes|ICE_BREEZE_GUM,2021-11-22,0.0,0.0
GreatLakes|ICE_BREEZE_GUM,2021-11-29,0.0,0.0
GreatLakes|ICE_BREEZE_GUM,2021-12-06,0.100558659217877,0.0
GreatLakes|ICE_BREEZE_GUM,2021-12-13,0.0,0.1
GreatLakes|ICE_BREEZE_GUM,2021-12-20,0.3519553072625699,0.1
GreatLakes|ICE_BREEZE_GUM,2021-12-27,0.2011173184357542,0.0
GreatLakes|ICE_BREEZE_GUM,2022-01-03,0.0,0.0
GreatLakes|ICE_BREEZE_GUM,2022-01-10,0.2513966480446927,0.0
GreatLakes|ICE_BREEZE_GUM,2022-01-17,0.0,0.0
GreatLakes|ICE_BREEZE_GUM,2022-01-24,0.0,0.0
GreatLakes|ICE_BREEZE_GUM,2022-01-31,0.0,0.0
GreatLakes|ICE_BREEZE_GUM,2022-02-07,0.0,0.1
GreatLakes|ICE_BREEZE_GUM,2022-02-14,0.0,0.1
GreatLakes|ICE_BREEZE_GUM,2022-02-21,0.0,0.0
GreatLakes|ICE_BREEZE_GUM,2022-02-28,0.0,0.0
GreatLakes|ICE_BREEZE_GUM,2022-03-07,0.3016759776536313,0.0
GreatLakes|ICE_BREEZE_GUM,2022-03-14,0.0,0.0
GreatLakes|ICE_BREEZE_GUM,2022-03-21,0.2011173184357542,0.1
GreatLakes|ICE_BREEZE_GUM,2022-03-28,0.0,0.1
GreatLakes|ICE_BREEZE_GUM,2022-04-04,0.2011173184357542,0.1
GreatLakes|ICE_BREEZE_GUM,2022-04-11,0.0,0.1
GreatLakes|ICE_BREEZE_GUM,2022-04-18,0.0,0.1
GreatLakes|ICE_BREEZE_GUM,2022-04-25,0.1508379888268156,0.0
GreatLakes|ICE_BREEZE_GUM,2022-05-02,0.0,0.0
GreatLakes|ICE_BREEZE_GUM,2022-05-09,0.0,0.0
GreatLakes|ICE_BREEZE_GUM,2022-05-16,0.0,0.0
GreatLakes|ICE_BREEZE_GUM,2022-05-23,0.3519553072625699,0.0
GreatLakes|ICE_BREEZE_GUM,2022-05-30,0.1508379888268156,0.0
GreatLakes|ICE_BREEZE_GUM,2022-06-06,0.2011173184357542,0.0
GreatLakes|ICE_BREEZE_GUM,2022-06-13,0.0,0.0
GreatLakes|ICE_BREEZE_GUM,2022-06-20,0.0,0.0
GreatLakes|ICE_BREEZE_GUM,2022-06-27,0.0,0.0
GreatLakes|ICE_BREEZE_GUM,2022-07-04,0.0,0.0
GreatLakes|ICE_BREEZE_GUM,2022-07-11,0.3016759776536313,0.0
GreatLakes|ICE_BREEZE_GUM,2022-07-18,0.0,0.0
GreatLakes|ICE_BREEZE_GUM,2022-07-25,0.2011173184357542,0.0
GreatLakes|ICE_BREEZE_GUM,2022-08-01,0.0,0.0
GreatLakes|ICE_BREEZE_GUM,2022-08-08,0.0,0.0
GreatLakes|ICE_BREEZE_GUM,2022-08-15,0.100558659217877,0.0
GreatLakes|ICE_BREEZE_GUM,2022-08-22,0.3519553072625699,0.0
GreatLakes|ICE_BREEZE_GUM,2022-08-29,0.0,0.0
GreatLakes|ICE_BREEZE_GUM,2022-09-05,0.1508379888268156,0.0
GreatLakes|ICE_BREEZE_GUM,2022-09-12,0.100558659217877,0.0
GreatLakes|ICE_BREEZE_GUM,2022-09-19,0.100558659217877,0.0
GreatLakes|ICE_BREEZE_GUM,2022-09-26,0.3016759776536313,0.0
GreatLakes|ICE_BREEZE_GUM,2022-10-03,0.0,0.0
GreatLakes|ICE_BREEZE_GUM,2022-10-10,0.0,0.0
GreatLakes|ICE_BREEZE_GUM,2022-10-17,0.0,0.0
GreatLakes|ICE_BREEZE_GUM,2022-10-24,0.0,0.1
GreatLakes|ICE_BREEZE_GUM,2022-10-31,0.0,0.1
GreatLakes|ICE_BREEZE_GUM,2022-11-07,0.0,0.0
GreatLakes|ICE_BREEZE_GUM,2022-11-14,0.0,0.0
GreatLakes|ICE_BREEZE_GUM,2022-11-21,0.0,0.0
GreatLakes|ICE_BREEZE_GUM,2022-11-28,0.2513966480446927,0.0
GreatLakes|ICE_BREEZE_GUM,2022-12-05,0.0,0.0
GreatLakes|ICE_BREEZE_GUM,2022-12-12,0.1508379888268156,0.1
GreatLakes|ICE_BREEZE_GUM,2022-12-19,0.0,0.1
GreatLakes|ICE_BREEZE_GUM,2022-12-26,0.0,0.1
GreatLakes|ICE_BREEZE_GUM,2023-01-02,0.0,0.0
GreatLakes|ICE_BREEZE_GUM,2023-01-09,0.0,0.0
GreatLakes|ICE_BREEZE_GUM,2023-01-16,0.3519553072625699,0.1
GreatLakes|ICE_BREEZE_GUM,2023-01-23,0.0,0.1
GreatLakes|ICE_BREEZE_GUM,2023-01-30,0.2011173184357542,0.1
GreatLakes|ICE_BREEZE_GUM,2023-02-06,0.0,0.1
GreatLakes|ICE_BREEZE_GUM,2023-02-13,0.1508379888268156,0.1
GreatLakes|ICE_BREEZE_GUM,2023-02-20,0.0,0.1
GreatLakes|ICE_BREEZE_GUM,2023-02-27,0.1508379888268156,0.1
GreatLakes|ICE_BREEZE_GUM,2023-03-06,0.0,0.1
GreatLakes|ICE_BREEZE_GUM,2023-03-13,0.0,0.1
GreatLakes|ICE_BREEZE_GUM,2023-03-20,0.0,0.1
GreatLakes|ICE_BREEZE_GUM,2023-03-27,0.1508379888268156,0.1
GreatLakes|ICE_BREEZE_GUM,2023-04-03,0.0,0.1
GreatLakes|ICE_BREEZE_GUM,2023-04-10,0.0,0.1
GreatLakes|ICE_BREEZE_GUM,2023-04-17,0.0,0.1
GreatLakes|ICE_BREEZE_GUM,2023-04-24,0.2513966480446927,0.1
GreatLakes|ICE_BREEZE_GUM,2023-05-01,0.0,0.1
GreatLakes|ICE_BREEZE_GUM,2023-05-08,0.100558659217877,0.1
GreatLakes|ICE_BREEZE_GUM,2023-05-15,0.3519553072625699,0.1
GreatLakes|ICE_BREEZE_GUM,2023-05-22,0.3519553072625699,0.1
GreatLakes|ICE_BREEZE_GUM,2023-05-29,0.3016759776536313,0.1
GreatLakes|ICE_BREEZE_GUM,2023-06-05,0.100558659217877,0.1
GreatLakes|ICE_BREEZE_GUM,2023-06-12,0.0,0.1
GreatLakes|ICE_BREEZE_GUM,2023-06-19,0.0,0.1
GreatLakes|ICE_BREEZE_GUM,2023-06-26,0.3016759776536313,0.1
GreatLakes|ICE_BREEZE_GUM,2023-07-03,0.0,0.0
GreatLakes|ICE_BREEZE_GUM,2023-07-10,0.0,0.0
GreatLakes|ICE_BREEZE_GUM,2023-07-17,0.0,0.0
GreatLakes|ICE_BREEZE_GUM,2023-07-24,0.0,0.0
GreatLakes|ICE_BREEZE_GUM,2023-07-31,0.0,0.0
GreatLakes|ICE_BREEZE_GUM,2023-08-07,0.0,0.0
GreatLakes|ICE_BREEZE_GUM,2023-08-14,0.0,0.0
GreatLakes|ICE_BREEZE_GUM,2023-08-21,0.0,0.0
GreatLakes|ICE_BREEZE_GUM,2023-08-28,0.0,0.0
GreatLakes|ICE_BREEZE_GUM,2023-09-04,0.0,0.0
GreatLakes|ICE_BREEZE_GUM,2023-09-11,0.2011173184357542,0.0
GreatLakes|ICE_BREEZE_GUM,2023-09-18,0.0,0.0
GreatLakes|ICE_BREEZE_GUM,2023-09-25,0.1508379888268156,0.0
GreatLakes|ICE_BREEZE_GUM,2023-10-02,0.0,0.0
GreatLakes|ICE_BREEZE_GUM,2023-10-09,0.0,0.0
GreatLakes|ICE_BREEZE_GUM,2023-10-16,0.0,0.0
GreatLakes|ICE_BREEZE_GUM,2023-10-23,0.0,0.1
GreatLakes|ICE_BREEZE_GUM,2023-10-30,0.0,0.1
GreatLakes|ICE_BREEZE_GUM,2023-11-06,0.0,0.0
GreatLakes|ICE_BREEZE_GUM,2023-11-13,0.2011173184357542,0.0
GreatLakes|ICE_BREEZE_GUM,2023-11-20,0.0,0.0
GreatLakes|ICE_BREEZE_GUM,2023-11-27,0.1508379888268156,0.0
GreatLakes|ICE_BREEZE_GUM,2023-12-04,0.2011173184357542,0.1
GreatLakes|ICE_BREEZE_GUM,2023-12-11,0.0,0.1
GreatLakes|ICE_BREEZE_GUM,2023-12-18,0.3016759776536313,0.1
GreatLakes|ICE_BREEZE_GUM,2023-12-25,0.1508379888268156,0.1
GreatLakes|JUICY_CHEWS_PEG,2021-01-04,0.0,0.0
GreatLakes|JUICY_CHEWS_PEG,2021-01-11,0.0,0.0
GreatLakes|JUICY_CHEWS_PEG,2021-01-18,0.3510971786833856,0.0
GreatLakes|JUICY_CHEWS_PEG,2021-01-25,0.0,0.0
GreatLakes|JUICY_CHEWS_PEG,2021-02-01,0.2006269592476489,0.0
GreatLakes|JUICY_CHEWS_PEG,2021-02-08,0.1504702194357366,0.1
GreatLakes|JUICY_CHEWS_PEG,2021-02-15,0.0,0.1
GreatLakes|JUICY_CHEWS_PEG,2021-02-22,0.3009404388714733,0.0
GreatLakes|JUICY_CHEWS_PEG,2021-03-01,0.3009404388714733,0.0
GreatLakes|JUICY_CHEWS_PEG,2021-03-08,0.0,0.0
GreatLakes|JUICY_CHEWS_PEG,2021-03-15,0.0,0.0
GreatLakes|JUICY_CHEWS_PEG,2021-03-22,0.0,0.0
GreatLakes|JUICY_CHEWS_PEG,2021-03-29,0.0,0.0
GreatLakes|JUICY_CHEWS_PEG,2021-04-05,0.0,0.1
GreatLakes|JUICY_CHEWS_PEG,2021-04-12,0.0,0.1
GreatLakes|JUICY_CHEWS_PEG,2021-04-19,0.0,0.0
GreatLakes|JUICY_CHEWS_PEG,2021-04-26,0.0,0.0
GreatLakes|JUICY_CHEWS_PEG,2021-05-03,0.0,0.0
GreatLakes|JUICY_CHEWS_PEG,2021-05-10,0.3009404388714733,0.0
GreatLakes|JUICY_CHEWS_PEG,2021-05-17,0.250783699059561,0.0
GreatLakes|JUICY_CHEWS_PEG,2021-05-24,0.1504702194357366,0.0
GreatLakes|JUICY_CHEWS_PEG,2021-05-31,0.0,0.0
GreatLakes|JUICY_CHEWS_PEG,2021-06-07,0.0,0.0
GreatLakes|JUICY_CHEWS_PEG,2021-06-14,0.0,0.0
GreatLakes|JUICY_CHEWS_PEG,2021-06-21,0.0,0.0
GreatLakes|JUICY_CHEWS_PEG,2021-06-28,0.1504702194357366,0.0
GreatLakes|JUICY_CHEWS_PEG,2021-07-05,0.1003134796238244,0.0
GreatLakes|JUICY_CHEWS_PEG,2021-07-12,0.250783699059561,0.0
GreatLakes|JUICY_CHEWS_PEG,2021-07-19,0.0,0.0
GreatLakes|JUICY_CHEWS_PEG,2021-07-26,0.3510971786833856,0.0
GreatLakes|JUICY_CHEWS_PEG,2021-08-02,0.0,0.0
GreatLakes|JUICY_CHEWS_PEG,2021-08-09,0.0,0.0
GreatLakes|JUICY_CHEWS_PEG,2021-08-16,0.0,0.0
GreatLakes|JUICY_CHEWS_PEG,2021-08-23,0.0,0.0
GreatLakes|JUICY_CHEWS_PEG,2021-08-30,0.0,0.0
GreatLakes|JUICY_CHEWS_PEG,2021-09-06,0.3510971786833856,0.0
GreatLakes|JUICY_CHEWS_PEG,2021-09-13,0.0,0.0
GreatLakes|JUICY_CHEWS_PEG,2021-09-20,0.0,0.0
GreatLakes|JUICY_CHEWS_PEG,2021-09-27,0.1504702194357366,0.0
GreatLakes|JUICY_CHEWS_PEG,2021-10-04,0.0,0.0
GreatLakes|JUICY_CHEWS_PEG,2021-10-11,0.0,0.0
GreatLakes|JUICY_CHEWS_PEG,2021-10-18,0.0,0.1
GreatLakes|JUICY_CHEWS_PEG,2021-10-25,0.0,0.1
GreatLakes|JUICY_CHEWS_PEG,2021-11-01,0.0,0.0
GreatLakes|JUICY_CHEWS_PEG,2021-11-08,0.0,0.0
GreatLakes|JUICY_CHEWS_PEG,2021-11-15,0.0,0.0
GreatLakes|JUICY_CHEWS_PEG,2021-11-22,0.3009404388714733,0.0
GreatLakes|JUICY_CHEWS_PEG,2021-11-29,0.2006269592476489,0.0
GreatLakes|JUICY_CHEWS_PEG,2021-12-06,0.2006269592476489,0.0
GreatLakes|JUICY_CHEWS_PEG,2021-12-13,0.0,0.1
GreatLakes|JUICY_CHEWS_PEG,2021-12-20,0.0,0.1
GreatLakes|JUICY_CHEWS_PEG,2021-12-27,0.0,0.0
GreatLakes|JUICY_CHEWS_PEG,2022-01-03,0.3510971786833856,0.0
GreatLakes|JUICY_CHEWS_PEG,2022-01-10,0.250783699059561,0.0
GreatLakes|JUICY_CHEWS_PEG,2022-01-17,0.0,0.0
GreatLakes|JUICY_CHEWS_PEG,2022-01-24,0.250783699059561,0.0
GreatLakes|JUICY_CHEWS_PEG,2022-01-31,0.0,0.0
GreatLakes|JUICY_CHEWS_PEG,2022-02-07,0.3510971786833856,0.1
GreatLakes|JUICY_CHEWS_PEG,2022-02-14,0.0,0.1
GreatLakes|JUICY_CHEWS_PEG,2022-02-21,0.0,0.1
GreatLakes|JUICY_CHEWS_PEG,2022-02-28,0.0,0.1
GreatLakes|JUICY_CHEWS_PEG,2022-03-07,0.2006269592476489,0.1
GreatLakes|JUICY_CHEWS_PEG,2022-03-14,0.0,0.1
GreatLakes|JUICY_CHEWS_PEG,2022-03-21,0.0,0.1
GreatLakes|JUICY_CHEWS_PEG,2022-03-28,0.3510971786833856,0.1
GreatLakes|JUICY_CHEWS_PEG,2022-04-04,0.2006269592476489,0.1
GreatLakes|JUICY_CHEWS_PEG,2022-04-11,0.0,0.1
GreatLakes|JUICY_CHEWS_PEG,2022-04-18,0.0,0.1
GreatLakes|JUICY_CHEWS_PEG,2022-04-25,0.0,0.1
GreatLakes|JUICY_CHEWS_PEG,2022-05-02,0.0,0.1
GreatLakes|JUICY_CHEWS_PEG,2022-05-09,0.2006269592476489,0.1
GreatLakes|JUICY_CHEWS_PEG,2022-05-16,0.1003134796238244,0.0
GreatLakes|JUICY_CHEWS_PEG,2022-05-23,0.0,0.1
GreatLakes|JUICY_CHEWS_PEG,2022-05-30,0.0,0.1
GreatLakes|JUICY_CHEWS_PEG,2022-06-06,0.1504702194357366,0.0
GreatLakes|JUICY_CHEWS_PEG,2022-06-13,0.0,0.0
GreatLakes|JUICY_CHEWS_PEG,2022-06-20,0.0,0.0
GreatLakes|JUICY_CHEWS_PEG,2022-06-27,0.250783699059561,0.0
GreatLakes|JUICY_CHEWS_PEG,2022-07-04,0.0,0.0
GreatLakes|JUICY_CHEWS_PEG,2022-07-11,0.0,0.0
GreatLakes|JUICY_CHEWS_PEG,2022-07-18,0.0,0.0
GreatLakes|JUICY_CHEWS_PEG,2022-07-25,0.0,0.0
GreatLakes|JUICY_CHEWS_PEG,2022-08-01,0.0,0.0
GreatLakes|JUICY_CHEWS_PEG,2022-08-08,0.0,0.0
GreatLakes|JUICY_CHEWS_PEG,2022-08-15,0.3009404388714733,0.0
GreatLakes|JUICY_CHEWS_PEG,2022-08-22,0.0,0.0
GreatLakes|JUICY_CHEWS_PEG,2022-08-29,0.0,0.0
GreatLakes|JUICY_CHEWS_PEG,2022-09-05,0.250783699059561,0.0
GreatLakes|JUICY_CHEWS_PEG,2022-09-12,0.0,0.0
GreatLakes|JUICY_CHEWS_PEG,2022-09-19,0.0,0.0
GreatLakes|JUICY_CHEWS_PEG,2022-09-26,0.0,0.0
GreatLakes|JUICY_CHEWS_PEG,2022-10-03,0.1504702194357366,0.0
GreatLakes|JUICY_CHEWS_PEG,2022-10-10,0.0,0.0
GreatLakes|JUICY_CHEWS_PEG,2022-10-17,0.0,0.0
GreatLakes|JUICY_CHEWS_PEG,2022-10-24,0.0,0.1
GreatLakes|JUICY_CHEWS_PEG,2022-10-31,0.2006269592476489,0.1
GreatLakes|JUICY_CHEWS_PEG,2022-11-07,0.1504702194357366,0.0
GreatLakes|JUICY_CHEWS_PEG,2022-11-14,0.0,0.0
GreatLakes|JUICY_CHEWS_PEG,2022-11-21,0.0,0.0
GreatLakes|JUICY_CHEWS_PEG,2022-11-28,0.0,0.0
GreatLakes|JUICY_CHEWS_PEG,2022-12-05,0.0,0.0
GreatLakes|JUICY_CHEWS_PEG,2022-12-12,0.0,0.1
GreatLakes|JUICY_CHEWS_PEG,2022-12-19,0.3510971786833856,0.1
GreatLakes|JUICY_CHEWS_PEG,2022-12-26,0.2006269592476489,0.1
GreatLakes|JUICY_CHEWS_PEG,2023-01-02,0.0,0.0
GreatLakes|JUICY_CHEWS_PEG,2023-01-09,0.0,0.1
GreatLakes|JUICY_CHEWS_PEG,2023-01-16,0.250783699059561,0.0
GreatLakes|JUICY_CHEWS_PEG,2023-01-23,0.0,0.0
GreatLakes|JUICY_CHEWS_PEG,2023-01-30,0.1003134796238244,0.1
GreatLakes|JUICY_CHEWS_PEG,2023-02-06,0.250783699059561,0.1
GreatLakes|JUICY_CHEWS_PEG,2023-02-13,0.250783699059561,0.1
GreatLakes|JUICY_CHEWS_PEG,2023-02-20,0.0,0.0
GreatLakes|JUICY_CHEWS_PEG,2023-02-27,0.0,0.0
GreatLakes|JUICY_CHEWS_PEG,2023-03-06,0.1003134796238244,0.0
GreatLakes|JUICY_CHEWS_PEG,2023-03-13,0.3510971786833856,0.1
GreatLakes|JUICY_CHEWS_PEG,2023-03-20,0.0,0.1
GreatLakes|JUICY_CHEWS_PEG,2023-03-27,0.0,0.1
GreatLakes|JUICY_CHEWS_PEG,2023-04-03,0.0,0.1
GreatLakes|JUICY_CHEWS_PEG,2023-04-10,0.0,0.1
GreatLakes|JUICY_CHEWS_PEG,2023-04-17,0.0,0.1
GreatLakes|JUICY_CHEWS_PEG,2023-04-24,0.0,0.1
GreatLakes|JUICY_CHEWS_PEG,2023-05-01,0.0,0.0
GreatLakes|JUICY_CHEWS_PEG,2023-05-08,0.0,0.1
GreatLakes|JUICY_CHEWS_PEG,2023-05-15,0.0,0.1
GreatLakes|JUICY_CHEWS_PEG,2023-05-22,0.0,0.0
GreatLakes|JUICY_CHEWS_PEG,2023-05-29,0.0,0.1
GreatLakes|JUICY_CHEWS_PEG,2023-06-05,0.0,0.1
GreatLakes|JUICY_CHEWS_PEG,2023-06-12,0.0,0.1
GreatLakes|JUICY_CHEWS_PEG,2023-06-19,0.1504702194357366,0.1
GreatLakes|JUICY_CHEWS_PEG,2023-06-26,0.3510971786833856,0.0
GreatLakes|JUICY_CHEWS_PEG,2023-07-03,0.3009404388714733,0.0
GreatLakes|JUICY_CHEWS_PEG,2023-07-10,0.0,0.0
GreatLakes|JUICY_CHEWS_PEG,2023-07-17,0.2006269592476489,0.0
GreatLakes|JUICY_CHEWS_PEG,2023-07-24,0.0,0.0
GreatLakes|JUICY_CHEWS_PEG,2023-07-31,0.0,0.0
GreatLakes|JUICY_CHEWS_PEG,2023-08-07,0.0,0.0
GreatLakes|JUICY_CHEWS_PEG,2023-08-14,0.0,0.0
GreatLakes|JUICY_CHEWS_PEG,2023-08-21,0.0,0.0
GreatLakes|JUICY_CHEWS_PEG,2023-08-28,0.3510971786833856,0.0
GreatLakes|JUICY_CHEWS_PEG,2023-09-04,0.0,0.0
GreatLakes|JUICY_CHEWS_PEG,2023-09-11,0.0,0.0
GreatLakes|JUICY_CHEWS_PEG,2023-09-18,0.250783699059561,0.0
GreatLakes|JUICY_CHEWS_PEG,2023-09-25,0.3510971786833856,0.0
GreatLakes|JUICY_CHEWS_PEG,2023-10-02,0.2006269592476489,0.0
GreatLakes|JUICY_CHEWS_PEG,2023-10-09,0.0,0.0
GreatLakes|JUICY_CHEWS_PEG,2023-10-16,0.2006269592476489,0.0
GreatLakes|JUICY_CHEWS_PEG,2023-10-23,0.0,0.1
GreatLakes|JUICY_CHEWS_PEG,2023-10-30,0.0,0.1
GreatLakes|JUICY_CHEWS_PEG,2023-11-06,0.250783699059561,0.0
GreatLakes|JUICY_CHEWS_PEG,2023-11-13,0.0,0.1
GreatLakes|JUICY_CHEWS_PEG,2023-11-20,0.0,0.0
GreatLakes|JUICY_CHEWS_PEG,2023-11-27,0.1504702194357366,0.1
GreatLakes|JUICY_CHEWS_PEG,2023-12-04,0.3510971786833856,0.1
GreatLakes|JUICY_CHEWS_PEG,2023-12-11,0.0,0.1
GreatLakes|JUICY_CHEWS_PEG,2023-12-18,0.3009404388714733,0.1
GreatLakes|JUICY_CHEWS_PEG,2023-12-25,0.0,0.1
GreatLakes|NUTTY_CARAMEL_SINGLE,2021-01-04,0.0,0.1
GreatLakes|NUTTY_CARAMEL_SINGLE,2021-01-11,0.0,0.0
GreatLakes|NUTTY_CARAMEL_SINGLE,2021-01-18,0.3488372093023256,0.0
GreatLakes|NUTTY_CARAMEL_SINGLE,2021-01-25,0.1007751937984497,0.0
GreatLakes|NUTTY_CARAMEL_SINGLE,2021-02-01,0.2015503875968992,0.0
GreatLakes|NUTTY_CARAMEL_SINGLE,2021-02-08,0.1007751937984497,0.1
GreatLakes|NUTTY_CARAMEL_SINGLE,2021-02-15,0.3488372093023256,0.1
GreatLakes|NUTTY_CARAMEL_SINGLE,2021-02-22,0.0,0.1
GreatLakes|NUTTY_CARAMEL_SINGLE,2021-03-01,0.1472868217054263,0.0
GreatLakes|NUTTY_CARAMEL_SINGLE,2021-03-08,0.0,0.0
GreatLakes|NUTTY_CARAMEL_SINGLE,2021-03-15,0.0,0.0
GreatLakes|NUTTY_CARAMEL_SINGLE,2021-03-22,0.0,0.0
GreatLakes|NUTTY_CARAMEL_SINGLE,2021-03-29,0.0,0.0
GreatLakes|NUTTY_CARAMEL_SINGLE,2021-04-05,0.0,0.1
GreatLakes|NUTTY_CARAMEL_SINGLE,2021-04-12,0.0,0.1
GreatLakes|NUTTY_CARAMEL_SINGLE,2021-04-19,0.0,0.0
GreatLakes|NUTTY_CARAMEL_SINGLE,2021-04-26,0.3023255813953488,0.0
GreatLakes|NUTTY_CARAMEL_SINGLE,2021-05-03,0.3488372093023256,0.0
GreatLakes|NUTTY_CARAMEL_SINGLE,2021-05-10,0.0,0.0
GreatLakes|NUTTY_CARAMEL_SINGLE,2021-05-17,0.1472868217054263,0.0
GreatLakes|NUTTY_CARAMEL_SINGLE,2021-05-24,0.0,0.0
GreatLakes|NUTTY_CARAMEL_SINGLE,2021-05-31,0.0,0.0
GreatLakes|NUTTY_CARAMEL_SINGLE,2021-06-07,0.0,0.0
GreatLakes|NUTTY_CARAMEL_SINGLE,2021-06-14,0.2015503875968992,0.0
GreatLakes|NUTTY_CARAMEL_SINGLE,2021-06-21,0.0,0.0
GreatLakes|NUTTY_CARAMEL_SINGLE,2021-06-28,0.0,0.0
GreatLakes|NUTTY_CARAMEL_SINGLE,2021-07-05,0.0,0.0
GreatLakes|NUTTY_CARAMEL_SINGLE,2021-07-12,0.1007751937984497,0.0
GreatLakes|NUTTY_CARAMEL_SINGLE,2021-07-19,0.2015503875968992,0.0
GreatLakes|NUTTY_CARAMEL_SINGLE,2021-07-26,0.0,0.0
GreatLakes|NUTTY_CARAMEL_SINGLE,2021-08-02,0.0,0.0
GreatLakes|NUTTY_CARAMEL_SINGLE,2021-08-09,0.0,0.0
GreatLakes|NUTTY_CARAMEL_SINGLE,2021-08-16,0.0,0.0
GreatLakes|NUTTY_CARAMEL_SINGLE,2021-08-23,0.248062015503876,0.0
GreatLakes|NUTTY_CARAMEL_SINGLE,2021-08-30,0.0,0.0
GreatLakes|NUTTY_CARAMEL_SINGLE,2021-09-06,0.3488372093023256,0.0
GreatLakes|NUTTY_CARAMEL_SINGLE,2021-09-13,0.0,0.0
GreatLakes|NUTTY_CARAMEL_SINGLE,2021-09-20,0.1007751937984497,0.0
GreatLakes|NUTTY_CARAMEL_SINGLE,2021-09-27,0.0,0.0
GreatLakes|NUTTY_CARAMEL_SINGLE,2021-10-04,0.0,0.0
GreatLakes|NUTTY_CARAMEL_SINGLE,2021-10-11,0.3023255813953488,0.0
GreatLakes|NUTTY_CARAMEL_SINGLE,2021-10-18,0.0,0.1
GreatLakes|NUTTY_CARAMEL_SINGLE,2021-10-25,0.0,0.1
GreatLakes|NUTTY_CARAMEL_SINGLE,2021-11-01,0.0,0.0
GreatLakes|NUTTY_CARAMEL_SINGLE,2021-11-08,0.0,0.1
GreatLakes|NUTTY_CARAMEL_SINGLE,2021-11-15,0.0,0.1
GreatLakes|NUTTY_CARAMEL_SINGLE,2021-11-22,0.0,0.1
GreatLakes|NUTTY_CARAMEL_SINGLE,2021-11-29,0.3488372093023256,0.0
GreatLakes|NUTTY_CARAMEL_SINGLE,2021-12-06,0.1007751937984497,0.1
GreatLakes|NUTTY_CARAMEL_SINGLE,2021-12-13,0.0,0.1
GreatLakes|NUTTY_CARAMEL_SINGLE,2021-12-20,0.0,0.1
GreatLakes|NUTTY_CARAMEL_SINGLE,2021-12-27,0.0,0.1
GreatLakes|NUTTY_CARAMEL_SINGLE,2022-01-03,0.1472868217054263,0.1
GreatLakes|NUTTY_CARAMEL_SINGLE,2022-01-10,0.0,0.1
GreatLakes|NUTTY_CARAMEL_SINGLE,2022-01-17,0.0,0.0
GreatLakes|NUTTY_CARAMEL_SINGLE,2022-01-24,0.0,0.1
GreatLakes|NUTTY_CARAMEL_SINGLE,2022-01-31,0.0,0.0
GreatLakes|NUTTY_CARAMEL_SINGLE,2022-02-07,0.0,0.1
GreatLakes|NUTTY_CARAMEL_SINGLE,2022-02-14,0.0,0.1
GreatLakes|NUTTY_CARAMEL_SINGLE,2022-02-21,0.2015503875968992,0.1
GreatLakes|NUTTY_CARAMEL_SINGLE,2022-02-28,0.0,0.0
GreatLakes|NUTTY_CARAMEL_SINGLE,2022-03-07,0.0,0.0
GreatLakes|NUTTY_CARAMEL_SINGLE,2022-03-14,0.0,0.1
GreatLakes|NUTTY_CARAMEL_SINGLE,2022-03-21,0.3488372093023256,0.0
GreatLakes|NUTTY_CARAMEL_SINGLE,2022-03-28,0.0,0.0
GreatLakes|NUTTY_CARAMEL_SINGLE,2022-04-04,0.0,0.1
GreatLakes|NUTTY_CARAMEL_SINGLE,2022-04-11,0.3488372093023256,0.1
GreatLakes|NUTTY_CARAMEL_SINGLE,2022-04-18,0.0,0.1
GreatLakes|NUTTY_CARAMEL_SINGLE,2022-04-25,0.0,0.0
GreatLakes|NUTTY_CARAMEL_SINGLE,2022-05-02,0.0,0.0
GreatLakes|NUTTY_CARAMEL_SINGLE,2022-05-09,0.1472868217054263,0.0
GreatLakes|NUTTY_CARAMEL_SINGLE,2022-05-16,0.248062015503876,0.0
GreatLakes|NUTTY_CARAMEL_SINGLE,2022-05-23,0.1007751937984497,0.0
GreatLakes|NUTTY_CARAMEL_SINGLE,2022-05-30,0.0,0.0
GreatLakes|NUTTY_CARAMEL_SINGLE,2022-06-06,0.2015503875968992,0.0
GreatLakes|NUTTY_CARAMEL_SINGLE,2022-06-13,0.0,0.0
GreatLakes|NUTTY_CARAMEL_SINGLE,2022-06-20,0.3023255813953488,0.0
GreatLakes|NUTTY_CARAMEL_SINGLE,2022-06-27,0.0,0.0
GreatLakes|NUTTY_CARAMEL_SINGLE,2022-07-04,0.0,0.0
GreatLakes|NUTTY_CARAMEL_SINGLE,2022-07-11,0.1472868217054263,0.0
GreatLakes|NUTTY_CARAMEL_SINGLE,2022-07-18,0.3023255813953488,0.0
GreatLakes|NUTTY_CARAMEL_SINGLE,2022-07-25,0.0,0.0
GreatLakes|NUTTY_CARAMEL_SINGLE,2022-08-01,0.3488372093023256,0.0
GreatLakes|NUTTY_CARAMEL_SINGLE,2022-08-08,0.0,0.0
GreatLakes|NUTTY_CARAMEL_SINGLE,2022-08-15,0.1472868217054263,0.0
GreatLakes|NUTTY_CARAMEL_SINGLE,2022-08-22,0.0,0.0
GreatLakes|NUTTY_CARAMEL_SINGLE,2022-08-29,0.0,0.0
GreatLakes|NUTTY_CARAMEL_SINGLE,2022-09-05,0.3023255813953488,0.0
GreatLakes|NUTTY_CARAMEL_SINGLE,2022-09-12,0.3488372093023256,0.0
GreatLakes|NUTTY_CARAMEL_SINGLE,2022-09-19,0.0,0.0
GreatLakes|NUTTY_CARAMEL_SINGLE,2022-09-26,0.0,0.0
GreatLakes|NUTTY_CARAMEL_SINGLE,2022-10-03,0.3023255813953488,0.0
GreatLakes|NUTTY_CARAMEL_SINGLE,2022-10-10,0.1007751937984497,0.0
GreatLakes|NUTTY_CARAMEL_SINGLE,2022-10-17,0.0,0.1
GreatLakes|NUTTY_CARAMEL_SINGLE,2022-10-24,0.0,0.1
GreatLakes|NUTTY_CARAMEL_SINGLE,2022-10-31,0.0,0.1
GreatLakes|NUTTY_CARAMEL_SINGLE,2022-11-07,0.0,0.0
GreatLakes|NUTTY_CARAMEL_SINGLE,2022-11-14,0.0,0.1
GreatLakes|NUTTY_CARAMEL_SINGLE,2022-11-21,0.248062015503876,0.1
GreatLakes|NUTTY_CARAMEL_SINGLE,2022-11-28,0.248062015503876,0.1
GreatLakes|NUTTY_CARAMEL_SINGLE,2022-12-05,0.0,0.1
GreatLakes|NUTTY_CARAMEL_SINGLE,2022-12-12,0.3023255813953488,0.1
GreatLakes|NUTTY_CARAMEL_SINGLE,2022-12-19,0.2015503875968992,0.1
GreatLakes|NUTTY_CARAMEL_SINGLE,2022-12-26,0.0,0.1
GreatLakes|NUTTY_CARAMEL_SINGLE,2023-01-02,0.0,0.1
GreatLakes|NUTTY_CARAMEL_SINGLE,2023-01-09,0.0,0.1
GreatLakes|NUTTY_CARAMEL_SINGLE,2023-01-16,0.3023255813953488,0.1
GreatLakes|NUTTY_CARAMEL_SINGLE,2023-01-23,0.0,0.1
GreatLakes|NUTTY_CARAMEL_SINGLE,2023-01-30,0.3488372093023256,0.1
GreatLakes|NUTTY_CARAMEL_SINGLE,2023-02-06,0.248062015503876,0.1
GreatLakes|NUTTY_CARAMEL_SINGLE,2023-02-13,0.0,0.1
GreatLakes|NUTTY_CARAMEL_SINGLE,2023-02-20,0.1472868217054263,0.1
GreatLakes|NUTTY_CARAMEL_SINGLE,2023-02-27,0.0,0.0
GreatLakes|NUTTY_CARAMEL_SINGLE,2023-03-06,0.1007751937984497,0.0
GreatLakes|NUTTY_CARAMEL_SINGLE,2023-03-13,0.0,0.0
GreatLakes|NUTTY_CARAMEL_SINGLE,2023-03-20,0.0,0.0
GreatLakes|NUTTY_CARAMEL_SINGLE,2023-03-27,0.0,0.1
GreatLakes|NUTTY_CARAMEL_SINGLE,2023-04-03,0.2015503875968992,0.1
GreatLakes|NUTTY_CARAMEL_SINGLE,2023-04-10,0.0,0.1
GreatLakes|NUTTY_CARAMEL_SINGLE,2023-04-17,0.0,0.1
GreatLakes|NUTTY_CARAMEL_SINGLE,2023-04-24,0.248062015503876,0.0
GreatLakes|NUTTY_CARAMEL_SINGLE,2023-05-01,0.0,0.0
GreatLakes|NUTTY_CARAMEL_SINGLE,2023-05-08,0.1472868217054263,0.0
GreatLakes|NUTTY_CARAMEL_SINGLE,2023-05-15,0.0,0.0
GreatLakes|NUTTY_CARAMEL_SINGLE,2023-05-22,0.1472868217054263,0.0
GreatLakes|NUTTY_CARAMEL_SINGLE,2023-05-29,0.1472868217054263,0.0
GreatLakes|NUTTY_CARAMEL_SINGLE,2023-06-05,0.0,0.0
GreatLakes|NUTTY_CARAMEL_SINGLE,2023-06-12,0.0,0.0
GreatLakes|NUTTY_CARAMEL_SINGLE,2023-06-19,0.0,0.0
GreatLakes|NUTTY_CARAMEL_SINGLE,2023-06-26,0.0,0.0
GreatLakes|NUTTY_CARAMEL_SINGLE,2023-07-03,0.0,0.0
GreatLakes|NUTTY_CARAMEL_SINGLE,2023-07-10,0.0,0.0
GreatLakes|NUTTY_CARAMEL_SINGLE,2023-07-17,0.0,0.0
GreatLakes|NUTTY_CARAMEL_SINGLE,2023-07-24,0.248062015503876,0.0
GreatLakes|NUTTY_CARAMEL_SINGLE,2023-07-31,0.3023255813953488,0.0
GreatLakes|NUTTY_CARAMEL_SINGLE,2023-08-07,0.0,0.0
GreatLakes|NUTTY_CARAMEL_SINGLE,2023-08-14,0.0,0.0
GreatLakes|NUTTY_CARAMEL_SINGLE,2023-08-21,0.1007751937984497,0.0
GreatLakes|NUTTY_CARAMEL_SINGLE,2023-08-28,0.0,0.0
GreatLakes|NUTTY_CARAMEL_SINGLE,2023-09-04,0.0,0.0
GreatLakes|NUTTY_CARAMEL_SINGLE,2023-09-11,0.0,0.0
GreatLakes|NUTTY_CARAMEL_SINGLE,2023-09-18,0.3023255813953488,0.1
GreatLakes|NUTTY_CARAMEL_SINGLE,2023-09-25,0.0,0.0
GreatLakes|NUTTY_CARAMEL_SINGLE,2023-10-02,0.0,0.0
GreatLakes|NUTTY_CARAMEL_SINGLE,2023-10-09,0.1007751937984497,0.1
GreatLakes|NUTTY_CARAMEL_SINGLE,2023-10-16,0.1007751937984497,0.0
GreatLakes|NUTTY_CARAMEL_SINGLE,2023-10-23,0.0,0.1
GreatLakes|NUTTY_CARAMEL_SINGLE,2023-10-30,0.1007751937984497,0.1
GreatLakes|NUTTY_CARAMEL_SINGLE,2023-11-06,0.1007751937984497,0.1
GreatLakes|NUTTY_CARAMEL_SINGLE,2023-11-13,0.0,0.1
GreatLakes|NUTTY_CARAMEL_SINGLE,2023-11-20,0.0,0.0
GreatLakes|NUTTY_CARAMEL_SINGLE,2023-11-27,0.3488372093023256,0.1
GreatLakes|NUTTY_CARAMEL_SINGLE,2023-12-04,0.0,0.1
GreatLakes|NUTTY_CARAMEL_SINGLE,2023-12-11,0.0,0.1
GreatLakes|NUTTY_CARAMEL_SINGLE,2023-12-18,0.0,0.1
GreatLakes|NUTTY_CARAMEL_SINGLE,2023-12-25,0.0,0.1
GreatLakes|TOFFEE_BISCUIT_SINGLE,2021-01-04,0.0,0.0
GreatLakes|TOFFEE_BISCUIT_SINGLE,2021-01-11,0.3488372093023256,0.0
GreatLakes|TOFFEE_BISCUIT_SINGLE,2021-01-18,0.0,0.0
GreatLakes|TOFFEE_BISCUIT_SINGLE,2021-01-25,0.0,0.0
GreatLakes|TOFFEE_BISCUIT_SINGLE,2021-02-01,0.0,0.0
GreatLakes|TOFFEE_BISCUIT_SINGLE,2021-02-08,0.0,0.1
GreatLakes|TOFFEE_BISCUIT_SINGLE,2021-02-15,0.0,0.1
GreatLakes|TOFFEE_BISCUIT_SINGLE,2021-02-22,0.0,0.0
GreatLakes|TOFFEE_BISCUIT_SINGLE,2021-03-01,0.1007751937984497,0.0
GreatLakes|TOFFEE_BISCUIT_SINGLE,2021-03-08,0.3488372093023256,0.0
GreatLakes|TOFFEE_BISCUIT_SINGLE,2021-03-15,0.0,0.0
GreatLakes|TOFFEE_BISCUIT_SINGLE,2021-03-22,0.248062015503876,0.0
GreatLakes|TOFFEE_BISCUIT_SINGLE,2021-03-29,0.2015503875968992,0.0
GreatLakes|TOFFEE_BISCUIT_SINGLE,2021-04-05,0.0,0.1
GreatLakes|TOFFEE_BISCUIT_SINGLE,2021-04-12,0.248062015503876,0.1
GreatLakes|TOFFEE_BISCUIT_SINGLE,2021-04-19,0.0,0.0
GreatLakes|TOFFEE_BISCUIT_SINGLE,2021-04-26,0.0,0.0
GreatLakes|TOFFEE_BISCUIT_SINGLE,2021-05-03,0.0,0.0
GreatLakes|TOFFEE_BISCUIT_SINGLE,2021-05-10,0.3488372093023256,0.0
GreatLakes|TOFFEE_BISCUIT_SINGLE,2021-05-17,0.0,0.0
GreatLakes|TOFFEE_BISCUIT_SINGLE,2021-05-24,0.0,0.0
GreatLakes|TOFFEE_BISCUIT_SINGLE,2021-05-31,0.0,0.0
GreatLakes|TOFFEE_BISCUIT_SINGLE,2021-06-07,0.0,0.0
GreatLakes|TOFFEE_BISCUIT_SINGLE,2021-06-14,0.0,0.0
GreatLakes|TOFFEE_BISCUIT_SINGLE,2021-06-21,0.3023255813953488,0.0
GreatLakes|TOFFEE_BISCUIT_SINGLE,2021-06-28,0.0,0.0
GreatLakes|TOFFEE_BISCUIT_SINGLE,2021-07-05,0.0,0.0
GreatLakes|TOFFEE_BISCUIT_SINGLE,2021-07-12,0.0,0.0
GreatLakes|TOFFEE_BISCUIT_SINGLE,2021-07-19,0.0,0.0
GreatLakes|TOFFEE_BISCUIT_SINGLE,2021-07-26,0.3488372093023256,0.0
GreatLakes|TOFFEE_BISCUIT_SINGLE,2021-08-02,0.1007751937984497,0.0
GreatLakes|TOFFEE_BISCUIT_SINGLE,2021-08-09,0.0,0.0
GreatLakes|TOFFEE_BISCUIT_SINGLE,2021-08-16,0.0,0.0
GreatLakes|TOFFEE_BISCUIT_SINGLE,2021-08-23,0.0,0.0
GreatLakes|TOFFEE_BISCUIT_SINGLE,2021-08-30,0.1007751937984497,0.0
GreatLakes|TOFFEE_BISCUIT_SINGLE,2021-09-06,0.1007751937984497,0.0
GreatLakes|TOFFEE_BISCUIT_SINGLE,2021-09-13,0.0,0.0
GreatLakes|TOFFEE_BISCUIT_SINGLE,2021-09-20,0.0,0.0
GreatLakes|TOFFEE_BISCUIT_SINGLE,2021-09-27,0.0,0.0
GreatLakes|TOFFEE_BISCUIT_SINGLE,2021-10-04,0.0,0.0
GreatLakes|TOFFEE_BISCUIT_SINGLE,2021-10-11,0.0,0.0
GreatLakes|TOFFEE_BISCUIT_SINGLE,2021-10-18,0.0,0.1
GreatLakes|TOFFEE_BISCUIT_SINGLE,2021-10-25,0.1007751937984497,0.1
GreatLakes|TOFFEE_BISCUIT_SINGLE,2021-11-01,0.0,0.0
GreatLakes|TOFFEE_BISCUIT_SINGLE,2021-11-08,0.0,0.1
GreatLakes|TOFFEE_BISCUIT_SINGLE,2021-11-15,0.0,0.1
GreatLakes|TOFFEE_BISCUIT_SINGLE,2021-11-22,0.0,0.0
GreatLakes|TOFFEE_BISCUIT_SINGLE,2021-11-29,0.0,0.0
GreatLakes|TOFFEE_BISCUIT_SINGLE,2021-12-06,0.0,0.0
GreatLakes|TOFFEE_BISCUIT_SINGLE,2021-12-13,0.0,0.1
GreatLakes|TOFFEE_BISCUIT_SINGLE,2021-12-20,0.0,0.1
GreatLakes|TOFFEE_BISCUIT_SINGLE,2021-12-27,0.0,0.1
GreatLakes|TOFFEE_BISCUIT_SINGLE,2022-01-03,0.0,0.1
GreatLakes|TOFFEE_BISCUIT_SINGLE,2022-01-10,0.248062015503876,0.0
GreatLakes|TOFFEE_BISCUIT_SINGLE,2022-01-17,0.1007751937984497,0.1
GreatLakes|TOFFEE_BISCUIT_SINGLE,2022-01-24,0.0,0.0
GreatLakes|TOFFEE_BISCUIT_SINGLE,2022-01-31,0.0,0.1
GreatLakes|TOFFEE_BISCUIT_SINGLE,2022-02-07,0.0,0.1
GreatLakes|TOFFEE_BISCUIT_SINGLE,2022-02-14,0.0,0.1
GreatLakes|TOFFEE_BISCUIT_SINGLE,2022-02-21,0.0,0.0
GreatLakes|TOFFEE_BISCUIT_SINGLE,2022-02-28,0.1472868217054263,0.0
GreatLakes|TOFFEE_BISCUIT_SINGLE,2022-03-07,0.248062015503876,0.0
GreatLakes|TOFFEE_BISCUIT_SINGLE,2022-03-14,0.0,0.0
GreatLakes|TOFFEE_BISCUIT_SINGLE,2022-03-21,0.3023255813953488,0.0
GreatLakes|TOFFEE_BISCUIT_SINGLE,2022-03-28,0.0,0.0
GreatLakes|TOFFEE_BISCUIT_SINGLE,2022-04-04,0.0,0.1
GreatLakes|TOFFEE_BISCUIT_SINGLE,2022-04-11,0.0,0.1
GreatLakes|TOFFEE_BISCUIT_SINGLE,2022-04-18,0.0,0.1
GreatLakes|TOFFEE_BISCUIT_SINGLE,2022-04-25,0.0,0.0
GreatLakes|TOFFEE_BISCUIT_SINGLE,2022-05-02,0.0,0.0
GreatLakes|TOFFEE_BISCUIT_SINGLE,2022-05-09,0.0,0.0
GreatLakes|TOFFEE_BISCUIT_SINGLE,2022-05-16,0.248062015503876,0.0
GreatLakes|TOFFEE_BISCUIT_SINGLE,2022-05-23,0.0,0.0
GreatLakes|TOFFEE_BISCUIT_SINGLE,2022-05-30,0.3023255813953488,0.0
GreatLakes|TOFFEE_BISCUIT_SINGLE,2022-06-06,0.0,0.0
GreatLakes|TOFFEE_BISCUIT_SINGLE,2022-06-13,0.0,0.0
GreatLakes|TOFFEE_BISCUIT_SINGLE,2022-06-20,0.0,0.0
GreatLakes|TOFFEE_BISCUIT_SINGLE,2022-06-27,0.3488372093023256,0.0
GreatLakes|TOFFEE_BISCUIT_SINGLE,2022-07-04,0.248062015503876,0.0
GreatLakes|TOFFEE_BISCUIT_SINGLE,2022-07-11,0.0,0.0
GreatLakes|TOFFEE_BISCUIT_SINGLE,2022-07-18,0.0,0.0
GreatLakes|TOFFEE_BISCUIT_SINGLE,2022-07-25,0.0,0.0
GreatLakes|TOFFEE_BISCUIT_SINGLE,2022-08-01,0.1007751937984497,0.0
GreatLakes|TOFFEE_BISCUIT_SINGLE,2022-08-08,0.0,0.0
GreatLakes|TOFFEE_BISCUIT_SINGLE,2022-08-15,0.0,0.0
GreatLakes|TOFFEE_BISCUIT_SINGLE,2022-08-22,0.0,0.0
GreatLakes|TOFFEE_BISCUIT_SINGLE,2022-08-29,0.0,0.0
GreatLakes|TOFFEE_BISCUIT_SINGLE,2022-09-05,0.248062015503876,0.0
GreatLakes|TOFFEE_BISCUIT_SINGLE,2022-09-12,0.0,0.0
GreatLakes|TOFFEE_BISCUIT_SINGLE,2022-09-19,0.0,0.0
GreatLakes|TOFFEE_BISCUIT_SINGLE,2022-09-26,0.0,0.0
GreatLakes|TOFFEE_BISCUIT_SINGLE,2022-10-03,0.0,0.0
GreatLakes|TOFFEE_BISCUIT_SINGLE,2022-10-10,0.0,0.0
GreatLakes|TOFFEE_BISCUIT_SINGLE,2022-10-17,0.1007751937984497,0.1
GreatLakes|TOFFEE_BISCUIT_SINGLE,2022-10-24,0.0,0.1
GreatLakes|TOFFEE_BISCUIT_SINGLE,2022-10-31,0.0,0.1
GreatLakes|TOFFEE_BISCUIT_SINGLE,2022-11-07,0.248062015503876,0.1
GreatLakes|TOFFEE_BISCUIT_SINGLE,2022-11-14,0.1007751937984497,0.0
GreatLakes|TOFFEE_BISCUIT_SINGLE,2022-11-21,0.1007751937984497,0.0
GreatLakes|TOFFEE_BISCUIT_SINGLE,2022-11-28,0.0,0.1
GreatLakes|TOFFEE_BISCUIT_SINGLE,2022-12-05,0.0,0.1
GreatLakes|TOFFEE_BISCUIT_SINGLE,2022-12-12,0.0,0.1
GreatLakes|TOFFEE_BISCUIT_SINGLE,2022-12-19,0.0,0.1
GreatLakes|TOFFEE_BISCUIT_SINGLE,2022-12-26,0.0,0.1
GreatLakes|TOFFEE_BISCUIT_SINGLE,2023-01-02,0.0,0.1
GreatLakes|TOFFEE_BISCUIT_SINGLE,2023-01-09,0.0,0.0
GreatLakes|TOFFEE_BISCUIT_SINGLE,2023-01-16,0.0,0.0
GreatLakes|TOFFEE_BISCUIT_SINGLE,2023-01-23,0.3488372093023256,0.1
GreatLakes|TOFFEE_BISCUIT_SINGLE,2023-01-30,0.1007751937984497,0.0
GreatLakes|TOFFEE_BISCUIT_SINGLE,2023-02-06,0.0,0.1
GreatLakes|TOFFEE_BISCUIT_SINGLE,2023-02-13,0.0,0.1
GreatLakes|TOFFEE_BISCUIT_SINGLE,2023-02-20,0.0,0.0
GreatLakes|TOFFEE_BISCUIT_SINGLE,2023-02-27,0.0,0.0
GreatLakes|TOFFEE_BISCUIT_SINGLE,2023-03-06,0.0,0.0
GreatLakes|TOFFEE_BISCUIT_SINGLE,2023-03-13,0.0,0.0
GreatLakes|TOFFEE_BISCUIT_SINGLE,2023-03-20,0.248062015503876,0.0
GreatLakes|TOFFEE_BISCUIT_SINGLE,2023-03-27,0.0,0.0
GreatLakes|TOFFEE_BISCUIT_SINGLE,2023-04-03,0.0,0.1
GreatLakes|TOFFEE_BISCUIT_SINGLE,2023-04-10,0.2015503875968992,0.1
GreatLakes|TOFFEE_BISCUIT_SINGLE,2023-04-17,0.0,0.1
GreatLakes|TOFFEE_BISCUIT_SINGLE,2023-04-24,0.0,0.0
GreatLakes|TOFFEE_BISCUIT_SINGLE,2023-05-01,0.1472868217054263,0.0
GreatLakes|TOFFEE_BISCUIT_SINGLE,2023-05-08,0.0,0.0
GreatLakes|TOFFEE_BISCUIT_SINGLE,2023-05-15,0.0,0.0
GreatLakes|TOFFEE_BISCUIT_SINGLE,2023-05-22,0.0,0.0
GreatLakes|TOFFEE_BISCUIT_SINGLE,2023-05-29,0.0,0.0
GreatLakes|TOFFEE_BISCUIT_SINGLE,2023-06-05,0.0,0.0
GreatLakes|TOFFEE_BISCUIT_SINGLE,2023-06-12,0.3023255813953488,0.0
GreatLakes|TOFFEE_BISCUIT_SINGLE,2023-06-19,0.0,0.0
GreatLakes|TOFFEE_BISCUIT_SINGLE,2023-06-26,0.1472868217054263,0.0
GreatLakes|TOFFEE_BISCUIT_SINGLE,2023-07-03,0.1472868217054263,0.0
GreatLakes|TOFFEE_BISCUIT_SINGLE,2023-07-10,0.3023255813953488,0.0
GreatLakes|TOFFEE_BISCUIT_SINGLE,2023-07-17,0.0,0.0
GreatLakes|TOFFEE_BISCUIT_SINGLE,2023-07-24,0.0,0.0
GreatLakes|TOFFEE_BISCUIT_SINGLE,2023-07-31,0.0,0.0
GreatLakes|TOFFEE_BISCUIT_SINGLE,2023-08-07,0.0,0.0
GreatLakes|TOFFEE_BISCUIT_SINGLE,2023-08-14,0.0,0.0
GreatLakes|TOFFEE_BISCUIT_SINGLE,2023-08-21,0.0,0.0
GreatLakes|TOFFEE_BISCUIT_SINGLE,2023-08-28,0.248062015503876,0.0
GreatLakes|TOFFEE_BISCUIT_SINGLE,2023-09-04,0.0,0.0
GreatLakes|TOFFEE_BISCUIT_SINGLE,2023-09-11,0.0,0.0
GreatLakes|TOFFEE_BISCUIT_SINGLE,2023-09-18,0.0,0.0
GreatLakes|TOFFEE_BISCUIT_SINGLE,2023-09-25,0.0,0.0
GreatLakes|TOFFEE_BISCUIT_SINGLE,2023-10-02,0.0,0.0
GreatLakes|TOFFEE_BISCUIT_SINGLE,2023-10-09,0.0,0.0
GreatLakes|TOFFEE_BISCUIT_SINGLE,2023-10-16,0.248062015503876,0.1
GreatLakes|TOFFEE_BISCUIT_SINGLE,2023-10-23,0.0,0.1
GreatLakes|TOFFEE_BISCUIT_SINGLE,2023-10-30,0.3488372093023256,0.1
GreatLakes|TOFFEE_BISCUIT_SINGLE,2023-11-06,0.3023255813953488,0.1
GreatLakes|TOFFEE_BISCUIT_SINGLE,2023-11-13,0.3488372093023256,0.1
GreatLakes|TOFFEE_BISCUIT_SINGLE,2023-11-20,0.0,0.1
GreatLakes|TOFFEE_BISCUIT_SINGLE,2023-11-27,0.0,0.0
GreatLakes|TOFFEE_BISCUIT_SINGLE,2023-12-04,0.0,0.1
GreatLakes|TOFFEE_BISCUIT_SINGLE,2023-12-11,0.3023255813953488,0.1
GreatLakes|TOFFEE_BISCUIT_SINGLE,2023-12-18,0.2015503875968992,0.1
GreatLakes|TOFFEE_BISCUIT_SINGLE,2023-12-25,0.3488372093023256,0.1
Northeast|ARCTIC_MINT_GUM,2021-01-04,0.0,0.0
Northeast|ARCTIC_MINT_GUM,2021-01-11,0.0,0.0
Northeast|ARCTIC_MINT_GUM,2021-01-18,0.1508379888268156,0.0
Northeast|ARCTIC_MINT_GUM,2021-01-25,0.2513966480446927,0.0
Northeast|ARCTIC_MINT_GUM,2021-02-01,0.0,0.0
Northeast|ARCTIC_MINT_GUM,2021-02-08,0.0,0.1
Northeast|ARCTIC_MINT_GUM,2021-02-15,0.0,0.1
Northeast|ARCTIC_MINT_GUM,2021-02-22,0.0,0.0
Northeast|ARCTIC_MINT_GUM,2021-03-01,0.0,0.0
Northeast|ARCTIC_MINT_GUM,2021-03-08,0.0,0.0
Northeast|ARCTIC_MINT_GUM,2021-03-15,0.1508379888268156,0.0
Northeast|ARCTIC_MINT_GUM,2021-03-22,0.0,0.0
Northeast|ARCTIC_MINT_GUM,2021-03-29,0.0,0.0
Northeast|ARCTIC_MINT_GUM,2021-04-05,0.0,0.1
Northeast|ARCTIC_MINT_GUM,2021-04-12,0.1508379888268156,0.1
Northeast|ARCTIC_MINT_GUM,2021-04-19,0.0,0.0
Northeast|ARCTIC_MINT_GUM,2021-04-26,0.0,0.0
Northeast|ARCTIC_MINT_GUM,2021-05-03,0.2011173184357542,0.0
Northeast|ARCTIC_MINT_GUM,2021-05-10,0.0,0.0
Northeast|ARCTIC_MINT_GUM,2021-05-17,0.2011173184357542,0.0
Northeast|ARCTIC_MINT_GUM,2021-05-24,0.0,0.0
Northeast|ARCTIC_MINT_GUM,2021-05-31,0.1508379888268156,0.0
Northeast|ARCTIC_MINT_GUM,2021-06-07,0.0,0.0
Northeast|ARCTIC_MINT_GUM,2021-06-14,0.0,0.0
Northeast|ARCTIC_MINT_GUM,2021-06-21,0.3016759776536313,0.0
Northeast|ARCTIC_MINT_GUM,2021-06-28,0.0,0.0
Northeast|ARCTIC_MINT_GUM,2021-07-05,0.0,0.0
Northeast|ARCTIC_MINT_GUM,2021-07-12,0.0,0.0
Northeast|ARCTIC_MINT_GUM,2021-07-19,0.0,0.0
Northeast|ARCTIC_MINT_GUM,2021-07-26,0.3519553072625699,0.0
Northeast|ARCTIC_MINT_GUM,2021-08-02,0.0,0.0
Northeast|ARCTIC_MINT_GUM,2021-08-09,0.100558659217877,0.0
Northeast|ARCTIC_MINT_GUM,2021-08-16,0.0,0.0
Northeast|ARCTIC_MINT_GUM,2021-08-23,0.1508379888268156,0.0
Northeast|ARCTIC_MINT_GUM,2021-08-30,0.2011173184357542,0.0
Northeast|ARCTIC_MINT_GUM,2021-09-06,0.0,0.0
Northeast|ARCTIC_MINT_GUM,2021-09-13,0.0,0.0
Northeast|ARCTIC_MINT_GUM,2021-09-20,0.0,0.0
Northeast|ARCTIC_MINT_GUM,2021-09-27,0.3016759776536313,0.0
Northeast|ARCTIC_MINT_GUM,2021-10-04,0.0,0.0
Northeast|ARCTIC_MINT_GUM,2021-10-11,0.0,0.0
Northeast|ARCTIC_MINT_GUM,2021-10-18,0.3016759776536313,0.1
Northeast|ARCTIC_MINT_GUM,2021-10-25,0.0,0.1
Northeast|ARCTIC_MINT_GUM,2021-11-01,0.0,0.0
Northeast|ARCTIC_MINT_GUM,2021-11-08,0.0,0.0
Northeast|ARCTIC_MINT_GUM,2021-11-15,0.0,0.0
Northeast|ARCTIC_MINT_GUM,2021-11-22,0.0,0.0
Northeast|ARCTIC_MINT_GUM,2021-11-29,0.0,0.0
Northeast|ARCTIC_MINT_GUM,2021-12-06,0.0,0.0
Northeast|ARCTIC_MINT_GUM,2021-12-13,0.0,0.1
Northeast|ARCTIC_MINT_GUM,2021-12-20,0.0,0.1
Northeast|ARCTIC_MINT_GUM,2021-12-27,0.0,0.0
Northeast|ARCTIC_MINT_GUM,2022-01-03,0.0,0.0
Northeast|ARCTIC_MINT_GUM,2022-01-10,0.0,0.0
Northeast|ARCTIC_MINT_GUM,2022-01-17,0.0,0.0
Northeast|ARCTIC_MINT_GUM,2022-01-24,0.0,0.0
Northeast|ARCTIC_MINT_GUM,2022-01-31,0.0,0.0
Northeast|ARCTIC_MINT_GUM,2022-02-07,0.0,0.1
Northeast|ARCTIC_MINT_GUM,2022-02-14,0.3519553072625699,0.1
Northeast|ARCTIC_MINT_GUM,2022-02-21,0.2513966480446927,0.1
Northeast|ARCTIC_MINT_GUM,2022-02-28,0.0,0.1
Northeast|ARCTIC_MINT_GUM,2022-03-07,0.0,0.1
Northeast|ARCTIC_MINT_GUM,2022-03-14,0.0,0.1
Northeast|ARCTIC_MINT_GUM,2022-03-21,0.0,0.0
Northeast|ARCTIC_MINT_GUM,2022-03-28,0.100558659217877,0.0
Northeast|ARCTIC_MINT_GUM,2022-04-04,0.1508379888268156,0.1
Northeast|ARCTIC_MINT_GUM,2022-04-11,0.1508379888268156,0.1
Northeast|ARCTIC_MINT_GUM,2022-04-18,0.0,0.1
Northeast|ARCTIC_MINT_GUM,2022-04-25,0.3016759776536313,0.1
Northeast|ARCTIC_MINT_GUM,2022-05-02,0.0,0.1
Northeast|ARCTIC_MINT_GUM,2022-05-09,0.100558659217877,0.1
Northeast|ARCTIC_MINT_GUM,2022-05-16,0.0,0.1
Northeast|ARCTIC_MINT_GUM,2022-05-23,0.0,0.0
Northeast|ARCTIC_MINT_GUM,2022-05-30,0.0,0.1
Northeast|ARCTIC_MINT_GUM,2022-06-06,0.0,0.0
Northeast|ARCTIC_MINT_GUM,2022-06-13,0.2513966480446927,0.0
Northeast|ARCTIC_MINT_GUM,2022-06-20,0.0,0.0
Northeast|ARCTIC_MINT_GUM,2022-06-27,0.0,0.0
Northeast|ARCTIC_MINT_GUM,2022-07-04,0.2011173184357542,0.0
Northeast|ARCTIC_MINT_GUM,2022-07-11,0.0,0.0
Northeast|ARCTIC_MINT_GUM,2022-07-18,0.0,0.0
Northeast|ARCTIC_MINT_GUM,2022-07-25,0.0,0.0
Northeast|ARCTIC_MINT_GUM,2022-08-01,0.0,0.0
Northeast|ARCTIC_MINT_GUM,2022-08-08,0.3016759776536313,0.0
Northeast|ARCTIC_MINT_GUM,2022-08-15,0.0,0.0
Northeast|ARCTIC_MINT_GUM,2022-08-22,0.100558659217877,0.0
Northeast|ARCTIC_MINT_GUM,2022-08-29,0.0,0.0
Northeast|ARCTIC_MINT_GUM,2022-09-05,0.2513966480446927,0.0
Northeast|ARCTIC_MINT_GUM,2022-09-12,0.0,0.0
Northeast|ARCTIC_MINT_GUM,2022-09-19,0.3519553072625699,0.0
Northeast|ARCTIC_MINT_GUM,2022-09-26,0.0,0.0
Northeast|ARCTIC_MINT_GUM,2022-10-03,0.0,0.0
Northeast|ARCTIC_MINT_GUM,2022-10-10,0.0,0.0
Northeast|ARCTIC_MINT_GUM,2022-10-17,0.0,0.0
Northeast|ARCTIC_MINT_GUM,2022-10-24,0.0,0.1
Northeast|ARCTIC_MINT_GUM,2022-10-31,0.0,0.1
Northeast|ARCTIC_MINT_GUM,2022-11-07,0.3519553072625699,0.0
Northeast|ARCTIC_MINT_GUM,2022-11-14,0.0,0.0
Northeast|ARCTIC_MINT_GUM,2022-11-21,0.3519553072625699,0.0
Northeast|ARCTIC_MINT_GUM,2022-11-28,0.0,0.0
Northeast|ARCTIC_MINT_GUM,2022-12-05,0.2011173184357542,0.0
Northeast|ARCTIC_MINT_GUM,2022-12-12,0.0,0.1
Northeast|ARCTIC_MINT_GUM,2022-12-19,0.100558659217877,0.1
Northeast|ARCTIC_MINT_GUM,2022-12-26,0.1508379888268156,0.1
Northeast|ARCTIC_MINT_GUM,2023-01-02,0.1508379888268156,0.0
Northeast|ARCTIC_MINT_GUM,2023-01-09,0.0,0.0
Northeast|ARCTIC_MINT_GUM,2023-01-16,0.0,0.1
Northeast|ARCTIC_MINT_GUM,2023-01-23,0.2513966480446927,0.1
Northeast|ARCTIC_MINT_GUM,2023-01-30,0.0,0.1
Northeast|ARCTIC_MINT_GUM,2023-02-06,0.0,0.1
Northeast|ARCTIC_MINT_GUM,2023-02-13,0.0,0.1
Northeast|ARCTIC_MINT_GUM,2023-02-20,0.0,0.1
Northeast|ARCTIC_MINT_GUM,2023-02-27,0.0,0.0
Northeast|ARCTIC_MINT_GUM,2023-03-06,0.1508379888268156,0.0
Northeast|ARCTIC_MINT_GUM,2023-03-13,0.0,0.0
Northeast|ARCTIC_MINT_GUM,2023-03-20,0.100558659217877,0.0
Northeast|ARCTIC_MINT_GUM,2023-03-27,0.0,0.1
Northeast|ARCTIC_MINT_GUM,2023-04-03,0.2011173184357542,0.1
Northeast|ARCTIC_MINT_GUM,2023-04-10,0.0,0.1
Northeast|ARCTIC_MINT_GUM,2023-04-17,0.0,0.1
Northeast|ARCTIC_MINT_GUM,2023-04-24,0.3016759776536313,0.0
Northeast|ARCTIC_MINT_GUM,2023-05-01,0.0,0.1
Northeast|ARCTIC_MINT_GUM,2023-05-08,0.0,0.0
Northeast|ARCTIC_MINT_GUM,2023-05-15,0.3016759776536313,0.1
Northeast|ARCTIC_MINT_GUM,2023-05-22,0.0,0.1
Northeast|ARCTIC_MINT_GUM,2023-05-29,0.0,0.0
Northeast|ARCTIC_MINT_GUM,2023-06-05,0.3016759776536313,0.0
Northeast|ARCTIC_MINT_GUM,2023-06-12,0.100558659217877,0.1
Northeast|ARCTIC_MINT_GUM,2023-06-19,0.0,0.1
Northeast|ARCTIC_MINT_GUM,2023-06-26,0.0,0.1
Northeast|ARCTIC_MINT_GUM,2023-07-03,0.2011173184357542,0.0
Northeast|ARCTIC_MINT_GUM,2023-07-10,0.0,0.0
Northeast|ARCTIC_MINT_GUM,2023-07-17,0.0,0.0
Northeast|ARCTIC_MINT_GUM,2023-07-24,0.0,0.0
Northeast|ARCTIC_MINT_GUM,2023-07-31,0.0,0.0
Northeast|ARCTIC_MINT_GUM,2023-08-07,0.1508379888268156,0.0
Northeast|ARCTIC_MINT_GUM,2023-08-14,0.0,0.0
Northeast|ARCTIC_MINT_GUM,2023-08-21,0.2513966480446927,0.0
Northeast|ARCTIC_MINT_GUM,2023-08-28,0.0,0.0
Northeast|ARCTIC_MINT_GUM,2023-09-04,0.0,0.0
Northeast|ARCTIC_MINT_GUM,2023-09-11,0.0,0.0
Northeast|ARCTIC_MINT_GUM,2023-09-18,0.0,0.0
Northeast|ARCTIC_MINT_GUM,2023-09-25,0.0,0.0
Northeast|ARCTIC_MINT_GUM,2023-10-02,0.0,0.1
Northeast|ARCTIC_MINT_GUM,2023-10-09,0.2513966480446927,0.0
Northeast|ARCTIC_MINT_GUM,2023-10-16,0.0,0.0
Northeast|ARCTIC_MINT_GUM,2023-10-23,0.3016759776536313,0.1
Northeast|ARCTIC_MINT_GUM,2023-10-30,0.3519553072625699,0.1
Northeast|ARCTIC_MINT_GUM,2023-11-06,0.2011173184357542,0.1
Northeast|ARCTIC_MINT_GUM,2023-11-13,0.100558659217877,0.0
Northeast|ARCTIC_MINT_GUM,2023-11-20,0.2011173184357542,0.0
Northeast|ARCTIC_MINT_GUM,2023-11-27,0.0,0.1
Northeast|ARCTIC_MINT_GUM,2023-12-04,0.0,0.1
Northeast|ARCTIC_MINT_GUM,2023-12-11,0.0,0.1
Northeast|ARCTIC_MINT_GUM,2023-12-18,0.3016759776536313,0.1
Northeast|ARCTIC_MINT_GUM,2023-12-25,0.2011173184357542,0.1
Northeast|BLISS_SILK_BAR,2021-01-04,0.0,0.0
Northeast|BLISS_SILK_BAR,2021-01-11,0.0,0.0
Northeast|BLISS_SILK_BAR,2021-01-18,0.2483221476510066,0.1
Northeast|BLISS_SILK_BAR,2021-01-25,0.0,0.1
Northeast|BLISS_SILK_BAR,2021-02-01,0.0,0.0
Northeast|BLISS_SILK_BAR,2021-02-08,0.0,0.1
Northeast|BLISS_SILK_BAR,2021-02-15,0.2483221476510066,0.1
Northeast|BLISS_SILK_BAR,2021-02-22,0.348993288590604,0.0
Northeast|BLISS_SILK_BAR,2021-03-01,0.1006711409395972,0.0
Northeast|BLISS_SILK_BAR,2021-03-08,0.0,0.0
Northeast|BLISS_SILK_BAR,2021-03-15,0.0,0.0
Northeast|BLISS_SILK_BAR,2021-03-22,0.0,0.0
Northeast|BLISS_SILK_BAR,2021-03-29,0.0,0.0
Northeast|BLISS_SILK_BAR,2021-04-05,0.2483221476510066,0.1
Northeast|BLISS_SILK_BAR,2021-04-12,0.0,0.1
Northeast|BLISS_SILK_BAR,2021-04-19,0.1476510067114093,0.0
Northeast|BLISS_SILK_BAR,2021-04-26,0.0,0.0
Northeast|BLISS_SILK_BAR,2021-05-03,0.0,0.0
Northeast|BLISS_SILK_BAR,2021-05-10,0.0,0.0
Northeast|BLISS_SILK_BAR,2021-05-17,0.0,0.0
Northeast|BLISS_SILK_BAR,2021-05-24,0.0,0.0
Northeast|BLISS_SILK_BAR,2021-05-31,0.0,0.0
Northeast|BLISS_SILK_BAR,2021-06-07,0.0,0.0
Northeast|BLISS_SILK_BAR,2021-06-14,0.0,0.0
Northeast|BLISS_SILK_BAR,2021-06-21,0.0,0.0
Northeast|BLISS_SILK_BAR,2021-06-28,0.348993288590604,0.0
Northeast|BLISS_SILK_BAR,2021-07-05,0.348993288590604,0.0
Northeast|BLISS_SILK_BAR,2021-07-12,0.0,0.0
Northeast|BLISS_SILK_BAR,2021-07-19,0.0,0.0
Northeast|BLISS_SILK_BAR,2021-07-26,0.1006711409395972,0.0
Northeast|BLISS_SILK_BAR,2021-08-02,0.0,0.0
Northeast|BLISS_SILK_BAR,2021-08-09,0.0,0.0
Northeast|BLISS_SILK_BAR,2021-08-16,0.0,0.0
Northeast|BLISS_SILK_BAR,2021-08-23,0.2483221476510066,0.0
Northeast|BLISS_SILK_BAR,2021-08-30,0.2483221476510066,0.0
Northeast|BLISS_SILK_BAR,2021-09-06,0.1006711409395972,0.0
Northeast|BLISS_SILK_BAR,2021-09-13,0.0,0.0
Northeast|BLISS_SILK_BAR,2021-09-20,0.0,0.0
Northeast|BLISS_SILK_BAR,2021-09-27,0.348993288590604,0.0
Northeast|BLISS_SILK_BAR,2021-10-04,0.0,0.0
Northeast|BLISS_SILK_BAR,2021-10-11,0.1476510067114093,0.0
Northeast|BLISS_SILK_BAR,2021-10-18,0.0,0.1
Northeast|BLISS_SILK_BAR,2021-10-25,0.0,0.1
Northeast|BLISS_SILK_BAR,2021-11-01,0.2013422818791946,0.1
Northeast|BLISS_SILK_BAR,2021-11-08,0.0,0.1
Northeast|BLISS_SILK_BAR,2021-11-15,0.0,0.1
Northeast|BLISS_SILK_BAR,2021-11-22,0.3020134228187919,0.0
Northeast|BLISS_SILK_BAR,2021-11-29,0.0,0.1
Northeast|BLISS_SILK_BAR,2021-12-06,0.348993288590604,0.1
Northeast|BLISS_SILK_BAR,2021-12-13,0.1006711409395972,0.1
Northeast|BLISS_SILK_BAR,2021-12-20,0.0,0.1
Northeast|BLISS_SILK_BAR,2021-12-27,0.0,0.1
Northeast|BLISS_SILK_BAR,2022-01-03,0.0,0.0
Northeast|BLISS_SILK_BAR,2022-01-10,0.0,0.1
Northeast|BLISS_SILK_BAR,2022-01-17,0.3020134228187919,0.1
Northeast|BLISS_SILK_BAR,2022-01-24,0.2013422818791946,0.0
Northeast|BLISS_SILK_BAR,2022-01-31,0.2483221476510066,0.1
Northeast|BLISS_SILK_BAR,2022-02-07,0.1476510067114093,0.1
Northeast|BLISS_SILK_BAR,2022-02-14,0.2013422818791946,0.1
Northeast|BLISS_SILK_BAR,2022-02-21,0.0,0.1
Northeast|BLISS_SILK_BAR,2022-02-28,0.1476510067114093,0.1
Northeast|BLISS_SILK_BAR,2022-03-07,0.0,0.0
Northeast|BLISS_SILK_BAR,2022-03-14,0.0,0.0
Northeast|BLISS_SILK_BAR,2022-03-21,0.2483221476510066,0.0
Northeast|BLISS_SILK_BAR,2022-03-28,0.0,0.0
Northeast|BLISS_SILK_BAR,2022-04-04,0.1476510067114093,0.1
Northeast|BLISS_SILK_BAR,2022-04-11,0.1476510067114093,0.1
Northeast|BLISS_SILK_BAR,2022-04-18,0.1476510067114093,0.1
Northeast|BLISS_SILK_BAR,2022-04-25,0.0,0.0
Northeast|BLISS_SILK_BAR,2022-05-02,0.0,0.0
Northeast|BLISS_SILK_BAR,2022-05-09,0.0,0.0
Northeast|BLISS_SILK_BAR,2022-05-16,0.0,0.0
Northeast|BLISS_SILK_BAR,2022-05-23,0.0,0.0
Northeast|BLISS_SILK_BAR,2022-05-30,0.0,0.0
Northeast|BLISS_SILK_BAR,2022-06-06,0.0,0.0
Northeast|BLISS_SILK_BAR,2022-06-13,0.1006711409395972,0.0
Northeast|BLISS_SILK_BAR,2022-06-20,0.0,0.0
Northeast|BLISS_SILK_BAR,2022-06-27,0.0,0.0
Northeast|BLISS_SILK_BAR,2022-07-04,0.0,0.0
Northeast|BLISS_SILK_BAR,2022-07-11,0.0,0.0
Northeast|BLISS_SILK_BAR,2022-07-18,0.1476510067114093,0.0
Northeast|BLISS_SILK_BAR,2022-07-25,0.0,0.0
Northeast|BLISS_SILK_BAR,2022-08-01,0.348993288590604,0.0
Northeast|BLISS_SILK_BAR,2022-08-08,0.0,0.0
Northeast|BLISS_SILK_BAR,2022-08-15,0.2013422818791946,0.0
Northeast|BLISS_SILK_BAR,2022-08-22,0.1006711409395972,0.0
Northeast|BLISS_SILK_BAR,2022-08-29,0.1476510067114093,0.0
Northeast|BLISS_SILK_BAR,2022-09-05,0.0,0.0
Northeast|BLISS_SILK_BAR,2022-09-12,0.0,0.0
Northeast|BLISS_SILK_BAR,2022-09-19,0.1006711409395972,0.0
Northeast|BLISS_SILK_BAR,2022-09-26,0.0,0.0
Northeast|BLISS_SILK_BAR,2022-10-03,0.0,0.0
Northeast|BLISS_SILK_BAR,2022-10-10,0.0,0.1
Northeast|BLISS_SILK_BAR,2022-10-17,0.0,0.0
Northeast|BLISS_SILK_BAR,2022-10-24,0.0,0.1
Northeast|BLISS_SILK_BAR,2022-10-31,0.3020134228187919,0.1
Northeast|BLISS_SILK_BAR,2022-11-07,0.2483221476510066,0.1
Northeast|BLISS_SILK_BAR,2022-11-14,0.2013422818791946,0.1
Northeast|BLISS_SILK_BAR,2022-11-21,0.0,0.0
Northeast|BLISS_SILK_BAR,2022-11-28,0.0,0.1
Northeast|BLISS_SILK_BAR,2022-12-05,0.0,0.1
Northeast|BLISS_SILK_BAR,2022-12-12,0.2483221476510066,0.1
Northeast|BLISS_SILK_BAR,2022-12-19,0.0,0.1
Northeast|BLISS_SILK_BAR,2022-12-26,0.0,0.1
Northeast|BLISS_SILK_BAR,2023-01-02,0.0,0.1
Northeast|BLISS_SILK_BAR,2023-01-09,0.348993288590604,0.1
Northeast|BLISS_SILK_BAR,2023-01-16,0.0,0.1
Northeast|BLISS_SILK_BAR,2023-01-23,0.0,0.0
Northeast|BLISS_SILK_BAR,2023-01-30,0.1006711409395972,0.1
Northeast|BLISS_SILK_BAR,2023-02-06,0.348993288590604,0.1
Northeast|BLISS_SILK_BAR,2023-02-13,0.0,0.1
Northeast|BLISS_SILK_BAR,2023-02-20,0.0,0.0
Northeast|BLISS_SILK_BAR,2023-02-27,0.2013422818791946,0.0
Northeast|BLISS_SILK_BAR,2023-03-06,0.2013422818791946,0.1
Northeast|BLISS_SILK_BAR,2023-03-13,0.0,0.1
Northeast|BLISS_SILK_BAR,2023-03-20,0.348993288590604,0.0
Northeast|BLISS_SILK_BAR,2023-03-27,0.348993288590604,0.0
Northeast|BLISS_SILK_BAR,2023-04-03,0.0,0.1
Northeast|BLISS_SILK_BAR,2023-04-10,0.0,0.1
Northeast|BLISS_SILK_BAR,2023-04-17,0.0,0.1
Northeast|BLISS_SILK_BAR,2023-04-24,0.3020134228187919,0.0
Northeast|BLISS_SILK_BAR,2023-05-01,0.2483221476510066,0.0
Northeast|BLISS_SILK_BAR,2023-05-08,0.1476510067114093,0.0
Northeast|BLISS_SILK_BAR,2023-05-15,0.0,0.0
Northeast|BLISS_SILK_BAR,2023-05-22,0.0,0.0
Northeast|BLISS_SILK_BAR,2023-05-29,0.0,0.0
Northeast|BLISS_SILK_BAR,2023-06-05,0.0,0.0
Northeast|BLISS_SILK_BAR,2023-06-12,0.0,0.0
Northeast|BLISS_SILK_BAR,2023-06-19,0.0,0.0
Northeast|BLISS_SILK_BAR,2023-06-26,0.2483221476510066,0.0
Northeast|BLISS_SILK_BAR,2023-07-03,0.348993288590604,0.0
Northeast|BLISS_SILK_BAR,2023-07-10,0.0,0.0
Northeast|BLISS_SILK_BAR,2023-07-17,0.2013422818791946,0.0
Northeast|BLISS_SILK_BAR,2023-07-24,0.0,0.0
Northeast|BLISS_SILK_BAR,2023-07-31,0.1476510067114093,0.0
Northeast|BLISS_SILK_BAR,2023-08-07,0.0,0.0
Northeast|BLISS_SILK_BAR,2023-08-14,0.1006711409395972,0.0
Northeast|BLISS_SILK_BAR,2023-08-21,0.0,0.0
Northeast|BLISS_SILK_BAR,2023-08-28,0.0,0.0
Northeast|BLISS_SILK_BAR,2023-09-04,0.0,0.0
Northeast|BLISS_SILK_BAR,2023-09-11,0.0,0.0
Northeast|BLISS_SILK_BAR,2023-09-18,0.0,0.0
Northeast|BLISS_SILK_BAR,2023-09-25,0.0,0.0
Northeast|BLISS_SILK_BAR,2023-10-02,0.0,0.1
Northeast|BLISS_SILK_BAR,2023-10-09,0.0,0.0
Northeast|BLISS_SILK_BAR,2023-10-16,0.0,0.1
Northeast|BLISS_SILK_BAR,2023-10-23,0.2013422818791946,0.1
Northeast|BLISS_SILK_BAR,2023-10-30,0.2013422818791946,0.1
Northeast|BLISS_SILK_BAR,2023-11-06,0.1006711409395972,0.1
Northeast|BLISS_SILK_BAR,2023-11-13,0.0,0.1
Northeast|BLISS_SILK_BAR,2023-11-20,0.2013422818791946,0.1
Northeast|BLISS_SILK_BAR,2023-11-27,0.0,0.1
Northeast|BLISS_SILK_BAR,2023-12-04,0.2013422818791946,0.1
Northeast|BLISS_SILK_BAR,2023-12-11,0.0,0.1
Northeast|BLISS_SILK_BAR,2023-12-18,0.0,0.1
Northeast|BLISS_SILK_BAR,2023-12-25,0.0,0.1
Northeast|GOLDEN_MALT_POUCH,2021-01-04,0.0,0.1
Northeast|GOLDEN_MALT_POUCH,2021-01-11,0.0,0.0
Northeast|GOLDEN_MALT_POUCH,2021-01-18,0.148936170212766,0.0
Northeast|GOLDEN_MALT_POUCH,2021-01-25,0.0,0.0
Northeast|GOLDEN_MALT_POUCH,2021-02-01,0.0,0.0
Northeast|GOLDEN_MALT_POUCH,2021-02-08,0.3009118541033435,0.1
Northeast|GOLDEN_MALT_POUCH,2021-02-15,0.3495440729483282,0.1
Northeast|GOLDEN_MALT_POUCH,2021-02-22,0.1003039513677811,0.0
Northeast|GOLDEN_MALT_POUCH,2021-03-01,0.0,0.0
Northeast|GOLDEN_MALT_POUCH,2021-03-08,0.3009118541033435,0.0
Northeast|GOLDEN_MALT_POUCH,2021-03-15,0.0,0.0
Northeast|GOLDEN_MALT_POUCH,2021-03-22,0.0,0.0
Northeast|GOLDEN_MALT_POUCH,2021-03-29,0.3009118541033435,0.0
Northeast|GOLDEN_MALT_POUCH,2021-04-05,0.0,0.1
Northeast|GOLDEN_MALT_POUCH,2021-04-12,0.2006079027355623,0.1
Northeast|GOLDEN_MALT_POUCH,2021-04-19,0.0,0.0
Northeast|GOLDEN_MALT_POUCH,2021-04-26,0.1003039513677811,0.0
Northeast|GOLDEN_MALT_POUCH,2021-05-03,0.148936170212766,0.0
Northeast|GOLDEN_MALT_POUCH,2021-05-10,0.0,0.0
Northeast|GOLDEN_MALT_POUCH,2021-05-17,0.0,0.0
Northeast|GOLDEN_MALT_POUCH,2021-05-24,0.0,0.0
Northeast|GOLDEN_MALT_POUCH,2021-05-31,0.1003039513677811,0.0
Northeast|GOLDEN_MALT_POUCH,2021-06-07,0.249240121580547,0.0
Northeast|GOLDEN_MALT_POUCH,2021-06-14,0.0,0.0
Northeast|GOLDEN_MALT_POUCH,2021-06-21,0.0,0.0
Northeast|GOLDEN_MALT_POUCH,2021-06-28,0.0,0.0
Northeast|GOLDEN_MALT_POUCH,2021-07-05,0.0,0.0
Northeast|GOLDEN_MALT_POUCH,2021-07-12,0.3495440729483282,0.0
Northeast|GOLDEN_MALT_POUCH,2021-07-19,0.0,0.0
Northeast|GOLDEN_MALT_POUCH,2021-07-26,0.0,0.0
Northeast|GOLDEN_MALT_POUCH,2021-08-02,0.0,0.0
Northeast|GOLDEN_MALT_POUCH,2021-08-09,0.0,0.0
Northeast|GOLDEN_MALT_POUCH,2021-08-16,0.2006079027355623,0.0
Northeast|GOLDEN_MALT_POUCH,2021-08-23,0.0,0.0
Northeast|GOLDEN_MALT_POUCH,2021-08-30,0.0,0.0
Northeast|GOLDEN_MALT_POUCH,2021-09-06,0.0,0.0
Northeast|GOLDEN_MALT_POUCH,2021-09-13,0.1003039513677811,0.0
Northeast|GOLDEN_MALT_POUCH,2021-09-20,0.148936170212766,0.0
Northeast|GOLDEN_MALT_POUCH,2021-09-27,0.3495440729483282,0.0
Northeast|GOLDEN_MALT_POUCH,2021-10-04,0.3009118541033435,0.0
Northeast|GOLDEN_MALT_POUCH,2021-10-11,0.0,0.0
Northeast|GOLDEN_MALT_POUCH,2021-10-18,0.0,0.1
Northeast|GOLDEN_MALT_POUCH,2021-10-25,0.0,0.1
Northeast|GOLDEN_MALT_POUCH,2021-11-01,0.0,0.0
Northeast|GOLDEN_MALT_POUCH,2021-11-08,0.1003039513677811,0.0
Northeast|GOLDEN_MALT_POUCH,2021-11-15,0.0,0.1
Northeast|GOLDEN_MALT_POUCH,2021-11-22,0.0,0.1
Northeast|GOLDEN_MALT_POUCH,2021-11-29,0.3495440729483282,0.1
Northeast|GOLDEN_MALT_POUCH,2021-12-06,0.249240121580547,0.1
Northeast|GOLDEN_MALT_POUCH,2021-12-13,0.0,0.1
Northeast|GOLDEN_MALT_POUCH,2021-12-20,0.249240121580547,0.1
Northeast|GOLDEN_MALT_POUCH,2021-12-27,0.249240121580547,0.1
Northeast|GOLDEN_MALT_POUCH,2022-01-03,0.0,0.1
Northeast|GOLDEN_MALT_POUCH,2022-01-10,0.0,0.1
Northeast|GOLDEN_MALT_POUCH,2022-01-17,0.0,0.1
Northeast|GOLDEN_MALT_POUCH,2022-01-24,0.2006079027355623,0.1
Northeast|GOLDEN_MALT_POUCH,2022-01-31,0.1003039513677811,0.1
Northeast|GOLDEN_MALT_POUCH,2022-02-07,0.0,0.1
Northeast|GOLDEN_MALT_POUCH,2022-02-14,0.0,0.1
Northeast|GOLDEN_MALT_POUCH,2022-02-21,0.0,0.0
Northeast|GOLDEN_MALT_POUCH,2022-02-28,0.0,0.0
Northeast|GOLDEN_MALT_POUCH,2022-03-07,0.249240121580547,0.0
Northeast|GOLDEN_MALT_POUCH,2022-03-14,0.1003039513677811,0.0
Northeast|GOLDEN_MALT_POUCH,2022-03-21,0.0,0.0
Northeast|GOLDEN_MALT_POUCH,2022-03-28,0.249240121580547,0.0
Northeast|GOLDEN_MALT_POUCH,2022-04-04,0.0,0.1
Northeast|GOLDEN_MALT_POUCH,2022-04-11,0.0,0.1
Northeast|GOLDEN_MALT_POUCH,2022-04-18,0.0,0.1
Northeast|GOLDEN_MALT_POUCH,2022-04-25,0.0,0.0
Northeast|GOLDEN_MALT_POUCH,2022-05-02,0.0,0.0
Northeast|GOLDEN_MALT_POUCH,2022-05-09,0.2006079027355623,0.0
Northeast|GOLDEN_MALT_POUCH,2022-05-16,0.0,0.0
Northeast|GOLDEN_MALT_POUCH,2022-05-23,0.1003039513677811,0.0
Northeast|GOLDEN_MALT_POUCH,2022-05-30,0.0,0.0
Northeast|GOLDEN_MALT_POUCH,2022-06-06,0.249240121580547,0.0
Northeast|GOLDEN_MALT_POUCH,2022-06-13,0.2006079027355623,0.0
Northeast|GOLDEN_MALT_POUCH,2022-06-20,0.1003039513677811,0.0
Northeast|GOLDEN_MALT_POUCH,2022-06-27,0.0,0.0
Northeast|GOLDEN_MALT_POUCH,2022-07-04,0.148936170212766,0.0
Northeast|GOLDEN_MALT_POUCH,2022-07-11,0.249240121580547,0.0
Northeast|GOLDEN_MALT_POUCH,2022-07-18,0.0,0.0
Northeast|GOLDEN_MALT_POUCH,2022-07-25,0.0,0.0
Northeast|GOLDEN_MALT_POUCH,2022-08-01,0.0,0.0
Northeast|GOLDEN_MALT_POUCH,2022-08-08,0.0,0.0
Northeast|GOLDEN_MALT_POUCH,2022-08-15,0.0,0.0
Northeast|GOLDEN_MALT_POUCH,2022-08-22,0.0,0.0
Northeast|GOLDEN_MALT_POUCH,2022-08-29,0.249240121580547,0.0
Northeast|GOLDEN_MALT_POUCH,2022-09-05,0.0,0.0
Northeast|GOLDEN_MALT_POUCH,2022-09-12,0.0,0.0
Northeast|GOLDEN_MALT_POUCH,2022-09-19,0.2006079027355623,0.0
Northeast|GOLDEN_MALT_POUCH,2022-09-26,0.0,0.0
Northeast|GOLDEN_MALT_POUCH,2022-10-03,0.0,0.0
Northeast|GOLDEN_MALT_POUCH,2022-10-10,0.2006079027355623,0.0
Northeast|GOLDEN_MALT_POUCH,2022-10-17,0.0,0.0
Northeast|GOLDEN_MALT_POUCH,2022-10-24,0.0,0.1
Northeast|GOLDEN_MALT_POUCH,2022-10-31,0.0,0.1
Northeast|GOLDEN_MALT_POUCH,2022-11-07,0.0,0.1
Northeast|GOLDEN_MALT_POUCH,2022-11-14,0.0,0.1
Northeast|GOLDEN_MALT_POUCH,2022-11-21,0.148936170212766,0.1
Northeast|GOLDEN_MALT_POUCH,2022-11-28,0.249240121580547,0.1
Northeast|GOLDEN_MALT_POUCH,2022-12-05,0.0,0.1
Northeast|GOLDEN_MALT_POUCH,2022-12-12,0.0,0.1
Northeast|GOLDEN_MALT_POUCH,2022-12-19,0.1003039513677811,0.1
Northeast|GOLDEN_MALT_POUCH,2022-12-26,0.0,0.1
Northeast|GOLDEN_MALT_POUCH,2023-01-02,0.3009118541033435,0.1
Northeast|GOLDEN_MALT_POUCH,2023-01-09,0.0,0.1
Northeast|GOLDEN_MALT_POUCH,2023-01-16,0.0,0.1
Northeast|GOLDEN_MALT_POUCH,2023-01-23,0.0,0.1
Northeast|GOLDEN_MALT_POUCH,2023-01-30,0.0,0.1
Northeast|GOLDEN_MALT_POUCH,2023-02-06,0.249240121580547,0.1
Northeast|GOLDEN_MALT_POUCH,2023-02-13,0.0,0.1
Northeast|GOLDEN_MALT_POUCH,2023-02-20,0.0,0.1
Northeast|GOLDEN_MALT_POUCH,2023-02-27,0.0,0.1
Northeast|GOLDEN_MALT_POUCH,2023-03-06,0.0,0.0
Northeast|GOLDEN_MALT_POUCH,2023-03-13,0.0,0.0
Northeast|GOLDEN_MALT_POUCH,2023-03-20,0.3495440729483282,0.0
Northeast|GOLDEN_MALT_POUCH,2023-03-27,0.0,0.0
Northeast|GOLDEN_MALT_POUCH,2023-04-03,0.1003039513677811,0.1
Northeast|GOLDEN_MALT_POUCH,2023-04-10,0.3009118541033435,0.1
Northeast|GOLDEN_MALT_POUCH,2023-04-17,0.2006079027355623,0.1
Northeast|GOLDEN_MALT_POUCH,2023-04-24,0.148936170212766,0.0
Northeast|GOLDEN_MALT_POUCH,2023-05-01,0.0,0.0
Northeast|GOLDEN_MALT_POUCH,2023-05-08,0.249240121580547,0.0
Northeast|GOLDEN_MALT_POUCH,2023-05-15,0.0,0.0
Northeast|GOLDEN_MALT_POUCH,2023-05-22,0.0,0.0
Northeast|GOLDEN_MALT_POUCH,2023-05-29,0.0,0.0
Northeast|GOLDEN_MALT_POUCH,2023-06-05,0.0,0.0
Northeast|GOLDEN_MALT_POUCH,2023-06-12,0.0,0.0
Northeast|GOLDEN_MALT_POUCH,2023-06-19,0.0,0.0
Northeast|GOLDEN_MALT_POUCH,2023-06-26,0.0,0.0
Northeast|GOLDEN_MALT_POUCH,2023-07-03,0.2006079027355623,0.0
Northeast|GOLDEN_MALT_POUCH,2023-07-10,0.0,0.0
Northeast|GOLDEN_MALT_POUCH,2023-07-17,0.0,0.0
Northeast|GOLDEN_MALT_POUCH,2023-07-24,0.0,0.0
Northeast|GOLDEN_MALT_POUCH,2023-07-31,0.0,0.0
Northeast|GOLDEN_MALT_POUCH,2023-08-07,0.0,0.0
Northeast|GOLDEN_MALT_POUCH,2023-08-14,0.3495440729483282,0.0
Northeast|GOLDEN_MALT_POUCH,2023-08-21,0.0,0.0
Northeast|GOLDEN_MALT_POUCH,2023-08-28,0.3009118541033435,0.0
Northeast|GOLDEN_MALT_POUCH,2023-09-04,0.0,0.0
Northeast|GOLDEN_MALT_POUCH,2023-09-11,0.3495440729483282,0.0
Northeast|GOLDEN_MALT_POUCH,2023-09-18,0.1003039513677811,0.0
Northeast|GOLDEN_MALT_POUCH,2023-09-25,0.0,0.0
Northeast|GOLDEN_MALT_POUCH,2023-10-02,0.0,0.0
Northeast|GOLDEN_MALT_POUCH,2023-10-09,0.0,0.0
Northeast|GOLDEN_MALT_POUCH,2023-10-16,0.1003039513677811,0.1
Northeast|GOLDEN_MALT_POUCH,2023-10-23,0.3009118541033435,0.1
Northeast|GOLDEN_MALT_POUCH,2023-10-30,0.0,0.1
Northeast|GOLDEN_MALT_POUCH,2023-11-06,0.0,0.1
Northeast|GOLDEN_MALT_POUCH,2023-11-13,0.0,0.1
Northeast|GOLDEN_MALT_POUCH,2023-11-20,0.0,0.1
Northeast|GOLDEN_MALT_POUCH,2023-11-27,0.2006079027355623,0.1
Northeast|GOLDEN_MALT_POUCH,2023-12-04,0.0,0.1
Northeast|GOLDEN_MALT_POUCH,2023-12-11,0.249240121580547,0.1
Northeast|GOLDEN_MALT_POUCH,2023-12-18,0.0,0.1
Northeast|GOLDEN_MALT_POUCH,2023-12-25,0.0,0.1
Northeast|HAPPY_BUTTONS_PEG,2021-01-04,0.0,0.0
Northeast|HAPPY_BUTTONS_PEG,2021-01-11,0.0,0.0
Northeast|HAPPY_BUTTONS_PEG,2021-01-18,0.0,0.0
Northeast|HAPPY_BUTTONS_PEG,2021-01-25,0.0,0.0
Northeast|HAPPY_BUTTONS_PEG,2021-02-01,0.0,0.0
Northeast|HAPPY_BUTTONS_PEG,2021-02-08,0.2005730659025788,0.1
Northeast|HAPPY_BUTTONS_PEG,2021-02-15,0.0,0.1
Northeast|HAPPY_BUTTONS_PEG,2021-02-22,0.0,0.0
Northeast|HAPPY_BUTTONS_PEG,2021-03-01,0.2492836676217765,0.0
Northeast|HAPPY_BUTTONS_PEG,2021-03-08,0.3008595988538682,0.0
Northeast|HAPPY_BUTTONS_PEG,2021-03-15,0.3008595988538682,0.0
Northeast|HAPPY_BUTTONS_PEG,2021-03-22,0.0,0.0
Northeast|HAPPY_BUTTONS_PEG,2021-03-29,0.0,0.0
Northeast|HAPPY_BUTTONS_PEG,2021-04-05,0.0,0.1
Northeast|HAPPY_BUTTONS_PEG,2021-04-12,0.0,0.1
Northeast|HAPPY_BUTTONS_PEG,2021-04-19,0.0,0.0
Northeast|HAPPY_BUTTONS_PEG,2021-04-26,0.0,0.0
Northeast|HAPPY_BUTTONS_PEG,2021-05-03,0.0,0.0
Northeast|HAPPY_BUTTONS_PEG,2021-05-10,0.0,0.0
Northeast|HAPPY_BUTTONS_PEG,2021-05-17,0.0,0.0
Northeast|HAPPY_BUTTONS_PEG,2021-05-24,0.3008595988538682,0.0
Northeast|HAPPY_BUTTONS_PEG,2021-05-31,0.0,0.0
Northeast|HAPPY_BUTTONS_PEG,2021-06-07,0.2492836676217765,0.0
Northeast|HAPPY_BUTTONS_PEG,2021-06-14,0.1002865329512894,0.0
Northeast|HAPPY_BUTTONS_PEG,2021-06-21,0.2492836676217765,0.0
Northeast|HAPPY_BUTTONS_PEG,2021-06-28,0.0,0.0
Northeast|HAPPY_BUTTONS_PEG,2021-07-05,0.3008595988538682,0.0
Northeast|HAPPY_BUTTONS_PEG,2021-07-12,0.0,0.0
Northeast|HAPPY_BUTTONS_PEG,2021-07-19,0.2005730659025788,0.0
Northeast|HAPPY_BUTTONS_PEG,2021-07-26,0.0,0.0
Northeast|HAPPY_BUTTONS_PEG,2021-08-02,0.0,0.0
Northeast|HAPPY_BUTTONS_PEG,2021-08-09,0.0,0.0
Northeast|HAPPY_BUTTONS_PEG,2021-08-16,0.0,0.0
Northeast|HAPPY_BUTTONS_PEG,2021-08-23,0.0,0.0
Northeast|HAPPY_BUTTONS_PEG,2021-08-30,0.0,0.0
Northeast|HAPPY_BUTTONS_PEG,2021-09-06,0.3495702005730659,0.0
Northeast|HAPPY_BUTTONS_PEG,2021-09-13,0.0,0.0
Northeast|HAPPY_BUTTONS_PEG,2021-09-20,0.0,0.0
Northeast|HAPPY_BUTTONS_PEG,2021-09-27,0.0,0.0
Northeast|HAPPY_BUTTONS_PEG,2021-10-04,0.0,0.0
Northeast|HAPPY_BUTTONS_PEG,2021-10-11,0.0,0.0
Northeast|HAPPY_BUTTONS_PEG,2021-10-18,0.0,0.1
Northeast|HAPPY_BUTTONS_PEG,2021-10-25,0.0,0.1
Northeast|HAPPY_BUTTONS_PEG,2021-11-01,0.0,0.0
Northeast|HAPPY_BUTTONS_PEG,2021-11-08,0.0,0.0
Northeast|HAPPY_BUTTONS_PEG,2021-11-15,0.3008595988538682,0.0
Northeast|HAPPY_BUTTONS_PEG,2021-11-22,0.0,0.0
Northeast|HAPPY_BUTTONS_PEG,2021-11-29,0.0,0.0
Northeast|HAPPY_BUTTONS_PEG,2021-12-06,0.0,0.1
Northeast|HAPPY_BUTTONS_PEG,2021-12-13,0.2005730659025788,0.1
Northeast|HAPPY_BUTTONS_PEG,2021-12-20,0.0,0.1
Northeast|HAPPY_BUTTONS_PEG,2021-12-27,0.0,0.1
Northeast|HAPPY_BUTTONS_PEG,2022-01-03,0.0,0.1
Northeast|HAPPY_BUTTONS_PEG,2022-01-10,0.1002865329512894,0.1
Northeast|HAPPY_BUTTONS_PEG,2022-01-17,0.0,0.1
Northeast|HAPPY_BUTTONS_PEG,2022-01-24,0.0,0.1
Northeast|HAPPY_BUTTONS_PEG,2022-01-31,0.0,0.0
Northeast|HAPPY_BUTTONS_PEG,2022-02-07,0.0,0.1
Northeast|HAPPY_BUTTONS_PEG,2022-02-14,0.2005730659025788,0.1
Northeast|HAPPY_BUTTONS_PEG,2022-02-21,0.2492836676217765,0.0
Northeast|HAPPY_BUTTONS_PEG,2022-02-28,0.2005730659025788,0.0
Northeast|HAPPY_BUTTONS_PEG,2022-03-07,0.0,0.0
Northeast|HAPPY_BUTTONS_PEG,2022-03-14,0.0,0.0
Northeast|HAPPY_BUTTONS_PEG,2022-03-21,0.3495702005730659,0.0
Northeast|HAPPY_BUTTONS_PEG,2022-03-28,0.2005730659025788,0.0
Northeast|HAPPY_BUTTONS_PEG,2022-04-04,0.0,0.1
Northeast|HAPPY_BUTTONS_PEG,2022-04-11,0.0,0.1
Northeast|HAPPY_BUTTONS_PEG,2022-04-18,0.0,0.1
Northeast|HAPPY_BUTTONS_PEG,2022-04-25,0.0,0.0
Northeast|HAPPY_BUTTONS_PEG,2022-05-02,0.0,0.0
Northeast|HAPPY_BUTTONS_PEG,2022-05-09,0.0,0.0
Northeast|HAPPY_BUTTONS_PEG,2022-05-16,0.2492836676217765,0.0
Northeast|HAPPY_BUTTONS_PEG,2022-05-23,0.3495702005730659,0.0
Northeast|HAPPY_BUTTONS_PEG,2022-05-30,0.0,0.0
Northeast|HAPPY_BUTTONS_PEG,2022-06-06,0.1489971346704871,0.0
Northeast|HAPPY_BUTTONS_PEG,2022-06-13,0.0,0.0
Northeast|HAPPY_BUTTONS_PEG,2022-06-20,0.0,0.0
Northeast|HAPPY_BUTTONS_PEG,2022-06-27,0.0,0.0
Northeast|HAPPY_BUTTONS_PEG,2022-07-04,0.2005730659025788,0.0
Northeast|HAPPY_BUTTONS_PEG,2022-07-11,0.0,0.0
Northeast|HAPPY_BUTTONS_PEG,2022-07-18,0.0,0.0
Northeast|HAPPY_BUTTONS_PEG,2022-07-25,0.0,0.0
Northeast|HAPPY_BUTTONS_PEG,2022-08-01,0.2005730659025788,0.0
Northeast|HAPPY_BUTTONS_PEG,2022-08-08,0.2005730659025788,0.0
Northeast|HAPPY_BUTTONS_PEG,2022-08-15,0.0,0.0
Northeast|HAPPY_BUTTONS_PEG,2022-08-22,0.1002865329512894,0.0
Northeast|HAPPY_BUTTONS_PEG,2022-08-29,0.0,0.0
Northeast|HAPPY_BUTTONS_PEG,2022-09-05,0.0,0.0
Northeast|HAPPY_BUTTONS_PEG,2022-09-12,0.0,0.0
Northeast|HAPPY_BUTTONS_PEG,2022-09-19,0.2005730659025788,0.0
Northeast|HAPPY_BUTTONS_PEG,2022-09-26,0.2005730659025788,0.0
Northeast|HAPPY_BUTTONS_PEG,2022-10-03,0.0,0.0
Northeast|HAPPY_BUTTONS_PEG,2022-10-10,0.0,0.0
Northeast|HAPPY_BUTTONS_PEG,2022-10-17,0.0,0.0
Northeast|HAPPY_BUTTONS_PEG,2022-10-24,0.0,0.1
Northeast|HAPPY_BUTTONS_PEG,2022-10-31,0.2005730659025788,0.1
Northeast|HAPPY_BUTTONS_PEG,2022-11-07,0.3495702005730659,0.0
Northeast|HAPPY_BUTTONS_PEG,2022-11-14,0.0,0.1
Northeast|HAPPY_BUTTONS_PEG,2022-11-21,0.0,0.0
Northeast|HAPPY_BUTTONS_PEG,2022-11-28,0.0,0.1
Northeast|HAPPY_BUTTONS_PEG,2022-12-05,0.3495702005730659,0.1
Northeast|HAPPY_BUTTONS_PEG,2022-12-12,0.3495702005730659,0.1
Northeast|HAPPY_BUTTONS_PEG,2022-12-19,0.0,0.1
Northeast|HAPPY_BUTTONS_PEG,2022-12-26,0.0,0.1
Northeast|HAPPY_BUTTONS_PEG,2023-01-02,0.0,0.0
Northeast|HAPPY_BUTTONS_PEG,2023-01-09,0.0,0.0
Northeast|HAPPY_BUTTONS_PEG,2023-01-16,0.0,0.1
Northeast|HAPPY_BUTTONS_PEG,2023-01-23,0.0,0.1
Northeast|HAPPY_BUTTONS_PEG,2023-01-30,0.0,0.1
Northeast|HAPPY_BUTTONS_PEG,2023-02-06,0.0,0.1
Northeast|HAPPY_BUTTONS_PEG,2023-02-13,0.2492836676217765,0.1
Northeast|HAPPY_BUTTONS_PEG,2023-02-20,0.3495702005730659,0.0
Northeast|HAPPY_BUTTONS_PEG,2023-02-27,0.0,0.1
Northeast|HAPPY_BUTTONS_PEG,2023-03-06,0.2005730659025788,0.1
Northeast|HAPPY_BUTTONS_PEG,2023-03-13,0.0,0.0
Northeast|HAPPY_BUTTONS_PEG,2023-03-20,0.0,0.0
Northeast|HAPPY_BUTTONS_PEG,2023-03-27,0.0,0.0
Northeast|HAPPY_BUTTONS_PEG,2023-04-03,0.0,0.1
Northeast|HAPPY_BUTTONS_PEG,2023-04-10,0.0,0.1
Northeast|HAPPY_BUTTONS_PEG,2023-04-17,0.3495702005730659,0.1
Northeast|HAPPY_BUTTONS_PEG,2023-04-24,0.0,0.0
Northeast|HAPPY_BUTTONS_PEG,2023-05-01,0.0,0.0
Northeast|HAPPY_BUTTONS_PEG,2023-05-08,0.3008595988538682,0.0
Northeast|HAPPY_BUTTONS_PEG,2023-05-15,0.1489971346704871,0.0
Northeast|HAPPY_BUTTONS_PEG,2023-05-22,0.0,0.0
Northeast|HAPPY_BUTTONS_PEG,2023-05-29,0.2492836676217765,0.0
Northeast|HAPPY_BUTTONS_PEG,2023-06-05,0.0,0.0
Northeast|HAPPY_BUTTONS_PEG,2023-06-12,0.0,0.0
Northeast|HAPPY_BUTTONS_PEG,2023-06-19,0.0,0.0
Northeast|HAPPY_BUTTONS_PEG,2023-06-26,0.0,0.0
Northeast|HAPPY_BUTTONS_PEG,2023-07-03,0.3008595988538682,0.0
Northeast|HAPPY_BUTTONS_PEG,2023-07-10,0.0,0.0
Northeast|HAPPY_BUTTONS_PEG,2023-07-17,0.0,0.0
Northeast|HAPPY_BUTTONS_PEG,2023-07-24,0.0,0.0
Northeast|HAPPY_BUTTONS_PEG,2023-07-31,0.0,0.0
Northeast|HAPPY_BUTTONS_PEG,2023-08-07,0.1002865329512894,0.0
Northeast|HAPPY_BUTTONS_PEG,2023-08-14,0.1002865329512894,0.0
Northeast|HAPPY_BUTTONS_PEG,2023-08-21,0.0,0.0
Northeast|HAPPY_BUTTONS_PEG,2023-08-28,0.0,0.0
Northeast|HAPPY_BUTTONS_PEG,2023-09-04,0.0,0.0
Northeast|HAPPY_BUTTONS_PEG,2023-09-11,0.2005730659025788,0.0
Northeast|HAPPY_BUTTONS_PEG,2023-09-18,0.0,0.0
Northeast|HAPPY_BUTTONS_PEG,2023-09-25,0.0,0.0
Northeast|HAPPY_BUTTONS_PEG,2023-10-02,0.0,0.0
Northeast|HAPPY_BUTTONS_PEG,2023-10-09,0.0,0.0
Northeast|HAPPY_BUTTONS_PEG,2023-10-16,0.0,0.1
Northeast|HAPPY_BUTTONS_PEG,2023-10-23,0.1489971346704871,0.1
Northeast|HAPPY_BUTTONS_PEG,2023-10-30,0.0,0.1
Northeast|HAPPY_BUTTONS_PEG,2023-11-06,0.0,0.1
Northeast|HAPPY_BUTTONS_PEG,2023-11-13,0.1489971346704871,0.1
Northeast|HAPPY_BUTTONS_PEG,2023-11-20,0.1489971346704871,0.0
Northeast|HAPPY_BUTTONS_PEG,2023-11-27,0.0,0.1
Northeast|HAPPY_BUTTONS_PEG,2023-12-04,0.0,0.1
Northeast|HAPPY_BUTTONS_PEG,2023-12-11,0.1002865329512894,0.1
Northeast|HAPPY_BUTTONS_PEG,2023-12-18,0.0,0.1
Northeast|HAPPY_BUTTONS_PEG,2023-12-25,0.0,0.1
Northeast|ICE_BREEZE_GUM,2021-01-04,0.0,0.0
Northeast|ICE_BREEZE_GUM,2021-01-11,0.3016759776536313,0.0
Northeast|ICE_BREEZE_GUM,2021-01-18,0.1508379888268156,0.0
Northeast|ICE_BREEZE_GUM,2021-01-25,0.2513966480446927,0.0
Northeast|ICE_BREEZE_GUM,2021-02-01,0.1508379888268156,0.0
Northeast|ICE_BREEZE_GUM,2021-02-08,0.0,0.1
Northeast|ICE_BREEZE_GUM,2021-02-15,0.0,0.1
Northeast|ICE_BREEZE_GUM,2021-02-22,0.0,0.0
Northeast|ICE_BREEZE_GUM,2021-03-01,0.0,0.0
Northeast|ICE_BREEZE_GUM,2021-03-08,0.0,0.0
Northeast|ICE_BREEZE_GUM,2021-03-15,0.0,0.0
Northeast|ICE_BREEZE_GUM,2021-03-22,0.2011173184357542,0.0
Northeast|ICE_BREEZE_GUM,2021-03-29,0.2011173184357542,0.0
Northeast|ICE_BREEZE_GUM,2021-04-05,0.0,0.1
Northeast|ICE_BREEZE_GUM,2021-04-12,0.0,0.1
Northeast|ICE_BREEZE_GUM,2021-04-19,0.3519553072625699,0.0
Northeast|ICE_BREEZE_GUM,2021-04-26,0.0,0.0
Northeast|ICE_BREEZE_GUM,2021-05-03,0.0,0.0
Northeast|ICE_BREEZE_GUM,2021-05-10,0.0,0.0
Northeast|ICE_BREEZE_GUM,2021-05-17,0.2513966480446927,0.0
Northeast|ICE_BREEZE_GUM,2021-05-24,0.0,0.0
Northeast|ICE_BREEZE_GUM,2021-05-31,0.2011173184357542,0.0
Northeast|ICE_BREEZE_GUM,2021-06-07,0.0,0.0
Northeast|ICE_BREEZE_GUM,2021-06-14,0.0,0.0
Northeast|ICE_BREEZE_GUM,2021-06-21,0.0,0.0
Northeast|ICE_BREEZE_GUM,2021-06-28,0.0,0.0
Northeast|ICE_BREEZE_GUM,2021-07-05,0.3016759776536313,0.0
Northeast|ICE_BREEZE_GUM,2021-07-12,0.0,0.0
Northeast|ICE_BREEZE_GUM,2021-07-19,0.100558659217877,0.0
Northeast|ICE_BREEZE_GUM,2021-07-26,0.0,0.0
Northeast|ICE_BREEZE_GUM,2021-08-02,0.1508379888268156,0.0
Northeast|ICE_BREEZE_GUM,2021-08-09,0.0,0.0
Northeast|ICE_BREEZE_GUM,2021-08-16,0.2011173184357542,0.0
Northeast|ICE_BREEZE_GUM,2021-08-23,0.0,0.0
Northeast|ICE_BREEZE_GUM,2021-08-30,0.3016759776536313,0.0
Northeast|ICE_BREEZE_GUM,2021-09-06,0.0,0.0
Northeast|ICE_BREEZE_GUM,2021-09-13,0.0,0.0
Northeast|ICE_BREEZE_GUM,2021-09-20,0.0,0.0
Northeast|ICE_BREEZE_GUM,2021-09-27,0.0,0.0
Northeast|ICE_BREEZE_GUM,2021-10-04,0.0,0.0
Northeast|ICE_BREEZE_GUM,2021-10-11,0.0,0.0
Northeast|ICE_BREEZE_GUM,2021-10-18,0.0,0.1
Northeast|ICE_BREEZE_GUM,2021-10-25,0.0,0.1
Northeast|ICE_BREEZE_GUM,2021-11-01,0.0,0.0
Northeast|ICE_BREEZE_GUM,2021-11-08,0.0,0.0
Northeast|ICE_BREEZE_GUM,2021-11-15,0.0,0.0
Northeast|ICE_BREEZE_GUM,2021-11-22,0.0,0.0
Northeast|ICE_BREEZE_GUM,2021-11-29,0.0,0.0
Northeast|ICE_BREEZE_GUM,2021-12-06,0.0,0.0
Northeast|ICE_BREEZE_GUM,2021-12-13,0.0,0.1
Northeast|ICE_BREEZE_GUM,2021-12-20,0.0,0.1
Northeast|ICE_BREEZE_GUM,2021-12-27,0.3519553072625699,0.0
Northeast|ICE_BREEZE_GUM,2022-01-03,0.0,0.0
Northeast|ICE_BREEZE_GUM,2022-01-10,0.1508379888268156,0.0
Northeast|ICE_BREEZE_GUM,2022-01-17,0.0,0.0
Northeast|ICE_BREEZE_GUM,2022-01-24,0.100558659217877,0.0
Northeast|ICE_BREEZE_GUM,2022-01-31,0.2011173184357542,0.0
Northeast|ICE_BREEZE_GUM,2022-02-07,0.100558659217877,0.1
Northeast|ICE_BREEZE_GUM,2022-02-14,0.0,0.1
Northeast|ICE_BREEZE_GUM,2022-02-21,0.0,0.0
Northeast|ICE_BREEZE_GUM,2022-02-28,0.0,0.0
Northeast|ICE_BREEZE_GUM,2022-03-07,0.0,0.1
Northeast|ICE_BREEZE_GUM,2022-03-14,0.0,0.1
Northeast|ICE_BREEZE_GUM,2022-03-21,0.2011173184357542,0.1
Northeast|ICE_BREEZE_GUM,2022-03-28,0.3016759776536313,0.1
Northeast|ICE_BREEZE_GUM,2022-04-04,0.0,0.1
Northeast|ICE_BREEZE_GUM,2022-04-11,0.2011173184357542,0.1
Northeast|ICE_BREEZE_GUM,2022-04-18,0.1508379888268156,0.1
Northeast|ICE_BREEZE_GUM,2022-04-25,0.0,0.1
Northeast|ICE_BREEZE_GUM,2022-05-02,0.0,0.0
Northeast|ICE_BREEZE_GUM,2022-05-09,0.0,0.0
Northeast|ICE_BREEZE_GUM,2022-05-16,0.0,0.0
Northeast|ICE_BREEZE_GUM,2022-05-23,0.3016759776536313,0.0
Northeast|ICE_BREEZE_GUM,2022-05-30,0.0,0.0
Northeast|ICE_BREEZE_GUM,2022-06-06,0.0,0.0
Northeast|ICE_BREEZE_GUM,2022-06-13,0.3016759776536313,0.0
Northeast|ICE_BREEZE_GUM,2022-06-20,0.2011173184357542,0.0
Northeast|ICE_BREEZE_GUM,2022-06-27,0.0,0.0
Northeast|ICE_BREEZE_GUM,2022-07-04,0.0,0.0
Northeast|ICE_BREEZE_GUM,2022-07-11,0.0,0.0
Northeast|ICE_BREEZE_GUM,2022-07-18,0.2011173184357542,0.0
Northeast|ICE_BREEZE_GUM,2022-07-25,0.0,0.0
Northeast|ICE_BREEZE_GUM,2022-08-01,0.0,0.0
Northeast|ICE_BREEZE_GUM,2022-08-08,0.100558659217877,0.0
Northeast|ICE_BREEZE_GUM,2022-08-15,0.0,0.0
Northeast|ICE_BREEZE_GUM,2022-08-22,0.0,0.0
Northeast|ICE_BREEZE_GUM,2022-08-29,0.0,0.0
Northeast|ICE_BREEZE_GUM,2022-09-05,0.0,0.0
Northeast|ICE_BREEZE_GUM,2022-09-12,0.0,0.0
Northeast|ICE_BREEZE_GUM,2022-09-19,0.2011173184357542,0.0
Northeast|ICE_BREEZE_GUM,2022-09-26,0.0,0.0
Northeast|ICE_BREEZE_GUM,2022-10-03,0.1508379888268156,0.0
Northeast|ICE_BREEZE_GUM,2022-10-10,0.0,0.0
Northeast|ICE_BREEZE_GUM,2022-10-17,0.3016759776536313,0.0
Northeast|ICE_BREEZE_GUM,2022-10-24,0.0,0.1
Northeast|ICE_BREEZE_GUM,2022-10-31,0.2011173184357542,0.1
Northeast|ICE_BREEZE_GUM,2022-11-07,0.0,0.0
Northeast|ICE_BREEZE_GUM,2022-11-14,0.0,0.0
Northeast|ICE_BREEZE_GUM,2022-11-21,0.0,0.0
Northeast|ICE_BREEZE_GUM,2022-11-28,0.0,0.0
Northeast|ICE_BREEZE_GUM,2022-12-05,0.0,0.0
Northeast|ICE_BREEZE_GUM,2022-12-12,0.0,0.1
Northeast|ICE_BREEZE_GUM,2022-12-19,0.0,0.1
Northeast|ICE_BREEZE_GUM,2022-12-26,0.0,0.1
Northeast|ICE_BREEZE_GUM,2023-01-02,0.0,0.0
Northeast|ICE_BREEZE_GUM,2023-01-09,0.2011173184357542,0.0
Northeast|ICE_BREEZE_GUM,2023-01-16,0.0,0.1
Northeast|ICE_BREEZE_GUM,2023-01-23,0.0,0.1
Northeast|ICE_BREEZE_GUM,2023-01-30,0.0,0.1
Northeast|ICE_BREEZE_GUM,2023-02-06,0.0,0.1
Northeast|ICE_BREEZE_GUM,2023-02-13,0.100558659217877,0.1
Northeast|ICE_BREEZE_GUM,2023-02-20,0.0,0.1
Northeast|ICE_BREEZE_GUM,2023-02-27,0.3016759776536313,0.1
Northeast|ICE_BREEZE_GUM,2023-03-06,0.100558659217877,0.1
Northeast|ICE_BREEZE_GUM,2023-03-13,0.3519553072625699,0.1
Northeast|ICE_BREEZE_GUM,2023-03-20,0.3016759776536313,0.1
Northeast|ICE_BREEZE_GUM,2023-03-27,0.0,0.1
Northeast|ICE_BREEZE_GUM,2023-04-03,0.2011173184357542,0.1
Northeast|ICE_BREEZE_GUM,2023-04-10,0.0,0.1
Northeast|ICE_BREEZE_GUM,2023-04-17,0.0,0.1
Northeast|ICE_BREEZE_GUM,2023-04-24,0.2513966480446927,0.1
Northeast|ICE_BREEZE_GUM,2023-05-01,0.0,0.1
Northeast|ICE_BREEZE_GUM,2023-05-08,0.0,0.1
Northeast|ICE_BREEZE_GUM,2023-05-15,0.0,0.1
Northeast|ICE_BREEZE_GUM,2023-05-22,0.0,0.1
Northeast|ICE_BREEZE_GUM,2023-05-29,0.0,0.1
Northeast|ICE_BREEZE_GUM,2023-06-05,0.100558659217877,0.1
Northeast|ICE_BREEZE_GUM,2023-06-12,0.0,0.1
Northeast|ICE_BREEZE_GUM,2023-06-19,0.0,0.1
Northeast|ICE_BREEZE_GUM,2023-06-26,0.0,0.0
Northeast|ICE_BREEZE_GUM,2023-07-03,0.0,0.0
Northeast|ICE_BREEZE_GUM,2023-07-10,0.0,0.0
Northeast|ICE_BREEZE_GUM,2023-07-17,0.1508379888268156,0.0
Northeast|ICE_BREEZE_GUM,2023-07-24,0.1508379888268156,0.0
Northeast|ICE_BREEZE_GUM,2023-07-31,0.0,0.0
Northeast|ICE_BREEZE_GUM,2023-08-07,0.0,0.0
Northeast|ICE_BREEZE_GUM,2023-08-14,0.0,0.0
Northeast|ICE_BREEZE_GUM,2023-08-21,0.2011173184357542,0.0
Northeast|ICE_BREEZE_GUM,2023-08-28,0.3519553072625699,0.0
Northeast|ICE_BREEZE_GUM,2023-09-04,0.0,0.0
Northeast|ICE_BREEZE_GUM,2023-09-11,0.0,0.0
Northeast|ICE_BREEZE_GUM,2023-09-18,0.0,0.0
Northeast|ICE_BREEZE_GUM,2023-09-25,0.0,0.0
Northeast|ICE_BREEZE_GUM,2023-10-02,0.0,0.0
Northeast|ICE_BREEZE_GUM,2023-10-09,0.2513966480446927,0.0
Northeast|ICE_BREEZE_GUM,2023-10-16,0.0,0.0
Northeast|ICE_BREEZE_GUM,2023-10-23,0.0,0.1
Northeast|ICE_BREEZE_GUM,2023-10-30,0.1508379888268156,0.1
Northeast|ICE_BREEZE_GUM,2023-11-06,0.0,0.0
Northeast|ICE_BREEZE_GUM,2023-11-13,0.100558659217877,0.0
Northeast|ICE_BREEZE_GUM,2023-11-20,0.1508379888268156,0.0
Northeast|ICE_BREEZE_GUM,2023-11-27,0.0,0.0
Northeast|ICE_BREEZE_GUM,2023-12-04,0.0,0.0
Northeast|ICE_BREEZE_GUM,2023-12-11,0.0,0.1
Northeast|ICE_BREEZE_GUM,2023-12-18,0.2513966480446927,0.1
Northeast|ICE_BREEZE_GUM,2023-12-25,0.2011173184357542,0.1
Northeast|JUICY_CHEWS_PEG,2021-01-04,0.0,0.0
Northeast|JUICY_CHEWS_PEG,2021-01-11,0.0,0.0
Northeast|JUICY_CHEWS_PEG,2021-01-18,0.3510971786833856,0.0
Northeast|JUICY_CHEWS_PEG,2021-01-25,0.0,0.0
Northeast|JUICY_CHEWS_PEG,2021-02-01,0.2006269592476489,0.0
Northeast|JUICY_CHEWS_PEG,2021-02-08,0.0,0.1
Northeast|JUICY_CHEWS_PEG,2021-02-15,0.0,0.1
Northeast|JUICY_CHEWS_PEG,2021-02-22,0.0,0.0
Northeast|JUICY_CHEWS_PEG,2021-03-01,0.1504702194357366,0.0
Northeast|JUICY_CHEWS_PEG,2021-03-08,0.0,0.0
Northeast|JUICY_CHEWS_PEG,2021-03-15,0.0,0.0
Northeast|JUICY_CHEWS_PEG,2021-03-22,0.1003134796238244,0.0
Northeast|JUICY_CHEWS_PEG,2021-03-29,0.0,0.0
Northeast|JUICY_CHEWS_PEG,2021-04-05,0.0,0.1
Northeast|JUICY_CHEWS_PEG,2021-04-12,0.0,0.1
Northeast|JUICY_CHEWS_PEG,2021-04-19,0.0,0.0
Northeast|JUICY_CHEWS_PEG,2021-04-26,0.0,0.0
Northeast|JUICY_CHEWS_PEG,2021-05-03,0.3009404388714733,0.0
Northeast|JUICY_CHEWS_PEG,2021-05-10,0.0,0.0
Northeast|JUICY_CHEWS_PEG,2021-05-17,0.0,0.0
Northeast|JUICY_CHEWS_PEG,2021-05-24,0.0,0.0
Northeast|JUICY_CHEWS_PEG,2021-05-31,0.0,0.0
Northeast|JUICY_CHEWS_PEG,2021-06-07,0.0,0.0
Northeast|JUICY_CHEWS_PEG,2021-06-14,0.0,0.0
Northeast|JUICY_CHEWS_PEG,2021-06-21,0.0,0.0
Northeast|JUICY_CHEWS_PEG,2021-06-28,0.0,0.0
Northeast|JUICY_CHEWS_PEG,2021-07-05,0.0,0.0
Northeast|JUICY_CHEWS_PEG,2021-07-12,0.0,0.0
Northeast|JUICY_CHEWS_PEG,2021-07-19,0.3510971786833856,0.0
Northeast|JUICY_CHEWS_PEG,2021-07-26,0.0,0.0
Northeast|JUICY_CHEWS_PEG,2021-08-02,0.0,0.0
Northeast|JUICY_CHEWS_PEG,2021-08-09,0.0,0.0
Northeast|JUICY_CHEWS_PEG,2021-08-16,0.0,0.0
Northeast|JUICY_CHEWS_PEG,2021-08-23,0.0,0.0
Northeast|JUICY_CHEWS_PEG,2021-08-30,0.1003134796238244,0.0
Northeast|JUICY_CHEWS_PEG,2021-09-06,0.0,0.0
Northeast|JUICY_CHEWS_PEG,2021-09-13,0.0,0.0
Northeast|JUICY_CHEWS_PEG,2021-09-20,0.0,0.0
Northeast|JUICY_CHEWS_PEG,2021-09-27,0.0,0.0
Northeast|JUICY_CHEWS_PEG,2021-10-04,0.0,0.0
Northeast|JUICY_CHEWS_PEG,2021-10-11,0.0,0.0
Northeast|JUICY_CHEWS_PEG,2021-10-18,0.0,0.1
Northeast|JUICY_CHEWS_PEG,2021-10-25,0.0,0.1
Northeast|JUICY_CHEWS_PEG,2021-11-01,0.0,0.0
Northeast|JUICY_CHEWS_PEG,2021-11-08,0.1003134796238244,0.0
Northeast|JUICY_CHEWS_PEG,2021-11-15,0.1003134796238244,0.0
Northeast|JUICY_CHEWS_PEG,2021-11-22,0.3009404388714733,0.0
Northeast|JUICY_CHEWS_PEG,2021-11-29,0.0,0.0
Northeast|JUICY_CHEWS_PEG,2021-12-06,0.0,0.0
Northeast|JUICY_CHEWS_PEG,2021-12-13,0.250783699059561,0.1
Northeast|JUICY_CHEWS_PEG,2021-12-20,0.0,0.1
Northeast|JUICY_CHEWS_PEG,2021-12-27,0.0,0.0
Northeast|JUICY_CHEWS_PEG,2022-01-03,0.0,0.0
Northeast|JUICY_CHEWS_PEG,2022-01-10,0.0,0.0
Northeast|JUICY_CHEWS_PEG,2022-01-17,0.0,0.0
Northeast|JUICY_CHEWS_PEG,2022-01-24,0.1003134796238244,0.0
Northeast|JUICY_CHEWS_PEG,2022-01-31,0.0,0.0
Northeast|JUICY_CHEWS_PEG,2022-02-07,0.0,0.1
Northeast|JUICY_CHEWS_PEG,2022-02-14,0.0,0.1
Northeast|JUICY_CHEWS_PEG,2022-02-21,0.0,0.0
Northeast|JUICY_CHEWS_PEG,2022-02-28,0.3510971786833856,0.0
Northeast|JUICY_CHEWS_PEG,2022-03-07,0.1504702194357366,0.1
Northeast|JUICY_CHEWS_PEG,2022-03-14,0.0,0.1
Northeast|JUICY_CHEWS_PEG,2022-03-21,0.0,0.1
Northeast|JUICY_CHEWS_PEG,2022-03-28,0.0,0.0
Northeast|JUICY_CHEWS_PEG,2022-04-04,0.0,0.1
Northeast|JUICY_CHEWS_PEG,2022-04-11,0.0,0.1
Northeast|JUICY_CHEWS_PEG,2022-04-18,0.250783699059561,0.1
Northeast|JUICY_CHEWS_PEG,2022-04-25,0.0,0.0
Northeast|JUICY_CHEWS_PEG,2022-05-02,0.0,0.1
Northeast|JUICY_CHEWS_PEG,2022-05-09,0.0,0.0
Northeast|JUICY_CHEWS_PEG,2022-05-16,0.3009404388714733,0.0
Northeast|JUICY_CHEWS_PEG,2022-05-23,0.0,0.0
Northeast|JUICY_CHEWS_PEG,2022-05-30,0.1504702194357366,0.0
Northeast|JUICY_CHEWS_PEG,2022-06-06,0.1003134796238244,0.0
Northeast|JUICY_CHEWS_PEG,2022-06-13,0.3510971786833856,0.0
Northeast|JUICY_CHEWS_PEG,2022-06-20,0.250783699059561,0.0
Northeast|JUICY_CHEWS_PEG,2022-06-27,0.0,0.0
Northeast|JUICY_CHEWS_PEG,2022-07-04,0.3510971786833856,0.0
Northeast|JUICY_CHEWS_PEG,2022-07-11,0.0,0.0
Northeast|JUICY_CHEWS_PEG,2022-07-18,0.1003134796238244,0.0
Northeast|JUICY_CHEWS_PEG,2022-07-25,0.3510971786833856,0.0
Northeast|JUICY_CHEWS_PEG,2022-08-01,0.0,0.0
Northeast|JUICY_CHEWS_PEG,2022-08-08,0.0,0.0
Northeast|JUICY_CHEWS_PEG,2022-08-15,0.1504702194357366,0.0
Northeast|JUICY_CHEWS_PEG,2022-08-22,0.0,0.0
Northeast|JUICY_CHEWS_PEG,2022-08-29,0.0,0.0
Northeast|JUICY_CHEWS_PEG,2022-09-05,0.0,0.0
Northeast|JUICY_CHEWS_PEG,2022-09-12,0.0,0.0
Northeast|JUICY_CHEWS_PEG,2022-09-19,0.0,0.0
Northeast|JUICY_CHEWS_PEG,2022-09-26,0.0,0.0
Northeast|JUICY_CHEWS_PEG,2022-10-03,0.0,0.0
Northeast|JUICY_CHEWS_PEG,2022-10-10,0.3510971786833856,0.0
Northeast|JUICY_CHEWS_PEG,2022-10-17,0.250783699059561,0.0
Northeast|JUICY_CHEWS_PEG,2022-10-24,0.1504702194357366,0.1
Northeast|JUICY_CHEWS_PEG,2022-10-31,0.3009404388714733,0.1
Northeast|JUICY_CHEWS_PEG,2022-11-07,0.0,0.0
Northeast|JUICY_CHEWS_PEG,2022-11-14,0.0,0.0
Northeast|JUICY_CHEWS_PEG,2022-11-21,0.1003134796238244,0.0
Northeast|JUICY_CHEWS_PEG,2022-11-28,0.0,0.0
Northeast|JUICY_CHEWS_PEG,2022-12-05,0.0,0.0
Northeast|JUICY_CHEWS_PEG,2022-12-12,0.0,0.1
Northeast|JUICY_CHEWS_PEG,2022-12-19,0.0,0.1
Northeast|JUICY_CHEWS_PEG,2022-12-26,0.0,0.1
Northeast|JUICY_CHEWS_PEG,2023-01-02,0.1504702194357366,0.0
Northeast|JUICY_CHEWS_PEG,2023-01-09,0.0,0.0
Northeast|JUICY_CHEWS_PEG,2023-01-16,0.0,0.1
Northeast|JUICY_CHEWS_PEG,2023-01-23,0.0,0.0
Northeast|JUICY_CHEWS_PEG,2023-01-30,0.0,0.0
Northeast|JUICY_CHEWS_PEG,2023-02-06,0.0,0.1
Northeast|JUICY_CHEWS_PEG,2023-02-13,0.0,0.1
Northeast|JUICY_CHEWS_PEG,2023-02-20,0.3009404388714733,0.0
Northeast|JUICY_CHEWS_PEG,2023-02-27,0.0,0.0
Northeast|JUICY_CHEWS_PEG,2023-03-06,0.0,0.1
Northeast|JUICY_CHEWS_PEG,2023-03-13,0.250783699059561,0.0
Northeast|JUICY_CHEWS_PEG,2023-03-20,0.0,0.0
Northeast|JUICY_CHEWS_PEG,2023-03-27,0.250783699059561,0.1
Northeast|JUICY_CHEWS_PEG,2023-04-03,0.0,0.1
Northeast|JUICY_CHEWS_PEG,2023-04-10,0.0,0.1
Northeast|JUICY_CHEWS_PEG,2023-04-17,0.0,0.1
Northeast|JUICY_CHEWS_PEG,2023-04-24,0.0,0.1
Northeast|JUICY_CHEWS_PEG,2023-05-01,0.2006269592476489,0.1
Northeast|JUICY_CHEWS_PEG,2023-05-08,0.0,0.1
Northeast|JUICY_CHEWS_PEG,2023-05-15,0.0,0.1
Northeast|JUICY_CHEWS_PEG,2023-05-22,0.0,0.1
Northeast|JUICY_CHEWS_PEG,2023-05-29,0.0,0.0
Northeast|JUICY_CHEWS_PEG,2023-06-05,0.0,0.1
Northeast|JUICY_CHEWS_PEG,2023-06-12,0.0,0.1
Northeast|JUICY_CHEWS_PEG,2023-06-19,0.0,0.1
Northeast|JUICY_CHEWS_PEG,2023-06-26,0.2006269592476489,0.0
Northeast|JUICY_CHEWS_PEG,2023-07-03,0.0,0.0
Northeast|JUICY_CHEWS_PEG,2023-07-10,0.0,0.0
Northeast|JUICY_CHEWS_PEG,2023-07-17,0.0,0.0
Northeast|JUICY_CHEWS_PEG,2023-07-24,0.250783699059561,0.0
Northeast|JUICY_CHEWS_PEG,2023-07-31,0.0,0.0
Northeast|JUICY_CHEWS_PEG,2023-08-07,0.0,0.0
Northeast|JUICY_CHEWS_PEG,2023-08-14,0.0,0.0
Northeast|JUICY_CHEWS_PEG,2023-08-21,0.0,0.0
Northeast|JUICY_CHEWS_PEG,2023-08-28,0.1504702194357366,0.0
Northeast|JUICY_CHEWS_PEG,2023-09-04,0.0,0.0
Northeast|JUICY_CHEWS_PEG,2023-09-11,0.2006269592476489,0.0
Northeast|JUICY_CHEWS_PEG,2023-09-18,0.3009404388714733,0.0
Northeast|JUICY_CHEWS_PEG,2023-09-25,0.0,0.0
Northeast|JUICY_CHEWS_PEG,2023-10-02,0.0,0.0
Northeast|JUICY_CHEWS_PEG,2023-10-09,0.1504702194357366,0.0
Northeast|JUICY_CHEWS_PEG,2023-10-16,0.0,0.0
Northeast|JUICY_CHEWS_PEG,2023-10-23,0.3009404388714733,0.1
Northeast|JUICY_CHEWS_PEG,2023-10-30,0.0,0.1
Northeast|JUICY_CHEWS_PEG,2023-11-06,0.0,0.0
Northeast|JUICY_CHEWS_PEG,2023-11-13,0.0,0.0
Northeast|JUICY_CHEWS_PEG,2023-11-20,0.0,0.0
Northeast|JUICY_CHEWS_PEG,2023-11-27,0.0,0.0
Northeast|JUICY_CHEWS_PEG,2023-12-04,0.2006269592476489,0.0
Northeast|JUICY_CHEWS_PEG,2023-12-11,0.0,0.1
Northeast|JUICY_CHEWS_PEG,2023-12-18,0.3510971786833856,0.1
Northeast|JUICY_CHEWS_PEG,2023-12-25,0.0,0.1
Northeast|NUTTY_CARAMEL_SINGLE,2021-01-04,0.0,0.0
Northeast|NUTTY_CARAMEL_SINGLE,2021-01-11,0.0,0.0
Northeast|NUTTY_CARAMEL_SINGLE,2021-01-18,0.0,0.1
Northeast|NUTTY_CARAMEL_SINGLE,2021-01-25,0.1472868217054263,0.1
Northeast|NUTTY_CARAMEL_SINGLE,2021-02-01,0.248062015503876,0.0
Northeast|NUTTY_CARAMEL_SINGLE,2021-02-08,0.2015503875968992,0.1
Northeast|NUTTY_CARAMEL_SINGLE,2021-02-15,0.0,0.1
Northeast|NUTTY_CARAMEL_SINGLE,2021-02-22,0.0,0.0
Northeast|NUTTY_CARAMEL_SINGLE,2021-03-01,0.3023255813953488,0.0
Northeast|NUTTY_CARAMEL_SINGLE,2021-03-08,0.0,0.0
Northeast|NUTTY_CARAMEL_SINGLE,2021-03-15,0.3488372093023256,0.0
Northeast|NUTTY_CARAMEL_SINGLE,2021-03-22,0.3023255813953488,0.0
Northeast|NUTTY_CARAMEL_SINGLE,2021-03-29,0.0,0.0
Northeast|NUTTY_CARAMEL_SINGLE,2021-04-05,0.3023255813953488,0.1
Northeast|NUTTY_CARAMEL_SINGLE,2021-04-12,0.2015503875968992,0.1
Northeast|NUTTY_CARAMEL_SINGLE,2021-04-19,0.0,0.0
Northeast|NUTTY_CARAMEL_SINGLE,2021-04-26,0.0,0.0
Northeast|NUTTY_CARAMEL_SINGLE,2021-05-03,0.0,0.0
Northeast|NUTTY_CARAMEL_SINGLE,2021-05-10,0.0,0.0
Northeast|NUTTY_CARAMEL_SINGLE,2021-05-17,0.3488372093023256,0.0
Northeast|NUTTY_CARAMEL_SINGLE,2021-05-24,0.0,0.0
Northeast|NUTTY_CARAMEL_SINGLE,2021-05-31,0.0,0.0
Northeast|NUTTY_CARAMEL_SINGLE,2021-06-07,0.3023255813953488,0.0
Northeast|NUTTY_CARAMEL_SINGLE,2021-06-14,0.2015503875968992,0.0
Northeast|NUTTY_CARAMEL_SINGLE,2021-06-21,0.0,0.0
Northeast|NUTTY_CARAMEL_SINGLE,2021-06-28,0.0,0.0
Northeast|NUTTY_CARAMEL_SINGLE,2021-07-05,0.248062015503876,0.0
Northeast|NUTTY_CARAMEL_SINGLE,2021-07-12,0.3023255813953488,0.0
Northeast|NUTTY_CARAMEL_SINGLE,2021-07-19,0.1007751937984497,0.0
Northeast|NUTTY_CARAMEL_SINGLE,2021-07-26,0.0,0.0
Northeast|NUTTY_CARAMEL_SINGLE,2021-08-02,0.0,0.0
Northeast|NUTTY_CARAMEL_SINGLE,2021-08-09,0.1472868217054263,0.0
Northeast|NUTTY_CARAMEL_SINGLE,2021-08-16,0.248062015503876,0.0
Northeast|NUTTY_CARAMEL_SINGLE,2021-08-23,0.2015503875968992,0.0
Northeast|NUTTY_CARAMEL_SINGLE,2021-08-30,0.0,0.0
Northeast|NUTTY_CARAMEL_SINGLE,2021-09-06,0.0,0.0
Northeast|NUTTY_CARAMEL_SINGLE,2021-09-13,0.0,0.0
Northeast|NUTTY_CARAMEL_SINGLE,2021-09-20,0.0,0.0
Northeast|NUTTY_CARAMEL_SINGLE,2021-09-27,0.0,0.0
Northeast|NUTTY_CARAMEL_SINGLE,2021-10-04,0.0,0.0
Northeast|NUTTY_CARAMEL_SINGLE,2021-10-11,0.0,0.0
Northeast|NUTTY_CARAMEL_SINGLE,2021-10-18,0.0,0.1
Northeast|NUTTY_CARAMEL_SINGLE,2021-10-25,0.0,0.1
Northeast|NUTTY_CARAMEL_SINGLE,2021-11-01,0.0,0.0
Northeast|NUTTY_CARAMEL_SINGLE,2021-11-08,0.0,0.0
Northeast|NUTTY_CARAMEL_SINGLE,2021-11-15,0.0,0.1
Northeast|NUTTY_CARAMEL_SINGLE,2021-11-22,0.0,0.0
Northeast|NUTTY_CARAMEL_SINGLE,2021-11-29,0.248062015503876,0.1
Northeast|NUTTY_CARAMEL_SINGLE,2021-12-06,0.248062015503876,0.1
Northeast|NUTTY_CARAMEL_SINGLE,2021-12-13,0.3488372093023256,0.1
Northeast|NUTTY_CARAMEL_SINGLE,2021-12-20,0.0,0.1
Northeast|NUTTY_CARAMEL_SINGLE,2021-12-27,0.0,0.1
Northeast|NUTTY_CARAMEL_SINGLE,2022-01-03,0.1007751937984497,0.0
Northeast|NUTTY_CARAMEL_SINGLE,2022-01-10,0.0,0.1
Northeast|NUTTY_CARAMEL_SINGLE,2022-01-17,0.0,0.0
Northeast|NUTTY_CARAMEL_SINGLE,2022-01-24,0.3488372093023256,0.0
Northeast|NUTTY_CARAMEL_SINGLE,2022-01-31,0.0,0.1
Northeast|NUTTY_CARAMEL_SINGLE,2022-02-07,0.0,0.1
Northeast|NUTTY_CARAMEL_SINGLE,2022-02-14,0.0,0.1
Northeast|NUTTY_CARAMEL_SINGLE,2022-02-21,0.2015503875968992,0.1
Northeast|NUTTY_CARAMEL_SINGLE,2022-02-28,0.0,0.1
Northeast|NUTTY_CARAMEL_SINGLE,2022-03-07,0.0,0.0
Northeast|NUTTY_CARAMEL_SINGLE,2022-03-14,0.0,0.0
Northeast|NUTTY_CARAMEL_SINGLE,2022-03-21,0.0,0.0
Northeast|NUTTY_CARAMEL_SINGLE,2022-03-28,0.1472868217054263,0.0
Northeast|NUTTY_CARAMEL_SINGLE,2022-04-04,0.3488372093023256,0.1
Northeast|NUTTY_CARAMEL_SINGLE,2022-04-11,0.0,0.1
Northeast|NUTTY_CARAMEL_SINGLE,2022-04-18,0.0,0.1
Northeast|NUTTY_CARAMEL_SINGLE,2022-04-25,0.0,0.0
Northeast|NUTTY_CARAMEL_SINGLE,2022-05-02,0.3023255813953488,0.0
Northeast|NUTTY_CARAMEL_SINGLE,2022-05-09,0.0,0.0
Northeast|NUTTY_CARAMEL_SINGLE,2022-05-16,0.0,0.0
Northeast|NUTTY_CARAMEL_SINGLE,2022-05-23,0.0,0.0
Northeast|NUTTY_CARAMEL_SINGLE,2022-05-30,0.248062015503876,0.0
Northeast|NUTTY_CARAMEL_SINGLE,2022-06-06,0.2015503875968992,0.0
Northeast|NUTTY_CARAMEL_SINGLE,2022-06-13,0.248062015503876,0.0
Northeast|NUTTY_CARAMEL_SINGLE,2022-06-20,0.0,0.0
Northeast|NUTTY_CARAMEL_SINGLE,2022-06-27,0.3023255813953488,0.0
Northeast|NUTTY_CARAMEL_SINGLE,2022-07-04,0.1007751937984497,0.0
Northeast|NUTTY_CARAMEL_SINGLE,2022-07-11,0.0,0.0
Northeast|NUTTY_CARAMEL_SINGLE,2022-07-18,0.0,0.0
Northeast|NUTTY_CARAMEL_SINGLE,2022-07-25,0.3488372093023256,0.0
Northeast|NUTTY_CARAMEL_SINGLE,2022-08-01,0.3023255813953488,0.0
Northeast|NUTTY_CARAMEL_SINGLE,2022-08-08,0.3023255813953488,0.0
Northeast|NUTTY_CARAMEL_SINGLE,2022-08-15,0.0,0.0
Northeast|NUTTY_CARAMEL_SINGLE,2022-08-22,0.248062015503876,0.0
Northeast|NUTTY_CARAMEL_SINGLE,2022-08-29,0.0,0.0
Northeast|NUTTY_CARAMEL_SINGLE,2022-09-05,0.3023255813953488,0.0
Northeast|NUTTY_CARAMEL_SINGLE,2022-09-12,0.0,0.0
Northeast|NUTTY_CARAMEL_SINGLE,2022-09-19,0.0,0.0
Northeast|NUTTY_CARAMEL_SINGLE,2022-09-26,0.0,0.0
Northeast|NUTTY_CARAMEL_SINGLE,2022-10-03,0.0,0.0
Northeast|NUTTY_CARAMEL_SINGLE,2022-10-10,0.0,0.0
Northeast|NUTTY_CARAMEL_SINGLE,2022-10-17,0.0,0.0
Northeast|NUTTY_CARAMEL_SINGLE,2022-10-24,0.0,0.1
Northeast|NUTTY_CARAMEL_SINGLE,2022-10-31,0.1472868217054263,0.1
Northeast|NUTTY_CARAMEL_SINGLE,2022-11-07,0.248062015503876,0.1
Northeast|NUTTY_CARAMEL_SINGLE,2022-11-14,0.0,0.1
Northeast|NUTTY_CARAMEL_SINGLE,2022-11-21,0.0,0.0
Northeast|NUTTY_CARAMEL_SINGLE,2022-11-28,0.0,0.1
Northeast|NUTTY_CARAMEL_SINGLE,2022-12-05,0.0,0.1
Northeast|NUTTY_CARAMEL_SINGLE,2022-12-12,0.0,0.1
Northeast|NUTTY_CARAMEL_SINGLE,2022-12-19,0.0,0.1
Northeast|NUTTY_CARAMEL_SINGLE,2022-12-26,0.2015503875968992,0.1
Northeast|NUTTY_CARAMEL_SINGLE,2023-01-02,0.0,0.1
Northeast|NUTTY_CARAMEL_SINGLE,2023-01-09,0.3023255813953488,0.0
Northeast|NUTTY_CARAMEL_SINGLE,2023-01-16,0.1472868217054263,0.1
Northeast|NUTTY_CARAMEL_SINGLE,2023-01-23,0.0,0.0
Northeast|NUTTY_CARAMEL_SINGLE,2023-01-30,0.0,0.1
Northeast|NUTTY_CARAMEL_SINGLE,2023-02-06,0.0,0.1
Northeast|NUTTY_CARAMEL_SINGLE,2023-02-13,0.2015503875968992,0.1
Northeast|NUTTY_CARAMEL_SINGLE,2023-02-20,0.0,0.0
Northeast|NUTTY_CARAMEL_SINGLE,2023-02-27,0.0,0.0
Northeast|NUTTY_CARAMEL_SINGLE,2023-03-06,0.0,0.1
Northeast|NUTTY_CARAMEL_SINGLE,2023-03-13,0.0,0.1
Northeast|NUTTY_CARAMEL_SINGLE,2023-03-20,0.0,0.0
Northeast|NUTTY_CARAMEL_SINGLE,2023-03-27,0.1472868217054263,0.0
Northeast|NUTTY_CARAMEL_SINGLE,2023-04-03,0.0,0.1
Northeast|NUTTY_CARAMEL_SINGLE,2023-04-10,0.0,0.1
Northeast|NUTTY_CARAMEL_SINGLE,2023-04-17,0.0,0.1
Northeast|NUTTY_CARAMEL_SINGLE,2023-04-24,0.0,0.0
Northeast|NUTTY_CARAMEL_SINGLE,2023-05-01,0.0,0.0
Northeast|NUTTY_CARAMEL_SINGLE,2023-05-08,0.3488372093023256,0.0
Northeast|NUTTY_CARAMEL_SINGLE,2023-05-15,0.0,0.0
Northeast|NUTTY_CARAMEL_SINGLE,2023-05-22,0.0,0.0
Northeast|NUTTY_CARAMEL_SINGLE,2023-05-29,0.0,0.0
Northeast|NUTTY_CARAMEL_SINGLE,2023-06-05,0.1007751937984497,0.0
Northeast|NUTTY_CARAMEL_SINGLE,2023-06-12,0.0,0.0
Northeast|NUTTY_CARAMEL_SINGLE,2023-06-19,0.0,0.0
Northeast|NUTTY_CARAMEL_SINGLE,2023-06-26,0.0,0.0
Northeast|NUTTY_CARAMEL_SINGLE,2023-07-03,0.3488372093023256,0.0
Northeast|NUTTY_CARAMEL_SINGLE,2023-07-10,0.0,0.0
Northeast|NUTTY_CARAMEL_SINGLE,2023-07-17,0.0,0.0
Northeast|NUTTY_CARAMEL_SINGLE,2023-07-24,0.2015503875968992,0.0
Northeast|NUTTY_CARAMEL_SINGLE,2023-07-31,0.0,0.0
Northeast|NUTTY_CARAMEL_SINGLE,2023-08-07,0.3023255813953488,0.0
Northeast|NUTTY_CARAMEL_SINGLE,2023-08-14,0.0,0.0
Northeast|NUTTY_CARAMEL_SINGLE,2023-08-21,0.0,0.0
Northeast|NUTTY_CARAMEL_SINGLE,2023-08-28,0.248062015503876,0.0
Northeast|NUTTY_CARAMEL_SINGLE,2023-09-04,0.0,0.0
Northeast|NUTTY_CARAMEL_SINGLE,2023-09-11,0.3023255813953488,0.0
Northeast|NUTTY_CARAMEL_SINGLE,2023-09-18,0.0,0.0
Northeast|NUTTY_CARAMEL_SINGLE,2023-09-25,0.0,0.0
Northeast|NUTTY_CARAMEL_SINGLE,2023-10-02,0.0,0.1
Northeast|NUTTY_CARAMEL_SINGLE,2023-10-09,0.0,0.0
Northeast|NUTTY_CARAMEL_SINGLE,2023-10-16,0.0,0.1
Northeast|NUTTY_CARAMEL_SINGLE,2023-10-23,0.0,0.1
Northeast|NUTTY_CARAMEL_SINGLE,2023-10-30,0.1472868217054263,0.1
Northeast|NUTTY_CARAMEL_SINGLE,2023-11-06,0.0,0.1
Northeast|NUTTY_CARAMEL_SINGLE,2023-11-13,0.0,0.1
Northeast|NUTTY_CARAMEL_SINGLE,2023-11-20,0.0,0.1
Northeast|NUTTY_CARAMEL_SINGLE,2023-11-27,0.3488372093023256,0.1
Northeast|NUTTY_CARAMEL_SINGLE,2023-12-04,0.2015503875968992,0.1
Northeast|NUTTY_CARAMEL_SINGLE,2023-12-11,0.0,0.1
Northeast|NUTTY_CARAMEL_SINGLE,2023-12-18,0.0,0.1
Northeast|NUTTY_CARAMEL_SINGLE,2023-12-25,0.1007751937984497,0.1
Northeast|TOFFEE_BISCUIT_SINGLE,2021-01-04,0.0,0.0
Northeast|TOFFEE_BISCUIT_SINGLE,2021-01-11,0.0,0.0
Northeast|TOFFEE_BISCUIT_SINGLE,2021-01-18,0.0,0.0
Northeast|TOFFEE_BISCUIT_SINGLE,2021-01-25,0.0,0.0
Northeast|TOFFEE_BISCUIT_SINGLE,2021-02-01,0.0,0.0
Northeast|TOFFEE_BISCUIT_SINGLE,2021-02-08,0.0,0.1
Northeast|TOFFEE_BISCUIT_SINGLE,2021-02-15,0.3488372093023256,0.1
Northeast|TOFFEE_BISCUIT_SINGLE,2021-02-22,0.3023255813953488,0.0
Northeast|TOFFEE_BISCUIT_SINGLE,2021-03-01,0.0,0.0
Northeast|TOFFEE_BISCUIT_SINGLE,2021-03-08,0.1007751937984497,0.0
Northeast|TOFFEE_BISCUIT_SINGLE,2021-03-15,0.0,0.0
Northeast|TOFFEE_BISCUIT_SINGLE,2021-03-22,0.0,0.0
Northeast|TOFFEE_BISCUIT_SINGLE,2021-03-29,0.0,0.0
Northeast|TOFFEE_BISCUIT_SINGLE,2021-04-05,0.0,0.0
Northeast|TOFFEE_BISCUIT_SINGLE,2021-04-12,0.0,0.1
Northeast|TOFFEE_BISCUIT_SINGLE,2021-04-19,0.0,0.0
Northeast|TOFFEE_BISCUIT_SINGLE,2021-04-26,0.0,0.0
Northeast|TOFFEE_BISCUIT_SINGLE,2021-05-03,0.0,0.0
Northeast|TOFFEE_BISCUIT_SINGLE,2021-05-10,0.3488372093023256,0.0
Northeast|TOFFEE_BISCUIT_SINGLE,2021-05-17,0.2015503875968992,0.0
Northeast|TOFFEE_BISCUIT_SINGLE,2021-05-24,0.0,0.0
Northeast|TOFFEE_BISCUIT_SINGLE,2021-05-31,0.0,0.0
Northeast|TOFFEE_BISCUIT_SINGLE,2021-06-07,0.0,0.0
Northeast|TOFFEE_BISCUIT_SINGLE,2021-06-14,0.0,0.0
Northeast|TOFFEE_BISCUIT_SINGLE,2021-06-21,0.0,0.0
Northeast|TOFFEE_BISCUIT_SINGLE,2021-06-28,0.1472868217054263,0.0
Northeast|TOFFEE_BISCUIT_SINGLE,2021-07-05,0.3488372093023256,0.0
Northeast|TOFFEE_BISCUIT_SINGLE,2021-07-12,0.1007751937984497,0.0
Northeast|TOFFEE_BISCUIT_SINGLE,2021-07-19,0.0,0.0
Northeast|TOFFEE_BISCUIT_SINGLE,2021-07-26,0.3023255813953488,0.0
Northeast|TOFFEE_BISCUIT_SINGLE,2021-08-02,0.0,0.0
Northeast|TOFFEE_BISCUIT_SINGLE,2021-08-09,0.0,0.0
Northeast|TOFFEE_BISCUIT_SINGLE,2021-08-16,0.0,0.0
Northeast|TOFFEE_BISCUIT_SINGLE,2021-08-23,0.0,0.0
Northeast|TOFFEE_BISCUIT_SINGLE,2021-08-30,0.248062015503876,0.0
Northeast|TOFFEE_BISCUIT_SINGLE,2021-09-06,0.0,0.0
Northeast|TOFFEE_BISCUIT_SINGLE,2021-09-13,0.0,0.0
Northeast|TOFFEE_BISCUIT_SINGLE,2021-09-20,0.1472868217054263,0.0
Northeast|TOFFEE_BISCUIT_SINGLE,2021-09-27,0.0,0.0
Northeast|TOFFEE_BISCUIT_SINGLE,2021-10-04,0.0,0.0
Northeast|TOFFEE_BISCUIT_SINGLE,2021-10-11,0.1007751937984497,0.0
Northeast|TOFFEE_BISCUIT_SINGLE,2021-10-18,0.0,0.1
Northeast|TOFFEE_BISCUIT_SINGLE,2021-10-25,0.0,0.1
Northeast|TOFFEE_BISCUIT_SINGLE,2021-11-01,0.3023255813953488,0.0
Northeast|TOFFEE_BISCUIT_SINGLE,2021-11-08,0.1472868217054263,0.1
Northeast|TOFFEE_BISCUIT_SINGLE,2021-11-15,0.0,0.0
Northeast|TOFFEE_BISCUIT_SINGLE,2021-11-22,0.0,0.1
Northeast|TOFFEE_BISCUIT_SINGLE,2021-11-29,0.0,0.0
Northeast|TOFFEE_BISCUIT_SINGLE,2021-12-06,0.0,0.0
Northeast|TOFFEE_BISCUIT_SINGLE,2021-12-13,0.0,0.1
Northeast|TOFFEE_BISCUIT_SINGLE,2021-12-20,0.0,0.1
Northeast|TOFFEE_BISCUIT_SINGLE,2021-12-27,0.2015503875968992,0.1
Northeast|TOFFEE_BISCUIT_SINGLE,2022-01-03,0.0,0.1
Northeast|TOFFEE_BISCUIT_SINGLE,2022-01-10,0.0,0.1
Northeast|TOFFEE_BISCUIT_SINGLE,2022-01-17,0.248062015503876,0.1
Northeast|TOFFEE_BISCUIT_SINGLE,2022-01-24,0.0,0.0
Northeast|TOFFEE_BISCUIT_SINGLE,2022-01-31,0.0,0.1
Northeast|TOFFEE_BISCUIT_SINGLE,2022-02-07,0.0,0.1
Northeast|TOFFEE_BISCUIT_SINGLE,2022-02-14,0.0,0.1
Northeast|TOFFEE_BISCUIT_SINGLE,2022-02-21,0.0,0.0
Northeast|TOFFEE_BISCUIT_SINGLE,2022-02-28,0.0,0.1
Northeast|TOFFEE_BISCUIT_SINGLE,2022-03-07,0.1007751937984497,0.0
Northeast|TOFFEE_BISCUIT_SINGLE,2022-03-14,0.0,0.0
Northeast|TOFFEE_BISCUIT_SINGLE,2022-03-21,0.0,0.0
Northeast|TOFFEE_BISCUIT_SINGLE,2022-03-28,0.0,0.0
Northeast|TOFFEE_BISCUIT_SINGLE,2022-04-04,0.0,0.1
Northeast|TOFFEE_BISCUIT_SINGLE,2022-04-11,0.0,0.1
Northeast|TOFFEE_BISCUIT_SINGLE,2022-04-18,0.0,0.1
Northeast|TOFFEE_BISCUIT_SINGLE,2022-04-25,0.0,0.0
Northeast|TOFFEE_BISCUIT_SINGLE,2022-05-02,0.1007751937984497,0.0
Northeast|TOFFEE_BISCUIT_SINGLE,2022-05-09,0.248062015503876,0.0
Northeast|TOFFEE_BISCUIT_SINGLE,2022-05-16,0.0,0.0
Northeast|TOFFEE_BISCUIT_SINGLE,2022-05-23,0.0,0.0
Northeast|TOFFEE_BISCUIT_SINGLE,2022-05-30,0.0,0.0
Northeast|TOFFEE_BISCUIT_SINGLE,2022-06-06,0.0,0.0
Northeast|TOFFEE_BISCUIT_SINGLE,2022-06-13,0.1472868217054263,0.0
Northeast|TOFFEE_BISCUIT_SINGLE,2022-06-20,0.1472868217054263,0.0
Northeast|TOFFEE_BISCUIT_SINGLE,2022-06-27,0.1472868217054263,0.0
Northeast|TOFFEE_BISCUIT_SINGLE,2022-07-04,0.0,0.0
Northeast|TOFFEE_BISCUIT_SINGLE,2022-07-11,0.248062015503876,0.0
Northeast|TOFFEE_BISCUIT_SINGLE,2022-07-18,0.0,0.0
Northeast|TOFFEE_BISCUIT_SINGLE,2022-07-25,0.0,0.0
Northeast|TOFFEE_BISCUIT_SINGLE,2022-08-01,0.1007751937984497,0.0
Northeast|TOFFEE_BISCUIT_SINGLE,2022-08-08,0.1007751937984497,0.0
Northeast|TOFFEE_BISCUIT_SINGLE,2022-08-15,0.0,0.0
Northeast|TOFFEE_BISCUIT_SINGLE,2022-08-22,0.0,0.0
Northeast|TOFFEE_BISCUIT_SINGLE,2022-08-29,0.1472868217054263,0.0
Northeast|TOFFEE_BISCUIT_SINGLE,2022-09-05,0.0,0.0
Northeast|TOFFEE_BISCUIT_SINGLE,2022-09-12,0.0,0.0
Northeast|TOFFEE_BISCUIT_SINGLE,2022-09-19,0.0,0.0
Northeast|TOFFEE_BISCUIT_SINGLE,2022-09-26,0.0,0.0
Northeast|TOFFEE_BISCUIT_SINGLE,2022-10-03,0.0,0.0
Northeast|TOFFEE_BISCUIT_SINGLE,2022-10-10,0.0,0.0
Northeast|TOFFEE_BISCUIT_SINGLE,2022-10-17,0.0,0.0
Northeast|TOFFEE_BISCUIT_SINGLE,2022-10-24,0.0,0.1
Northeast|TOFFEE_BISCUIT_SINGLE,2022-10-31,0.0,0.1
Northeast|TOFFEE_BISCUIT_SINGLE,2022-11-07,0.0,0.0
Northeast|TOFFEE_BISCUIT_SINGLE,2022-11-14,0.1472868217054263,0.0
Northeast|TOFFEE_BISCUIT_SINGLE,2022-11-21,0.0,0.1
Northeast|TOFFEE_BISCUIT_SINGLE,2022-11-28,0.0,0.1
Northeast|TOFFEE_BISCUIT_SINGLE,2022-12-05,0.0,0.1
Northeast|TOFFEE_BISCUIT_SINGLE,2022-12-12,0.248062015503876,0.1
Northeast|TOFFEE_BISCUIT_SINGLE,2022-12-19,0.0,0.1
Northeast|TOFFEE_BISCUIT_SINGLE,2022-12-26,0.3488372093023256,0.1
Northeast|TOFFEE_BISCUIT_SINGLE,2023-01-02,0.0,0.1
Northeast|TOFFEE_BISCUIT_SINGLE,2023-01-09,0.1007751937984497,0.0
Northeast|TOFFEE_BISCUIT_SINGLE,2023-01-16,0.248062015503876,0.1
Northeast|TOFFEE_BISCUIT_SINGLE,2023-01-23,0.2015503875968992,0.1
Northeast|TOFFEE_BISCUIT_SINGLE,2023-01-30,0.0,0.1
Northeast|TOFFEE_BISCUIT_SINGLE,2023-02-06,0.3023255813953488,0.1
Northeast|TOFFEE_BISCUIT_SINGLE,2023-02-13,0.248062015503876,0.1
Northeast|TOFFEE_BISCUIT_SINGLE,2023-02-20,0.3023255813953488,0.1
Northeast|TOFFEE_BISCUIT_SINGLE,2023-02-27,0.0,0.1
Northeast|TOFFEE_BISCUIT_SINGLE,2023-03-06,0.0,0.1
Northeast|TOFFEE_BISCUIT_SINGLE,2023-03-13,0.0,0.0
Northeast|TOFFEE_BISCUIT_SINGLE,2023-03-20,0.1472868217054263,0.0
Northeast|TOFFEE_BISCUIT_SINGLE,2023-03-27,0.0,0.0
Northeast|TOFFEE_BISCUIT_SINGLE,2023-04-03,0.1007751937984497,0.1
Northeast|TOFFEE_BISCUIT_SINGLE,2023-04-10,0.0,0.1
Northeast|TOFFEE_BISCUIT_SINGLE,2023-04-17,0.0,0.1
Northeast|TOFFEE_BISCUIT_SINGLE,2023-04-24,0.0,0.0
Northeast|TOFFEE_BISCUIT_SINGLE,2023-05-01,0.3488372093023256,0.0
Northeast|TOFFEE_BISCUIT_SINGLE,2023-05-08,0.248062015503876,0.0
Northeast|TOFFEE_BISCUIT_SINGLE,2023-05-15,0.0,0.0
Northeast|TOFFEE_BISCUIT_SINGLE,2023-05-22,0.2015503875968992,0.0
Northeast|TOFFEE_BISCUIT_SINGLE,2023-05-29,0.0,0.0
Northeast|TOFFEE_BISCUIT_SINGLE,2023-06-05,0.0,0.0
Northeast|TOFFEE_BISCUIT_SINGLE,2023-06-12,0.1007751937984497,0.0
Northeast|TOFFEE_BISCUIT_SINGLE,2023-06-19,0.0,0.0
Northeast|TOFFEE_BISCUIT_SINGLE,2023-06-26,0.3023255813953488,0.0
Northeast|TOFFEE_BISCUIT_SINGLE,2023-07-03,0.1472868217054263,0.0
Northeast|TOFFEE_BISCUIT_SINGLE,2023-07-10,0.0,0.0
Northeast|TOFFEE_BISCUIT_SINGLE,2023-07-17,0.0,0.0
Northeast|TOFFEE_BISCUIT_SINGLE,2023-07-24,0.248062015503876,0.0
Northeast|TOFFEE_BISCUIT_SINGLE,2023-07-31,0.0,0.0
Northeast|TOFFEE_BISCUIT_SINGLE,2023-08-07,0.2015503875968992,0.0
Northeast|TOFFEE_BISCUIT_SINGLE,2023-08-14,0.0,0.0
Northeast|TOFFEE_BISCUIT_SINGLE,2023-08-21,0.3488372093023256,0.0
Northeast|TOFFEE_BISCUIT_SINGLE,2023-08-28,0.0,0.0
Northeast|TOFFEE_BISCUIT_SINGLE,2023-09-04,0.0,0.0
Northeast|TOFFEE_BISCUIT_SINGLE,2023-09-11,0.3023255813953488,0.0
Northeast|TOFFEE_BISCUIT_SINGLE,2023-09-18,0.3488372093023256,0.0
Northeast|TOFFEE_BISCUIT_SINGLE,2023-09-25,0.3023255813953488,0.0
Northeast|TOFFEE_BISCUIT_SINGLE,2023-10-02,0.0,0.0
Northeast|TOFFEE_BISCUIT_SINGLE,2023-10-09,0.0,0.1
Northeast|TOFFEE_BISCUIT_SINGLE,2023-10-16,0.0,0.1
Northeast|TOFFEE_BISCUIT_SINGLE,2023-10-23,0.0,0.1
Northeast|TOFFEE_BISCUIT_SINGLE,2023-10-30,0.1472868217054263,0.1
Northeast|TOFFEE_BISCUIT_SINGLE,2023-11-06,0.0,0.1
Northeast|TOFFEE_BISCUIT_SINGLE,2023-11-13,0.0,0.1
Northeast|TOFFEE_BISCUIT_SINGLE,2023-11-20,0.0,0.1
Northeast|TOFFEE_BISCUIT_SINGLE,2023-11-27,0.0,0.0
Northeast|TOFFEE_BISCUIT_SINGLE,2023-12-04,0.2015503875968992,0.1
Northeast|TOFFEE_BISCUIT_SINGLE,2023-12-11,0.0,0.1
Northeast|TOFFEE_BISCUIT_SINGLE,2023-12-18,0.0,0.1
Northeast|TOFFEE_BISCUIT_SINGLE,2023-12-25,0.0,0.1
Plains|ARCTIC_MINT_GUM,2021-01-04,0.0,0.0
Plains|ARCTIC_MINT_GUM,2021-01-11,0.0,0.0
Plains|ARCTIC_MINT_GUM,2021-01-18,0.0,0.0
Plains|ARCTIC_MINT_GUM,2021-01-25,0.2513966480446927,0.0
Plains|ARCTIC_MINT_GUM,2021-02-01,0.0,0.0
Plains|ARCTIC_MINT_GUM,2021-02-08,0.0,0.0
Plains|ARCTIC_MINT_GUM,2021-02-15,0.0,0.1
Plains|ARCTIC_MINT_GUM,2021-02-22,0.2513966480446927,0.0
Plains|ARCTIC_MINT_GUM,2021-03-01,0.0,0.0
Plains|ARCTIC_MINT_GUM,2021-03-08,0.0,0.0
Plains|ARCTIC_MINT_GUM,2021-03-15,0.0,0.0
Plains|ARCTIC_MINT_GUM,2021-03-22,0.0,0.0
Plains|ARCTIC_MINT_GUM,2021-03-29,0.2011173184357542,0.0
Plains|ARCTIC_MINT_GUM,2021-04-05,0.3519553072625699,0.1
Plains|ARCTIC_MINT_GUM,2021-04-12,0.0,0.1
Plains|ARCTIC_MINT_GUM,2021-04-19,0.0,0.0
Plains|ARCTIC_MINT_GUM,2021-04-26,0.0,0.0
Plains|ARCTIC_MINT_GUM,2021-05-03,0.0,0.0
Plains|ARCTIC_MINT_GUM,2021-05-10,0.0,0.0
Plains|ARCTIC_MINT_GUM,2021-05-17,0.0,0.0
Plains|ARCTIC_MINT_GUM,2021-05-24,0.0,0.0
Plains|ARCTIC_MINT_GUM,2021-05-31,0.0,0.0
Plains|ARCTIC_MINT_GUM,2021-06-07,0.0,0.0
Plains|ARCTIC_MINT_GUM,2021-06-14,0.0,0.0
Plains|ARCTIC_MINT_GUM,2021-06-21,0.0,0.0
Plains|ARCTIC_MINT_GUM,2021-06-28,0.0,0.0
Plains|ARCTIC_MINT_GUM,2021-07-05,0.0,0.0
Plains|ARCTIC_MINT_GUM,2021-07-12,0.100558659217877,0.0
Plains|ARCTIC_MINT_GUM,2021-07-19,0.0,0.0
Plains|ARCTIC_MINT_GUM,2021-07-26,0.0,0.0
Plains|ARCTIC_MINT_GUM,2021-08-02,0.0,0.0
Plains|ARCTIC_MINT_GUM,2021-08-09,0.100558659217877,0.0
Plains|ARCTIC_MINT_GUM,2021-08-16,0.0,0.0
Plains|ARCTIC_MINT_GUM,2021-08-23,0.0,0.0
Plains|ARCTIC_MINT_GUM,2021-08-30,0.0,0.0
Plains|ARCTIC_MINT_GUM,2021-09-06,0.3016759776536313,0.0
Plains|ARCTIC_MINT_GUM,2021-09-13,0.0,0.0
Plains|ARCTIC_MINT_GUM,2021-09-20,0.0,0.0
Plains|ARCTIC_MINT_GUM,2021-09-27,0.0,0.0
Plains|ARCTIC_MINT_GUM,2021-10-04,0.0,0.0
Plains|ARCTIC_MINT_GUM,2021-10-11,0.0,0.0
Plains|ARCTIC_MINT_GUM,2021-10-18,0.0,0.1
Plains|ARCTIC_MINT_GUM,2021-10-25,0.0,0.1
Plains|ARCTIC_MINT_GUM,2021-11-01,0.0,0.0
Plains|ARCTIC_MINT_GUM,2021-11-08,0.0,0.0
Plains|ARCTIC_MINT_GUM,2021-11-15,0.0,0.0
Plains|ARCTIC_MINT_GUM,2021-11-22,0.0,0.0
Plains|ARCTIC_MINT_GUM,2021-11-29,0.3519553072625699,0.0
Plains|ARCTIC_MINT_GUM,2021-12-06,0.0,0.0
Plains|ARCTIC_MINT_GUM,2021-12-13,0.0,0.1
Plains|ARCTIC_MINT_GUM,2021-12-20,0.0,0.1
Plains|ARCTIC_MINT_GUM,2021-12-27,0.0,0.0
Plains|ARCTIC_MINT_GUM,2022-01-03,0.0,0.0
Plains|ARCTIC_MINT_GUM,2022-01-10,0.0,0.0
Plains|ARCTIC_MINT_GUM,2022-01-17,0.3519553072625699,0.0
Plains|ARCTIC_MINT_GUM,2022-01-24,0.0,0.0
Plains|ARCTIC_MINT_GUM,2022-01-31,0.2513966480446927,0.0
Plains|ARCTIC_MINT_GUM,2022-02-07,0.0,0.1
Plains|ARCTIC_MINT_GUM,2022-02-14,0.1508379888268156,0.1
Plains|ARCTIC_MINT_GUM,2022-02-21,0.0,0.1
Plains|ARCTIC_MINT_GUM,2022-02-28,0.0,0.0
Plains|ARCTIC_MINT_GUM,2022-03-07,0.0,0.0
Plains|ARCTIC_MINT_GUM,2022-03-14,0.0,0.0
Plains|ARCTIC_MINT_GUM,2022-03-21,0.0,0.0
Plains|ARCTIC_MINT_GUM,2022-03-28,0.0,0.0
Plains|ARCTIC_MINT_GUM,2022-04-04,0.100558659217877,0.1
Plains|ARCTIC_MINT_GUM,2022-04-11,0.3519553072625699,0.1
Plains|ARCTIC_MINT_GUM,2022-04-18,0.0,0.1
Plains|ARCTIC_MINT_GUM,2022-04-25,0.0,0.0
Plains|ARCTIC_MINT_GUM,2022-05-02,0.0,0.0
Plains|ARCTIC_MINT_GUM,2022-05-09,0.100558659217877,0.0
Plains|ARCTIC_MINT_GUM,2022-05-16,0.0,0.1
Plains|ARCTIC_MINT_GUM,2022-05-23,0.3519553072625699,0.0
Plains|ARCTIC_MINT_GUM,2022-05-30,0.0,0.0
Plains|ARCTIC_MINT_GUM,2022-06-06,0.1508379888268156,0.0
Plains|ARCTIC_MINT_GUM,2022-06-13,0.0,0.0
Plains|ARCTIC_MINT_GUM,2022-06-20,0.0,0.0
Plains|ARCTIC_MINT_GUM,2022-06-27,0.3519553072625699,0.0
Plains|ARCTIC_MINT_GUM,2022-07-04,0.100558659217877,0.0
Plains|ARCTIC_MINT_GUM,2022-07-11,0.3519553072625699,0.0
Plains|ARCTIC_MINT_GUM,2022-07-18,0.1508379888268156,0.0
Plains|ARCTIC_MINT_GUM,2022-07-25,0.2011173184357542,0.0
Plains|ARCTIC_MINT_GUM,2022-08-01,0.0,0.0
Plains|ARCTIC_MINT_GUM,2022-08-08,0.0,0.0
Plains|ARCTIC_MINT_GUM,2022-08-15,0.2011173184357542,0.0
Plains|ARCTIC_MINT_GUM,2022-08-22,0.0,0.0
Plains|ARCTIC_MINT_GUM,2022-08-29,0.0,0.0
Plains|ARCTIC_MINT_GUM,2022-09-05,0.0,0.0
Plains|ARCTIC_MINT_GUM,2022-09-12,0.0,0.0
Plains|ARCTIC_MINT_GUM,2022-09-19,0.0,0.0
Plains|ARCTIC_MINT_GUM,2022-09-26,0.2513966480446927,0.0
Plains|ARCTIC_MINT_GUM,2022-10-03,0.0,0.0
Plains|ARCTIC_MINT_GUM,2022-10-10,0.0,0.0
Plains|ARCTIC_MINT_GUM,2022-10-17,0.0,0.0
Plains|ARCTIC_MINT_GUM,2022-10-24,0.0,0.1
Plains|ARCTIC_MINT_GUM,2022-10-31,0.0,0.1
Plains|ARCTIC_MINT_GUM,2022-11-07,0.3519553072625699,0.0
Plains|ARCTIC_MINT_GUM,2022-11-14,0.0,0.0
Plains|ARCTIC_MINT_GUM,2022-11-21,0.0,0.0
Plains|ARCTIC_MINT_GUM,2022-11-28,0.0,0.0
Plains|ARCTIC_MINT_GUM,2022-12-05,0.100558659217877,0.0
Plains|ARCTIC_MINT_GUM,2022-12-12,0.0,0.1
Plains|ARCTIC_MINT_GUM,2022-12-19,0.0,0.1
Plains|ARCTIC_MINT_GUM,2022-12-26,0.1508379888268156,0.1
Plains|ARCTIC_MINT_GUM,2023-01-02,0.0,0.0
Plains|ARCTIC_MINT_GUM,2023-01-09,0.2513966480446927,0.0
Plains|ARCTIC_MINT_GUM,2023-01-16,0.1508379888268156,0.0
Plains|ARCTIC_MINT_GUM,2023-01-23,0.0,0.0
Plains|ARCTIC_MINT_GUM,2023-01-30,0.0,0.0
Plains|ARCTIC_MINT_GUM,2023-02-06,0.2011173184357542,0.1
Plains|ARCTIC_MINT_GUM,2023-02-13,0.0,0.1
Plains|ARCTIC_MINT_GUM,2023-02-20,0.2011173184357542,0.0
Plains|ARCTIC_MINT_GUM,2023-02-27,0.0,0.0
Plains|ARCTIC_MINT_GUM,2023-03-06,0.0,0.1
Plains|ARCTIC_MINT_GUM,2023-03-13,0.0,0.1
Plains|ARCTIC_MINT_GUM,2023-03-20,0.0,0.1
Plains|ARCTIC_MINT_GUM,2023-03-27,0.3519553072625699,0.0
Plains|ARCTIC_MINT_GUM,2023-04-03,0.2513966480446927,0.1
Plains|ARCTIC_MINT_GUM,2023-04-10,0.0,0.1
Plains|ARCTIC_MINT_GUM,2023-04-17,0.0,0.1
Plains|ARCTIC_MINT_GUM,2023-04-24,0.2011173184357542,0.1
Plains|ARCTIC_MINT_GUM,2023-05-01,0.100558659217877,0.1
Plains|ARCTIC_MINT_GUM,2023-05-08,0.3519553072625699,0.1
Plains|ARCTIC_MINT_GUM,2023-05-15,0.0,0.1
Plains|ARCTIC_MINT_GUM,2023-05-22,0.100558659217877,0.1
Plains|ARCTIC_MINT_GUM,2023-05-29,0.0,0.1
Plains|ARCTIC_MINT_GUM,2023-06-05,0.0,0.1
Plains|ARCTIC_MINT_GUM,2023-06-12,0.1508379888268156,0.1
Plains|ARCTIC_MINT_GUM,2023-06-19,0.0,0.1
Plains|ARCTIC_MINT_GUM,2023-06-26,0.3519553072625699,0.1
Plains|ARCTIC_MINT_GUM,2023-07-03,0.0,0.0
Plains|ARCTIC_MINT_GUM,2023-07-10,0.0,0.0
Plains|ARCTIC_MINT_GUM,2023-07-17,0.0,0.0
Plains|ARCTIC_MINT_GUM,2023-07-24,0.0,0.0
Plains|ARCTIC_MINT_GUM,2023-07-31,0.0,0.0
Plains|ARCTIC_MINT_GUM,2023-08-07,0.0,0.0
Plains|ARCTIC_MINT_GUM,2023-08-14,0.3519553072625699,0.0
Plains|ARCTIC_MINT_GUM,2023-08-21,0.0,0.0
Plains|ARCTIC_MINT_GUM,2023-08-28,0.100558659217877,0.0
Plains|ARCTIC_MINT_GUM,2023-09-04,0.2011173184357542,0.0
Plains|ARCTIC_MINT_GUM,2023-09-11,0.0,0.0
Plains|ARCTIC_MINT_GUM,2023-09-18,0.0,0.0
Plains|ARCTIC_MINT_GUM,2023-09-25,0.0,0.0
Plains|ARCTIC_MINT_GUM,2023-10-02,0.0,0.0
Plains|ARCTIC_MINT_GUM,2023-10-09,0.100558659217877,0.0
Plains|ARCTIC_MINT_GUM,2023-10-16,0.0,0.0
Plains|ARCTIC_MINT_GUM,2023-10-23,0.0,0.1
Plains|ARCTIC_MINT_GUM,2023-10-30,0.3016759776536313,0.1
Plains|ARCTIC_MINT_GUM,2023-11-06,0.0,0.1
Plains|ARCTIC_MINT_GUM,2023-11-13,0.0,0.1
Plains|ARCTIC_MINT_GUM,2023-11-20,0.3519553072625699,0.0
Plains|ARCTIC_MINT_GUM,2023-11-27,0.0,0.1
Plains|ARCTIC_MINT_GUM,2023-12-04,0.2011173184357542,0.1
Plains|ARCTIC_MINT_GUM,2023-12-11,0.0,0.1
Plains|ARCTIC_MINT_GUM,2023-12-18,0.3519553072625699,0.1
Plains|ARCTIC_MINT_GUM,2023-12-25,0.0,0.1
Plains|BLISS_SILK_BAR,2021-01-04,0.1006711409395972,0.1
Plains|BLISS_SILK_BAR,2021-01-11,0.0,0.0
Plains|BLISS_SILK_BAR,2021-01-18,0.0,0.1
Plains|BLISS_SILK_BAR,2021-01-25,0.2483221476510066,0.0
Plains|BLISS_SILK_BAR,2021-02-01,0.0,0.1
Plains|BLISS_SILK_BAR,2021-02-08,0.0,0.1
Plains|BLISS_SILK_BAR,2021-02-15,0.2483221476510066,0.1
Plains|BLISS_SILK_BAR,2021-02-22,0.2483221476510066,0.0
Plains|BLISS_SILK_BAR,2021-03-01,0.0,0.0
Plains|BLISS_SILK_BAR,2021-03-08,0.348993288590604,0.0
Plains|BLISS_SILK_BAR,2021-03-15,0.0,0.0
Plains|BLISS_SILK_BAR,2021-03-22,0.0,0.0
Plains|BLISS_SILK_BAR,2021-03-29,0.0,0.0
Plains|BLISS_SILK_BAR,2021-04-05,0.0,0.1
Plains|BLISS_SILK_BAR,2021-04-12,0.0,0.1
Plains|BLISS_SILK_BAR,2021-04-19,0.0,0.0
Plains|BLISS_SILK_BAR,2021-04-26,0.0,0.0
Plains|BLISS_SILK_BAR,2021-05-03,0.0,0.0
Plains|BLISS_SILK_BAR,2021-05-10,0.0,0.0
Plains|BLISS_SILK_BAR,2021-05-17,0.2483221476510066,0.0
Plains|BLISS_SILK_BAR,2021-05-24,0.0,0.0
Plains|BLISS_SILK_BAR,2021-05-31,0.348993288590604,0.0
Plains|BLISS_SILK_BAR,2021-06-07,0.0,0.0
Plains|BLISS_SILK_BAR,2021-06-14,0.348993288590604,0.0
Plains|BLISS_SILK_BAR,2021-06-21,0.2013422818791946,0.0
Plains|BLISS_SILK_BAR,2021-06-28,0.2483221476510066,0.0
Plains|BLISS_SILK_BAR,2021-07-05,0.0,0.0
Plains|BLISS_SILK_BAR,2021-07-12,0.0,0.0
Plains|BLISS_SILK_BAR,2021-07-19,0.0,0.0
Plains|BLISS_SILK_BAR,2021-07-26,0.0,0.0
Plains|BLISS_SILK_BAR,2021-08-02,0.1476510067114093,0.0
Plains|BLISS_SILK_BAR,2021-08-09,0.0,0.0
Plains|BLISS_SILK_BAR,2021-08-16,0.0,0.0
Plains|BLISS_SILK_BAR,2021-08-23,0.0,0.0
Plains|BLISS_SILK_BAR,2021-08-30,0.2013422818791946,0.0
Plains|BLISS_SILK_BAR,2021-09-06,0.0,0.0
Plains|BLISS_SILK_BAR,2021-09-13,0.1006711409395972,0.0
Plains|BLISS_SILK_BAR,2021-09-20,0.0,0.0
Plains|BLISS_SILK_BAR,2021-09-27,0.0,0.0
Plains|BLISS_SILK_BAR,2021-10-04,0.1006711409395972,0.0
Plains|BLISS_SILK_BAR,2021-10-11,0.1476510067114093,0.0
Plains|BLISS_SILK_BAR,2021-10-18,0.2013422818791946,0.1
Plains|BLISS_SILK_BAR,2021-10-25,0.348993288590604,0.1
Plains|BLISS_SILK_BAR,2021-11-01,0.3020134228187919,0.0
Plains|BLISS_SILK_BAR,2021-11-08,0.348993288590604,0.1
Plains|BLISS_SILK_BAR,2021-11-15,0.0,0.1
Plains|BLISS_SILK_BAR,2021-11-22,0.0,0.1
Plains|BLISS_SILK_BAR,2021-11-29,0.348993288590604,0.1
Plains|BLISS_SILK_BAR,2021-12-06,0.0,0.1
Plains|BLISS_SILK_BAR,2021-12-13,0.348993288590604,0.1
Plains|BLISS_SILK_BAR,2021-12-20,0.0,0.1
Plains|BLISS_SILK_BAR,2021-12-27,0.0,0.1
Plains|BLISS_SILK_BAR,2022-01-03,0.0,0.1
Plains|BLISS_SILK_BAR,2022-01-10,0.0,0.1
Plains|BLISS_SILK_BAR,2022-01-17,0.0,0.1
Plains|BLISS_SILK_BAR,2022-01-24,0.0,0.1
Plains|BLISS_SILK_BAR,2022-01-31,0.348993288590604,0.0
Plains|BLISS_SILK_BAR,2022-02-07,0.0,0.1
Plains|BLISS_SILK_BAR,2022-02-14,0.0,0.1
Plains|BLISS_SILK_BAR,2022-02-21,0.3020134228187919,0.0
Plains|BLISS_SILK_BAR,2022-02-28,0.2483221476510066,0.0
Plains|BLISS_SILK_BAR,2022-03-07,0.0,0.0
Plains|BLISS_SILK_BAR,2022-03-14,0.1006711409395972,0.0
Plains|BLISS_SILK_BAR,2022-03-21,0.348993288590604,0.0
Plains|BLISS_SILK_BAR,2022-03-28,0.1006711409395972,0.0
Plains|BLISS_SILK_BAR,2022-04-04,0.0,0.1
Plains|BLISS_SILK_BAR,2022-04-11,0.3020134228187919,0.1
Plains|BLISS_SILK_BAR,2022-04-18,0.348993288590604,0.1
Plains|BLISS_SILK_BAR,2022-04-25,0.0,0.0
Plains|BLISS_SILK_BAR,2022-05-02,0.0,0.0
Plains|BLISS_SILK_BAR,2022-05-09,0.2483221476510066,0.0
Plains|BLISS_SILK_BAR,2022-05-16,0.0,0.0
Plains|BLISS_SILK_BAR,2022-05-23,0.0,0.0
Plains|BLISS_SILK_BAR,2022-05-30,0.0,0.0
Plains|BLISS_SILK_BAR,2022-06-06,0.0,0.0
Plains|BLISS_SILK_BAR,2022-06-13,0.0,0.0
Plains|BLISS_SILK_BAR,2022-06-20,0.0,0.0
Plains|BLISS_SILK_BAR,2022-06-27,0.0,0.0
Plains|BLISS_SILK_BAR,2022-07-04,0.0,0.0
Plains|BLISS_SILK_BAR,2022-07-11,0.0,0.0
Plains|BLISS_SILK_BAR,2022-07-18,0.0,0.0
Plains|BLISS_SILK_BAR,2022-07-25,0.0,0.0
Plains|BLISS_SILK_BAR,2022-08-01,0.0,0.0
Plains|BLISS_SILK_BAR,2022-08-08,0.0,0.0
Plains|BLISS_SILK_BAR,2022-08-15,0.0,0.0
Plains|BLISS_SILK_BAR,2022-08-22,0.0,0.0
Plains|BLISS_SILK_BAR,2022-08-29,0.0,0.0
Plains|BLISS_SILK_BAR,2022-09-05,0.0,0.0
Plains|BLISS_SILK_BAR,2022-09-12,0.0,0.0
Plains|BLISS_SILK_BAR,2022-09-19,0.0,0.0
Plains|BLISS_SILK_BAR,2022-09-26,0.1476510067114093,0.0
Plains|BLISS_SILK_BAR,2022-10-03,0.2013422818791946,0.0
Plains|BLISS_SILK_BAR,2022-10-10,0.3020134228187919,0.0
Plains|BLISS_SILK_BAR,2022-10-17,0.1476510067114093,0.0
Plains|BLISS_SILK_BAR,2022-10-24,0.0,0.1
Plains|BLISS_SILK_BAR,2022-10-31,0.0,0.1
Plains|BLISS_SILK_BAR,2022-11-07,0.0,0.1
Plains|BLISS_SILK_BAR,2022-11-14,0.0,0.1
Plains|BLISS_SILK_BAR,2022-11-21,0.1006711409395972,0.1
Plains|BLISS_SILK_BAR,2022-11-28,0.0,0.1
Plains|BLISS_SILK_BAR,2022-12-05,0.0,0.1
Plains|BLISS_SILK_BAR,2022-12-12,0.0,0.1
Plains|BLISS_SILK_BAR,2022-12-19,0.0,0.1
Plains|BLISS_SILK_BAR,2022-12-26,0.2483221476510066,0.1
Plains|BLISS_SILK_BAR,2023-01-02,0.2483221476510066,0.1
Plains|BLISS_SILK_BAR,2023-01-09,0.0,0.1
Plains|BLISS_SILK_BAR,2023-01-16,0.3020134228187919,0.1
Plains|BLISS_SILK_BAR,2023-01-23,0.348993288590604,0.0
Plains|BLISS_SILK_BAR,2023-01-30,0.0,0.0
Plains|BLISS_SILK_BAR,2023-02-06,0.1006711409395972,0.1
Plains|BLISS_SILK_BAR,2023-02-13,0.2483221476510066,0.1
Plains|BLISS_SILK_BAR,2023-02-20,0.0,0.1
Plains|BLISS_SILK_BAR,2023-02-27,0.348993288590604,0.0
Plains|BLISS_SILK_BAR,2023-03-06,0.2013422818791946,0.0
Plains|BLISS_SILK_BAR,2023-03-13,0.1476510067114093,0.0
Plains|BLISS_SILK_BAR,2023-03-20,0.0,0.0
Plains|BLISS_SILK_BAR,2023-03-27,0.0,0.0
Plains|BLISS_SILK_BAR,2023-04-03,0.0,0.1
Plains|BLISS_SILK_BAR,2023-04-10,0.0,0.1
Plains|BLISS_SILK_BAR,2023-04-17,0.0,0.1
Plains|BLISS_SILK_BAR,2023-04-24,0.0,0.0
Plains|BLISS_SILK_BAR,2023-05-01,0.2483221476510066,0.0
Plains|BLISS_SILK_BAR,2023-05-08,0.0,0.0
Plains|BLISS_SILK_BAR,2023-05-15,0.0,0.0
Plains|BLISS_SILK_BAR,2023-05-22,0.1006711409395972,0.0
Plains|BLISS_SILK_BAR,2023-05-29,0.0,0.0
Plains|BLISS_SILK_BAR,2023-06-05,0.0,0.0
Plains|BLISS_SILK_BAR,2023-06-12,0.0,0.0
Plains|BLISS_SILK_BAR,2023-06-19,0.0,0.0
Plains|BLISS_SILK_BAR,2023-06-26,0.2013422818791946,0.0
Plains|BLISS_SILK_BAR,2023-07-03,0.0,0.0
Plains|BLISS_SILK_BAR,2023-07-10,0.0,0.0
Plains|BLISS_SILK_BAR,2023-07-17,0.0,0.0
Plains|BLISS_SILK_BAR,2023-07-24,0.0,0.0
Plains|BLISS_SILK_BAR,2023-07-31,0.0,0.0
Plains|BLISS_SILK_BAR,2023-08-07,0.2013422818791946,0.0
Plains|BLISS_SILK_BAR,2023-08-14,0.3020134228187919,0.0
Plains|BLISS_SILK_BAR,2023-08-21,0.0,0.0
Plains|BLISS_SILK_BAR,2023-08-28,0.0,0.0
Plains|BLISS_SILK_BAR,2023-09-04,0.0,0.0
Plains|BLISS_SILK_BAR,2023-09-11,0.1006711409395972,0.0
Plains|BLISS_SILK_BAR,2023-09-18,0.0,0.0
Plains|BLISS_SILK_BAR,2023-09-25,0.0,0.0
Plains|BLISS_SILK_BAR,2023-10-02,0.2483221476510066,0.0
Plains|BLISS_SILK_BAR,2023-10-09,0.1476510067114093,0.1
Plains|BLISS_SILK_BAR,2023-10-16,0.0,0.0
Plains|BLISS_SILK_BAR,2023-10-23,0.0,0.1
Plains|BLISS_SILK_BAR,2023-10-30,0.2483221476510066,0.1
Plains|BLISS_SILK_BAR,2023-11-06,0.0,0.1
Plains|BLISS_SILK_BAR,2023-11-13,0.348993288590604,0.1
Plains|BLISS_SILK_BAR,2023-11-20,0.0,0.1
Plains|BLISS_SILK_BAR,2023-11-27,0.0,0.1
Plains|BLISS_SILK_BAR,2023-12-04,0.1476510067114093,0.1
Plains|BLISS_SILK_BAR,2023-12-11,0.2013422818791946,0.1
Plains|BLISS_SILK_BAR,2023-12-18,0.0,0.1
Plains|BLISS_SILK_BAR,2023-12-25,0.0,0.1
Plains|GOLDEN_MALT_POUCH,2021-01-04,0.249240121580547,0.1
Plains|GOLDEN_MALT_POUCH,2021-01-11,0.148936170212766,0.0
Plains|GOLDEN_MALT_POUCH,2021-01-18,0.0,0.0
Plains|GOLDEN_MALT_POUCH,2021-01-25,0.0,0.0
Plains|GOLDEN_MALT_POUCH,2021-02-01,0.0,0.0
Plains|GOLDEN_MALT_POUCH,2021-02-08,0.0,0.1
Plains|GOLDEN_MALT_POUCH,2021-02-15,0.3009118541033435,0.1
Plains|GOLDEN_MALT_POUCH,2021-02-22,0.0,0.0
Plains|GOLDEN_MALT_POUCH,2021-03-01,0.0,0.0
Plains|GOLDEN_MALT_POUCH,2021-03-08,0.0,0.0
Plains|GOLDEN_MALT_POUCH,2021-03-15,0.3009118541033435,0.0
Plains|GOLDEN_MALT_POUCH,2021-03-22,0.0,0.0
Plains|GOLDEN_MALT_POUCH,2021-03-29,0.0,0.0
Plains|GOLDEN_MALT_POUCH,2021-04-05,0.0,0.1
Plains|GOLDEN_MALT_POUCH,2021-04-12,0.1003039513677811,0.1
Plains|GOLDEN_MALT_POUCH,2021-04-19,0.249240121580547,0.0
Plains|GOLDEN_MALT_POUCH,2021-04-26,0.0,0.0
Plains|GOLDEN_MALT_POUCH,2021-05-03,0.0,0.0
Plains|GOLDEN_MALT_POUCH,2021-05-10,0.0,0.0
Plains|GOLDEN_MALT_POUCH,2021-05-17,0.2006079027355623,0.0
Plains|GOLDEN_MALT_POUCH,2021-05-24,0.0,0.0
Plains|GOLDEN_MALT_POUCH,2021-05-31,0.0,0.0
Plains|GOLDEN_MALT_POUCH,2021-06-07,0.249240121580547,0.0
Plains|GOLDEN_MALT_POUCH,2021-06-14,0.0,0.0
Plains|GOLDEN_MALT_POUCH,2021-06-21,0.1003039513677811,0.0
Plains|GOLDEN_MALT_POUCH,2021-06-28,0.148936170212766,0.0
Plains|GOLDEN_MALT_POUCH,2021-07-05,0.0,0.0
Plains|GOLDEN_MALT_POUCH,2021-07-12,0.0,0.0
Plains|GOLDEN_MALT_POUCH,2021-07-19,0.0,0.0
Plains|GOLDEN_MALT_POUCH,2021-07-26,0.0,0.0
Plains|GOLDEN_MALT_POUCH,2021-08-02,0.0,0.0
Plains|GOLDEN_MALT_POUCH,2021-08-09,0.0,0.0
Plains|GOLDEN_MALT_POUCH,2021-08-16,0.2006079027355623,0.0
Plains|GOLDEN_MALT_POUCH,2021-08-23,0.1003039513677811,0.0
Plains|GOLDEN_MALT_POUCH,2021-08-30,0.0,0.0
Plains|GOLDEN_MALT_POUCH,2021-09-06,0.0,0.0
Plains|GOLDEN_MALT_POUCH,2021-09-13,0.1003039513677811,0.0
Plains|GOLDEN_MALT_POUCH,2021-09-20,0.0,0.0
Plains|GOLDEN_MALT_POUCH,2021-09-27,0.0,0.0
Plains|GOLDEN_MALT_POUCH,2021-10-04,0.148936170212766,0.0
Plains|GOLDEN_MALT_POUCH,2021-10-11,0.0,0.0
Plains|GOLDEN_MALT_POUCH,2021-10-18,0.0,0.1
Plains|GOLDEN_MALT_POUCH,2021-10-25,0.3009118541033435,0.1
Plains|GOLDEN_MALT_POUCH,2021-11-01,0.2006079027355623,0.0
Plains|GOLDEN_MALT_POUCH,2021-11-08,0.3495440729483282,0.0
Plains|GOLDEN_MALT_POUCH,2021-11-15,0.148936170212766,0.0
Plains|GOLDEN_MALT_POUCH,2021-11-22,0.0,0.1
Plains|GOLDEN_MALT_POUCH,2021-11-29,0.3009118541033435,0.1
Plains|GOLDEN_MALT_POUCH,2021-12-06,0.0,0.1
Plains|GOLDEN_MALT_POUCH,2021-12-13,0.2006079027355623,0.1
Plains|GOLDEN_MALT_POUCH,2021-12-20,0.2006079027355623,0.1
Plains|GOLDEN_MALT_POUCH,2021-12-27,0.249240121580547,0.1
Plains|GOLDEN_MALT_POUCH,2022-01-03,0.0,0.1
Plains|GOLDEN_MALT_POUCH,2022-01-10,0.148936170212766,0.1
Plains|GOLDEN_MALT_POUCH,2022-01-17,0.0,0.1
Plains|GOLDEN_MALT_POUCH,2022-01-24,0.0,0.1
Plains|GOLDEN_MALT_POUCH,2022-01-31,0.0,0.1
Plains|GOLDEN_MALT_POUCH,2022-02-07,0.148936170212766,0.1
Plains|GOLDEN_MALT_POUCH,2022-02-14,0.0,0.1
Plains|GOLDEN_MALT_POUCH,2022-02-21,0.0,0.0
Plains|GOLDEN_MALT_POUCH,2022-02-28,0.0,0.0
Plains|GOLDEN_MALT_POUCH,2022-03-07,0.0,0.0
Plains|GOLDEN_MALT_POUCH,2022-03-14,0.0,0.0
Plains|GOLDEN_MALT_POUCH,2022-03-21,0.1003039513677811,0.0
Plains|GOLDEN_MALT_POUCH,2022-03-28,0.3495440729483282,0.0
Plains|GOLDEN_MALT_POUCH,2022-04-04,0.0,0.1
Plains|GOLDEN_MALT_POUCH,2022-04-11,0.0,0.1
Plains|GOLDEN_MALT_POUCH,2022-04-18,0.0,0.1
Plains|GOLDEN_MALT_POUCH,2022-04-25,0.0,0.0
Plains|GOLDEN_MALT_POUCH,2022-05-02,0.0,0.0
Plains|GOLDEN_MALT_POUCH,2022-05-09,0.0,0.0
Plains|GOLDEN_MALT_POUCH,2022-05-16,0.1003039513677811,0.0
Plains|GOLDEN_MALT_POUCH,2022-05-23,0.0,0.0
Plains|GOLDEN_MALT_POUCH,2022-05-30,0.0,0.0
Plains|GOLDEN_MALT_POUCH,2022-06-06,0.148936170212766,0.0
Plains|GOLDEN_MALT_POUCH,2022-06-13,0.0,0.0
Plains|GOLDEN_MALT_POUCH,2022-06-20,0.0,0.0
Plains|GOLDEN_MALT_POUCH,2022-06-27,0.0,0.0
Plains|GOLDEN_MALT_POUCH,2022-07-04,0.0,0.0
Plains|GOLDEN_MALT_POUCH,2022-07-11,0.0,0.0
Plains|GOLDEN_MALT_POUCH,2022-07-18,0.3009118541033435,0.0
Plains|GOLDEN_MALT_POUCH,2022-07-25,0.0,0.0
Plains|GOLDEN_MALT_POUCH,2022-08-01,0.0,0.0
Plains|GOLDEN_MALT_POUCH,2022-08-08,0.0,0.0
Plains|GOLDEN_MALT_POUCH,2022-08-15,0.0,0.0
Plains|GOLDEN_MALT_POUCH,2022-08-22,0.148936170212766,0.0
Plains|GOLDEN_MALT_POUCH,2022-08-29,0.0,0.0
Plains|GOLDEN_MALT_POUCH,2022-09-05,0.0,0.0
Plains|GOLDEN_MALT_POUCH,2022-09-12,0.0,0.0
Plains|GOLDEN_MALT_POUCH,2022-09-19,0.0,0.0
Plains|GOLDEN_MALT_POUCH,2022-09-26,0.0,0.0
Plains|GOLDEN_MALT_POUCH,2022-10-03,0.2006079027355623,0.0
Plains|GOLDEN_MALT_POUCH,2022-10-10,0.0,0.0
Plains|GOLDEN_MALT_POUCH,2022-10-17,0.3495440729483282,0.0
Plains|GOLDEN_MALT_POUCH,2022-10-24,0.0,0.1
Plains|GOLDEN_MALT_POUCH,2022-10-31,0.0,0.1
Plains|GOLDEN_MALT_POUCH,2022-11-07,0.0,0.1
Plains|GOLDEN_MALT_POUCH,2022-11-14,0.3495440729483282,0.1
Plains|GOLDEN_MALT_POUCH,2022-11-21,0.0,0.1
Plains|GOLDEN_MALT_POUCH,2022-11-28,0.0,0.1
Plains|GOLDEN_MALT_POUCH,2022-12-05,0.148936170212766,0.1
Plains|GOLDEN_MALT_POUCH,2022-12-12,0.0,0.1
Plains|GOLDEN_MALT_POUCH,2022-12-19,0.249240121580547,0.1
Plains|GOLDEN_MALT_POUCH,2022-12-26,0.0,0.1
Plains|GOLDEN_MALT_POUCH,2023-01-02,0.0,0.1
Plains|GOLDEN_MALT_POUCH,2023-01-09,0.0,0.1
Plains|GOLDEN_MALT_POUCH,2023-01-16,0.0,0.1
Plains|GOLDEN_MALT_POUCH,2023-01-23,0.1003039513677811,0.1
Plains|GOLDEN_MALT_POUCH,2023-01-30,0.0,0.1
Plains|GOLDEN_MALT_POUCH,2023-02-06,0.0,0.1
Plains|GOLDEN_MALT_POUCH,2023-02-13,0.0,0.1
Plains|GOLDEN_MALT_POUCH,2023-02-20,0.249240121580547,0.1
Plains|GOLDEN_MALT_POUCH,2023-02-27,0.3009118541033435,0.1
Plains|GOLDEN_MALT_POUCH,2023-03-06,0.0,0.0
Plains|GOLDEN_MALT_POUCH,2023-03-13,0.0,0.0
Plains|GOLDEN_MALT_POUCH,2023-03-20,0.1003039513677811,0.0
Plains|GOLDEN_MALT_POUCH,2023-03-27,0.3009118541033435,0.0
Plains|GOLDEN_MALT_POUCH,2023-04-03,0.0,0.1
Plains|GOLDEN_MALT_POUCH,2023-04-10,0.2006079027355623,0.1
Plains|GOLDEN_MALT_POUCH,2023-04-17,0.0,0.1
Plains|GOLDEN_MALT_POUCH,2023-04-24,0.0,0.0
Plains|GOLDEN_MALT_POUCH,2023-05-01,0.0,0.0
Plains|GOLDEN_MALT_POUCH,2023-05-08,0.3009118541033435,0.0
Plains|GOLDEN_MALT_POUCH,2023-05-15,0.1003039513677811,0.0
Plains|GOLDEN_MALT_POUCH,2023-05-22,0.0,0.0
Plains|GOLDEN_MALT_POUCH,2023-05-29,0.3495440729483282,0.0
Plains|GOLDEN_MALT_POUCH,2023-06-05,0.0,0.0
Plains|GOLDEN_MALT_POUCH,2023-06-12,0.148936170212766,0.0
Plains|GOLDEN_MALT_POUCH,2023-06-19,0.0,0.0
Plains|GOLDEN_MALT_POUCH,2023-06-26,0.0,0.0
Plains|GOLDEN_MALT_POUCH,2023-07-03,0.1003039513677811,0.0
Plains|GOLDEN_MALT_POUCH,2023-07-10,0.0,0.0
Plains|GOLDEN_MALT_POUCH,2023-07-17,0.0,0.0
Plains|GOLDEN_MALT_POUCH,2023-07-24,0.0,0.0
Plains|GOLDEN_MALT_POUCH,2023-07-31,0.0,0.0
Plains|GOLDEN_MALT_POUCH,2023-08-07,0.3009118541033435,0.0
Plains|GOLDEN_MALT_POUCH,2023-08-14,0.148936170212766,0.0
Plains|GOLDEN_MALT_POUCH,2023-08-21,0.0,0.0
Plains|GOLDEN_MALT_POUCH,2023-08-28,0.0,0.0
Plains|GOLDEN_MALT_POUCH,2023-09-04,0.0,0.0
Plains|GOLDEN_MALT_POUCH,2023-09-11,0.0,0.0
Plains|GOLDEN_MALT_POUCH,2023-09-18,0.148936170212766,0.0
Plains|GOLDEN_MALT_POUCH,2023-09-25,0.0,0.0
Plains|GOLDEN_MALT_POUCH,2023-10-02,0.3495440729483282,0.0
Plains|GOLDEN_MALT_POUCH,2023-10-09,0.0,0.0
Plains|GOLDEN_MALT_POUCH,2023-10-16,0.2006079027355623,0.1
Plains|GOLDEN_MALT_POUCH,2023-10-23,0.1003039513677811,0.1
Plains|GOLDEN_MALT_POUCH,2023-10-30,0.0,0.1
Plains|GOLDEN_MALT_POUCH,2023-11-06,0.3009118541033435,0.1
Plains|GOLDEN_MALT_POUCH,2023-11-13,0.249240121580547,0.1
Plains|GOLDEN_MALT_POUCH,2023-11-20,0.0,0.1
Plains|GOLDEN_MALT_POUCH,2023-11-27,0.2006079027355623,0.1
Plains|GOLDEN_MALT_POUCH,2023-12-04,0.0,0.1
Plains|GOLDEN_MALT_POUCH,2023-12-11,0.0,0.1
Plains|GOLDEN_MALT_POUCH,2023-12-18,0.249240121580547,0.1
Plains|GOLDEN_MALT_POUCH,2023-12-25,0.0,0.1
Plains|HAPPY_BUTTONS_PEG,2021-01-04,0.0,0.0
Plains|HAPPY_BUTTONS_PEG,2021-01-11,0.1002865329512894,0.1
Plains|HAPPY_BUTTONS_PEG,2021-01-18,0.3495702005730659,0.1
Plains|HAPPY_BUTTONS_PEG,2021-01-25,0.2005730659025788,0.0
Plains|HAPPY_BUTTONS_PEG,2021-02-01,0.3495702005730659,0.1
Plains|HAPPY_BUTTONS_PEG,2021-02-08,0.0,0.1
Plains|HAPPY_BUTTONS_PEG,2021-02-15,0.2005730659025788,0.1
Plains|HAPPY_BUTTONS_PEG,2021-02-22,0.0,0.0
Plains|HAPPY_BUTTONS_PEG,2021-03-01,0.0,0.0
Plains|HAPPY_BUTTONS_PEG,2021-03-08,0.0,0.0
Plains|HAPPY_BUTTONS_PEG,2021-03-15,0.0,0.0
Plains|HAPPY_BUTTONS_PEG,2021-03-22,0.3495702005730659,0.0
Plains|HAPPY_BUTTONS_PEG,2021-03-29,0.0,0.0
Plains|HAPPY_BUTTONS_PEG,2021-04-05,0.0,0.1
Plains|HAPPY_BUTTONS_PEG,2021-04-12,0.0,0.1
Plains|HAPPY_BUTTONS_PEG,2021-04-19,0.3008595988538682,0.0
Plains|HAPPY_BUTTONS_PEG,2021-04-26,0.3495702005730659,0.0
Plains|HAPPY_BUTTONS_PEG,2021-05-03,0.0,0.0
Plains|HAPPY_BUTTONS_PEG,2021-05-10,0.0,0.0
Plains|HAPPY_BUTTONS_PEG,2021-05-17,0.2005730659025788,0.0
Plains|HAPPY_BUTTONS_PEG,2021-05-24,0.0,0.0
Plains|HAPPY_BUTTONS_PEG,2021-05-31,0.0,0.0
Plains|HAPPY_BUTTONS_PEG,2021-06-07,0.3495702005730659,0.0
Plains|HAPPY_BUTTONS_PEG,2021-06-14,0.0,0.0
Plains|HAPPY_BUTTONS_PEG,2021-06-21,0.0,0.0
Plains|HAPPY_BUTTONS_PEG,2021-06-28,0.1002865329512894,0.0
Plains|HAPPY_BUTTONS_PEG,2021-07-05,0.2005730659025788,0.0
Plains|HAPPY_BUTTONS_PEG,2021-07-12,0.0,0.0
Plains|HAPPY_BUTTONS_PEG,2021-07-19,0.0,0.0
Plains|HAPPY_BUTTONS_PEG,2021-07-26,0.0,0.0
Plains|HAPPY_BUTTONS_PEG,2021-08-02,0.1002865329512894,0.0
Plains|HAPPY_BUTTONS_PEG,2021-08-09,0.0,0.0
Plains|HAPPY_BUTTONS_PEG,2021-08-16,0.0,0.0
Plains|HAPPY_BUTTONS_PEG,2021-08-23,0.0,0.0
Plains|HAPPY_BUTTONS_PEG,2021-08-30,0.0,0.0
Plains|HAPPY_BUTTONS_PEG,2021-09-06,0.3008595988538682,0.0
Plains|HAPPY_BUTTONS_PEG,2021-09-13,0.0,0.0
Plains|HAPPY_BUTTONS_PEG,2021-09-20,0.0,0.0
Plains|HAPPY_BUTTONS_PEG,2021-09-27,0.0,0.0
Plains|HAPPY_BUTTONS_PEG,2021-10-04,0.0,0.0
Plains|HAPPY_BUTTONS_PEG,2021-10-11,0.0,0.0
Plains|HAPPY_BUTTONS_PEG,2021-10-18,0.2492836676217765,0.1
Plains|HAPPY_BUTTONS_PEG,2021-10-25,0.0,0.1
Plains|HAPPY_BUTTONS_PEG,2021-11-01,0.0,0.1
Plains|HAPPY_BUTTONS_PEG,2021-11-08,0.2005730659025788,0.0
Plains|HAPPY_BUTTONS_PEG,2021-11-15,0.3008595988538682,0.0
Plains|HAPPY_BUTTONS_PEG,2021-11-22,0.0,0.0
Plains|HAPPY_BUTTONS_PEG,2021-11-29,0.0,0.0
Plains|HAPPY_BUTTONS_PEG,2021-12-06,0.0,0.1
Plains|HAPPY_BUTTONS_PEG,2021-12-13,0.0,0.1
Plains|HAPPY_BUTTONS_PEG,2021-12-20,0.2005730659025788,0.1
Plains|HAPPY_BUTTONS_PEG,2021-12-27,0.0,0.1
Plains|HAPPY_BUTTONS_PEG,2022-01-03,0.2005730659025788,0.1
Plains|HAPPY_BUTTONS_PEG,2022-01-10,0.3495702005730659,0.1
Plains|HAPPY_BUTTONS_PEG,2022-01-17,0.0,0.1
Plains|HAPPY_BUTTONS_PEG,2022-01-24,0.0,0.1
Plains|HAPPY_BUTTONS_PEG,2022-01-31,0.0,0.1
Plains|HAPPY_BUTTONS_PEG,2022-02-07,0.0,0.1
Plains|HAPPY_BUTTONS_PEG,2022-02-14,0.0,0.1
Plains|HAPPY_BUTTONS_PEG,2022-02-21,0.1489971346704871,0.0
Plains|HAPPY_BUTTONS_PEG,2022-02-28,0.0,0.0
Plains|HAPPY_BUTTONS_PEG,2022-03-07,0.1489971346704871,0.0
Plains|HAPPY_BUTTONS_PEG,2022-03-14,0.1002865329512894,0.0
Plains|HAPPY_BUTTONS_PEG,2022-03-21,0.0,0.0
Plains|HAPPY_BUTTONS_PEG,2022-03-28,0.0,0.0
Plains|HAPPY_BUTTONS_PEG,2022-04-04,0.2492836676217765,0.1
Plains|HAPPY_BUTTONS_PEG,2022-04-11,0.3495702005730659,0.1
Plains|HAPPY_BUTTONS_PEG,2022-04-18,0.0,0.1
Plains|HAPPY_BUTTONS_PEG,2022-04-25,0.0,0.0
Plains|HAPPY_BUTTONS_PEG,2022-05-02,0.0,0.0
Plains|HAPPY_BUTTONS_PEG,2022-05-09,0.3495702005730659,0.0
Plains|HAPPY_BUTTONS_PEG,2022-05-16,0.0,0.0
Plains|HAPPY_BUTTONS_PEG,2022-05-23,0.3495702005730659,0.0
Plains|HAPPY_BUTTONS_PEG,2022-05-30,0.2005730659025788,0.0
Plains|HAPPY_BUTTONS_PEG,2022-06-06,0.0,0.0
Plains|HAPPY_BUTTONS_PEG,2022-06-13,0.0,0.0
Plains|HAPPY_BUTTONS_PEG,2022-06-20,0.1002865329512894,0.0
Plains|HAPPY_BUTTONS_PEG,2022-06-27,0.0,0.0
Plains|HAPPY_BUTTONS_PEG,2022-07-04,0.0,0.0
Plains|HAPPY_BUTTONS_PEG,2022-07-11,0.0,0.0
Plains|HAPPY_BUTTONS_PEG,2022-07-18,0.0,0.0
Plains|HAPPY_BUTTONS_PEG,2022-07-25,0.0,0.0
Plains|HAPPY_BUTTONS_PEG,2022-08-01,0.1002865329512894,0.0
Plains|HAPPY_BUTTONS_PEG,2022-08-08,0.1489971346704871,0.0
Plains|HAPPY_BUTTONS_PEG,2022-08-15,0.0,0.0
Plains|HAPPY_BUTTONS_PEG,2022-08-22,0.0,0.0
Plains|HAPPY_BUTTONS_PEG,2022-08-29,0.0,0.0
Plains|HAPPY_BUTTONS_PEG,2022-09-05,0.0,0.0
Plains|HAPPY_BUTTONS_PEG,2022-09-12,0.3008595988538682,0.0
Plains|HAPPY_BUTTONS_PEG,2022-09-19,0.0,0.0
Plains|HAPPY_BUTTONS_PEG,2022-09-26,0.0,0.0
Plains|HAPPY_BUTTONS_PEG,2022-10-03,0.0,0.0
Plains|HAPPY_BUTTONS_PEG,2022-10-10,0.0,0.1
Plains|HAPPY_BUTTONS_PEG,2022-10-17,0.3008595988538682,0.0
Plains|HAPPY_BUTTONS_PEG,2022-10-24,0.1002865329512894,0.1
Plains|HAPPY_BUTTONS_PEG,2022-10-31,0.1489971346704871,0.1
Plains|HAPPY_BUTTONS_PEG,2022-11-07,0.3495702005730659,0.0
Plains|HAPPY_BUTTONS_PEG,2022-11-14,0.0,0.1
Plains|HAPPY_BUTTONS_PEG,2022-11-21,0.3495702005730659,0.1
Plains|HAPPY_BUTTONS_PEG,2022-11-28,0.0,0.1
Plains|HAPPY_BUTTONS_PEG,2022-12-05,0.0,0.0
Plains|HAPPY_BUTTONS_PEG,2022-12-12,0.3008595988538682,0.1
Plains|HAPPY_BUTTONS_PEG,2022-12-19,0.0,0.1
Plains|HAPPY_BUTTONS_PEG,2022-12-26,0.0,0.1
Plains|HAPPY_BUTTONS_PEG,2023-01-02,0.2492836676217765,0.1
Plains|HAPPY_BUTTONS_PEG,2023-01-09,0.0,0.1
Plains|HAPPY_BUTTONS_PEG,2023-01-16,0.0,0.0
Plains|HAPPY_BUTTONS_PEG,2023-01-23,0.0,0.1
Plains|HAPPY_BUTTONS_PEG,2023-01-30,0.0,0.0
Plains|HAPPY_BUTTONS_PEG,2023-02-06,0.0,0.1
Plains|HAPPY_BUTTONS_PEG,2023-02-13,0.0,0.1
Plains|HAPPY_BUTTONS_PEG,2023-02-20,0.2005730659025788,0.1
Plains|HAPPY_BUTTONS_PEG,2023-02-27,0.0,0.1
Plains|HAPPY_BUTTONS_PEG,2023-03-06,0.0,0.0
Plains|HAPPY_BUTTONS_PEG,2023-03-13,0.0,0.0
Plains|HAPPY_BUTTONS_PEG,2023-03-20,0.3008595988538682,0.1
Plains|HAPPY_BUTTONS_PEG,2023-03-27,0.0,0.0
Plains|HAPPY_BUTTONS_PEG,2023-04-03,0.1002865329512894,0.1
Plains|HAPPY_BUTTONS_PEG,2023-04-10,0.2005730659025788,0.1
Plains|HAPPY_BUTTONS_PEG,2023-04-17,0.2492836676217765,0.1
Plains|HAPPY_BUTTONS_PEG,2023-04-24,0.0,0.0
Plains|HAPPY_BUTTONS_PEG,2023-05-01,0.3008595988538682,0.0
Plains|HAPPY_BUTTONS_PEG,2023-05-08,0.3008595988538682,0.0
Plains|HAPPY_BUTTONS_PEG,2023-05-15,0.2492836676217765,0.0
Plains|HAPPY_BUTTONS_PEG,2023-05-22,0.0,0.0
Plains|HAPPY_BUTTONS_PEG,2023-05-29,0.0,0.0
Plains|HAPPY_BUTTONS_PEG,2023-06-05,0.0,0.0
Plains|HAPPY_BUTTONS_PEG,2023-06-12,0.3008595988538682,0.0
Plains|HAPPY_BUTTONS_PEG,2023-06-19,0.0,0.0
Plains|HAPPY_BUTTONS_PEG,2023-06-26,0.0,0.0
Plains|HAPPY_BUTTONS_PEG,2023-07-03,0.0,0.0
Plains|HAPPY_BUTTONS_PEG,2023-07-10,0.3495702005730659,0.0
Plains|HAPPY_BUTTONS_PEG,2023-07-17,0.0,0.0
Plains|HAPPY_BUTTONS_PEG,2023-07-24,0.2492836676217765,0.0
Plains|HAPPY_BUTTONS_PEG,2023-07-31,0.0,0.0
Plains|HAPPY_BUTTONS_PEG,2023-08-07,0.0,0.0
Plains|HAPPY_BUTTONS_PEG,2023-08-14,0.0,0.0
Plains|HAPPY_BUTTONS_PEG,2023-08-21,0.0,0.0
Plains|HAPPY_BUTTONS_PEG,2023-08-28,0.0,0.0
Plains|HAPPY_BUTTONS_PEG,2023-09-04,0.0,0.0
Plains|HAPPY_BUTTONS_PEG,2023-09-11,0.0,0.0
Plains|HAPPY_BUTTONS_PEG,2023-09-18,0.0,0.1
Plains|HAPPY_BUTTONS_PEG,2023-09-25,0.0,0.1
Plains|HAPPY_BUTTONS_PEG,2023-10-02,0.0,0.0
Plains|HAPPY_BUTTONS_PEG,2023-10-09,0.1002865329512894,0.0
Plains|HAPPY_BUTTONS_PEG,2023-10-16,0.0,0.0
Plains|HAPPY_BUTTONS_PEG,2023-10-23,0.2005730659025788,0.1
Plains|HAPPY_BUTTONS_PEG,2023-10-30,0.2005730659025788,0.1
Plains|HAPPY_BUTTONS_PEG,2023-11-06,0.0,0.1
Plains|HAPPY_BUTTONS_PEG,2023-11-13,0.0,0.0
Plains|HAPPY_BUTTONS_PEG,2023-11-20,0.3008595988538682,0.1
Plains|HAPPY_BUTTONS_PEG,2023-11-27,0.0,0.1
Plains|HAPPY_BUTTONS_PEG,2023-12-04,0.0,0.1
Plains|HAPPY_BUTTONS_PEG,2023-12-11,0.0,0.1
Plains|HAPPY_BUTTONS_PEG,2023-12-18,0.2005730659025788,0.1
Plains|HAPPY_BUTTONS_PEG,2023-12-25,0.0,0.1
Plains|ICE_BREEZE_GUM,2021-01-04,0.3519553072625699,0.0
Plains|ICE_BREEZE_GUM,2021-01-11,0.0,0.0
Plains|ICE_BREEZE_GUM,2021-01-18,0.100558659217877,0.0
Plains|ICE_BREEZE_GUM,2021-01-25,0.3519553072625699,0.0
Plains|ICE_BREEZE_GUM,2021-02-01,0.0,0.0
Plains|ICE_BREEZE_GUM,2021-02-08,0.2513966480446927,0.1
Plains|ICE_BREEZE_GUM,2021-02-15,0.0,0.1
Plains|ICE_BREEZE_GUM,2021-02-22,0.0,0.0
Plains|ICE_BREEZE_GUM,2021-03-01,0.0,0.0
Plains|ICE_BREEZE_GUM,2021-03-08,0.1508379888268156,0.0
Plains|ICE_BREEZE_GUM,2021-03-15,0.0,0.0
Plains|ICE_BREEZE_GUM,2021-03-22,0.1508379888268156,0.0
Plains|ICE_BREEZE_GUM,2021-03-29,0.3016759776536313,0.0
Plains|ICE_BREEZE_GUM,2021-04-05,0.3519553072625699,0.1
Plains|ICE_BREEZE_GUM,2021-04-12,0.0,0.1
Plains|ICE_BREEZE_GUM,2021-04-19,0.0,0.0
Plains|ICE_BREEZE_GUM,2021-04-26,0.3016759776536313,0.0
Plains|ICE_BREEZE_GUM,2021-05-03,0.0,0.0
Plains|ICE_BREEZE_GUM,2021-05-10,0.0,0.0
Plains|ICE_BREEZE_GUM,2021-05-17,0.0,0.0
Plains|ICE_BREEZE_GUM,2021-05-24,0.0,0.0
Plains|ICE_BREEZE_GUM,2021-05-31,0.0,0.0
Plains|ICE_BREEZE_GUM,2021-06-07,0.1508379888268156,0.0
Plains|ICE_BREEZE_GUM,2021-06-14,0.0,0.0
Plains|ICE_BREEZE_GUM,2021-06-21,0.2513966480446927,0.0
Plains|ICE_BREEZE_GUM,2021-06-28,0.2011173184357542,0.0
Plains|ICE_BREEZE_GUM,2021-07-05,0.0,0.0
Plains|ICE_BREEZE_GUM,2021-07-12,0.2011173184357542,0.0
Plains|ICE_BREEZE_GUM,2021-07-19,0.0,0.0
Plains|ICE_BREEZE_GUM,2021-07-26,0.0,0.0
Plains|ICE_BREEZE_GUM,2021-08-02,0.1508379888268156,0.0
Plains|ICE_BREEZE_GUM,2021-08-09,0.2513966480446927,0.0
Plains|ICE_BREEZE_GUM,2021-08-16,0.0,0.0
Plains|ICE_BREEZE_GUM,2021-08-23,0.0,0.0
Plains|ICE_BREEZE_GUM,2021-08-30,0.0,0.0
Plains|ICE_BREEZE_GUM,2021-09-06,0.100558659217877,0.0
Plains|ICE_BREEZE_GUM,2021-09-13,0.100558659217877,0.0
Plains|ICE_BREEZE_GUM,2021-09-20,0.0,0.0
Plains|ICE_BREEZE_GUM,2021-09-27,0.0,0.0
Plains|ICE_BREEZE_GUM,2021-10-04,0.0,0.0
Plains|ICE_BREEZE_GUM,2021-10-11,0.0,0.0
Plains|ICE_BREEZE_GUM,2021-10-18,0.0,0.1
Plains|ICE_BREEZE_GUM,2021-10-25,0.2513966480446927,0.1
Plains|ICE_BREEZE_GUM,2021-11-01,0.1508379888268156,0.0
Plains|ICE_BREEZE_GUM,2021-11-08,0.2011173184357542,0.0
Plains|ICE_BREEZE_GUM,2021-11-15,0.0,0.0
Plains|ICE_BREEZE_GUM,2021-11-22,0.2513966480446927,0.0
Plains|ICE_BREEZE_GUM,2021-11-29,0.0,0.0
Plains|ICE_BREEZE_GUM,2021-12-06,0.0,0.0
Plains|ICE_BREEZE_GUM,2021-12-13,0.0,0.1
Plains|ICE_BREEZE_GUM,2021-12-20,0.0,0.1
Plains|ICE_BREEZE_GUM,2021-12-27,0.0,0.0
Plains|ICE_BREEZE_GUM,2022-01-03,0.0,0.0
Plains|ICE_BREEZE_GUM,2022-01-10,0.1508379888268156,0.0
Plains|ICE_BREEZE_GUM,2022-01-17,0.1508379888268156,0.0
Plains|ICE_BREEZE_GUM,2022-01-24,0.100558659217877,0.0
Plains|ICE_BREEZE_GUM,2022-01-31,0.0,0.0
Plains|ICE_BREEZE_GUM,2022-02-07,0.0,0.1
Plains|ICE_BREEZE_GUM,2022-02-14,0.0,0.1
Plains|ICE_BREEZE_GUM,2022-02-21,0.0,0.0
Plains|ICE_BREEZE_GUM,2022-02-28,0.1508379888268156,0.0
Plains|ICE_BREEZE_GUM,2022-03-07,0.100558659217877,0.0
Plains|ICE_BREEZE_GUM,2022-03-14,0.1508379888268156,0.0
Plains|ICE_BREEZE_GUM,2022-03-21,0.0,0.1
Plains|ICE_BREEZE_GUM,2022-03-28,0.0,0.1
Plains|ICE_BREEZE_GUM,2022-04-04,0.0,0.1
Plains|ICE_BREEZE_GUM,2022-04-11,0.2513966480446927,0.1
Plains|ICE_BREEZE_GUM,2022-04-18,0.0,0.1
Plains|ICE_BREEZE_GUM,2022-04-25,0.3016759776536313,0.1
Plains|ICE_BREEZE_GUM,2022-05-02,0.0,0.0
Plains|ICE_BREEZE_GUM,2022-05-09,0.3519553072625699,0.0
Plains|ICE_BREEZE_GUM,2022-05-16,0.0,0.0
Plains|ICE_BREEZE_GUM,2022-05-23,0.2011173184357542,0.0
Plains|ICE_BREEZE_GUM,2022-05-30,0.0,0.0
Plains|ICE_BREEZE_GUM,2022-06-06,0.0,0.0
Plains|ICE_BREEZE_GUM,2022-06-13,0.0,0.0
Plains|ICE_BREEZE_GUM,2022-06-20,0.2513966480446927,0.0
Plains|ICE_BREEZE_GUM,2022-06-27,0.0,0.0
Plains|ICE_BREEZE_GUM,2022-07-04,0.0,0.0
Plains|ICE_BREEZE_GUM,2022-07-11,0.0,0.0
Plains|ICE_BREEZE_GUM,2022-07-18,0.2011173184357542,0.0
Plains|ICE_BREEZE_GUM,2022-07-25,0.0,0.0
Plains|ICE_BREEZE_GUM,2022-08-01,0.0,0.0
Plains|ICE_BREEZE_GUM,2022-08-08,0.0,0.0
Plains|ICE_BREEZE_GUM,2022-08-15,0.0,0.0
Plains|ICE_BREEZE_GUM,2022-08-22,0.0,0.0
Plains|ICE_BREEZE_GUM,2022-08-29,0.0,0.0
Plains|ICE_BREEZE_GUM,2022-09-05,0.0,0.0
Plains|ICE_BREEZE_GUM,2022-09-12,0.0,0.0
Plains|ICE_BREEZE_GUM,2022-09-19,0.2011173184357542,0.0
Plains|ICE_BREEZE_GUM,2022-09-26,0.0,0.0
Plains|ICE_BREEZE_GUM,2022-10-03,0.0,0.0
Plains|ICE_BREEZE_GUM,2022-10-10,0.0,0.0
Plains|ICE_BREEZE_GUM,2022-10-17,0.0,0.0
Plains|ICE_BREEZE_GUM,2022-10-24,0.3519553072625699,0.1
Plains|ICE_BREEZE_GUM,2022-10-31,0.2011173184357542,0.1
Plains|ICE_BREEZE_GUM,2022-11-07,0.0,0.0
Plains|ICE_BREEZE_GUM,2022-11-14,0.0,0.0
Plains|ICE_BREEZE_GUM,2022-11-21,0.0,0.0
Plains|ICE_BREEZE_GUM,2022-11-28,0.0,0.0
Plains|ICE_BREEZE_GUM,2022-12-05,0.0,0.0
Plains|ICE_BREEZE_GUM,2022-12-12,0.2011173184357542,0.1
Plains|ICE_BREEZE_GUM,2022-12-19,0.0,0.1
Plains|ICE_BREEZE_GUM,2022-12-26,0.1508379888268156,0.1
Plains|ICE_BREEZE_GUM,2023-01-02,0.3016759776536313,0.0
Plains|ICE_BREEZE_GUM,2023-01-09,0.0,0.0
Plains|ICE_BREEZE_GUM,2023-01-16,0.3519553072625699,0.1
Plains|ICE_BREEZE_GUM,2023-01-23,0.0,0.1
Plains|ICE_BREEZE_GUM,2023-01-30,0.3519553072625699,0.1
Plains|ICE_BREEZE_GUM,2023-02-06,0.2011173184357542,0.1
Plains|ICE_BREEZE_GUM,2023-02-13,0.3519553072625699,0.1
Plains|ICE_BREEZE_GUM,2023-02-20,0.2513966480446927,0.1
Plains|ICE_BREEZE_GUM,2023-02-27,0.0,0.1
Plains|ICE_BREEZE_GUM,2023-03-06,0.0,0.1
Plains|ICE_BREEZE_GUM,2023-03-13,0.0,0.1
Plains|ICE_BREEZE_GUM,2023-03-20,0.0,0.1
Plains|ICE_BREEZE_GUM,2023-03-27,0.0,0.1
Plains|ICE_BREEZE_GUM,2023-04-03,0.0,0.1
Plains|ICE_BREEZE_GUM,2023-04-10,0.0,0.1
Plains|ICE_BREEZE_GUM,2023-04-17,0.0,0.1
Plains|ICE_BREEZE_GUM,2023-04-24,0.0,0.1
Plains|ICE_BREEZE_GUM,2023-05-01,0.0,0.1
Plains|ICE_BREEZE_GUM,2023-05-08,0.0,0.1
Plains|ICE_BREEZE_GUM,2023-05-15,0.0,0.1
Plains|ICE_BREEZE_GUM,2023-05-22,0.0,0.1
Plains|ICE_BREEZE_GUM,2023-05-29,0.0,0.1
Plains|ICE_BREEZE_GUM,2023-06-05,0.0,0.1
Plains|ICE_BREEZE_GUM,2023-06-12,0.100558659217877,0.1
Plains|ICE_BREEZE_GUM,2023-06-19,0.0,0.1
Plains|ICE_BREEZE_GUM,2023-06-26,0.0,0.1
Plains|ICE_BREEZE_GUM,2023-07-03,0.0,0.0
Plains|ICE_BREEZE_GUM,2023-07-10,0.0,0.0
Plains|ICE_BREEZE_GUM,2023-07-17,0.0,0.0
Plains|ICE_BREEZE_GUM,2023-07-24,0.100558659217877,0.0
Plains|ICE_BREEZE_GUM,2023-07-31,0.2011173184357542,0.0
Plains|ICE_BREEZE_GUM,2023-08-07,0.100558659217877,0.0
Plains|ICE_BREEZE_GUM,2023-08-14,0.0,0.0
Plains|ICE_BREEZE_GUM,2023-08-21,0.2011173184357542,0.0
Plains|ICE_BREEZE_GUM,2023-08-28,0.0,0.0
Plains|ICE_BREEZE_GUM,2023-09-04,0.0,0.0
Plains|ICE_BREEZE_GUM,2023-09-11,0.3016759776536313,0.0
Plains|ICE_BREEZE_GUM,2023-09-18,0.0,0.0
Plains|ICE_BREEZE_GUM,2023-09-25,0.0,0.0
Plains|ICE_BREEZE_GUM,2023-10-02,0.0,0.0
Plains|ICE_BREEZE_GUM,2023-10-09,0.0,0.0
Plains|ICE_BREEZE_GUM,2023-10-16,0.0,0.0
Plains|ICE_BREEZE_GUM,2023-10-23,0.0,0.1
Plains|ICE_BREEZE_GUM,2023-10-30,0.0,0.1
Plains|ICE_BREEZE_GUM,2023-11-06,0.0,0.0
Plains|ICE_BREEZE_GUM,2023-11-13,0.0,0.0
Plains|ICE_BREEZE_GUM,2023-11-20,0.0,0.0
Plains|ICE_BREEZE_GUM,2023-11-27,0.0,0.0
Plains|ICE_BREEZE_GUM,2023-12-04,0.0,0.1
Plains|ICE_BREEZE_GUM,2023-12-11,0.0,0.1
Plains|ICE_BREEZE_GUM,2023-12-18,0.0,0.1
Plains|ICE_BREEZE_GUM,2023-12-25,0.2011173184357542,0.1
Plains|JUICY_CHEWS_PEG,2021-01-04,0.0,0.0
Plains|JUICY_CHEWS_PEG,2021-01-11,0.0,0.0
Plains|JUICY_CHEWS_PEG,2021-01-18,0.0,0.0
Plains|JUICY_CHEWS_PEG,2021-01-25,0.1504702194357366,0.0
Plains|JUICY_CHEWS_PEG,2021-02-01,0.0,0.0
Plains|JUICY_CHEWS_PEG,2021-02-08,0.0,0.1
Plains|JUICY_CHEWS_PEG,2021-02-15,0.1003134796238244,0.1
Plains|JUICY_CHEWS_PEG,2021-02-22,0.0,0.0
Plains|JUICY_CHEWS_PEG,2021-03-01,0.0,0.0
Plains|JUICY_CHEWS_PEG,2021-03-08,0.250783699059561,0.0
Plains|JUICY_CHEWS_PEG,2021-03-15,0.1003134796238244,0.0
Plains|JUICY_CHEWS_PEG,2021-03-22,0.2006269592476489,0.0
Plains|JUICY_CHEWS_PEG,2021-03-29,0.0,0.0
Plains|JUICY_CHEWS_PEG,2021-04-05,0.0,0.1
Plains|JUICY_CHEWS_PEG,2021-04-12,0.0,0.1
Plains|JUICY_CHEWS_PEG,2021-04-19,0.0,0.0
Plains|JUICY_CHEWS_PEG,2021-04-26,0.0,0.0
Plains|JUICY_CHEWS_PEG,2021-05-03,0.0,0.0
Plains|JUICY_CHEWS_PEG,2021-05-10,0.0,0.0
Plains|JUICY_CHEWS_PEG,2021-05-17,0.0,0.0
Plains|JUICY_CHEWS_PEG,2021-05-24,0.0,0.0
Plains|JUICY_CHEWS_PEG,2021-05-31,0.0,0.0
Plains|JUICY_CHEWS_PEG,2021-06-07,0.0,0.0
Plains|JUICY_CHEWS_PEG,2021-06-14,0.0,0.0
Plains|JUICY_CHEWS_PEG,2021-06-21,0.0,0.0
Plains|JUICY_CHEWS_PEG,2021-06-28,0.0,0.0
Plains|JUICY_CHEWS_PEG,2021-07-05,0.2006269592476489,0.0
Plains|JUICY_CHEWS_PEG,2021-07-12,0.3510971786833856,0.0
Plains|JUICY_CHEWS_PEG,2021-07-19,0.1003134796238244,0.0
Plains|JUICY_CHEWS_PEG,2021-07-26,0.0,0.0
Plains|JUICY_CHEWS_PEG,2021-08-02,0.0,0.0
Plains|JUICY_CHEWS_PEG,2021-08-09,0.250783699059561,0.0
Plains|JUICY_CHEWS_PEG,2021-08-16,0.3009404388714733,0.0
Plains|JUICY_CHEWS_PEG,2021-08-23,0.0,0.0
Plains|JUICY_CHEWS_PEG,2021-08-30,0.0,0.0
Plains|JUICY_CHEWS_PEG,2021-09-06,0.0,0.0
Plains|JUICY_CHEWS_PEG,2021-09-13,0.0,0.0
Plains|JUICY_CHEWS_PEG,2021-09-20,0.1003134796238244,0.0
Plains|JUICY_CHEWS_PEG,2021-09-27,0.0,0.0
Plains|JUICY_CHEWS_PEG,2021-10-04,0.0,0.0
Plains|JUICY_CHEWS_PEG,2021-10-11,0.0,0.0
Plains|JUICY_CHEWS_PEG,2021-10-18,0.0,0.1
Plains|JUICY_CHEWS_PEG,2021-10-25,0.0,0.1
Plains|JUICY_CHEWS_PEG,2021-11-01,0.0,0.0
Plains|JUICY_CHEWS_PEG,2021-11-08,0.0,0.0
Plains|JUICY_CHEWS_PEG,2021-11-15,0.3009404388714733,0.0
Plains|JUICY_CHEWS_PEG,2021-11-22,0.3009404388714733,0.0
Plains|JUICY_CHEWS_PEG,2021-11-29,0.0,0.0
Plains|JUICY_CHEWS_PEG,2021-12-06,0.0,0.0
Plains|JUICY_CHEWS_PEG,2021-12-13,0.0,0.1
Plains|JUICY_CHEWS_PEG,2021-12-20,0.0,0.1
Plains|JUICY_CHEWS_PEG,2021-12-27,0.0,0.0
Plains|JUICY_CHEWS_PEG,2022-01-03,0.1504702194357366,0.0
Plains|JUICY_CHEWS_PEG,2022-01-10,0.1003134796238244,0.0
Plains|JUICY_CHEWS_PEG,2022-01-17,0.0,0.0
Plains|JUICY_CHEWS_PEG,2022-01-24,0.1504702194357366,0.0
Plains|JUICY_CHEWS_PEG,2022-01-31,0.2006269592476489,0.0
Plains|JUICY_CHEWS_PEG,2022-02-07,0.0,0.1
Plains|JUICY_CHEWS_PEG,2022-02-14,0.0,0.1
Plains|JUICY_CHEWS_PEG,2022-02-21,0.250783699059561,0.0
Plains|JUICY_CHEWS_PEG,2022-02-28,0.1504702194357366,0.1
Plains|JUICY_CHEWS_PEG,2022-03-07,0.1504702194357366,0.0
Plains|JUICY_CHEWS_PEG,2022-03-14,0.0,0.0
Plains|JUICY_CHEWS_PEG,2022-03-21,0.250783699059561,0.1
Plains|JUICY_CHEWS_PEG,2022-03-28,0.0,0.1
Plains|JUICY_CHEWS_PEG,2022-04-04,0.3009404388714733,0.1
Plains|JUICY_CHEWS_PEG,2022-04-11,0.0,0.1
Plains|JUICY_CHEWS_PEG,2022-04-18,0.0,0.1
Plains|JUICY_CHEWS_PEG,2022-04-25,0.0,0.1
Plains|JUICY_CHEWS_PEG,2022-05-02,0.2006269592476489,0.0
Plains|JUICY_CHEWS_PEG,2022-05-09,0.0,0.0
Plains|JUICY_CHEWS_PEG,2022-05-16,0.3510971786833856,0.0
Plains|JUICY_CHEWS_PEG,2022-05-23,0.1504702194357366,0.0
Plains|JUICY_CHEWS_PEG,2022-05-30,0.0,0.0
Plains|JUICY_CHEWS_PEG,2022-06-06,0.0,0.0
Plains|JUICY_CHEWS_PEG,2022-06-13,0.0,0.0
Plains|JUICY_CHEWS_PEG,2022-06-20,0.3009404388714733,0.0
Plains|JUICY_CHEWS_PEG,2022-06-27,0.3009404388714733,0.0
Plains|JUICY_CHEWS_PEG,2022-07-04,0.0,0.0
Plains|JUICY_CHEWS_PEG,2022-07-11,0.0,0.0
Plains|JUICY_CHEWS_PEG,2022-07-18,0.0,0.0
Plains|JUICY_CHEWS_PEG,2022-07-25,0.0,0.0
Plains|JUICY_CHEWS_PEG,2022-08-01,0.0,0.0
Plains|JUICY_CHEWS_PEG,2022-08-08,0.3510971786833856,0.0
Plains|JUICY_CHEWS_PEG,2022-08-15,0.0,0.0
Plains|JUICY_CHEWS_PEG,2022-08-22,0.0,0.0
Plains|JUICY_CHEWS_PEG,2022-08-29,0.0,0.0
Plains|JUICY_CHEWS_PEG,2022-09-05,0.0,0.0
Plains|JUICY_CHEWS_PEG,2022-09-12,0.1504702194357366,0.0
Plains|JUICY_CHEWS_PEG,2022-09-19,0.250783699059561,0.0
Plains|JUICY_CHEWS_PEG,2022-09-26,0.0,0.0
Plains|JUICY_CHEWS_PEG,2022-10-03,0.0,0.0
Plains|JUICY_CHEWS_PEG,2022-10-10,0.0,0.0
Plains|JUICY_CHEWS_PEG,2022-10-17,0.1003134796238244,0.0
Plains|JUICY_CHEWS_PEG,2022-10-24,0.0,0.1
Plains|JUICY_CHEWS_PEG,2022-10-31,0.1504702194357366,0.1
Plains|JUICY_CHEWS_PEG,2022-11-07,0.0,0.0
Plains|JUICY_CHEWS_PEG,2022-11-14,0.0,0.0
Plains|JUICY_CHEWS_PEG,2022-11-21,0.0,0.0
Plains|JUICY_CHEWS_PEG,2022-11-28,0.0,0.0
Plains|JUICY_CHEWS_PEG,2022-12-05,0.0,0.0
Plains|JUICY_CHEWS_PEG,2022-12-12,0.250783699059561,0.1
Plains|JUICY_CHEWS_PEG,2022-12-19,0.3510971786833856,0.1
Plains|JUICY_CHEWS_PEG,2022-12-26,0.0,0.1
Plains|JUICY_CHEWS_PEG,2023-01-02,0.0,0.0
Plains|JUICY_CHEWS_PEG,2023-01-09,0.0,0.0
Plains|JUICY_CHEWS_PEG,2023-01-16,0.3510971786833856,0.0
Plains|JUICY_CHEWS_PEG,2023-01-23,0.0,0.0
Plains|JUICY_CHEWS_PEG,2023-01-30,0.0,0.1
Plains|JUICY_CHEWS_PEG,2023-02-06,0.0,0.1
Plains|JUICY_CHEWS_PEG,2023-02-13,0.0,0.1
Plains|JUICY_CHEWS_PEG,2023-02-20,0.0,0.1
Plains|JUICY_CHEWS_PEG,2023-02-27,0.0,0.0
Plains|JUICY_CHEWS_PEG,2023-03-06,0.0,0.1
Plains|JUICY_CHEWS_PEG,2023-03-13,0.0,0.1
Plains|JUICY_CHEWS_PEG,2023-03-20,0.0,0.0
Plains|JUICY_CHEWS_PEG,2023-03-27,0.0,0.1
Plains|JUICY_CHEWS_PEG,2023-04-03,0.2006269592476489,0.1
Plains|JUICY_CHEWS_PEG,2023-04-10,0.1003134796238244,0.1
Plains|JUICY_CHEWS_PEG,2023-04-17,0.0,0.1
Plains|JUICY_CHEWS_PEG,2023-04-24,0.0,0.0
Plains|JUICY_CHEWS_PEG,2023-05-01,0.0,0.1
Plains|JUICY_CHEWS_PEG,2023-05-08,0.1003134796238244,0.0
Plains|JUICY_CHEWS_PEG,2023-05-15,0.0,0.1
Plains|JUICY_CHEWS_PEG,2023-05-22,0.2006269592476489,0.1
Plains|JUICY_CHEWS_PEG,2023-05-29,0.0,0.0
Plains|JUICY_CHEWS_PEG,2023-06-05,0.0,0.0
Plains|JUICY_CHEWS_PEG,2023-06-12,0.0,0.1
Plains|JUICY_CHEWS_PEG,2023-06-19,0.0,0.1
Plains|JUICY_CHEWS_PEG,2023-06-26,0.0,0.1
Plains|JUICY_CHEWS_PEG,2023-07-03,0.0,0.0
Plains|JUICY_CHEWS_PEG,2023-07-10,0.3009404388714733,0.0
Plains|JUICY_CHEWS_PEG,2023-07-17,0.1003134796238244,0.0
Plains|JUICY_CHEWS_PEG,2023-07-24,0.0,0.0
Plains|JUICY_CHEWS_PEG,2023-07-31,0.0,0.0
Plains|JUICY_CHEWS_PEG,2023-08-07,0.0,0.0
Plains|JUICY_CHEWS_PEG,2023-08-14,0.0,0.0
Plains|JUICY_CHEWS_PEG,2023-08-21,0.0,0.0
Plains|JUICY_CHEWS_PEG,2023-08-28,0.0,0.0
Plains|JUICY_CHEWS_PEG,2023-09-04,0.0,0.0
Plains|JUICY_CHEWS_PEG,2023-09-11,0.0,0.0
Plains|JUICY_CHEWS_PEG,2023-09-18,0.0,0.0
Plains|JUICY_CHEWS_PEG,2023-09-25,0.0,0.0
Plains|JUICY_CHEWS_PEG,2023-10-02,0.0,0.0
Plains|JUICY_CHEWS_PEG,2023-10-09,0.3510971786833856,0.0
Plains|JUICY_CHEWS_PEG,2023-10-16,0.0,0.0
Plains|JUICY_CHEWS_PEG,2023-10-23,0.250783699059561,0.1
Plains|JUICY_CHEWS_PEG,2023-10-30,0.3009404388714733,0.1
Plains|JUICY_CHEWS_PEG,2023-11-06,0.0,0.0
Plains|JUICY_CHEWS_PEG,2023-11-13,0.0,0.1
Plains|JUICY_CHEWS_PEG,2023-11-20,0.0,0.0
Plains|JUICY_CHEWS_PEG,2023-11-27,0.3510971786833856,0.1
Plains|JUICY_CHEWS_PEG,2023-12-04,0.250783699059561,0.1
Plains|JUICY_CHEWS_PEG,2023-12-11,0.0,0.1
Plains|JUICY_CHEWS_PEG,2023-12-18,0.0,0.1
Plains|JUICY_CHEWS_PEG,2023-12-25,0.0,0.1
Plains|NUTTY_CARAMEL_SINGLE,2021-01-04,0.248062015503876,0.1
Plains|NUTTY_CARAMEL_SINGLE,2021-01-11,0.0,0.0
Plains|NUTTY_CARAMEL_SINGLE,2021-01-18,0.0,0.1
Plains|NUTTY_CARAMEL_SINGLE,2021-01-25,0.0,0.0
Plains|NUTTY_CARAMEL_SINGLE,2021-02-01,0.0,0.0
Plains|NUTTY_CARAMEL_SINGLE,2021-02-08,0.248062015503876,0.1
Plains|NUTTY_CARAMEL_SINGLE,2021-02-15,0.0,0.1
Plains|NUTTY_CARAMEL_SINGLE,2021-02-22,0.0,0.0
Plains|NUTTY_CARAMEL_SINGLE,2021-03-01,0.0,0.0
Plains|NUTTY_CARAMEL_SINGLE,2021-03-08,0.0,0.0
Plains|NUTTY_CARAMEL_SINGLE,2021-03-15,0.0,0.0
Plains|NUTTY_CARAMEL_SINGLE,2021-03-22,0.1472868217054263,0.0
Plains|NUTTY_CARAMEL_SINGLE,2021-03-29,0.2015503875968992,0.0
Plains|NUTTY_CARAMEL_SINGLE,2021-04-05,0.3023255813953488,0.1
Plains|NUTTY_CARAMEL_SINGLE,2021-04-12,0.0,0.1
Plains|NUTTY_CARAMEL_SINGLE,2021-04-19,0.1007751937984497,0.0
Plains|NUTTY_CARAMEL_SINGLE,2021-04-26,0.1472868217054263,0.0
Plains|NUTTY_CARAMEL_SINGLE,2021-05-03,0.3488372093023256,0.0
Plains|NUTTY_CARAMEL_SINGLE,2021-05-10,0.0,0.0
Plains|NUTTY_CARAMEL_SINGLE,2021-05-17,0.0,0.0
Plains|NUTTY_CARAMEL_SINGLE,2021-05-24,0.1007751937984497,0.0
Plains|NUTTY_CARAMEL_SINGLE,2021-05-31,0.1007751937984497,0.0
Plains|NUTTY_CARAMEL_SINGLE,2021-06-07,0.0,0.0
Plains|NUTTY_CARAMEL_SINGLE,2021-06-14,0.0,0.0
Plains|NUTTY_CARAMEL_SINGLE,2021-06-21,0.1007751937984497,0.0
Plains|NUTTY_CARAMEL_SINGLE,2021-06-28,0.0,0.0
Plains|NUTTY_CARAMEL_SINGLE,2021-07-05,0.0,0.0
Plains|NUTTY_CARAMEL_SINGLE,2021-07-12,0.3488372093023256,0.0
Plains|NUTTY_CARAMEL_SINGLE,2021-07-19,0.1007751937984497,0.0
Plains|NUTTY_CARAMEL_SINGLE,2021-07-26,0.0,0.0
Plains|NUTTY_CARAMEL_SINGLE,2021-08-02,0.3023255813953488,0.0
Plains|NUTTY_CARAMEL_SINGLE,2021-08-09,0.2015503875968992,0.0
Plains|NUTTY_CARAMEL_SINGLE,2021-08-16,0.0,0.0
Plains|NUTTY_CARAMEL_SINGLE,2021-08-23,0.0,0.0
Plains|NUTTY_CARAMEL_SINGLE,2021-08-30,0.0,0.0
Plains|NUTTY_CARAMEL_SINGLE,2021-09-06,0.0,0.0
Plains|NUTTY_CARAMEL_SINGLE,2021-09-13,0.0,0.0
Plains|NUTTY_CARAMEL_SINGLE,2021-09-20,0.0,0.0
Plains|NUTTY_CARAMEL_SINGLE,2021-09-27,0.0,0.0
Plains|NUTTY_CARAMEL_SINGLE,2021-10-04,0.0,0.0
Plains|NUTTY_CARAMEL_SINGLE,2021-10-11,0.0,0.0
Plains|NUTTY_CARAMEL_SINGLE,2021-10-18,0.3023255813953488,0.1
Plains|NUTTY_CARAMEL_SINGLE,2021-10-25,0.1472868217054263,0.1
Plains|NUTTY_CARAMEL_SINGLE,2021-11-01,0.0,0.0
Plains|NUTTY_CARAMEL_SINGLE,2021-11-08,0.0,0.0
Plains|NUTTY_CARAMEL_SINGLE,2021-11-15,0.0,0.1
Plains|NUTTY_CARAMEL_SINGLE,2021-11-22,0.2015503875968992,0.0
Plains|NUTTY_CARAMEL_SINGLE,2021-11-29,0.0,0.0
Plains|NUTTY_CARAMEL_SINGLE,2021-12-06,0.1472868217054263,0.1
Plains|NUTTY_CARAMEL_SINGLE,2021-12-13,0.3488372093023256,0.1
Plains|NUTTY_CARAMEL_SINGLE,2021-12-20,0.0,0.1
Plains|NUTTY_CARAMEL_SINGLE,2021-12-27,0.0,0.1
Plains|NUTTY_CARAMEL_SINGLE,2022-01-03,0.1472868217054263,0.1
Plains|NUTTY_CARAMEL_SINGLE,2022-01-10,0.0,0.1
Plains|NUTTY_CARAMEL_SINGLE,2022-01-17,0.0,0.1
Plains|NUTTY_CARAMEL_SINGLE,2022-01-24,0.0,0.1
Plains|NUTTY_CARAMEL_SINGLE,2022-01-31,0.248062015503876,0.0
Plains|NUTTY_CARAMEL_SINGLE,2022-02-07,0.0,0.1
Plains|NUTTY_CARAMEL_SINGLE,2022-02-14,0.0,0.1
Plains|NUTTY_CARAMEL_SINGLE,2022-02-21,0.0,0.0
Plains|NUTTY_CARAMEL_SINGLE,2022-02-28,0.248062015503876,0.0
Plains|NUTTY_CARAMEL_SINGLE,2022-03-07,0.1472868217054263,0.0
Plains|NUTTY_CARAMEL_SINGLE,2022-03-14,0.0,0.0
Plains|NUTTY_CARAMEL_SINGLE,2022-03-21,0.0,0.0
Plains|NUTTY_CARAMEL_SINGLE,2022-03-28,0.0,0.0
Plains|NUTTY_CARAMEL_SINGLE,2022-04-04,0.0,0.1
Plains|NUTTY_CARAMEL_SINGLE,2022-04-11,0.0,0.0
Plains|NUTTY_CARAMEL_SINGLE,2022-04-18,0.0,0.1
Plains|NUTTY_CARAMEL_SINGLE,2022-04-25,0.2015503875968992,0.0
Plains|NUTTY_CARAMEL_SINGLE,2022-05-02,0.0,0.0
Plains|NUTTY_CARAMEL_SINGLE,2022-05-09,0.3023255813953488,0.0
Plains|NUTTY_CARAMEL_SINGLE,2022-05-16,0.0,0.0
Plains|NUTTY_CARAMEL_SINGLE,2022-05-23,0.0,0.0
Plains|NUTTY_CARAMEL_SINGLE,2022-05-30,0.0,0.0
Plains|NUTTY_CARAMEL_SINGLE,2022-06-06,0.0,0.0
Plains|NUTTY_CARAMEL_SINGLE,2022-06-13,0.248062015503876,0.0
Plains|NUTTY_CARAMEL_SINGLE,2022-06-20,0.0,0.0
Plains|NUTTY_CARAMEL_SINGLE,2022-06-27,0.0,0.0
Plains|NUTTY_CARAMEL_SINGLE,2022-07-04,0.1007751937984497,0.0
Plains|NUTTY_CARAMEL_SINGLE,2022-07-11,0.0,0.0
Plains|NUTTY_CARAMEL_SINGLE,2022-07-18,0.0,0.0
Plains|NUTTY_CARAMEL_SINGLE,2022-07-25,0.0,0.0
Plains|NUTTY_CARAMEL_SINGLE,2022-08-01,0.3488372093023256,0.0
Plains|NUTTY_CARAMEL_SINGLE,2022-08-08,0.0,0.0
Plains|NUTTY_CARAMEL_SINGLE,2022-08-15,0.0,0.0
Plains|NUTTY_CARAMEL_SINGLE,2022-08-22,0.0,0.0
Plains|NUTTY_CARAMEL_SINGLE,2022-08-29,0.0,0.0
Plains|NUTTY_CARAMEL_SINGLE,2022-09-05,0.0,0.0
Plains|NUTTY_CARAMEL_SINGLE,2022-09-12,0.0,0.0
Plains|NUTTY_CARAMEL_SINGLE,2022-09-19,0.0,0.0
Plains|NUTTY_CARAMEL_SINGLE,2022-09-26,0.0,0.0
Plains|NUTTY_CARAMEL_SINGLE,2022-10-03,0.3488372093023256,0.0
Plains|NUTTY_CARAMEL_SINGLE,2022-10-10,0.0,0.0
Plains|NUTTY_CARAMEL_SINGLE,2022-10-17,0.0,0.0
Plains|NUTTY_CARAMEL_SINGLE,2022-10-24,0.0,0.1
Plains|NUTTY_CARAMEL_SINGLE,2022-10-31,0.3023255813953488,0.1
Plains|NUTTY_CARAMEL_SINGLE,2022-11-07,0.0,0.1
Plains|NUTTY_CARAMEL_SINGLE,2022-11-14,0.0,0.1
Plains|NUTTY_CARAMEL_SINGLE,2022-11-21,0.0,0.1
Plains|NUTTY_CARAMEL_SINGLE,2022-11-28,0.0,0.1
Plains|NUTTY_CARAMEL_SINGLE,2022-12-05,0.248062015503876,0.1
Plains|NUTTY_CARAMEL_SINGLE,2022-12-12,0.0,0.1
Plains|NUTTY_CARAMEL_SINGLE,2022-12-19,0.0,0.1
Plains|NUTTY_CARAMEL_SINGLE,2022-12-26,0.0,0.1
Plains|NUTTY_CARAMEL_SINGLE,2023-01-02,0.0,0.1
Plains|NUTTY_CARAMEL_SINGLE,2023-01-09,0.0,0.1
Plains|NUTTY_CARAMEL_SINGLE,2023-01-16,0.0,0.1
Plains|NUTTY_CARAMEL_SINGLE,2023-01-23,0.0,0.0
Plains|NUTTY_CARAMEL_SINGLE,2023-01-30,0.0,0.0
Plains|NUTTY_CARAMEL_SINGLE,2023-02-06,0.0,0.1
Plains|NUTTY_CARAMEL_SINGLE,2023-02-13,0.0,0.1
Plains|NUTTY_CARAMEL_SINGLE,2023-02-20,0.0,0.1
Plains|NUTTY_CARAMEL_SINGLE,2023-02-27,0.1472868217054263,0.0
Plains|NUTTY_CARAMEL_SINGLE,2023-03-06,0.0,0.0
Plains|NUTTY_CARAMEL_SINGLE,2023-03-13,0.0,0.0
Plains|NUTTY_CARAMEL_SINGLE,2023-03-20,0.3023255813953488,0.0
Plains|NUTTY_CARAMEL_SINGLE,2023-03-27,0.0,0.0
Plains|NUTTY_CARAMEL_SINGLE,2023-04-03,0.2015503875968992,0.1
Plains|NUTTY_CARAMEL_SINGLE,2023-04-10,0.0,0.1
Plains|NUTTY_CARAMEL_SINGLE,2023-04-17,0.0,0.1
Plains|NUTTY_CARAMEL_SINGLE,2023-04-24,0.3023255813953488,0.0
Plains|NUTTY_CARAMEL_SINGLE,2023-05-01,0.0,0.0
Plains|NUTTY_CARAMEL_SINGLE,2023-05-08,0.0,0.0
Plains|NUTTY_CARAMEL_SINGLE,2023-05-15,0.0,0.0
Plains|NUTTY_CARAMEL_SINGLE,2023-05-22,0.0,0.0
Plains|NUTTY_CARAMEL_SINGLE,2023-05-29,0.0,0.0
Plains|NUTTY_CARAMEL_SINGLE,2023-06-05,0.2015503875968992,0.0
Plains|NUTTY_CARAMEL_SINGLE,2023-06-12,0.0,0.0
Plains|NUTTY_CARAMEL_SINGLE,2023-06-19,0.248062015503876,0.0
Plains|NUTTY_CARAMEL_SINGLE,2023-06-26,0.0,0.0
Plains|NUTTY_CARAMEL_SINGLE,2023-07-03,0.3488372093023256,0.0
Plains|NUTTY_CARAMEL_SINGLE,2023-07-10,0.0,0.0
Plains|NUTTY_CARAMEL_SINGLE,2023-07-17,0.0,0.0
Plains|NUTTY_CARAMEL_SINGLE,2023-07-24,0.0,0.0
Plains|NUTTY_CARAMEL_SINGLE,2023-07-31,0.0,0.0
Plains|NUTTY_CARAMEL_SINGLE,2023-08-07,0.248062015503876,0.0
Plains|NUTTY_CARAMEL_SINGLE,2023-08-14,0.1007751937984497,0.0
Plains|NUTTY_CARAMEL_SINGLE,2023-08-21,0.0,0.0
Plains|NUTTY_CARAMEL_SINGLE,2023-08-28,0.0,0.0
Plains|NUTTY_CARAMEL_SINGLE,2023-09-04,0.0,0.0
Plains|NUTTY_CARAMEL_SINGLE,2023-09-11,0.2015503875968992,0.0
Plains|NUTTY_CARAMEL_SINGLE,2023-09-18,0.0,0.0
Plains|NUTTY_CARAMEL_SINGLE,2023-09-25,0.3023255813953488,0.0
Plains|NUTTY_CARAMEL_SINGLE,2023-10-02,0.0,0.0
Plains|NUTTY_CARAMEL_SINGLE,2023-10-09,0.1472868217054263,0.0
Plains|NUTTY_CARAMEL_SINGLE,2023-10-16,0.3023255813953488,0.0
Plains|NUTTY_CARAMEL_SINGLE,2023-10-23,0.0,0.1
Plains|NUTTY_CARAMEL_SINGLE,2023-10-30,0.0,0.1
Plains|NUTTY_CARAMEL_SINGLE,2023-11-06,0.0,0.1
Plains|NUTTY_CARAMEL_SINGLE,2023-11-13,0.248062015503876,0.0
Plains|NUTTY_CARAMEL_SINGLE,2023-11-20,0.1472868217054263,0.0
Plains|NUTTY_CARAMEL_SINGLE,2023-11-27,0.2015503875968992,0.1
Plains|NUTTY_CARAMEL_SINGLE,2023-12-04,0.0,0.1
Plains|NUTTY_CARAMEL_SINGLE,2023-12-11,0.0,0.1
Plains|NUTTY_CARAMEL_SINGLE,2023-12-18,0.0,0.1
Plains|NUTTY_CARAMEL_SINGLE,2023-12-25,0.0,0.1
Plains|TOFFEE_BISCUIT_SINGLE,2021-01-04,0.0,0.0
Plains|TOFFEE_BISCUIT_SINGLE,2021-01-11,0.0,0.0
Plains|TOFFEE_BISCUIT_SINGLE,2021-01-18,0.0,0.0
Plains|TOFFEE_BISCUIT_SINGLE,2021-01-25,0.0,0.0
Plains|TOFFEE_BISCUIT_SINGLE,2021-02-01,0.0,0.0
Plains|TOFFEE_BISCUIT_SINGLE,2021-02-08,0.0,0.1
Plains|TOFFEE_BISCUIT_SINGLE,2021-02-15,0.0,0.1
Plains|TOFFEE_BISCUIT_SINGLE,2021-02-22,0.0,0.0
Plains|TOFFEE_BISCUIT_SINGLE,2021-03-01,0.0,0.0
Plains|TOFFEE_BISCUIT_SINGLE,2021-03-08,0.0,0.0
Plains|TOFFEE_BISCUIT_SINGLE,2021-03-15,0.0,0.0
Plains|TOFFEE_BISCUIT_SINGLE,2021-03-22,0.248062015503876,0.0
Plains|TOFFEE_BISCUIT_SINGLE,2021-03-29,0.0,0.0
Plains|TOFFEE_BISCUIT_SINGLE,2021-04-05,0.3023255813953488,0.1
Plains|TOFFEE_BISCUIT_SINGLE,2021-04-12,0.2015503875968992,0.1
Plains|TOFFEE_BISCUIT_SINGLE,2021-04-19,0.0,0.0
Plains|TOFFEE_BISCUIT_SINGLE,2021-04-26,0.0,0.0
Plains|TOFFEE_BISCUIT_SINGLE,2021-05-03,0.0,0.0
Plains|TOFFEE_BISCUIT_SINGLE,2021-05-10,0.0,0.0
Plains|TOFFEE_BISCUIT_SINGLE,2021-05-17,0.0,0.0
Plains|TOFFEE_BISCUIT_SINGLE,2021-05-24,0.0,0.0
Plains|TOFFEE_BISCUIT_SINGLE,2021-05-31,0.3488372093023256,0.0
Plains|TOFFEE_BISCUIT_SINGLE,2021-06-07,0.0,0.0
Plains|TOFFEE_BISCUIT_SINGLE,2021-06-14,0.2015503875968992,0.0
Plains|TOFFEE_BISCUIT_SINGLE,2021-06-21,0.0,0.0
Plains|TOFFEE_BISCUIT_SINGLE,2021-06-28,0.0,0.0
Plains|TOFFEE_BISCUIT_SINGLE,2021-07-05,0.0,0.0
Plains|TOFFEE_BISCUIT_SINGLE,2021-07-12,0.0,0.0
Plains|TOFFEE_BISCUIT_SINGLE,2021-07-19,0.1472868217054263,0.0
Plains|TOFFEE_BISCUIT_SINGLE,2021-07-26,0.0,0.0
Plains|TOFFEE_BISCUIT_SINGLE,2021-08-02,0.1007751937984497,0.0
Plains|TOFFEE_BISCUIT_SINGLE,2021-08-09,0.0,0.0
Plains|TOFFEE_BISCUIT_SINGLE,2021-08-16,0.0,0.0
Plains|TOFFEE_BISCUIT_SINGLE,2021-08-23,0.0,0.0
Plains|TOFFEE_BISCUIT_SINGLE,2021-08-30,0.0,0.0
Plains|TOFFEE_BISCUIT_SINGLE,2021-09-06,0.248062015503876,0.0
Plains|TOFFEE_BISCUIT_SINGLE,2021-09-13,0.0,0.0
Plains|TOFFEE_BISCUIT_SINGLE,2021-09-20,0.3488372093023256,0.0
Plains|TOFFEE_BISCUIT_SINGLE,2021-09-27,0.1472868217054263,0.0
Plains|TOFFEE_BISCUIT_SINGLE,2021-10-04,0.0,0.0
Plains|TOFFEE_BISCUIT_SINGLE,2021-10-11,0.0,0.0
Plains|TOFFEE_BISCUIT_SINGLE,2021-10-18,0.0,0.1
Plains|TOFFEE_BISCUIT_SINGLE,2021-10-25,0.0,0.1
Plains|TOFFEE_BISCUIT_SINGLE,2021-11-01,0.0,0.0
Plains|TOFFEE_BISCUIT_SINGLE,2021-11-08,0.0,0.0
Plains|TOFFEE_BISCUIT_SINGLE,2021-11-15,0.0,0.1
Plains|TOFFEE_BISCUIT_SINGLE,2021-11-22,0.2015503875968992,0.0
Plains|TOFFEE_BISCUIT_SINGLE,2021-11-29,0.3023255813953488,0.0
Plains|TOFFEE_BISCUIT_SINGLE,2021-12-06,0.0,0.0
Plains|TOFFEE_BISCUIT_SINGLE,2021-12-13,0.0,0.1
Plains|TOFFEE_BISCUIT_SINGLE,2021-12-20,0.0,0.1
Plains|TOFFEE_BISCUIT_SINGLE,2021-12-27,0.0,0.1
Plains|TOFFEE_BISCUIT_SINGLE,2022-01-03,0.0,0.0
Plains|TOFFEE_BISCUIT_SINGLE,2022-01-10,0.0,0.1
Plains|TOFFEE_BISCUIT_SINGLE,2022-01-17,0.1007751937984497,0.1
Plains|TOFFEE_BISCUIT_SINGLE,2022-01-24,0.0,0.0
Plains|TOFFEE_BISCUIT_SINGLE,2022-01-31,0.0,0.0
Plains|TOFFEE_BISCUIT_SINGLE,2022-02-07,0.0,0.1
Plains|TOFFEE_BISCUIT_SINGLE,2022-02-14,0.0,0.1
Plains|TOFFEE_BISCUIT_SINGLE,2022-02-21,0.3023255813953488,0.0
Plains|TOFFEE_BISCUIT_SINGLE,2022-02-28,0.0,0.0
Plains|TOFFEE_BISCUIT_SINGLE,2022-03-07,0.0,0.0
Plains|TOFFEE_BISCUIT_SINGLE,2022-03-14,0.0,0.0
Plains|TOFFEE_BISCUIT_SINGLE,2022-03-21,0.2015503875968992,0.0
Plains|TOFFEE_BISCUIT_SINGLE,2022-03-28,0.0,0.0
Plains|TOFFEE_BISCUIT_SINGLE,2022-04-04,0.0,0.1
Plains|TOFFEE_BISCUIT_SINGLE,2022-04-11,0.3023255813953488,0.1
Plains|TOFFEE_BISCUIT_SINGLE,2022-04-18,0.0,0.1
Plains|TOFFEE_BISCUIT_SINGLE,2022-04-25,0.1472868217054263,0.0
Plains|TOFFEE_BISCUIT_SINGLE,2022-05-02,0.0,0.0
Plains|TOFFEE_BISCUIT_SINGLE,2022-05-09,0.0,0.0
Plains|TOFFEE_BISCUIT_SINGLE,2022-05-16,0.0,0.0
Plains|TOFFEE_BISCUIT_SINGLE,2022-05-23,0.0,0.0
Plains|TOFFEE_BISCUIT_SINGLE,2022-05-30,0.3023255813953488,0.0
Plains|TOFFEE_BISCUIT_SINGLE,2022-06-06,0.0,0.0
Plains|TOFFEE_BISCUIT_SINGLE,2022-06-13,0.248062015503876,0.0
Plains|TOFFEE_BISCUIT_SINGLE,2022-06-20,0.1007751937984497,0.0
Plains|TOFFEE_BISCUIT_SINGLE,2022-06-27,0.0,0.0
Plains|TOFFEE_BISCUIT_SINGLE,2022-07-04,0.1007751937984497,0.0
Plains|TOFFEE_BISCUIT_SINGLE,2022-07-11,0.0,0.0
Plains|TOFFEE_BISCUIT_SINGLE,2022-07-18,0.0,0.0
Plains|TOFFEE_BISCUIT_SINGLE,2022-07-25,0.1007751937984497,0.0
Plains|TOFFEE_BISCUIT_SINGLE,2022-08-01,0.248062015503876,0.0
Plains|TOFFEE_BISCUIT_SINGLE,2022-08-08,0.0,0.0
Plains|TOFFEE_BISCUIT_SINGLE,2022-08-15,0.0,0.0
Plains|TOFFEE_BISCUIT_SINGLE,2022-08-22,0.0,0.0
Plains|TOFFEE_BISCUIT_SINGLE,2022-08-29,0.248062015503876,0.0
Plains|TOFFEE_BISCUIT_SINGLE,2022-09-05,0.0,0.0
Plains|TOFFEE_BISCUIT_SINGLE,2022-09-12,0.0,0.0
Plains|TOFFEE_BISCUIT_SINGLE,2022-09-19,0.0,0.0
Plains|TOFFEE_BISCUIT_SINGLE,2022-09-26,0.0,0.0
Plains|TOFFEE_BISCUIT_SINGLE,2022-10-03,0.0,0.0
Plains|TOFFEE_BISCUIT_SINGLE,2022-10-10,0.1007751937984497,0.0
Plains|TOFFEE_BISCUIT_SINGLE,2022-10-17,0.2015503875968992,0.0
Plains|TOFFEE_BISCUIT_SINGLE,2022-10-24,0.0,0.1
Plains|TOFFEE_BISCUIT_SINGLE,2022-10-31,0.3023255813953488,0.1
Plains|TOFFEE_BISCUIT_SINGLE,2022-11-07,0.0,0.0
Plains|TOFFEE_BISCUIT_SINGLE,2022-11-14,0.0,0.1
Plains|TOFFEE_BISCUIT_SINGLE,2022-11-21,0.0,0.0
Plains|TOFFEE_BISCUIT_SINGLE,2022-11-28,0.1472868217054263,0.0
Plains|TOFFEE_BISCUIT_SINGLE,2022-12-05,0.1007751937984497,0.0
Plains|TOFFEE_BISCUIT_SINGLE,2022-12-12,0.0,0.1
Plains|TOFFEE_BISCUIT_SINGLE,2022-12-19,0.3023255813953488,0.1
Plains|TOFFEE_BISCUIT_SINGLE,2022-12-26,0.1007751937984497,0.1
Plains|TOFFEE_BISCUIT_SINGLE,2023-01-02,0.0,0.1
Plains|TOFFEE_BISCUIT_SINGLE,2023-01-09,0.0,0.1
Plains|TOFFEE_BISCUIT_SINGLE,2023-01-16,0.0,0.1
Plains|TOFFEE_BISCUIT_SINGLE,2023-01-23,0.0,0.1
Plains|TOFFEE_BISCUIT_SINGLE,2023-01-30,0.3488372093023256,0.0
Plains|TOFFEE_BISCUIT_SINGLE,2023-02-06,0.1472868217054263,0.1
Plains|TOFFEE_BISCUIT_SINGLE,2023-02-13,0.0,0.1
Plains|TOFFEE_BISCUIT_SINGLE,2023-02-20,0.0,0.1
Plains|TOFFEE_BISCUIT_SINGLE,2023-02-27,0.0,0.0
Plains|TOFFEE_BISCUIT_SINGLE,2023-03-06,0.0,0.0
Plains|TOFFEE_BISCUIT_SINGLE,2023-03-13,0.0,0.0
Plains|TOFFEE_BISCUIT_SINGLE,2023-03-20,0.0,0.0
Plains|TOFFEE_BISCUIT_SINGLE,2023-03-27,0.0,0.0
Plains|TOFFEE_BISCUIT_SINGLE,2023-04-03,0.0,0.1
Plains|TOFFEE_BISCUIT_SINGLE,2023-04-10,0.0,0.1
Plains|TOFFEE_BISCUIT_SINGLE,2023-04-17,0.0,0.1
Plains|TOFFEE_BISCUIT_SINGLE,2023-04-24,0.1007751937984497,0.0
Plains|TOFFEE_BISCUIT_SINGLE,2023-05-01,0.0,0.0
Plains|TOFFEE_BISCUIT_SINGLE,2023-05-08,0.1007751937984497,0.0
Plains|TOFFEE_BISCUIT_SINGLE,2023-05-15,0.0,0.0
Plains|TOFFEE_BISCUIT_SINGLE,2023-05-22,0.0,0.0
Plains|TOFFEE_BISCUIT_SINGLE,2023-05-29,0.0,0.0
Plains|TOFFEE_BISCUIT_SINGLE,2023-06-05,0.0,0.0
Plains|TOFFEE_BISCUIT_SINGLE,2023-06-12,0.0,0.0
Plains|TOFFEE_BISCUIT_SINGLE,2023-06-19,0.0,0.0
Plains|TOFFEE_BISCUIT_SINGLE,2023-06-26,0.0,0.0
Plains|TOFFEE_BISCUIT_SINGLE,2023-07-03,0.0,0.0
Plains|TOFFEE_BISCUIT_SINGLE,2023-07-10,0.0,0.0
Plains|TOFFEE_BISCUIT_SINGLE,2023-07-17,0.0,0.0
Plains|TOFFEE_BISCUIT_SINGLE,2023-07-24,0.2015503875968992,0.0
Plains|TOFFEE_BISCUIT_SINGLE,2023-07-31,0.0,0.0
Plains|TOFFEE_BISCUIT_SINGLE,2023-08-07,0.0,0.0
Plains|TOFFEE_BISCUIT_SINGLE,2023-08-14,0.0,0.0
Plains|TOFFEE_BISCUIT_SINGLE,2023-08-21,0.0,0.0
Plains|TOFFEE_BISCUIT_SINGLE,2023-08-28,0.0,0.0
Plains|TOFFEE_BISCUIT_SINGLE,2023-09-04,0.0,0.0
Plains|TOFFEE_BISCUIT_SINGLE,2023-09-11,0.3488372093023256,0.0
Plains|TOFFEE_BISCUIT_SINGLE,2023-09-18,0.0,0.0
Plains|TOFFEE_BISCUIT_SINGLE,2023-09-25,0.0,0.0
Plains|TOFFEE_BISCUIT_SINGLE,2023-10-02,0.1472868217054263,0.0
Plains|TOFFEE_BISCUIT_SINGLE,2023-10-09,0.0,0.0
Plains|TOFFEE_BISCUIT_SINGLE,2023-10-16,0.0,0.0
Plains|TOFFEE_BISCUIT_SINGLE,2023-10-23,0.0,0.1
Plains|TOFFEE_BISCUIT_SINGLE,2023-10-30,0.0,0.1
Plains|TOFFEE_BISCUIT_SINGLE,2023-11-06,0.0,0.1
Plains|TOFFEE_BISCUIT_SINGLE,2023-11-13,0.3488372093023256,0.0
Plains|TOFFEE_BISCUIT_SINGLE,2023-11-20,0.248062015503876,0.0
Plains|TOFFEE_BISCUIT_SINGLE,2023-11-27,0.0,0.0
Plains|TOFFEE_BISCUIT_SINGLE,2023-12-04,0.0,0.1
Plains|TOFFEE_BISCUIT_SINGLE,2023-12-11,0.0,0.1
Plains|TOFFEE_BISCUIT_SINGLE,2023-12-18,0.0,0.1
Plains|TOFFEE_BISCUIT_SINGLE,2023-12-25,0.0,0.1
South|ARCTIC_MINT_GUM,2021-01-04,0.0,0.0
South|ARCTIC_MINT_GUM,2021-01-11,0.0,0.0
South|ARCTIC_MINT_GUM,2021-01-18,0.0,0.0
South|ARCTIC_MINT_GUM,2021-01-25,0.0,0.0
South|ARCTIC_MINT_GUM,2021-02-01,0.0,0.0
South|ARCTIC_MINT_GUM,2021-02-08,0.0,0.1
South|ARCTIC_MINT_GUM,2021-02-15,0.0,0.1
South|ARCTIC_MINT_GUM,2021-02-22,0.0,0.0
South|ARCTIC_MINT_GUM,2021-03-01,0.0,0.0
South|ARCTIC_MINT_GUM,2021-03-08,0.0,0.0
South|ARCTIC_MINT_GUM,2021-03-15,0.0,0.0
South|ARCTIC_MINT_GUM,2021-03-22,0.0,0.0
South|ARCTIC_MINT_GUM,2021-03-29,0.0,0.0
South|ARCTIC_MINT_GUM,2021-04-05,0.0,0.1
South|ARCTIC_MINT_GUM,2021-04-12,0.0,0.1
South|ARCTIC_MINT_GUM,2021-04-19,0.2011173184357542,0.0
South|ARCTIC_MINT_GUM,2021-04-26,0.0,0.0
South|ARCTIC_MINT_GUM,2021-05-03,0.3016759776536313,0.0
South|ARCTIC_MINT_GUM,2021-05-10,0.0,0.0
South|ARCTIC_MINT_GUM,2021-05-17,0.0,0.0
South|ARCTIC_MINT_GUM,2021-05-24,0.0,0.0
South|ARCTIC_MINT_GUM,2021-05-31,0.3519553072625699,0.0
South|ARCTIC_MINT_GUM,2021-06-07,0.0,0.0
South|ARCTIC_MINT_GUM,2021-06-14,0.3016759776536313,0.0
South|ARCTIC_MINT_GUM,2021-06-21,0.0,0.0
South|ARCTIC_MINT_GUM,2021-06-28,0.0,0.0
South|ARCTIC_MINT_GUM,2021-07-05,0.0,0.0
South|ARCTIC_MINT_GUM,2021-07-12,0.1508379888268156,0.0
South|ARCTIC_MINT_GUM,2021-07-19,0.3016759776536313,0.0
South|ARCTIC_MINT_GUM,2021-07-26,0.0,0.0
South|ARCTIC_MINT_GUM,2021-08-02,0.0,0.0
South|ARCTIC_MINT_GUM,2021-08-09,0.3016759776536313,0.0
South|ARCTIC_MINT_GUM,2021-08-16,0.0,0.0
South|ARCTIC_MINT_GUM,2021-08-23,0.0,0.0
South|ARCTIC_MINT_GUM,2021-08-30,0.3016759776536313,0.0
South|ARCTIC_MINT_GUM,2021-09-06,0.0,0.0
South|ARCTIC_MINT_GUM,2021-09-13,0.0,0.0
South|ARCTIC_MINT_GUM,2021-09-20,0.100558659217877,0.0
South|ARCTIC_MINT_GUM,2021-09-27,0.3016759776536313,0.0
South|ARCTIC_MINT_GUM,2021-10-04,0.0,0.0
South|ARCTIC_MINT_GUM,2021-10-11,0.0,0.0
South|ARCTIC_MINT_GUM,2021-10-18,0.1508379888268156,0.1
South|ARCTIC_MINT_GUM,2021-10-25,0.3519553072625699,0.1
South|ARCTIC_MINT_GUM,2021-11-01,0.2513966480446927,0.0
South|ARCTIC_MINT_GUM,2021-11-08,0.2011173184357542,0.0
South|ARCTIC_MINT_GUM,2021-11-15,0.3016759776536313,0.0
South|ARCTIC_MINT_GUM,2021-11-22,0.0,0.0
South|ARCTIC_MINT_GUM,2021-11-29,0.0,0.0
South|ARCTIC_MINT_GUM,2021-12-06,0.0,0.0
South|ARCTIC_MINT_GUM,2021-12-13,0.0,0.1
South|ARCTIC_MINT_GUM,2021-12-20,0.0,0.1
South|ARCTIC_MINT_GUM,2021-12-27,0.0,0.0
South|ARCTIC_MINT_GUM,2022-01-03,0.0,0.0
South|ARCTIC_MINT_GUM,2022-01-10,0.1508379888268156,0.0
South|ARCTIC_MINT_GUM,2022-01-17,0.0,0.0
South|ARCTIC_MINT_GUM,2022-01-24,0.0,0.0
South|ARCTIC_MINT_GUM,2022-01-31,0.0,0.0
South|ARCTIC_MINT_GUM,2022-02-07,0.0,0.1
South|ARCTIC_MINT_GUM,2022-02-14,0.0,0.1
South|ARCTIC_MINT_GUM,2022-02-21,0.1508379888268156,0.0
South|ARCTIC_MINT_GUM,2022-02-28,0.0,0.0
South|ARCTIC_MINT_GUM,2022-03-07,0.2011173184357542,0.0
South|ARCTIC_MINT_GUM,2022-03-14,0.0,0.0
South|ARCTIC_MINT_GUM,2022-03-21,0.0,0.0
South|ARCTIC_MINT_GUM,2022-03-28,0.2011173184357542,0.0
South|ARCTIC_MINT_GUM,2022-04-04,0.1508379888268156,0.1
South|ARCTIC_MINT_GUM,2022-04-11,0.0,0.1
South|ARCTIC_MINT_GUM,2022-04-18,0.0,0.1
South|ARCTIC_MINT_GUM,2022-04-25,0.0,0.0
South|ARCTIC_MINT_GUM,2022-05-02,0.0,0.0
South|ARCTIC_MINT_GUM,2022-05-09,0.2513966480446927,0.0
South|ARCTIC_MINT_GUM,2022-05-16,0.0,0.0
South|ARCTIC_MINT_GUM,2022-05-23,0.2011173184357542,0.0
South|ARCTIC_MINT_GUM,2022-05-30,0.0,0.0
South|ARCTIC_MINT_GUM,2022-06-06,0.0,0.0
South|ARCTIC_MINT_GUM,2022-06-13,0.0,0.0
South|ARCTIC_MINT_GUM,2022-06-20,0.3016759776536313,0.0
South|ARCTIC_MINT_GUM,2022-06-27,0.0,0.0
South|ARCTIC_MINT_GUM,2022-07-04,0.0,0.0
South|ARCTIC_MINT_GUM,2022-07-11,0.0,0.0
South|ARCTIC_MINT_GUM,2022-07-18,0.0,0.0
South|ARCTIC_MINT_GUM,2022-07-25,0.0,0.0
South|ARCTIC_MINT_GUM,2022-08-01,0.0,0.0
South|ARCTIC_MINT_GUM,2022-08-08,0.0,0.0
South|ARCTIC_MINT_GUM,2022-08-15,0.2513966480446927,0.0
South|ARCTIC_MINT_GUM,2022-08-22,0.2513966480446927,0.0
South|ARCTIC_MINT_GUM,2022-08-29,0.0,0.0
South|ARCTIC_MINT_GUM,2022-09-05,0.0,0.0
South|ARCTIC_MINT_GUM,2022-09-12,0.0,0.0
South|ARCTIC_MINT_GUM,2022-09-19,0.1508379888268156,0.0
South|ARCTIC_MINT_GUM,2022-09-26,0.0,0.0
South|ARCTIC_MINT_GUM,2022-10-03,0.0,0.0
South|ARCTIC_MINT_GUM,2022-10-10,0.2513966480446927,0.0
South|ARCTIC_MINT_GUM,2022-10-17,0.0,0.0
South|ARCTIC_MINT_GUM,2022-10-24,0.0,0.1
South|ARCTIC_MINT_GUM,2022-10-31,0.0,0.1
South|ARCTIC_MINT_GUM,2022-11-07,0.0,0.0
South|ARCTIC_MINT_GUM,2022-11-14,0.1508379888268156,0.0
South|ARCTIC_MINT_GUM,2022-11-21,0.0,0.0
South|ARCTIC_MINT_GUM,2022-11-28,0.0,0.0
South|ARCTIC_MINT_GUM,2022-12-05,0.3016759776536313,0.0
South|ARCTIC_MINT_GUM,2022-12-12,0.0,0.1
South|ARCTIC_MINT_GUM,2022-12-19,0.0,0.1
South|ARCTIC_MINT_GUM,2022-12-26,0.0,0.1
South|ARCTIC_MINT_GUM,2023-01-02,0.0,0.0
South|ARCTIC_MINT_GUM,2023-01-09,0.0,0.1
South|ARCTIC_MINT_GUM,2023-01-16,0.100558659217877,0.1
South|ARCTIC_MINT_GUM,2023-01-23,0.0,0.1
South|ARCTIC_MINT_GUM,2023-01-30,0.0,0.0
South|ARCTIC_MINT_GUM,2023-02-06,0.0,0.1
South|ARCTIC_MINT_GUM,2023-02-13,0.0,0.1
South|ARCTIC_MINT_GUM,2023-02-20,0.0,0.0
South|ARCTIC_MINT_GUM,2023-02-27,0.0,0.0
South|ARCTIC_MINT_GUM,2023-03-06,0.0,0.1
South|ARCTIC_MINT_GUM,2023-03-13,0.1508379888268156,0.0
South|ARCTIC_MINT_GUM,2023-03-20,0.0,0.0
South|ARCTIC_MINT_GUM,2023-03-27,0.0,0.0
South|ARCTIC_MINT_GUM,2023-04-03,0.0,0.1
South|ARCTIC_MINT_GUM,2023-04-10,0.1508379888268156,0.1
South|ARCTIC_MINT_GUM,2023-04-17,0.0,0.1
South|ARCTIC_MINT_GUM,2023-04-24,0.0,0.1
South|ARCTIC_MINT_GUM,2023-05-01,0.0,0.0
South|ARCTIC_MINT_GUM,2023-05-08,0.3519553072625699,0.0
South|ARCTIC_MINT_GUM,2023-05-15,0.0,0.1
South|ARCTIC_MINT_GUM,2023-05-22,0.0,0.1
South|ARCTIC_MINT_GUM,2023-05-29,0.0,0.0
South|ARCTIC_MINT_GUM,2023-06-05,0.0,0.0
South|ARCTIC_MINT_GUM,2023-06-12,0.0,0.0
South|ARCTIC_MINT_GUM,2023-06-19,0.0,0.0
South|ARCTIC_MINT_GUM,2023-06-26,0.100558659217877,0.0
South|ARCTIC_MINT_GUM,2023-07-03,0.0,0.0
South|ARCTIC_MINT_GUM,2023-07-10,0.0,0.0
South|ARCTIC_MINT_GUM,2023-07-17,0.0,0.0
South|ARCTIC_MINT_GUM,2023-07-24,0.0,0.0
South|ARCTIC_MINT_GUM,2023-07-31,0.1508379888268156,0.0
South|ARCTIC_MINT_GUM,2023-08-07,0.2513966480446927,0.0
South|ARCTIC_MINT_GUM,2023-08-14,0.0,0.0
South|ARCTIC_MINT_GUM,2023-08-21,0.0,0.0
South|ARCTIC_MINT_GUM,2023-08-28,0.0,0.0
South|ARCTIC_MINT_GUM,2023-09-04,0.0,0.0
South|ARCTIC_MINT_GUM,2023-09-11,0.0,0.0
South|ARCTIC_MINT_GUM,2023-09-18,0.0,0.0
South|ARCTIC_MINT_GUM,2023-09-25,0.0,0.1
South|ARCTIC_MINT_GUM,2023-10-02,0.3519553072625699,0.0
South|ARCTIC_MINT_GUM,2023-10-09,0.0,0.0
South|ARCTIC_MINT_GUM,2023-10-16,0.0,0.1
South|ARCTIC_MINT_GUM,2023-10-23,0.3016759776536313,0.1
South|ARCTIC_MINT_GUM,2023-10-30,0.0,0.1
South|ARCTIC_MINT_GUM,2023-11-06,0.0,0.0
South|ARCTIC_MINT_GUM,2023-11-13,0.0,0.1
South|ARCTIC_MINT_GUM,2023-11-20,0.0,0.1
South|ARCTIC_MINT_GUM,2023-11-27,0.0,0.1
South|ARCTIC_MINT_GUM,2023-12-04,0.0,0.0
South|ARCTIC_MINT_GUM,2023-12-11,0.0,0.1
South|ARCTIC_MINT_GUM,2023-12-18,0.1508379888268156,0.1
South|ARCTIC_MINT_GUM,2023-12-25,0.1508379888268156,0.1
South|BLISS_SILK_BAR,2021-01-04,0.1006711409395972,0.0
South|BLISS_SILK_BAR,2021-01-11,0.348993288590604,0.1
South|BLISS_SILK_BAR,2021-01-18,0.0,0.0
South|BLISS_SILK_BAR,2021-01-25,0.0,0.0
South|BLISS_SILK_BAR,2021-02-01,0.0,0.0
South|BLISS_SILK_BAR,2021-02-08,0.0,0.1
South|BLISS_SILK_BAR,2021-02-15,0.0,0.0
South|BLISS_SILK_BAR,2021-02-22,0.0,0.0
South|BLISS_SILK_BAR,2021-03-01,0.0,0.0
South|BLISS_SILK_BAR,2021-03-08,0.0,0.0
South|BLISS_SILK_BAR,2021-03-15,0.0,0.0
South|BLISS_SILK_BAR,2021-03-22,0.0,0.0
South|BLISS_SILK_BAR,2021-03-29,0.2483221476510066,0.0
South|BLISS_SILK_BAR,2021-04-05,0.0,0.1
South|BLISS_SILK_BAR,2021-04-12,0.0,0.1
South|BLISS_SILK_BAR,2021-04-19,0.0,0.0
South|BLISS_SILK_BAR,2021-04-26,0.348993288590604,0.0
South|BLISS_SILK_BAR,2021-05-03,0.0,0.0
South|BLISS_SILK_BAR,2021-05-10,0.0,0.0
South|BLISS_SILK_BAR,2021-05-17,0.2483221476510066,0.0
South|BLISS_SILK_BAR,2021-05-24,0.0,0.0
South|BLISS_SILK_BAR,2021-05-31,0.1476510067114093,0.0
South|BLISS_SILK_BAR,2021-06-07,0.0,0.0
South|BLISS_SILK_BAR,2021-06-14,0.2483221476510066,0.0
South|BLISS_SILK_BAR,2021-06-21,0.0,0.0
South|BLISS_SILK_BAR,2021-06-28,0.0,0.0
South|BLISS_SILK_BAR,2021-07-05,0.0,0.0
South|BLISS_SILK_BAR,2021-07-12,0.0,0.0
South|BLISS_SILK_BAR,2021-07-19,0.0,0.0
South|BLISS_SILK_BAR,2021-07-26,0.0,0.0
South|BLISS_SILK_BAR,2021-08-02,0.1006711409395972,0.0
South|BLISS_SILK_BAR,2021-08-09,0.0,0.0
South|BLISS_SILK_BAR,2021-08-16,0.0,0.0
South|BLISS_SILK_BAR,2021-08-23,0.0,0.0
South|BLISS_SILK_BAR,2021-08-30,0.1476510067114093,0.0
South|BLISS_SILK_BAR,2021-09-06,0.0,0.0
South|BLISS_SILK_BAR,2021-09-13,0.0,0.0
South|BLISS_SILK_BAR,2021-09-20,0.0,0.0
South|BLISS_SILK_BAR,2021-09-27,0.0,0.0
South|BLISS_SILK_BAR,2021-10-04,0.0,0.0
South|BLISS_SILK_BAR,2021-10-11,0.0,0.0
South|BLISS_SILK_BAR,2021-10-18,0.3020134228187919,0.1
South|BLISS_SILK_BAR,2021-10-25,0.3020134228187919,0.1
South|BLISS_SILK_BAR,2021-11-01,0.0,0.0
South|BLISS_SILK_BAR,2021-11-08,0.0,0.0
South|BLISS_SILK_BAR,2021-11-15,0.0,0.1
South|BLISS_SILK_BAR,2021-11-22,0.2483221476510066,0.1
South|BLISS_SILK_BAR,2021-11-29,0.0,0.1
South|BLISS_SILK_BAR,2021-12-06,0.0,0.1
South|BLISS_SILK_BAR,2021-12-13,0.0,0.1
South|BLISS_SILK_BAR,2021-12-20,0.0,0.1
South|BLISS_SILK_BAR,2021-12-27,0.0,0.1
South|BLISS_SILK_BAR,2022-01-03,0.0,0.1
South|BLISS_SILK_BAR,2022-01-10,0.0,0.0
South|BLISS_SILK_BAR,2022-01-17,0.0,0.1
South|BLISS_SILK_BAR,2022-01-24,0.3020134228187919,0.1
South|BLISS_SILK_BAR,2022-01-31,0.2013422818791946,0.0
South|BLISS_SILK_BAR,2022-02-07,0.0,0.1
South|BLISS_SILK_BAR,2022-02-14,0.0,0.1
South|BLISS_SILK_BAR,2022-02-21,0.1476510067114093,0.0
South|BLISS_SILK_BAR,2022-02-28,0.1476510067114093,0.0
South|BLISS_SILK_BAR,2022-03-07,0.0,0.0
South|BLISS_SILK_BAR,2022-03-14,0.2013422818791946,0.0
South|BLISS_SILK_BAR,2022-03-21,0.0,0.0
South|BLISS_SILK_BAR,2022-03-28,0.0,0.0
South|BLISS_SILK_BAR,2022-04-04,0.2483221476510066,0.1
South|BLISS_SILK_BAR,2022-04-11,0.1006711409395972,0.1
South|BLISS_SILK_BAR,2022-04-18,0.2013422818791946,0.1
South|BLISS_SILK_BAR,2022-04-25,0.0,0.0
South|BLISS_SILK_BAR,2022-05-02,0.0,0.0
South|BLISS_SILK_BAR,2022-05-09,0.2483221476510066,0.0
South|BLISS_SILK_BAR,2022-05-16,0.2483221476510066,0.0
South|BLISS_SILK_BAR,2022-05-23,0.0,0.0
South|BLISS_SILK_BAR,2022-05-30,0.2483221476510066,0.0
South|BLISS_SILK_BAR,2022-06-06,0.0,0.0
South|BLISS_SILK_BAR,2022-06-13,0.3020134228187919,0.0
South|BLISS_SILK_BAR,2022-06-20,0.0,0.0
South|BLISS_SILK_BAR,2022-06-27,0.0,0.0
South|BLISS_SILK_BAR,2022-07-04,0.3020134228187919,0.0
South|BLISS_SILK_BAR,2022-07-11,0.0,0.0
South|BLISS_SILK_BAR,2022-07-18,0.0,0.0
South|BLISS_SILK_BAR,2022-07-25,0.0,0.0
South|BLISS_SILK_BAR,2022-08-01,0.0,0.0
South|BLISS_SILK_BAR,2022-08-08,0.0,0.0
South|BLISS_SILK_BAR,2022-08-15,0.0,0.0
South|BLISS_SILK_BAR,2022-08-22,0.0,0.0
South|BLISS_SILK_BAR,2022-08-29,0.2483221476510066,0.0
South|BLISS_SILK_BAR,2022-09-05,0.1006711409395972,0.0
South|BLISS_SILK_BAR,2022-09-12,0.0,0.0
South|BLISS_SILK_BAR,2022-09-19,0.0,0.0
South|BLISS_SILK_BAR,2022-09-26,0.348993288590604,0.0
South|BLISS_SILK_BAR,2022-10-03,0.1476510067114093,0.0
South|BLISS_SILK_BAR,2022-10-10,0.0,0.0
South|BLISS_SILK_BAR,2022-10-17,0.2013422818791946,0.0
South|BLISS_SILK_BAR,2022-10-24,0.2483221476510066,0.1
South|BLISS_SILK_BAR,2022-10-31,0.0,0.1
South|BLISS_SILK_BAR,2022-11-07,0.348993288590604,0.1
South|BLISS_SILK_BAR,2022-11-14,0.0,0.0
South|BLISS_SILK_BAR,2022-11-21,0.2013422818791946,0.1
South|BLISS_SILK_BAR,2022-11-28,0.0,0.0
South|BLISS_SILK_BAR,2022-12-05,0.0,0.0
South|BLISS_SILK_BAR,2022-12-12,0.0,0.1
South|BLISS_SILK_BAR,2022-12-19,0.0,0.1
South|BLISS_SILK_BAR,2022-12-26,0.0,0.1
South|BLISS_SILK_BAR,2023-01-02,0.2013422818791946,0.1
South|BLISS_SILK_BAR,2023-01-09,0.3020134228187919,0.1
South|BLISS_SILK_BAR,2023-01-16,0.1006711409395972,0.0
South|BLISS_SILK_BAR,2023-01-23,0.0,0.0
South|BLISS_SILK_BAR,2023-01-30,0.0,0.0
South|BLISS_SILK_BAR,2023-02-06,0.0,0.1
South|BLISS_SILK_BAR,2023-02-13,0.0,0.1
South|BLISS_SILK_BAR,2023-02-20,0.1476510067114093,0.0
South|BLISS_SILK_BAR,2023-02-27,0.0,0.1
South|BLISS_SILK_BAR,2023-03-06,0.0,0.1
South|BLISS_SILK_BAR,2023-03-13,0.2483221476510066,0.0
South|BLISS_SILK_BAR,2023-03-20,0.0,0.0
South|BLISS_SILK_BAR,2023-03-27,0.0,0.0
South|BLISS_SILK_BAR,2023-04-03,0.0,0.1
South|BLISS_SILK_BAR,2023-04-10,0.0,0.1
South|BLISS_SILK_BAR,2023-04-17,0.0,0.1
South|BLISS_SILK_BAR,2023-04-24,0.0,0.0
South|BLISS_SILK_BAR,2023-05-01,0.0,0.0
South|BLISS_SILK_BAR,2023-05-08,0.0,0.0
South|BLISS_SILK_BAR,2023-05-15,0.0,0.0
South|BLISS_SILK_BAR,2023-05-22,0.0,0.0
South|BLISS_SILK_BAR,2023-05-29,0.0,0.0
South|BLISS_SILK_BAR,2023-06-05,0.0,0.0
South|BLISS_SILK_BAR,2023-06-12,0.2483221476510066,0.0
South|BLISS_SILK_BAR,2023-06-19,0.0,0.0
South|BLISS_SILK_BAR,2023-06-26,0.2483221476510066,0.0
South|BLISS_SILK_BAR,2023-07-03,0.1006711409395972,0.0
South|BLISS_SILK_BAR,2023-07-10,0.0,0.0
South|BLISS_SILK_BAR,2023-07-17,0.2013422818791946,0.0
South|BLISS_SILK_BAR,2023-07-24,0.0,0.0
South|BLISS_SILK_BAR,2023-07-31,0.0,0.0
South|BLISS_SILK_BAR,2023-08-07,0.0,0.0
South|BLISS_SILK_BAR,2023-08-14,0.1006711409395972,0.0
South|BLISS_SILK_BAR,2023-08-21,0.1476510067114093,0.0
South|BLISS_SILK_BAR,2023-08-28,0.0,0.0
South|BLISS_SILK_BAR,2023-09-04,0.0,0.0
South|BLISS_SILK_BAR,2023-09-11,0.348993288590604,0.0
South|BLISS_SILK_BAR,2023-09-18,0.0,0.0
South|BLISS_SILK_BAR,2023-09-25,0.0,0.0
South|BLISS_SILK_BAR,2023-10-02,0.0,0.0
South|BLISS_SILK_BAR,2023-10-09,0.348993288590604,0.0
South|BLISS_SILK_BAR,2023-10-16,0.0,0.1
South|BLISS_SILK_BAR,2023-10-23,0.0,0.1
South|BLISS_SILK_BAR,2023-10-30,0.1006711409395972,0.1
South|BLISS_SILK_BAR,2023-11-06,0.0,0.1
South|BLISS_SILK_BAR,2023-11-13,0.0,0.1
South|BLISS_SILK_BAR,2023-11-20,0.0,0.1
South|BLISS_SILK_BAR,2023-11-27,0.0,0.0
South|BLISS_SILK_BAR,2023-12-04,0.0,0.1
South|BLISS_SILK_BAR,2023-12-11,0.0,0.1
South|BLISS_SILK_BAR,2023-12-18,0.0,0.1
South|BLISS_SILK_BAR,2023-12-25,0.0,0.1
South|GOLDEN_MALT_POUCH,2021-01-04,0.3009118541033435,0.0
South|GOLDEN_MALT_POUCH,2021-01-11,0.0,0.0
South|GOLDEN_MALT_POUCH,2021-01-18,0.2006079027355623,0.0
South|GOLDEN_MALT_POUCH,2021-01-25,0.0,0.0
South|GOLDEN_MALT_POUCH,2021-02-01,0.0,0.0
South|GOLDEN_MALT_POUCH,2021-02-08,0.0,0.1
South|GOLDEN_MALT_POUCH,2021-02-15,0.0,0.1
South|GOLDEN_MALT_POUCH,2021-02-22,0.0,0.0
South|GOLDEN_MALT_POUCH,2021-03-01,0.0,0.0
South|GOLDEN_MALT_POUCH,2021-03-08,0.0,0.0
South|GOLDEN_MALT_POUCH,2021-03-15,0.0,0.0
South|GOLDEN_MALT_POUCH,2021-03-22,0.0,0.0
South|GOLDEN_MALT_POUCH,2021-03-29,0.0,0.0
South|GOLDEN_MALT_POUCH,2021-04-05,0.0,0.1
South|GOLDEN_MALT_POUCH,2021-04-12,0.0,0.1
South|GOLDEN_MALT_POUCH,2021-04-19,0.3495440729483282,0.0
South|GOLDEN_MALT_POUCH,2021-04-26,0.0,0.0
South|GOLDEN_MALT_POUCH,2021-05-03,0.0,0.0
South|GOLDEN_MALT_POUCH,2021-05-10,0.0,0.0
South|GOLDEN_MALT_POUCH,2021-05-17,0.1003039513677811,0.0
South|GOLDEN_MALT_POUCH,2021-05-24,0.0,0.0
South|GOLDEN_MALT_POUCH,2021-05-31,0.0,0.0
South|GOLDEN_MALT_POUCH,2021-06-07,0.0,0.0
South|GOLDEN_MALT_POUCH,2021-06-14,0.1003039513677811,0.0
South|GOLDEN_MALT_POUCH,2021-06-21,0.0,0.0
South|GOLDEN_MALT_POUCH,2021-06-28,0.0,0.0
South|GOLDEN_MALT_POUCH,2021-07-05,0.0,0.0
South|GOLDEN_MALT_POUCH,2021-07-12,0.0,0.0
South|GOLDEN_MALT_POUCH,2021-07-19,0.0,0.0
South|GOLDEN_MALT_POUCH,2021-07-26,0.0,0.0
South|GOLDEN_MALT_POUCH,2021-08-02,0.0,0.0
South|GOLDEN_MALT_POUCH,2021-08-09,0.0,0.0
South|GOLDEN_MALT_POUCH,2021-08-16,0.0,0.0
South|GOLDEN_MALT_POUCH,2021-08-23,0.1003039513677811,0.0
South|GOLDEN_MALT_POUCH,2021-08-30,0.0,0.0
South|GOLDEN_MALT_POUCH,2021-09-06,0.0,0.0
South|GOLDEN_MALT_POUCH,2021-09-13,0.0,0.0
South|GOLDEN_MALT_POUCH,2021-09-20,0.0,0.0
South|GOLDEN_MALT_POUCH,2021-09-27,0.249240121580547,0.0
South|GOLDEN_MALT_POUCH,2021-10-04,0.3495440729483282,0.0
South|GOLDEN_MALT_POUCH,2021-10-11,0.0,0.0
South|GOLDEN_MALT_POUCH,2021-10-18,0.0,0.1
South|GOLDEN_MALT_POUCH,2021-10-25,0.0,0.1
South|GOLDEN_MALT_POUCH,2021-11-01,0.3009118541033435,0.0
South|GOLDEN_MALT_POUCH,2021-11-08,0.3009118541033435,0.0
South|GOLDEN_MALT_POUCH,2021-11-15,0.0,0.0
South|GOLDEN_MALT_POUCH,2021-11-22,0.0,0.0
South|GOLDEN_MALT_POUCH,2021-11-29,0.1003039513677811,0.0
South|GOLDEN_MALT_POUCH,2021-12-06,0.3009118541033435,0.1
South|GOLDEN_MALT_POUCH,2021-12-13,0.0,0.1
South|GOLDEN_MALT_POUCH,2021-12-20,0.2006079027355623,0.1
South|GOLDEN_MALT_POUCH,2021-12-27,0.0,0.1
South|GOLDEN_MALT_POUCH,2022-01-03,0.0,0.1
South|GOLDEN_MALT_POUCH,2022-01-10,0.0,0.1
South|GOLDEN_MALT_POUCH,2022-01-17,0.1003039513677811,0.1
South|GOLDEN_MALT_POUCH,2022-01-24,0.0,0.0
South|GOLDEN_MALT_POUCH,2022-01-31,0.3009118541033435,0.0
South|GOLDEN_MALT_POUCH,2022-02-07,0.3495440729483282,0.1
South|GOLDEN_MALT_POUCH,2022-02-14,0.0,0.1
South|GOLDEN_MALT_POUCH,2022-02-21,0.0,0.0
South|GOLDEN_MALT_POUCH,2022-02-28,0.0,0.0
South|GOLDEN_MALT_POUCH,2022-03-07,0.0,0.0
South|GOLDEN_MALT_POUCH,2022-03-14,0.0,0.0
South|GOLDEN_MALT_POUCH,2022-03-21,0.0,0.0
South|GOLDEN_MALT_POUCH,2022-03-28,0.0,0.0
South|GOLDEN_MALT_POUCH,2022-04-04,0.0,0.1
South|GOLDEN_MALT_POUCH,2022-04-11,0.0,0.1
South|GOLDEN_MALT_POUCH,2022-04-18,0.1003039513677811,0.1
South|GOLDEN_MALT_POUCH,2022-04-25,0.1003039513677811,0.0
South|GOLDEN_MALT_POUCH,2022-05-02,0.0,0.0
South|GOLDEN_MALT_POUCH,2022-05-09,0.249240121580547,0.0
South|GOLDEN_MALT_POUCH,2022-05-16,0.0,0.0
South|GOLDEN_MALT_POUCH,2022-05-23,0.0,0.0
South|GOLDEN_MALT_POUCH,2022-05-30,0.0,0.0
South|GOLDEN_MALT_POUCH,2022-06-06,0.2006079027355623,0.0
South|GOLDEN_MALT_POUCH,2022-06-13,0.0,0.0
South|GOLDEN_MALT_POUCH,2022-06-20,0.0,0.0
South|GOLDEN_MALT_POUCH,2022-06-27,0.0,0.0
South|GOLDEN_MALT_POUCH,2022-07-04,0.0,0.0
South|GOLDEN_MALT_POUCH,2022-07-11,0.0,0.0
South|GOLDEN_MALT_POUCH,2022-07-18,0.0,0.0
South|GOLDEN_MALT_POUCH,2022-07-25,0.0,0.0
South|GOLDEN_MALT_POUCH,2022-08-01,0.0,0.0
South|GOLDEN_MALT_POUCH,2022-08-08,0.3009118541033435,0.0
South|GOLDEN_MALT_POUCH,2022-08-15,0.0,0.0
South|GOLDEN_MALT_POUCH,2022-08-22,0.0,0.0
South|GOLDEN_MALT_POUCH,2022-08-29,0.0,0.0
South|GOLDEN_MALT_POUCH,2022-09-05,0.0,0.0
South|GOLDEN_MALT_POUCH,2022-09-12,0.0,0.0
South|GOLDEN_MALT_POUCH,2022-09-19,0.0,0.0
South|GOLDEN_MALT_POUCH,2022-09-26,0.148936170212766,0.0
South|GOLDEN_MALT_POUCH,2022-10-03,0.0,0.0
South|GOLDEN_MALT_POUCH,2022-10-10,0.0,0.0
South|GOLDEN_MALT_POUCH,2022-10-17,0.0,0.0
South|GOLDEN_MALT_POUCH,2022-10-24,0.3495440729483282,0.1
South|GOLDEN_MALT_POUCH,2022-10-31,0.148936170212766,0.1
South|GOLDEN_MALT_POUCH,2022-11-07,0.3009118541033435,0.0
South|GOLDEN_MALT_POUCH,2022-11-14,0.0,0.0
South|GOLDEN_MALT_POUCH,2022-11-21,0.0,0.1
South|GOLDEN_MALT_POUCH,2022-11-28,0.0,0.1
South|GOLDEN_MALT_POUCH,2022-12-05,0.0,0.1
South|GOLDEN_MALT_POUCH,2022-12-12,0.0,0.1
South|GOLDEN_MALT_POUCH,2022-12-19,0.0,0.1
South|GOLDEN_MALT_POUCH,2022-12-26,0.0,0.1
South|GOLDEN_MALT_POUCH,2023-01-02,0.0,0.1
South|GOLDEN_MALT_POUCH,2023-01-09,0.0,0.1
South|GOLDEN_MALT_POUCH,2023-01-16,0.0,0.1
South|GOLDEN_MALT_POUCH,2023-01-23,0.0,0.1
South|GOLDEN_MALT_POUCH,2023-01-30,0.0,0.1
South|GOLDEN_MALT_POUCH,2023-02-06,0.1003039513677811,0.1
South|GOLDEN_MALT_POUCH,2023-02-13,0.148936170212766,0.1
South|GOLDEN_MALT_POUCH,2023-02-20,0.0,0.0
South|GOLDEN_MALT_POUCH,2023-02-27,0.0,0.0
South|GOLDEN_MALT_POUCH,2023-03-06,0.0,0.0
South|GOLDEN_MALT_POUCH,2023-03-13,0.249240121580547,0.0
South|GOLDEN_MALT_POUCH,2023-03-20,0.0,0.0
South|GOLDEN_MALT_POUCH,2023-03-27,0.0,0.0
South|GOLDEN_MALT_POUCH,2023-04-03,0.1003039513677811,0.1
South|GOLDEN_MALT_POUCH,2023-04-10,0.0,0.1
South|GOLDEN_MALT_POUCH,2023-04-17,0.3495440729483282,0.1
South|GOLDEN_MALT_POUCH,2023-04-24,0.0,0.0
South|GOLDEN_MALT_POUCH,2023-05-01,0.0,0.0
South|GOLDEN_MALT_POUCH,2023-05-08,0.3495440729483282,0.0
South|GOLDEN_MALT_POUCH,2023-05-15,0.0,0.0
South|GOLDEN_MALT_POUCH,2023-05-22,0.1003039513677811,0.0
South|GOLDEN_MALT_POUCH,2023-05-29,0.0,0.0
South|GOLDEN_MALT_POUCH,2023-06-05,0.3009118541033435,0.0
South|GOLDEN_MALT_POUCH,2023-06-12,0.0,0.0
South|GOLDEN_MALT_POUCH,2023-06-19,0.0,0.0
South|GOLDEN_MALT_POUCH,2023-06-26,0.0,0.0
South|GOLDEN_MALT_POUCH,2023-07-03,0.0,0.0
South|GOLDEN_MALT_POUCH,2023-07-10,0.0,0.0
South|GOLDEN_MALT_POUCH,2023-07-17,0.2006079027355623,0.0
South|GOLDEN_MALT_POUCH,2023-07-24,0.3495440729483282,0.0
South|GOLDEN_MALT_POUCH,2023-07-31,0.2006079027355623,0.0
South|GOLDEN_MALT_POUCH,2023-08-07,0.3009118541033435,0.0
South|GOLDEN_MALT_POUCH,2023-08-14,0.0,0.0
South|GOLDEN_MALT_POUCH,2023-08-21,0.3495440729483282,0.0
South|GOLDEN_MALT_POUCH,2023-08-28,0.0,0.0
South|GOLDEN_MALT_POUCH,2023-09-04,0.0,0.0
South|GOLDEN_MALT_POUCH,2023-09-11,0.0,0.0
South|GOLDEN_MALT_POUCH,2023-09-18,0.0,0.0
South|GOLDEN_MALT_POUCH,2023-09-25,0.0,0.0
South|GOLDEN_MALT_POUCH,2023-10-02,0.3009118541033435,0.0
South|GOLDEN_MALT_POUCH,2023-10-09,0.3495440729483282,0.0
South|GOLDEN_MALT_POUCH,2023-10-16,0.3495440729483282,0.0
South|GOLDEN_MALT_POUCH,2023-10-23,0.2006079027355623,0.1
South|GOLDEN_MALT_POUCH,2023-10-30,0.0,0.1
South|GOLDEN_MALT_POUCH,2023-11-06,0.3009118541033435,0.0
South|GOLDEN_MALT_POUCH,2023-11-13,0.0,0.1
South|GOLDEN_MALT_POUCH,2023-11-20,0.0,0.1
South|GOLDEN_MALT_POUCH,2023-11-27,0.0,0.1
South|GOLDEN_MALT_POUCH,2023-12-04,0.0,0.1
South|GOLDEN_MALT_POUCH,2023-12-11,0.0,0.1
South|GOLDEN_MALT_POUCH,2023-12-18,0.3495440729483282,0.1
South|GOLDEN_MALT_POUCH,2023-12-25,0.3495440729483282,0.1
South|HAPPY_BUTTONS_PEG,2021-01-04,0.0,0.1
South|HAPPY_BUTTONS_PEG,2021-01-11,0.0,0.1
South|HAPPY_BUTTONS_PEG,2021-01-18,0.0,0.1
South|HAPPY_BUTTONS_PEG,2021-01-25,0.2005730659025788,0.1
South|HAPPY_BUTTONS_PEG,2021-02-01,0.0,0.0
South|HAPPY_BUTTONS_PEG,2021-02-08,0.1489971346704871,0.1
South|HAPPY_BUTTONS_PEG,2021-02-15,0.0,0.1
South|HAPPY_BUTTONS_PEG,2021-02-22,0.1002865329512894,0.0
South|HAPPY_BUTTONS_PEG,2021-03-01,0.0,0.0
South|HAPPY_BUTTONS_PEG,2021-03-08,0.3495702005730659,0.0
South|HAPPY_BUTTONS_PEG,2021-03-15,0.0,0.0
South|HAPPY_BUTTONS_PEG,2021-03-22,0.0,0.0
South|HAPPY_BUTTONS_PEG,2021-03-29,0.2005730659025788,0.0
South|HAPPY_BUTTONS_PEG,2021-04-05,0.0,0.1
South|HAPPY_BUTTONS_PEG,2021-04-12,0.2492836676217765,0.1
South|HAPPY_BUTTONS_PEG,2021-04-19,0.0,0.0
South|HAPPY_BUTTONS_PEG,2021-04-26,0.0,0.0
South|HAPPY_BUTTONS_PEG,2021-05-03,0.0,0.0
South|HAPPY_BUTTONS_PEG,2021-05-10,0.1489971346704871,0.0
South|HAPPY_BUTTONS_PEG,2021-05-17,0.2005730659025788,0.0
South|HAPPY_BUTTONS_PEG,2021-05-24,0.0,0.0
South|HAPPY_BUTTONS_PEG,2021-05-31,0.0,0.0
South|HAPPY_BUTTONS_PEG,2021-06-07,0.1002865329512894,0.0
South|HAPPY_BUTTONS_PEG,2021-06-14,0.0,0.0
South|HAPPY_BUTTONS_PEG,2021-06-21,0.0,0.0
South|HAPPY_BUTTONS_PEG,2021-06-28,0.0,0.0
South|HAPPY_BUTTONS_PEG,2021-07-05,0.0,0.0
South|HAPPY_BUTTONS_PEG,2021-07-12,0.0,0.0
South|HAPPY_BUTTONS_PEG,2021-07-19,0.2492836676217765,0.0
South|HAPPY_BUTTONS_PEG,2021-07-26,0.0,0.0
South|HAPPY_BUTTONS_PEG,2021-08-02,0.0,0.0
South|HAPPY_BUTTONS_PEG,2021-08-09,0.0,0.0
South|HAPPY_BUTTONS_PEG,2021-08-16,0.0,0.0
South|HAPPY_BUTTONS_PEG,2021-08-23,0.0,0.0
South|HAPPY_BUTTONS_PEG,2021-08-30,0.3008595988538682,0.0
South|HAPPY_BUTTONS_PEG,2021-09-06,0.0,0.0
South|HAPPY_BUTTONS_PEG,2021-09-13,0.3008595988538682,0.0
South|HAPPY_BUTTONS_PEG,2021-09-20,0.0,0.0
South|HAPPY_BUTTONS_PEG,2021-09-27,0.0,0.0
South|HAPPY_BUTTONS_PEG,2021-10-04,0.2492836676217765,0.0
South|HAPPY_BUTTONS_PEG,2021-10-11,0.0,0.0
South|HAPPY_BUTTONS_PEG,2021-10-18,0.1489971346704871,0.1
South|HAPPY_BUTTONS_PEG,2021-10-25,0.0,0.1
South|HAPPY_BUTTONS_PEG,2021-11-01,0.0,0.0
South|HAPPY_BUTTONS_PEG,2021-11-08,0.0,0.0
South|HAPPY_BUTTONS_PEG,2021-11-15,0.0,0.0
South|HAPPY_BUTTONS_PEG,2021-11-22,0.0,0.0
South|HAPPY_BUTTONS_PEG,2021-11-29,0.2492836676217765,0.1
South|HAPPY_BUTTONS_PEG,2021-12-06,0.0,0.1
South|HAPPY_BUTTONS_PEG,2021-12-13,0.0,0.1
South|HAPPY_BUTTONS_PEG,2021-12-20,0.0,0.1
South|HAPPY_BUTTONS_PEG,2021-12-27,0.0,0.1
South|HAPPY_BUTTONS_PEG,2022-01-03,0.0,0.0
South|HAPPY_BUTTONS_PEG,2022-01-10,0.0,0.0
South|HAPPY_BUTTONS_PEG,2022-01-17,0.0,0.0
South|HAPPY_BUTTONS_PEG,2022-01-24,0.1002865329512894,0.0
South|HAPPY_BUTTONS_PEG,2022-01-31,0.3495702005730659,0.0
South|HAPPY_BUTTONS_PEG,2022-02-07,0.0,0.1
South|HAPPY_BUTTONS_PEG,2022-02-14,0.0,0.1
South|HAPPY_BUTTONS_PEG,2022-02-21,0.0,0.1
South|HAPPY_BUTTONS_PEG,2022-02-28,0.0,0.0
South|HAPPY_BUTTONS_PEG,2022-03-07,0.0,0.0
South|HAPPY_BUTTONS_PEG,2022-03-14,0.0,0.0
South|HAPPY_BUTTONS_PEG,2022-03-21,0.0,0.0
South|HAPPY_BUTTONS_PEG,2022-03-28,0.0,0.0
South|HAPPY_BUTTONS_PEG,2022-04-04,0.0,0.1
South|HAPPY_BUTTONS_PEG,2022-04-11,0.0,0.1
South|HAPPY_BUTTONS_PEG,2022-04-18,0.0,0.1
South|HAPPY_BUTTONS_PEG,2022-04-25,0.0,0.0
South|HAPPY_BUTTONS_PEG,2022-05-02,0.0,0.0
South|HAPPY_BUTTONS_PEG,2022-05-09,0.0,0.0
South|HAPPY_BUTTONS_PEG,2022-05-16,0.2492836676217765,0.0
South|HAPPY_BUTTONS_PEG,2022-05-23,0.1489971346704871,0.0
South|HAPPY_BUTTONS_PEG,2022-05-30,0.0,0.0
South|HAPPY_BUTTONS_PEG,2022-06-06,0.0,0.0
South|HAPPY_BUTTONS_PEG,2022-06-13,0.0,0.0
South|HAPPY_BUTTONS_PEG,2022-06-20,0.0,0.0
South|HAPPY_BUTTONS_PEG,2022-06-27,0.3008595988538682,0.0
South|HAPPY_BUTTONS_PEG,2022-07-04,0.0,0.0
South|HAPPY_BUTTONS_PEG,2022-07-11,0.1002865329512894,0.0
South|HAPPY_BUTTONS_PEG,2022-07-18,0.3008595988538682,0.0
South|HAPPY_BUTTONS_PEG,2022-07-25,0.0,0.0
South|HAPPY_BUTTONS_PEG,2022-08-01,0.0,0.0
South|HAPPY_BUTTONS_PEG,2022-08-08,0.3495702005730659,0.0
South|HAPPY_BUTTONS_PEG,2022-08-15,0.2005730659025788,0.0
South|HAPPY_BUTTONS_PEG,2022-08-22,0.1489971346704871,0.0
South|HAPPY_BUTTONS_PEG,2022-08-29,0.2005730659025788,0.0
South|HAPPY_BUTTONS_PEG,2022-09-05,0.0,0.0
South|HAPPY_BUTTONS_PEG,2022-09-12,0.0,0.0
South|HAPPY_BUTTONS_PEG,2022-09-19,0.0,0.0
South|HAPPY_BUTTONS_PEG,2022-09-26,0.0,0.0
South|HAPPY_BUTTONS_PEG,2022-10-03,0.0,0.0
South|HAPPY_BUTTONS_PEG,2022-10-10,0.0,0.0
South|HAPPY_BUTTONS_PEG,2022-10-17,0.0,0.0
South|HAPPY_BUTTONS_PEG,2022-10-24,0.0,0.1
South|HAPPY_BUTTONS_PEG,2022-10-31,0.1489971346704871,0.1
South|HAPPY_BUTTONS_PEG,2022-11-07,0.0,0.0
South|HAPPY_BUTTONS_PEG,2022-11-14,0.0,0.1
South|HAPPY_BUTTONS_PEG,2022-11-21,0.0,0.1
South|HAPPY_BUTTONS_PEG,2022-11-28,0.3495702005730659,0.1
South|HAPPY_BUTTONS_PEG,2022-12-05,0.3495702005730659,0.1
South|HAPPY_BUTTONS_PEG,2022-12-12,0.0,0.1
South|HAPPY_BUTTONS_PEG,2022-12-19,0.0,0.1
South|HAPPY_BUTTONS_PEG,2022-12-26,0.0,0.1
South|HAPPY_BUTTONS_PEG,2023-01-02,0.3008595988538682,0.1
South|HAPPY_BUTTONS_PEG,2023-01-09,0.1002865329512894,0.0
South|HAPPY_BUTTONS_PEG,2023-01-16,0.0,0.0
South|HAPPY_BUTTONS_PEG,2023-01-23,0.0,0.1
South|HAPPY_BUTTONS_PEG,2023-01-30,0.0,0.1
South|HAPPY_BUTTONS_PEG,2023-02-06,0.3008595988538682,0.1
South|HAPPY_BUTTONS_PEG,2023-02-13,0.2492836676217765,0.1
South|HAPPY_BUTTONS_PEG,2023-02-20,0.0,0.1
South|HAPPY_BUTTONS_PEG,2023-02-27,0.1489971346704871,0.1
South|HAPPY_BUTTONS_PEG,2023-03-06,0.1002865329512894,0.1
South|HAPPY_BUTTONS_PEG,2023-03-13,0.0,0.0
South|HAPPY_BUTTONS_PEG,2023-03-20,0.3008595988538682,0.0
South|HAPPY_BUTTONS_PEG,2023-03-27,0.0,0.0
South|HAPPY_BUTTONS_PEG,2023-04-03,0.0,0.1
South|HAPPY_BUTTONS_PEG,2023-04-10,0.1489971346704871,0.1
South|HAPPY_BUTTONS_PEG,2023-04-17,0.0,0.1
South|HAPPY_BUTTONS_PEG,2023-04-24,0.0,0.0
South|HAPPY_BUTTONS_PEG,2023-05-01,0.0,0.0
South|HAPPY_BUTTONS_PEG,2023-05-08,0.3008595988538682,0.0
South|HAPPY_BUTTONS_PEG,2023-05-15,0.2005730659025788,0.0
South|HAPPY_BUTTONS_PEG,2023-05-22,0.0,0.0
South|HAPPY_BUTTONS_PEG,2023-05-29,0.0,0.0
South|HAPPY_BUTTONS_PEG,2023-06-05,0.0,0.0
South|HAPPY_BUTTONS_PEG,2023-06-12,0.1002865329512894,0.0
South|HAPPY_BUTTONS_PEG,2023-06-19,0.0,0.0
South|HAPPY_BUTTONS_PEG,2023-06-26,0.0,0.0
South|HAPPY_BUTTONS_PEG,2023-07-03,0.0,0.0
South|HAPPY_BUTTONS_PEG,2023-07-10,0.0,0.0
South|HAPPY_BUTTONS_PEG,2023-07-17,0.1002865329512894,0.0
South|HAPPY_BUTTONS_PEG,2023-07-24,0.0,0.0
South|HAPPY_BUTTONS_PEG,2023-07-31,0.2005730659025788,0.0
South|HAPPY_BUTTONS_PEG,2023-08-07,0.0,0.0
South|HAPPY_BUTTONS_PEG,2023-08-14,0.3495702005730659,0.0
South|HAPPY_BUTTONS_PEG,2023-08-21,0.0,0.0
South|HAPPY_BUTTONS_PEG,2023-08-28,0.0,0.0
South|HAPPY_BUTTONS_PEG,2023-09-04,0.1489971346704871,0.0
South|HAPPY_BUTTONS_PEG,2023-09-11,0.1489971346704871,0.0
South|HAPPY_BUTTONS_PEG,2023-09-18,0.0,0.0
South|HAPPY_BUTTONS_PEG,2023-09-25,0.0,0.0
South|HAPPY_BUTTONS_PEG,2023-10-02,0.0,0.0
South|HAPPY_BUTTONS_PEG,2023-10-09,0.0,0.0
South|HAPPY_BUTTONS_PEG,2023-10-16,0.0,0.1
South|HAPPY_BUTTONS_PEG,2023-10-23,0.1489971346704871,0.1
South|HAPPY_BUTTONS_PEG,2023-10-30,0.3495702005730659,0.1
South|HAPPY_BUTTONS_PEG,2023-11-06,0.1002865329512894,0.0
South|HAPPY_BUTTONS_PEG,2023-11-13,0.3495702005730659,0.1
South|HAPPY_BUTTONS_PEG,2023-11-20,0.2005730659025788,0.1
South|HAPPY_BUTTONS_PEG,2023-11-27,0.0,0.1
South|HAPPY_BUTTONS_PEG,2023-12-04,0.0,0.1
South|HAPPY_BUTTONS_PEG,2023-12-11,0.0,0.1
South|HAPPY_BUTTONS_PEG,2023-12-18,0.0,0.1
South|HAPPY_BUTTONS_PEG,2023-12-25,0.2492836676217765,0.1
South|ICE_BREEZE_GUM,2021-01-04,0.0,0.0
South|ICE_BREEZE_GUM,2021-01-11,0.3016759776536313,0.0
South|ICE_BREEZE_GUM,2021-01-18,0.2513966480446927,0.0
South|ICE_BREEZE_GUM,2021-01-25,0.0,0.0
South|ICE_BREEZE_GUM,2021-02-01,0.0,0.0
South|ICE_BREEZE_GUM,2021-02-08,0.0,0.1
South|ICE_BREEZE_GUM,2021-02-15,0.3519553072625699,0.1
South|ICE_BREEZE_GUM,2021-02-22,0.0,0.0
South|ICE_BREEZE_GUM,2021-03-01,0.0,0.0
South|ICE_BREEZE_GUM,2021-03-08,0.1508379888268156,0.0
South|ICE_BREEZE_GUM,2021-03-15,0.0,0.0
South|ICE_BREEZE_GUM,2021-03-22,0.0,0.0
South|ICE_BREEZE_GUM,2021-03-29,0.0,0.0
South|ICE_BREEZE_GUM,2021-04-05,0.0,0.1
South|ICE_BREEZE_GUM,2021-04-12,0.0,0.1
South|ICE_BREEZE_GUM,2021-04-19,0.0,0.0
South|ICE_BREEZE_GUM,2021-04-26,0.0,0.0
South|ICE_BREEZE_GUM,2021-05-03,0.0,0.0
South|ICE_BREEZE_GUM,2021-05-10,0.1508379888268156,0.0
South|ICE_BREEZE_GUM,2021-05-17,0.2513966480446927,0.0
South|ICE_BREEZE_GUM,2021-05-24,0.2513966480446927,0.0
South|ICE_BREEZE_GUM,2021-05-31,0.0,0.0
South|ICE_BREEZE_GUM,2021-06-07,0.2513966480446927,0.0
South|ICE_BREEZE_GUM,2021-06-14,0.100558659217877,0.0
South|ICE_BREEZE_GUM,2021-06-21,0.3519553072625699,0.0
South|ICE_BREEZE_GUM,2021-06-28,0.3519553072625699,0.0
South|ICE_BREEZE_GUM,2021-07-05,0.0,0.0
South|ICE_BREEZE_GUM,2021-07-12,0.3519553072625699,0.0
South|ICE_BREEZE_GUM,2021-07-19,0.3519553072625699,0.0
South|ICE_BREEZE_GUM,2021-07-26,0.0,0.0
South|ICE_BREEZE_GUM,2021-08-02,0.100558659217877,0.0
South|ICE_BREEZE_GUM,2021-08-09,0.0,0.0
South|ICE_BREEZE_GUM,2021-08-16,0.0,0.0
South|ICE_BREEZE_GUM,2021-08-23,0.0,0.0
South|ICE_BREEZE_GUM,2021-08-30,0.0,0.0
South|ICE_BREEZE_GUM,2021-09-06,0.0,0.0
South|ICE_BREEZE_GUM,2021-09-13,0.2011173184357542,0.0
South|ICE_BREEZE_GUM,2021-09-20,0.0,0.0
South|ICE_BREEZE_GUM,2021-09-27,0.0,0.0
South|ICE_BREEZE_GUM,2021-10-04,0.0,0.0
South|ICE_BREEZE_GUM,2021-10-11,0.0,0.0
South|ICE_BREEZE_GUM,2021-10-18,0.2513966480446927,0.1
South|ICE_BREEZE_GUM,2021-10-25,0.2513966480446927,0.1
South|ICE_BREEZE_GUM,2021-11-01,0.0,0.0
South|ICE_BREEZE_GUM,2021-11-08,0.0,0.0
South|ICE_BREEZE_GUM,2021-11-15,0.0,0.0
South|ICE_BREEZE_GUM,2021-11-22,0.0,0.0
South|ICE_BREEZE_GUM,2021-11-29,0.0,0.0
South|ICE_BREEZE_GUM,2021-12-06,0.0,0.0
South|ICE_BREEZE_GUM,2021-12-13,0.0,0.1
South|ICE_BREEZE_GUM,2021-12-20,0.0,0.1
South|ICE_BREEZE_GUM,2021-12-27,0.3519553072625699,0.0
South|ICE_BREEZE_GUM,2022-01-03,0.0,0.0
South|ICE_BREEZE_GUM,2022-01-10,0.0,0.0
South|ICE_BREEZE_GUM,2022-01-17,0.100558659217877,0.0
South|ICE_BREEZE_GUM,2022-01-24,0.0,0.0
South|ICE_BREEZE_GUM,2022-01-31,0.0,0.0
South|ICE_BREEZE_GUM,2022-02-07,0.1508379888268156,0.1
South|ICE_BREEZE_GUM,2022-02-14,0.0,0.1
South|ICE_BREEZE_GUM,2022-02-21,0.0,0.0
South|ICE_BREEZE_GUM,2022-02-28,0.2513966480446927,0.0
South|ICE_BREEZE_GUM,2022-03-07,0.100558659217877,0.0
South|ICE_BREEZE_GUM,2022-03-14,0.0,0.0
South|ICE_BREEZE_GUM,2022-03-21,0.0,0.1
South|ICE_BREEZE_GUM,2022-03-28,0.2011173184357542,0.1
South|ICE_BREEZE_GUM,2022-04-04,0.100558659217877,0.1
South|ICE_BREEZE_GUM,2022-04-11,0.1508379888268156,0.1
South|ICE_BREEZE_GUM,2022-04-18,0.0,0.1
South|ICE_BREEZE_GUM,2022-04-25,0.2011173184357542,0.0
South|ICE_BREEZE_GUM,2022-05-02,0.2513966480446927,0.0
South|ICE_BREEZE_GUM,2022-05-09,0.0,0.0
South|ICE_BREEZE_GUM,2022-05-16,0.0,0.0
South|ICE_BREEZE_GUM,2022-05-23,0.0,0.0
South|ICE_BREEZE_GUM,2022-05-30,0.2011173184357542,0.0
South|ICE_BREEZE_GUM,2022-06-06,0.2011173184357542,0.0
South|ICE_BREEZE_GUM,2022-06-13,0.0,0.0
South|ICE_BREEZE_GUM,2022-06-20,0.0,0.0
South|ICE_BREEZE_GUM,2022-06-27,0.2011173184357542,0.0
South|ICE_BREEZE_GUM,2022-07-04,0.0,0.0
South|ICE_BREEZE_GUM,2022-07-11,0.0,0.0
South|ICE_BREEZE_GUM,2022-07-18,0.0,0.0
South|ICE_BREEZE_GUM,2022-07-25,0.0,0.0
South|ICE_BREEZE_GUM,2022-08-01,0.0,0.0
South|ICE_BREEZE_GUM,2022-08-08,0.2513966480446927,0.0
South|ICE_BREEZE_GUM,2022-08-15,0.0,0.0
South|ICE_BREEZE_GUM,2022-08-22,0.0,0.0
South|ICE_BREEZE_GUM,2022-08-29,0.2513966480446927,0.0
South|ICE_BREEZE_GUM,2022-09-05,0.0,0.0
South|ICE_BREEZE_GUM,2022-09-12,0.0,0.0
South|ICE_BREEZE_GUM,2022-09-19,0.0,0.0
South|ICE_BREEZE_GUM,2022-09-26,0.0,0.0
South|ICE_BREEZE_GUM,2022-10-03,0.0,0.0
South|ICE_BREEZE_GUM,2022-10-10,0.0,0.0
South|ICE_BREEZE_GUM,2022-10-17,0.0,0.0
South|ICE_BREEZE_GUM,2022-10-24,0.0,0.1
South|ICE_BREEZE_GUM,2022-10-31,0.0,0.1
South|ICE_BREEZE_GUM,2022-11-07,0.2513966480446927,0.0
South|ICE_BREEZE_GUM,2022-11-14,0.1508379888268156,0.0
South|ICE_BREEZE_GUM,2022-11-21,0.1508379888268156,0.0
South|ICE_BREEZE_GUM,2022-11-28,0.0,0.0
South|ICE_BREEZE_GUM,2022-12-05,0.0,0.0
South|ICE_BREEZE_GUM,2022-12-12,0.0,0.1
South|ICE_BREEZE_GUM,2022-12-19,0.0,0.1
South|ICE_BREEZE_GUM,2022-12-26,0.0,0.1
South|ICE_BREEZE_GUM,2023-01-02,0.1508379888268156,0.0
South|ICE_BREEZE_GUM,2023-01-09,0.0,0.1
South|ICE_BREEZE_GUM,2023-01-16,0.0,0.1
South|ICE_BREEZE_GUM,2023-01-23,0.0,0.1
South|ICE_BREEZE_GUM,2023-01-30,0.0,0.1
South|ICE_BREEZE_GUM,2023-02-06,0.2513966480446927,0.1
South|ICE_BREEZE_GUM,2023-02-13,0.2513966480446927,0.1
South|ICE_BREEZE_GUM,2023-02-20,0.2513966480446927,0.1
South|ICE_BREEZE_GUM,2023-02-27,0.100558659217877,0.1
South|ICE_BREEZE_GUM,2023-03-06,0.0,0.1
South|ICE_BREEZE_GUM,2023-03-13,0.2513966480446927,0.1
South|ICE_BREEZE_GUM,2023-03-20,0.0,0.1
South|ICE_BREEZE_GUM,2023-03-27,0.3016759776536313,0.1
South|ICE_BREEZE_GUM,2023-04-03,0.0,0.1
South|ICE_BREEZE_GUM,2023-04-10,0.0,0.1
South|ICE_BREEZE_GUM,2023-04-17,0.2513966480446927,0.1
South|ICE_BREEZE_GUM,2023-04-24,0.0,0.1
South|ICE_BREEZE_GUM,2023-05-01,0.2513966480446927,0.1
South|ICE_BREEZE_GUM,2023-05-08,0.1508379888268156,0.1
South|ICE_BREEZE_GUM,2023-05-15,0.0,0.1
South|ICE_BREEZE_GUM,2023-05-22,0.0,0.1
South|ICE_BREEZE_GUM,2023-05-29,0.0,0.1
South|ICE_BREEZE_GUM,2023-06-05,0.0,0.1
South|ICE_BREEZE_GUM,2023-06-12,0.2513966480446927,0.1
South|ICE_BREEZE_GUM,2023-06-19,0.2011173184357542,0.1
South|ICE_BREEZE_GUM,2023-06-26,0.0,0.1
South|ICE_BREEZE_GUM,2023-07-03,0.0,0.0
South|ICE_BREEZE_GUM,2023-07-10,0.1508379888268156,0.0
South|ICE_BREEZE_GUM,2023-07-17,0.0,0.0
South|ICE_BREEZE_GUM,2023-07-24,0.0,0.0
South|ICE_BREEZE_GUM,2023-07-31,0.0,0.0
South|ICE_BREEZE_GUM,2023-08-07,0.0,0.0
South|ICE_BREEZE_GUM,2023-08-14,0.2513966480446927,0.0
South|ICE_BREEZE_GUM,2023-08-21,0.0,0.0
South|ICE_BREEZE_GUM,2023-08-28,0.0,0.0
South|ICE_BREEZE_GUM,2023-09-04,0.3519553072625699,0.0
South|ICE_BREEZE_GUM,2023-09-11,0.0,0.0
South|ICE_BREEZE_GUM,2023-09-18,0.3519553072625699,0.0
South|ICE_BREEZE_GUM,2023-09-25,0.0,0.0
South|ICE_BREEZE_GUM,2023-10-02,0.0,0.0
South|ICE_BREEZE_GUM,2023-10-09,0.1508379888268156,0.0
South|ICE_BREEZE_GUM,2023-10-16,0.0,0.0
South|ICE_BREEZE_GUM,2023-10-23,0.100558659217877,0.1
South|ICE_BREEZE_GUM,2023-10-30,0.0,0.1
South|ICE_BREEZE_GUM,2023-11-06,0.0,0.0
South|ICE_BREEZE_GUM,2023-11-13,0.0,0.1
South|ICE_BREEZE_GUM,2023-11-20,0.0,0.1
South|ICE_BREEZE_GUM,2023-11-27,0.0,0.1
South|ICE_BREEZE_GUM,2023-12-04,0.0,0.1
South|ICE_BREEZE_GUM,2023-12-11,0.0,0.1
South|ICE_BREEZE_GUM,2023-12-18,0.100558659217877,0.1
South|ICE_BREEZE_GUM,2023-12-25,0.0,0.1
South|JUICY_CHEWS_PEG,2021-01-04,0.0,0.0
South|JUICY_CHEWS_PEG,2021-01-11,0.0,0.0
South|JUICY_CHEWS_PEG,2021-01-18,0.0,0.0
South|JUICY_CHEWS_PEG,2021-01-25,0.0,0.0
South|JUICY_CHEWS_PEG,2021-02-01,0.0,0.0
South|JUICY_CHEWS_PEG,2021-02-08,0.0,0.1
South|JUICY_CHEWS_PEG,2021-02-15,0.0,0.1
South|JUICY_CHEWS_PEG,2021-02-22,0.0,0.0
South|JUICY_CHEWS_PEG,2021-03-01,0.0,0.0
South|JUICY_CHEWS_PEG,2021-03-08,0.0,0.0
South|JUICY_CHEWS_PEG,2021-03-15,0.2006269592476489,0.0
South|JUICY_CHEWS_PEG,2021-03-22,0.0,0.0
South|JUICY_CHEWS_PEG,2021-03-29,0.0,0.0
South|JUICY_CHEWS_PEG,2021-04-05,0.0,0.1
South|JUICY_CHEWS_PEG,2021-04-12,0.0,0.1
South|JUICY_CHEWS_PEG,2021-04-19,0.0,0.0
South|JUICY_CHEWS_PEG,2021-04-26,0.3009404388714733,0.0
South|JUICY_CHEWS_PEG,2021-05-03,0.0,0.0
South|JUICY_CHEWS_PEG,2021-05-10,0.3009404388714733,0.0
South|JUICY_CHEWS_PEG,2021-05-17,0.2006269592476489,0.0
South|JUICY_CHEWS_PEG,2021-05-24,0.0,0.0
South|JUICY_CHEWS_PEG,2021-05-31,0.1003134796238244,0.0
South|JUICY_CHEWS_PEG,2021-06-07,0.0,0.0
South|JUICY_CHEWS_PEG,2021-06-14,0.0,0.0
South|JUICY_CHEWS_PEG,2021-06-21,0.0,0.0
South|JUICY_CHEWS_PEG,2021-06-28,0.0,0.0
South|JUICY_CHEWS_PEG,2021-07-05,0.0,0.0
South|JUICY_CHEWS_PEG,2021-07-12,0.0,0.0
South|JUICY_CHEWS_PEG,2021-07-19,0.0,0.0
South|JUICY_CHEWS_PEG,2021-07-26,0.0,0.0
South|JUICY_CHEWS_PEG,2021-08-02,0.0,0.0
South|JUICY_CHEWS_PEG,2021-08-09,0.3510971786833856,0.0
South|JUICY_CHEWS_PEG,2021-08-16,0.0,0.0
South|JUICY_CHEWS_PEG,2021-08-23,0.0,0.0
South|JUICY_CHEWS_PEG,2021-08-30,0.0,0.0
South|JUICY_CHEWS_PEG,2021-09-06,0.0,0.0
South|JUICY_CHEWS_PEG,2021-09-13,0.0,0.0
South|JUICY_CHEWS_PEG,2021-09-20,0.3510971786833856,0.0
South|JUICY_CHEWS_PEG,2021-09-27,0.0,0.0
South|JUICY_CHEWS_PEG,2021-10-04,0.3009404388714733,0.0
South|JUICY_CHEWS_PEG,2021-10-11,0.0,0.0
South|JUICY_CHEWS_PEG,2021-10-18,0.0,0.1
South|JUICY_CHEWS_PEG,2021-10-25,0.0,0.1
South|JUICY_CHEWS_PEG,2021-11-01,0.0,0.0
South|JUICY_CHEWS_PEG,2021-11-08,0.0,0.0
South|JUICY_CHEWS_PEG,2021-11-15,0.1003134796238244,0.0
South|JUICY_CHEWS_PEG,2021-11-22,0.3009404388714733,0.0
South|JUICY_CHEWS_PEG,2021-11-29,0.1504702194357366,0.0
South|JUICY_CHEWS_PEG,2021-12-06,0.1003134796238244,0.0
South|JUICY_CHEWS_PEG,2021-12-13,0.250783699059561,0.1
South|JUICY_CHEWS_PEG,2021-12-20,0.1504702194357366,0.1
South|JUICY_CHEWS_PEG,2021-12-27,0.0,0.0
South|JUICY_CHEWS_PEG,2022-01-03,0.1504702194357366,0.0
South|JUICY_CHEWS_PEG,2022-01-10,0.0,0.0
South|JUICY_CHEWS_PEG,2022-01-17,0.0,0.0
South|JUICY_CHEWS_PEG,2022-01-24,0.0,0.0
South|JUICY_CHEWS_PEG,2022-01-31,0.3510971786833856,0.0
South|JUICY_CHEWS_PEG,2022-02-07,0.1003134796238244,0.1
South|JUICY_CHEWS_PEG,2022-02-14,0.3510971786833856,0.1
South|JUICY_CHEWS_PEG,2022-02-21,0.0,0.0
South|JUICY_CHEWS_PEG,2022-02-28,0.1003134796238244,0.0
South|JUICY_CHEWS_PEG,2022-03-07,0.3510971786833856,0.1
South|JUICY_CHEWS_PEG,2022-03-14,0.0,0.1
South|JUICY_CHEWS_PEG,2022-03-21,0.0,0.1
South|JUICY_CHEWS_PEG,2022-03-28,0.0,0.0
South|JUICY_CHEWS_PEG,2022-04-04,0.0,0.1
South|JUICY_CHEWS_PEG,2022-04-11,0.0,0.1
South|JUICY_CHEWS_PEG,2022-04-18,0.0,0.1
South|JUICY_CHEWS_PEG,2022-04-25,0.0,0.1
South|JUICY_CHEWS_PEG,2022-05-02,0.250783699059561,0.1
South|JUICY_CHEWS_PEG,2022-05-09,0.0,0.1
South|JUICY_CHEWS_PEG,2022-05-16,0.0,0.0
South|JUICY_CHEWS_PEG,2022-05-23,0.0,0.0
South|JUICY_CHEWS_PEG,2022-05-30,0.1003134796238244,0.0
South|JUICY_CHEWS_PEG,2022-06-06,0.0,0.0
South|JUICY_CHEWS_PEG,2022-06-13,0.3510971786833856,0.0
South|JUICY_CHEWS_PEG,2022-06-20,0.0,0.0
South|JUICY_CHEWS_PEG,2022-06-27,0.1504702194357366,0.0
South|JUICY_CHEWS_PEG,2022-07-04,0.0,0.0
South|JUICY_CHEWS_PEG,2022-07-11,0.0,0.0
South|JUICY_CHEWS_PEG,2022-07-18,0.2006269592476489,0.0
South|JUICY_CHEWS_PEG,2022-07-25,0.3009404388714733,0.0
South|JUICY_CHEWS_PEG,2022-08-01,0.0,0.0
South|JUICY_CHEWS_PEG,2022-08-08,0.0,0.0
South|JUICY_CHEWS_PEG,2022-08-15,0.3510971786833856,0.0
South|JUICY_CHEWS_PEG,2022-08-22,0.0,0.0
South|JUICY_CHEWS_PEG,2022-08-29,0.0,0.0
South|JUICY_CHEWS_PEG,2022-09-05,0.0,0.0
South|JUICY_CHEWS_PEG,2022-09-12,0.0,0.0
South|JUICY_CHEWS_PEG,2022-09-19,0.3009404388714733,0.0
South|JUICY_CHEWS_PEG,2022-09-26,0.2006269592476489,0.0
South|JUICY_CHEWS_PEG,2022-10-03,0.3009404388714733,0.0
South|JUICY_CHEWS_PEG,2022-10-10,0.0,0.0
South|JUICY_CHEWS_PEG,2022-10-17,0.0,0.0
South|JUICY_CHEWS_PEG,2022-10-24,0.0,0.1
South|JUICY_CHEWS_PEG,2022-10-31,0.0,0.1
South|JUICY_CHEWS_PEG,2022-11-07,0.0,0.0
South|JUICY_CHEWS_PEG,2022-11-14,0.0,0.0
South|JUICY_CHEWS_PEG,2022-11-21,0.0,0.0
South|JUICY_CHEWS_PEG,2022-11-28,0.0,0.0
South|JUICY_CHEWS_PEG,2022-12-05,0.2006269592476489,0.0
South|JUICY_CHEWS_PEG,2022-12-12,0.0,0.1
South|JUICY_CHEWS_PEG,2022-12-19,0.0,0.1
South|JUICY_CHEWS_PEG,2022-12-26,0.0,0.1
South|JUICY_CHEWS_PEG,2023-01-02,0.3009404388714733,0.0
South|JUICY_CHEWS_PEG,2023-01-09,0.3009404388714733,0.1
South|JUICY_CHEWS_PEG,2023-01-16,0.3510971786833856,0.1
South|JUICY_CHEWS_PEG,2023-01-23,0.1504702194357366,0.0
South|JUICY_CHEWS_PEG,2023-01-30,0.1003134796238244,0.0
South|JUICY_CHEWS_PEG,2023-02-06,0.250783699059561,0.1
South|JUICY_CHEWS_PEG,2023-02-13,0.0,0.1
South|JUICY_CHEWS_PEG,2023-02-20,0.0,0.0
South|JUICY_CHEWS_PEG,2023-02-27,0.0,0.1
South|JUICY_CHEWS_PEG,2023-03-06,0.0,0.1
South|JUICY_CHEWS_PEG,2023-03-13,0.0,0.1
South|JUICY_CHEWS_PEG,2023-03-20,0.2006269592476489,0.0
South|JUICY_CHEWS_PEG,2023-03-27,0.2006269592476489,0.1
South|JUICY_CHEWS_PEG,2023-04-03,0.1003134796238244,0.1
South|JUICY_CHEWS_PEG,2023-04-10,0.3009404388714733,0.1
South|JUICY_CHEWS_PEG,2023-04-17,0.0,0.1
South|JUICY_CHEWS_PEG,2023-04-24,0.0,0.1
South|JUICY_CHEWS_PEG,2023-05-01,0.0,0.0
South|JUICY_CHEWS_PEG,2023-05-08,0.0,0.0
South|JUICY_CHEWS_PEG,2023-05-15,0.0,0.1
South|JUICY_CHEWS_PEG,2023-05-22,0.1504702194357366,0.0
South|JUICY_CHEWS_PEG,2023-05-29,0.0,0.1
South|JUICY_CHEWS_PEG,2023-06-05,0.3510971786833856,0.1
South|JUICY_CHEWS_PEG,2023-06-12,0.0,0.1
South|JUICY_CHEWS_PEG,2023-06-19,0.0,0.1
South|JUICY_CHEWS_PEG,2023-06-26,0.0,0.1
South|JUICY_CHEWS_PEG,2023-07-03,0.0,0.0
South|JUICY_CHEWS_PEG,2023-07-10,0.3510971786833856,0.0
South|JUICY_CHEWS_PEG,2023-07-17,0.1504702194357366,0.0
South|JUICY_CHEWS_PEG,2023-07-24,0.0,0.0
South|JUICY_CHEWS_PEG,2023-07-31,0.0,0.0
South|JUICY_CHEWS_PEG,2023-08-07,0.3510971786833856,0.0
South|JUICY_CHEWS_PEG,2023-08-14,0.0,0.0
South|JUICY_CHEWS_PEG,2023-08-21,0.0,0.0
South|JUICY_CHEWS_PEG,2023-08-28,0.0,0.0
South|JUICY_CHEWS_PEG,2023-09-04,0.0,0.0
South|JUICY_CHEWS_PEG,2023-09-11,0.0,0.0
South|JUICY_CHEWS_PEG,2023-09-18,0.0,0.0
South|JUICY_CHEWS_PEG,2023-09-25,0.0,0.0
South|JUICY_CHEWS_PEG,2023-10-02,0.0,0.0
South|JUICY_CHEWS_PEG,2023-10-09,0.0,0.0
South|JUICY_CHEWS_PEG,2023-10-16,0.0,0.0
South|JUICY_CHEWS_PEG,2023-10-23,0.0,0.1
South|JUICY_CHEWS_PEG,2023-10-30,0.0,0.1
South|JUICY_CHEWS_PEG,2023-11-06,0.3510971786833856,0.0
South|JUICY_CHEWS_PEG,2023-11-13,0.0,0.0
South|JUICY_CHEWS_PEG,2023-11-20,0.0,0.0
South|JUICY_CHEWS_PEG,2023-11-27,0.2006269592476489,0.0
South|JUICY_CHEWS_PEG,2023-12-04,0.0,0.1
South|JUICY_CHEWS_PEG,2023-12-11,0.0,0.1
South|JUICY_CHEWS_PEG,2023-12-18,0.0,0.1
South|JUICY_CHEWS_PEG,2023-12-25,0.0,0.1
South|NUTTY_CARAMEL_SINGLE,2021-01-04,0.0,0.0
South|NUTTY_CARAMEL_SINGLE,2021-01-11,0.0,0.1
South|NUTTY_CARAMEL_SINGLE,2021-01-18,0.0,0.1
South|NUTTY_CARAMEL_SINGLE,2021-01-25,0.248062015503876,0.0
South|NUTTY_CARAMEL_SINGLE,2021-02-01,0.3488372093023256,0.0
South|NUTTY_CARAMEL_SINGLE,2021-02-08,0.0,0.1
South|NUTTY_CARAMEL_SINGLE,2021-02-15,0.0,0.0
South|NUTTY_CARAMEL_SINGLE,2021-02-22,0.1007751937984497,0.0
South|NUTTY_CARAMEL_SINGLE,2021-03-01,0.3023255813953488,0.0
South|NUTTY_CARAMEL_SINGLE,2021-03-08,0.0,0.0
South|NUTTY_CARAMEL_SINGLE,2021-03-15,0.248062015503876,0.0
South|NUTTY_CARAMEL_SINGLE,2021-03-22,0.248062015503876,0.0
South|NUTTY_CARAMEL_SINGLE,2021-03-29,0.0,0.0
South|NUTTY_CARAMEL_SINGLE,2021-04-05,0.0,0.1
South|NUTTY_CARAMEL_SINGLE,2021-04-12,0.0,0.1
South|NUTTY_CARAMEL_SINGLE,2021-04-19,0.0,0.0
South|NUTTY_CARAMEL_SINGLE,2021-04-26,0.0,0.0
South|NUTTY_CARAMEL_SINGLE,2021-05-03,0.0,0.0
South|NUTTY_CARAMEL_SINGLE,2021-05-10,0.0,0.0
South|NUTTY_CARAMEL_SINGLE,2021-05-17,0.0,0.0
South|NUTTY_CARAMEL_SINGLE,2021-05-24,0.0,0.0
South|NUTTY_CARAMEL_SINGLE,2021-05-31,0.2015503875968992,0.0
South|NUTTY_CARAMEL_SINGLE,2021-06-07,0.0,0.0
South|NUTTY_CARAMEL_SINGLE,2021-06-14,0.0,0.0
South|NUTTY_CARAMEL_SINGLE,2021-06-21,0.0,0.0
South|NUTTY_CARAMEL_SINGLE,2021-06-28,0.3488372093023256,0.0
South|NUTTY_CARAMEL_SINGLE,2021-07-05,0.0,0.0
South|NUTTY_CARAMEL_SINGLE,2021-07-12,0.0,0.0
South|NUTTY_CARAMEL_SINGLE,2021-07-19,0.0,0.0
South|NUTTY_CARAMEL_SINGLE,2021-07-26,0.0,0.0
South|NUTTY_CARAMEL_SINGLE,2021-08-02,0.0,0.0
South|NUTTY_CARAMEL_SINGLE,2021-08-09,0.1007751937984497,0.0
South|NUTTY_CARAMEL_SINGLE,2021-08-16,0.2015503875968992,0.0
South|NUTTY_CARAMEL_SINGLE,2021-08-23,0.3023255813953488,0.0
South|NUTTY_CARAMEL_SINGLE,2021-08-30,0.0,0.0
South|NUTTY_CARAMEL_SINGLE,2021-09-06,0.0,0.0
South|NUTTY_CARAMEL_SINGLE,2021-09-13,0.0,0.0
South|NUTTY_CARAMEL_SINGLE,2021-09-20,0.0,0.0
South|NUTTY_CARAMEL_SINGLE,2021-09-27,0.0,0.0
South|NUTTY_CARAMEL_SINGLE,2021-10-04,0.0,0.0
South|NUTTY_CARAMEL_SINGLE,2021-10-11,0.0,0.0
South|NUTTY_CARAMEL_SINGLE,2021-10-18,0.0,0.1
South|NUTTY_CARAMEL_SINGLE,2021-10-25,0.3023255813953488,0.1
South|NUTTY_CARAMEL_SINGLE,2021-11-01,0.0,0.0
South|NUTTY_CARAMEL_SINGLE,2021-11-08,0.1472868217054263,0.0
South|NUTTY_CARAMEL_SINGLE,2021-11-15,0.0,0.0
South|NUTTY_CARAMEL_SINGLE,2021-11-22,0.0,0.1
South|NUTTY_CARAMEL_SINGLE,2021-11-29,0.0,0.1
South|NUTTY_CARAMEL_SINGLE,2021-12-06,0.0,0.1
South|NUTTY_CARAMEL_SINGLE,2021-12-13,0.1007751937984497,0.1
South|NUTTY_CARAMEL_SINGLE,2021-12-20,0.2015503875968992,0.1
South|NUTTY_CARAMEL_SINGLE,2021-12-27,0.0,0.1
South|NUTTY_CARAMEL_SINGLE,2022-01-03,0.0,0.1
South|NUTTY_CARAMEL_SINGLE,2022-01-10,0.0,0.0
South|NUTTY_CARAMEL_SINGLE,2022-01-17,0.1007751937984497,0.1
South|NUTTY_CARAMEL_SINGLE,2022-01-24,0.0,0.1
South|NUTTY_CARAMEL_SINGLE,2022-01-31,0.0,0.0
South|NUTTY_CARAMEL_SINGLE,2022-02-07,0.248062015503876,0.1
South|NUTTY_CARAMEL_SINGLE,2022-02-14,0.248062015503876,0.1
South|NUTTY_CARAMEL_SINGLE,2022-02-21,0.0,0.0
South|NUTTY_CARAMEL_SINGLE,2022-02-28,0.0,0.0
South|NUTTY_CARAMEL_SINGLE,2022-03-07,0.0,0.0
South|NUTTY_CARAMEL_SINGLE,2022-03-14,0.3023255813953488,0.0
South|NUTTY_CARAMEL_SINGLE,2022-03-21,0.248062015503876,0.0
South|NUTTY_CARAMEL_SINGLE,2022-03-28,0.248062015503876,0.0
South|NUTTY_CARAMEL_SINGLE,2022-04-04,0.0,0.1
South|NUTTY_CARAMEL_SINGLE,2022-04-11,0.0,0.1
South|NUTTY_CARAMEL_SINGLE,2022-04-18,0.2015503875968992,0.1
South|NUTTY_CARAMEL_SINGLE,2022-04-25,0.0,0.0
South|NUTTY_CARAMEL_SINGLE,2022-05-02,0.0,0.0
South|NUTTY_CARAMEL_SINGLE,2022-05-09,0.2015503875968992,0.0
South|NUTTY_CARAMEL_SINGLE,2022-05-16,0.0,0.0
South|NUTTY_CARAMEL_SINGLE,2022-05-23,0.0,0.0
South|NUTTY_CARAMEL_SINGLE,2022-05-30,0.0,0.0
South|NUTTY_CARAMEL_SINGLE,2022-06-06,0.1472868217054263,0.0
South|NUTTY_CARAMEL_SINGLE,2022-06-13,0.0,0.0
South|NUTTY_CARAMEL_SINGLE,2022-06-20,0.3023255813953488,0.0
South|NUTTY_CARAMEL_SINGLE,2022-06-27,0.3023255813953488,0.0
South|NUTTY_CARAMEL_SINGLE,2022-07-04,0.0,0.0
South|NUTTY_CARAMEL_SINGLE,2022-07-11,0.0,0.0
South|NUTTY_CARAMEL_SINGLE,2022-07-18,0.0,0.0
South|NUTTY_CARAMEL_SINGLE,2022-07-25,0.3488372093023256,0.0
South|NUTTY_CARAMEL_SINGLE,2022-08-01,0.1472868217054263,0.0
South|NUTTY_CARAMEL_SINGLE,2022-08-08,0.0,0.0
South|NUTTY_CARAMEL_SINGLE,2022-08-15,0.0,0.0
South|NUTTY_CARAMEL_SINGLE,2022-08-22,0.0,0.0
South|NUTTY_CARAMEL_SINGLE,2022-08-29,0.0,0.0
South|NUTTY_CARAMEL_SINGLE,2022-09-05,0.0,0.0
South|NUTTY_CARAMEL_SINGLE,2022-09-12,0.0,0.0
South|NUTTY_CARAMEL_SINGLE,2022-09-19,0.1472868217054263,0.0
South|NUTTY_CARAMEL_SINGLE,2022-09-26,0.0,0.0
South|NUTTY_CARAMEL_SINGLE,2022-10-03,0.1472868217054263,0.0
South|NUTTY_CARAMEL_SINGLE,2022-10-10,0.0,0.0
South|NUTTY_CARAMEL_SINGLE,2022-10-17,0.0,0.0
South|NUTTY_CARAMEL_SINGLE,2022-10-24,0.0,0.1
South|NUTTY_CARAMEL_SINGLE,2022-10-31,0.0,0.1
South|NUTTY_CARAMEL_SINGLE,2022-11-07,0.0,0.1
South|NUTTY_CARAMEL_SINGLE,2022-11-14,0.0,0.0
South|NUTTY_CARAMEL_SINGLE,2022-11-21,0.0,0.1
South|NUTTY_CARAMEL_SINGLE,2022-11-28,0.0,0.0
South|NUTTY_CARAMEL_SINGLE,2022-12-05,0.0,0.0
South|NUTTY_CARAMEL_SINGLE,2022-12-12,0.0,0.1
South|NUTTY_CARAMEL_SINGLE,2022-12-19,0.0,0.1
South|NUTTY_CARAMEL_SINGLE,2022-12-26,0.0,0.1
South|NUTTY_CARAMEL_SINGLE,2023-01-02,0.0,0.1
South|NUTTY_CARAMEL_SINGLE,2023-01-09,0.0,0.1
South|NUTTY_CARAMEL_SINGLE,2023-01-16,0.248062015503876,0.0
South|NUTTY_CARAMEL_SINGLE,2023-01-23,0.2015503875968992,0.0
South|NUTTY_CARAMEL_SINGLE,2023-01-30,0.0,0.0
South|NUTTY_CARAMEL_SINGLE,2023-02-06,0.0,0.1
South|NUTTY_CARAMEL_SINGLE,2023-02-13,0.0,0.1
South|NUTTY_CARAMEL_SINGLE,2023-02-20,0.0,0.0
South|NUTTY_CARAMEL_SINGLE,2023-02-27,0.0,0.1
South|NUTTY_CARAMEL_SINGLE,2023-03-06,0.0,0.0
South|NUTTY_CARAMEL_SINGLE,2023-03-13,0.248062015503876,0.0
South|NUTTY_CARAMEL_SINGLE,2023-03-20,0.1007751937984497,0.0
South|NUTTY_CARAMEL_SINGLE,2023-03-27,0.0,0.0
South|NUTTY_CARAMEL_SINGLE,2023-04-03,0.0,0.1
South|NUTTY_CARAMEL_SINGLE,2023-04-10,0.0,0.1
South|NUTTY_CARAMEL_SINGLE,2023-04-17,0.0,0.1
South|NUTTY_CARAMEL_SINGLE,2023-04-24,0.0,0.0
South|NUTTY_CARAMEL_SINGLE,2023-05-01,0.3023255813953488,0.0
South|NUTTY_CARAMEL_SINGLE,2023-05-08,0.0,0.0
South|NUTTY_CARAMEL_SINGLE,2023-05-15,0.248062015503876,0.0
South|NUTTY_CARAMEL_SINGLE,2023-05-22,0.0,0.0
South|NUTTY_CARAMEL_SINGLE,2023-05-29,0.3488372093023256,0.0
South|NUTTY_CARAMEL_SINGLE,2023-06-05,0.0,0.0
South|NUTTY_CARAMEL_SINGLE,2023-06-12,0.0,0.0
South|NUTTY_CARAMEL_SINGLE,2023-06-19,0.0,0.0
South|NUTTY_CARAMEL_SINGLE,2023-06-26,0.248062015503876,0.0
South|NUTTY_CARAMEL_SINGLE,2023-07-03,0.2015503875968992,0.0
South|NUTTY_CARAMEL_SINGLE,2023-07-10,0.0,0.0
South|NUTTY_CARAMEL_SINGLE,2023-07-17,0.1472868217054263,0.0
South|NUTTY_CARAMEL_SINGLE,2023-07-24,0.0,0.0
South|NUTTY_CARAMEL_SINGLE,2023-07-31,0.0,0.0
South|NUTTY_CARAMEL_SINGLE,2023-08-07,0.248062015503876,0.0
South|NUTTY_CARAMEL_SINGLE,2023-08-14,0.3023255813953488,0.0
South|NUTTY_CARAMEL_SINGLE,2023-08-21,0.0,0.0
South|NUTTY_CARAMEL_SINGLE,2023-08-28,0.0,0.0
South|NUTTY_CARAMEL_SINGLE,2023-09-04,0.0,0.0
South|NUTTY_CARAMEL_SINGLE,2023-09-11,0.0,0.0
South|NUTTY_CARAMEL_SINGLE,2023-09-18,0.0,0.0
South|NUTTY_CARAMEL_SINGLE,2023-09-25,0.0,0.0
South|NUTTY_CARAMEL_SINGLE,2023-10-02,0.0,0.1
South|NUTTY_CARAMEL_SINGLE,2023-10-09,0.3488372093023256,0.1
South|NUTTY_CARAMEL_SINGLE,2023-10-16,0.0,0.0
South|NUTTY_CARAMEL_SINGLE,2023-10-23,0.0,0.1
South|NUTTY_CARAMEL_SINGLE,2023-10-30,0.3488372093023256,0.1
South|NUTTY_CARAMEL_SINGLE,2023-11-06,0.0,0.1
South|NUTTY_CARAMEL_SINGLE,2023-11-13,0.3023255813953488,0.1
South|NUTTY_CARAMEL_SINGLE,2023-11-20,0.1007751937984497,0.1
South|NUTTY_CARAMEL_SINGLE,2023-11-27,0.0,0.0
South|NUTTY_CARAMEL_SINGLE,2023-12-04,0.0,0.1
South|NUTTY_CARAMEL_SINGLE,2023-12-11,0.1472868217054263,0.1
South|NUTTY_CARAMEL_SINGLE,2023-12-18,0.0,0.1
South|NUTTY_CARAMEL_SINGLE,2023-12-25,0.0,0.1
South|TOFFEE_BISCUIT_SINGLE,2021-01-04,0.1007751937984497,0.0
South|TOFFEE_BISCUIT_SINGLE,2021-01-11,0.0,0.0
South|TOFFEE_BISCUIT_SINGLE,2021-01-18,0.0,0.0
South|TOFFEE_BISCUIT_SINGLE,2021-01-25,0.0,0.0
South|TOFFEE_BISCUIT_SINGLE,2021-02-01,0.0,0.0
South|TOFFEE_BISCUIT_SINGLE,2021-02-08,0.0,0.1
South|TOFFEE_BISCUIT_SINGLE,2021-02-15,0.3023255813953488,0.1
South|TOFFEE_BISCUIT_SINGLE,2021-02-22,0.0,0.0
South|TOFFEE_BISCUIT_SINGLE,2021-03-01,0.0,0.0
South|TOFFEE_BISCUIT_SINGLE,2021-03-08,0.0,0.0
South|TOFFEE_BISCUIT_SINGLE,2021-03-15,0.0,0.0
South|TOFFEE_BISCUIT_SINGLE,2021-03-22,0.0,0.0
South|TOFFEE_BISCUIT_SINGLE,2021-03-29,0.1007751937984497,0.0
South|TOFFEE_BISCUIT_SINGLE,2021-04-05,0.0,0.1
South|TOFFEE_BISCUIT_SINGLE,2021-04-12,0.2015503875968992,0.1
South|TOFFEE_BISCUIT_SINGLE,2021-04-19,0.0,0.0
South|TOFFEE_BISCUIT_SINGLE,2021-04-26,0.0,0.0
South|TOFFEE_BISCUIT_SINGLE,2021-05-03,0.3488372093023256,0.0
South|TOFFEE_BISCUIT_SINGLE,2021-05-10,0.0,0.0
South|TOFFEE_BISCUIT_SINGLE,2021-05-17,0.0,0.0
South|TOFFEE_BISCUIT_SINGLE,2021-05-24,0.2015503875968992,0.0
South|TOFFEE_BISCUIT_SINGLE,2021-05-31,0.0,0.0
South|TOFFEE_BISCUIT_SINGLE,2021-06-07,0.1472868217054263,0.0
South|TOFFEE_BISCUIT_SINGLE,2021-06-14,0.0,0.0
South|TOFFEE_BISCUIT_SINGLE,2021-06-21,0.0,0.0
South|TOFFEE_BISCUIT_SINGLE,2021-06-28,0.3023255813953488,0.0
South|TOFFEE_BISCUIT_SINGLE,2021-07-05,0.0,0.0
South|TOFFEE_BISCUIT_SINGLE,2021-07-12,0.0,0.0
South|TOFFEE_BISCUIT_SINGLE,2021-07-19,0.0,0.0
South|TOFFEE_BISCUIT_SINGLE,2021-07-26,0.0,0.0
South|TOFFEE_BISCUIT_SINGLE,2021-08-02,0.0,0.0
South|TOFFEE_BISCUIT_SINGLE,2021-08-09,0.0,0.0
South|TOFFEE_BISCUIT_SINGLE,2021-08-16,0.3488372093023256,0.0
South|TOFFEE_BISCUIT_SINGLE,2021-08-23,0.3023255813953488,0.0
South|TOFFEE_BISCUIT_SINGLE,2021-08-30,0.0,0.0
South|TOFFEE_BISCUIT_SINGLE,2021-09-06,0.3023255813953488,0.0
South|TOFFEE_BISCUIT_SINGLE,2021-09-13,0.0,0.0
South|TOFFEE_BISCUIT_SINGLE,2021-09-20,0.0,0.0
South|TOFFEE_BISCUIT_SINGLE,2021-09-27,0.1007751937984497,0.0
South|TOFFEE_BISCUIT_SINGLE,2021-10-04,0.1472868217054263,0.0
South|TOFFEE_BISCUIT_SINGLE,2021-10-11,0.3023255813953488,0.0
South|TOFFEE_BISCUIT_SINGLE,2021-10-18,0.0,0.1
South|TOFFEE_BISCUIT_SINGLE,2021-10-25,0.0,0.1
South|TOFFEE_BISCUIT_SINGLE,2021-11-01,0.248062015503876,0.0
South|TOFFEE_BISCUIT_SINGLE,2021-11-08,0.3023255813953488,0.0
South|TOFFEE_BISCUIT_SINGLE,2021-11-15,0.1472868217054263,0.0
South|TOFFEE_BISCUIT_SINGLE,2021-11-22,0.0,0.0
South|TOFFEE_BISCUIT_SINGLE,2021-11-29,0.0,0.1
South|TOFFEE_BISCUIT_SINGLE,2021-12-06,0.0,0.1
South|TOFFEE_BISCUIT_SINGLE,2021-12-13,0.0,0.1
South|TOFFEE_BISCUIT_SINGLE,2021-12-20,0.0,0.1
South|TOFFEE_BISCUIT_SINGLE,2021-12-27,0.0,0.0
South|TOFFEE_BISCUIT_SINGLE,2022-01-03,0.0,0.1
South|TOFFEE_BISCUIT_SINGLE,2022-01-10,0.3488372093023256,0.1
South|TOFFEE_BISCUIT_SINGLE,2022-01-17,0.0,0.0
South|TOFFEE_BISCUIT_SINGLE,2022-01-24,0.0,0.0
South|TOFFEE_BISCUIT_SINGLE,2022-01-31,0.1007751937984497,0.1
South|TOFFEE_BISCUIT_SINGLE,2022-02-07,0.0,0.1
South|TOFFEE_BISCUIT_SINGLE,2022-02-14,0.0,0.1
South|TOFFEE_BISCUIT_SINGLE,2022-02-21,0.0,0.0
South|TOFFEE_BISCUIT_SINGLE,2022-02-28,0.2015503875968992,0.0
South|TOFFEE_BISCUIT_SINGLE,2022-03-07,0.0,0.0
South|TOFFEE_BISCUIT_SINGLE,2022-03-14,0.0,0.0
South|TOFFEE_BISCUIT_SINGLE,2022-03-21,0.0,0.0
South|TOFFEE_BISCUIT_SINGLE,2022-03-28,0.3488372093023256,0.0
South|TOFFEE_BISCUIT_SINGLE,2022-04-04,0.0,0.1
South|TOFFEE_BISCUIT_SINGLE,2022-04-11,0.0,0.1
South|TOFFEE_BISCUIT_SINGLE,2022-04-18,0.0,0.1
South|TOFFEE_BISCUIT_SINGLE,2022-04-25,0.0,0.0
South|TOFFEE_BISCUIT_SINGLE,2022-05-02,0.1007751937984497,0.0
South|TOFFEE_BISCUIT_SINGLE,2022-05-09,0.0,0.0
South|TOFFEE_BISCUIT_SINGLE,2022-05-16,0.0,0.0
South|TOFFEE_BISCUIT_SINGLE,2022-05-23,0.0,0.0
South|TOFFEE_BISCUIT_SINGLE,2022-05-30,0.0,0.0
South|TOFFEE_BISCUIT_SINGLE,2022-06-06,0.0,0.0
South|TOFFEE_BISCUIT_SINGLE,2022-06-13,0.0,0.0
South|TOFFEE_BISCUIT_SINGLE,2022-06-20,0.0,0.0
South|TOFFEE_BISCUIT_SINGLE,2022-06-27,0.0,0.0
South|TOFFEE_BISCUIT_SINGLE,2022-07-04,0.0,0.0
South|TOFFEE_BISCUIT_SINGLE,2022-07-11,0.3023255813953488,0.0
South|TOFFEE_BISCUIT_SINGLE,2022-07-18,0.3488372093023256,0.0
South|TOFFEE_BISCUIT_SINGLE,2022-07-25,0.0,0.0
South|TOFFEE_BISCUIT_SINGLE,2022-08-01,0.0,0.0
South|TOFFEE_BISCUIT_SINGLE,2022-08-08,0.248062015503876,0.0
South|TOFFEE_BISCUIT_SINGLE,2022-08-15,0.0,0.0
South|TOFFEE_BISCUIT_SINGLE,2022-08-22,0.1472868217054263,0.0
South|TOFFEE_BISCUIT_SINGLE,2022-08-29,0.1007751937984497,0.0
South|TOFFEE_BISCUIT_SINGLE,2022-09-05,0.0,0.0
South|TOFFEE_BISCUIT_SINGLE,2022-09-12,0.0,0.0
South|TOFFEE_BISCUIT_SINGLE,2022-09-19,0.0,0.0
South|TOFFEE_BISCUIT_SINGLE,2022-09-26,0.0,0.0
South|TOFFEE_BISCUIT_SINGLE,2022-10-03,0.3488372093023256,0.0
South|TOFFEE_BISCUIT_SINGLE,2022-10-10,0.0,0.0
South|TOFFEE_BISCUIT_SINGLE,2022-10-17,0.0,0.0
South|TOFFEE_BISCUIT_SINGLE,2022-10-24,0.0,0.1
South|TOFFEE_BISCUIT_SINGLE,2022-10-31,0.0,0.1
South|TOFFEE_BISCUIT_SINGLE,2022-11-07,0.0,0.1
South|TOFFEE_BISCUIT_SINGLE,2022-11-14,0.0,0.1
South|TOFFEE_BISCUIT_SINGLE,2022-11-21,0.0,0.1
South|TOFFEE_BISCUIT_SINGLE,2022-11-28,0.3488372093023256,0.1
South|TOFFEE_BISCUIT_SINGLE,2022-12-05,0.0,0.1
South|TOFFEE_BISCUIT_SINGLE,2022-12-12,0.0,0.1
South|TOFFEE_BISCUIT_SINGLE,2022-12-19,0.248062015503876,0.1
South|TOFFEE_BISCUIT_SINGLE,2022-12-26,0.0,0.1
South|TOFFEE_BISCUIT_SINGLE,2023-01-02,0.0,0.0
South|TOFFEE_BISCUIT_SINGLE,2023-01-09,0.0,0.1
South|TOFFEE_BISCUIT_SINGLE,2023-01-16,0.2015503875968992,0.0
South|TOFFEE_BISCUIT_SINGLE,2023-01-23,0.3488372093023256,0.0
South|TOFFEE_BISCUIT_SINGLE,2023-01-30,0.0,0.1
South|TOFFEE_BISCUIT_SINGLE,2023-02-06,0.0,0.1
South|TOFFEE_BISCUIT_SINGLE,2023-02-13,0.0,0.1
South|TOFFEE_BISCUIT_SINGLE,2023-02-20,0.2015503875968992,0.1
South|TOFFEE_BISCUIT_SINGLE,2023-02-27,0.0,0.1
South|TOFFEE_BISCUIT_SINGLE,2023-03-06,0.1007751937984497,0.0
South|TOFFEE_BISCUIT_SINGLE,2023-03-13,0.1007751937984497,0.0
South|TOFFEE_BISCUIT_SINGLE,2023-03-20,0.0,0.0
South|TOFFEE_BISCUIT_SINGLE,2023-03-27,0.0,0.0
South|TOFFEE_BISCUIT_SINGLE,2023-04-03,0.0,0.1
South|TOFFEE_BISCUIT_SINGLE,2023-04-10,0.3488372093023256,0.1
South|TOFFEE_BISCUIT_SINGLE,2023-04-17,0.0,0.1
South|TOFFEE_BISCUIT_SINGLE,2023-04-24,0.0,0.0
South|TOFFEE_BISCUIT_SINGLE,2023-05-01,0.0,0.0
South|TOFFEE_BISCUIT_SINGLE,2023-05-08,0.1472868217054263,0.0
South|TOFFEE_BISCUIT_SINGLE,2023-05-15,0.248062015503876,0.0
South|TOFFEE_BISCUIT_SINGLE,2023-05-22,0.0,0.0
South|TOFFEE_BISCUIT_SINGLE,2023-05-29,0.0,0.0
South|TOFFEE_BISCUIT_SINGLE,2023-06-05,0.0,0.0
South|TOFFEE_BISCUIT_SINGLE,2023-06-12,0.0,0.0
South|TOFFEE_BISCUIT_SINGLE,2023-06-19,0.0,0.0
South|TOFFEE_BISCUIT_SINGLE,2023-06-26,0.0,0.0
South|TOFFEE_BISCUIT_SINGLE,2023-07-03,0.3488372093023256,0.0
South|TOFFEE_BISCUIT_SINGLE,2023-07-10,0.0,0.0
South|TOFFEE_BISCUIT_SINGLE,2023-07-17,0.0,0.0
South|TOFFEE_BISCUIT_SINGLE,2023-07-24,0.0,0.0
South|TOFFEE_BISCUIT_SINGLE,2023-07-31,0.1007751937984497,0.0
South|TOFFEE_BISCUIT_SINGLE,2023-08-07,0.0,0.0
South|TOFFEE_BISCUIT_SINGLE,2023-08-14,0.0,0.0
South|TOFFEE_BISCUIT_SINGLE,2023-08-21,0.3488372093023256,0.0
South|TOFFEE_BISCUIT_SINGLE,2023-08-28,0.0,0.0
South|TOFFEE_BISCUIT_SINGLE,2023-09-04,0.0,0.0
South|TOFFEE_BISCUIT_SINGLE,2023-09-11,0.2015503875968992,0.0
South|TOFFEE_BISCUIT_SINGLE,2023-09-18,0.0,0.0
South|TOFFEE_BISCUIT_SINGLE,2023-09-25,0.0,0.0
South|TOFFEE_BISCUIT_SINGLE,2023-10-02,0.0,0.0
South|TOFFEE_BISCUIT_SINGLE,2023-10-09,0.0,0.0
South|TOFFEE_BISCUIT_SINGLE,2023-10-16,0.2015503875968992,0.1
South|TOFFEE_BISCUIT_SINGLE,2023-10-23,0.0,0.1
South|TOFFEE_BISCUIT_SINGLE,2023-10-30,0.0,0.1
South|TOFFEE_BISCUIT_SINGLE,2023-11-06,0.0,0.1
South|TOFFEE_BISCUIT_SINGLE,2023-11-13,0.1007751937984497,0.0
South|TOFFEE_BISCUIT_SINGLE,2023-11-20,0.3023255813953488,0.1
South|TOFFEE_BISCUIT_SINGLE,2023-11-27,0.3488372093023256,0.1
South|TOFFEE_BISCUIT_SINGLE,2023-12-04,0.0,0.1
South|TOFFEE_BISCUIT_SINGLE,2023-12-11,0.0,0.1
South|TOFFEE_BISCUIT_SINGLE,2023-12-18,0.2015503875968992,0.1
South|TOFFEE_BISCUIT_SINGLE,2023-12-25,0.0,0.1
West|ARCTIC_MINT_GUM,2021-01-04,0.3519553072625699,0.0
West|ARCTIC_MINT_GUM,2021-01-11,0.0,0.0
West|ARCTIC_MINT_GUM,2021-01-18,0.0,0.0
West|ARCTIC_MINT_GUM,2021-01-25,0.0,0.0
West|ARCTIC_MINT_GUM,2021-02-01,0.0,0.0
West|ARCTIC_MINT_GUM,2021-02-08,0.0,0.1
West|ARCTIC_MINT_GUM,2021-02-15,0.0,0.1
West|ARCTIC_MINT_GUM,2021-02-22,0.0,0.0
West|ARCTIC_MINT_GUM,2021-03-01,0.0,0.0
West|ARCTIC_MINT_GUM,2021-03-08,0.0,0.0
West|ARCTIC_MINT_GUM,2021-03-15,0.0,0.0
West|ARCTIC_MINT_GUM,2021-03-22,0.100558659217877,0.0
West|ARCTIC_MINT_GUM,2021-03-29,0.3519553072625699,0.0
West|ARCTIC_MINT_GUM,2021-04-05,0.0,0.1
West|ARCTIC_MINT_GUM,2021-04-12,0.0,0.1
West|ARCTIC_MINT_GUM,2021-04-19,0.0,0.0
West|ARCTIC_MINT_GUM,2021-04-26,0.0,0.0
West|ARCTIC_MINT_GUM,2021-05-03,0.0,0.0
West|ARCTIC_MINT_GUM,2021-05-10,0.2011173184357542,0.0
West|ARCTIC_MINT_GUM,2021-05-17,0.100558659217877,0.0
West|ARCTIC_MINT_GUM,2021-05-24,0.3519553072625699,0.0
West|ARCTIC_MINT_GUM,2021-05-31,0.0,0.0
West|ARCTIC_MINT_GUM,2021-06-07,0.0,0.0
West|ARCTIC_MINT_GUM,2021-06-14,0.1508379888268156,0.0
West|ARCTIC_MINT_GUM,2021-06-21,0.1508379888268156,0.0
West|ARCTIC_MINT_GUM,2021-06-28,0.2513966480446927,0.0
West|ARCTIC_MINT_GUM,2021-07-05,0.0,0.0
West|ARCTIC_MINT_GUM,2021-07-12,0.0,0.0
West|ARCTIC_MINT_GUM,2021-07-19,0.0,0.0
West|ARCTIC_MINT_GUM,2021-07-26,0.0,0.0
West|ARCTIC_MINT_GUM,2021-08-02,0.2011173184357542,0.0
West|ARCTIC_MINT_GUM,2021-08-09,0.0,0.0
West|ARCTIC_MINT_GUM,2021-08-16,0.0,0.0
West|ARCTIC_MINT_GUM,2021-08-23,0.3519553072625699,0.0
West|ARCTIC_MINT_GUM,2021-08-30,0.0,0.0
West|ARCTIC_MINT_GUM,2021-09-06,0.0,0.0
West|ARCTIC_MINT_GUM,2021-09-13,0.0,0.0
West|ARCTIC_MINT_GUM,2021-09-20,0.1508379888268156,0.0
West|ARCTIC_MINT_GUM,2021-09-27,0.0,0.0
West|ARCTIC_MINT_GUM,2021-10-04,0.0,0.0
West|ARCTIC_MINT_GUM,2021-10-11,0.0,0.0
West|ARCTIC_MINT_GUM,2021-10-18,0.0,0.1
West|ARCTIC_MINT_GUM,2021-10-25,0.0,0.1
West|ARCTIC_MINT_GUM,2021-11-01,0.0,0.0
West|ARCTIC_MINT_GUM,2021-11-08,0.2513966480446927,0.0
West|ARCTIC_MINT_GUM,2021-11-15,0.3519553072625699,0.0
West|ARCTIC_MINT_GUM,2021-11-22,0.0,0.0
West|ARCTIC_MINT_GUM,2021-11-29,0.3519553072625699,0.0
West|ARCTIC_MINT_GUM,2021-12-06,0.0,0.0
West|ARCTIC_MINT_GUM,2021-12-13,0.0,0.1
West|ARCTIC_MINT_GUM,2021-12-20,0.0,0.1
West|ARCTIC_MINT_GUM,2021-12-27,0.0,0.0
West|ARCTIC_MINT_GUM,2022-01-03,0.0,0.0
West|ARCTIC_MINT_GUM,2022-01-10,0.0,0.0
West|ARCTIC_MINT_GUM,2022-01-17,0.100558659217877,0.0
West|ARCTIC_MINT_GUM,2022-01-24,0.0,0.0
West|ARCTIC_MINT_GUM,2022-01-31,0.0,0.1
West|ARCTIC_MINT_GUM,2022-02-07,0.0,0.1
West|ARCTIC_MINT_GUM,2022-02-14,0.0,0.1
West|ARCTIC_MINT_GUM,2022-02-21,0.0,0.0
West|ARCTIC_MINT_GUM,2022-02-28,0.0,0.1
West|ARCTIC_MINT_GUM,2022-03-07,0.2011173184357542,0.1
West|ARCTIC_MINT_GUM,2022-03-14,0.3016759776536313,0.0
West|ARCTIC_MINT_GUM,2022-03-21,0.0,0.0
West|ARCTIC_MINT_GUM,2022-03-28,0.0,0.1
West|ARCTIC_MINT_GUM,2022-04-04,0.0,0.1
West|ARCTIC_MINT_GUM,2022-04-11,0.0,0.1
West|ARCTIC_MINT_GUM,2022-04-18,0.0,0.1
West|ARCTIC_MINT_GUM,2022-04-25,0.3519553072625699,0.0
West|ARCTIC_MINT_GUM,2022-05-02,0.0,0.0
West|ARCTIC_MINT_GUM,2022-05-09,0.3016759776536313,0.0
West|ARCTIC_MINT_GUM,2022-05-16,0.0,0.0
West|ARCTIC_MINT_GUM,2022-05-23,0.0,0.1
West|ARCTIC_MINT_GUM,2022-05-30,0.0,0.0
West|ARCTIC_MINT_GUM,2022-06-06,0.0,0.0
West|ARCTIC_MINT_GUM,2022-06-13,0.0,0.0
West|ARCTIC_MINT_GUM,2022-06-20,0.0,0.0
West|ARCTIC_MINT_GUM,2022-06-27,0.0,0.0
West|ARCTIC_MINT_GUM,2022-07-04,0.0,0.0
West|ARCTIC_MINT_GUM,2022-07-11,0.0,0.0
West|ARCTIC_MINT_GUM,2022-07-18,0.100558659217877,0.0
West|ARCTIC_MINT_GUM,2022-07-25,0.100558659217877,0.0
West|ARCTIC_MINT_GUM,2022-08-01,0.0,0.0
West|ARCTIC_MINT_GUM,2022-08-08,0.0,0.0
West|ARCTIC_MINT_GUM,2022-08-15,0.0,0.0
West|ARCTIC_MINT_GUM,2022-08-22,0.3016759776536313,0.0
West|ARCTIC_MINT_GUM,2022-08-29,0.3519553072625699,0.0
West|ARCTIC_MINT_GUM,2022-09-05,0.2011173184357542,0.0
West|ARCTIC_MINT_GUM,2022-09-12,0.2513966480446927,0.0
West|ARCTIC_MINT_GUM,2022-09-19,0.3519553072625699,0.0
West|ARCTIC_MINT_GUM,2022-09-26,0.0,0.0
West|ARCTIC_MINT_GUM,2022-10-03,0.2011173184357542,0.0
West|ARCTIC_MINT_GUM,2022-10-10,0.2011173184357542,0.0
West|ARCTIC_MINT_GUM,2022-10-17,0.3519553072625699,0.0
West|ARCTIC_MINT_GUM,2022-10-24,0.2513966480446927,0.1
West|ARCTIC_MINT_GUM,2022-10-31,0.100558659217877,0.1
West|ARCTIC_MINT_GUM,2022-11-07,0.0,0.0
West|ARCTIC_MINT_GUM,2022-11-14,0.0,0.0
West|ARCTIC_MINT_GUM,2022-11-21,0.0,0.0
West|ARCTIC_MINT_GUM,2022-11-28,0.2513966480446927,0.0
West|ARCTIC_MINT_GUM,2022-12-05,0.0,0.0
West|ARCTIC_MINT_GUM,2022-12-12,0.0,0.1
West|ARCTIC_MINT_GUM,2022-12-19,0.0,0.1
West|ARCTIC_MINT_GUM,2022-12-26,0.0,0.1
West|ARCTIC_MINT_GUM,2023-01-02,0.0,0.0
West|ARCTIC_MINT_GUM,2023-01-09,0.3519553072625699,0.0
West|ARCTIC_MINT_GUM,2023-01-16,0.0,0.0
West|ARCTIC_MINT_GUM,2023-01-23,0.0,0.1
West|ARCTIC_MINT_GUM,2023-01-30,0.3016759776536313,0.1
West|ARCTIC_MINT_GUM,2023-02-06,0.0,0.1
West|ARCTIC_MINT_GUM,2023-02-13,0.1508379888268156,0.1
West|ARCTIC_MINT_GUM,2023-02-20,0.0,0.0
West|ARCTIC_MINT_GUM,2023-02-27,0.0,0.0
West|ARCTIC_MINT_GUM,2023-03-06,0.2011173184357542,0.1
West|ARCTIC_MINT_GUM,2023-03-13,0.2011173184357542,0.0
West|ARCTIC_MINT_GUM,2023-03-20,0.0,0.1
West|ARCTIC_MINT_GUM,2023-03-27,0.0,0.0
West|ARCTIC_MINT_GUM,2023-04-03,0.0,0.1
West|ARCTIC_MINT_GUM,2023-04-10,0.0,0.1
West|ARCTIC_MINT_GUM,2023-04-17,0.0,0.1
West|ARCTIC_MINT_GUM,2023-04-24,0.100558659217877,0.0
West|ARCTIC_MINT_GUM,2023-05-01,0.2011173184357542,0.0
West|ARCTIC_MINT_GUM,2023-05-08,0.1508379888268156,0.1
West|ARCTIC_MINT_GUM,2023-05-15,0.0,0.1
West|ARCTIC_MINT_GUM,2023-05-22,0.0,0.1
West|ARCTIC_MINT_GUM,2023-05-29,0.0,0.1
West|ARCTIC_MINT_GUM,2023-06-05,0.2513966480446927,0.1
West|ARCTIC_MINT_GUM,2023-06-12,0.0,0.0
West|ARCTIC_MINT_GUM,2023-06-19,0.0,0.1
West|ARCTIC_MINT_GUM,2023-06-26,0.0,0.1
West|ARCTIC_MINT_GUM,2023-07-03,0.0,0.0
West|ARCTIC_MINT_GUM,2023-07-10,0.0,0.0
West|ARCTIC_MINT_GUM,2023-07-17,0.0,0.0
West|ARCTIC_MINT_GUM,2023-07-24,0.0,0.0
West|ARCTIC_MINT_GUM,2023-07-31,0.1508379888268156,0.0
West|ARCTIC_MINT_GUM,2023-08-07,0.0,0.0
West|ARCTIC_MINT_GUM,2023-08-14,0.0,0.0
West|ARCTIC_MINT_GUM,2023-08-21,0.0,0.0
West|ARCTIC_MINT_GUM,2023-08-28,0.0,0.0
West|ARCTIC_MINT_GUM,2023-09-04,0.0,0.0
West|ARCTIC_MINT_GUM,2023-09-11,0.0,0.0
West|ARCTIC_MINT_GUM,2023-09-18,0.0,0.0
West|ARCTIC_MINT_GUM,2023-09-25,0.0,0.0
West|ARCTIC_MINT_GUM,2023-10-02,0.0,0.0
West|ARCTIC_MINT_GUM,2023-10-09,0.0,0.0
West|ARCTIC_MINT_GUM,2023-10-16,0.0,0.0
West|ARCTIC_MINT_GUM,2023-10-23,0.0,0.1
West|ARCTIC_MINT_GUM,2023-10-30,0.0,0.1
West|ARCTIC_MINT_GUM,2023-11-06,0.0,0.0
West|ARCTIC_MINT_GUM,2023-11-13,0.100558659217877,0.1
West|ARCTIC_MINT_GUM,2023-11-20,0.0,0.0
West|ARCTIC_MINT_GUM,2023-11-27,0.0,0.0
West|ARCTIC_MINT_GUM,2023-12-04,0.0,0.1
West|ARCTIC_MINT_GUM,2023-12-11,0.100558659217877,0.1
West|ARCTIC_MINT_GUM,2023-12-18,0.2011173184357542,0.1
West|ARCTIC_MINT_GUM,2023-12-25,0.0,0.1
West|BLISS_SILK_BAR,2021-01-04,0.0,0.0
West|BLISS_SILK_BAR,2021-01-11,0.0,0.0
West|BLISS_SILK_BAR,2021-01-18,0.0,0.0
West|BLISS_SILK_BAR,2021-01-25,0.0,0.0
West|BLISS_SILK_BAR,2021-02-01,0.0,0.0
West|BLISS_SILK_BAR,2021-02-08,0.2013422818791946,0.1
West|BLISS_SILK_BAR,2021-02-15,0.0,0.1
West|BLISS_SILK_BAR,2021-02-22,0.0,0.0
West|BLISS_SILK_BAR,2021-03-01,0.0,0.0
West|BLISS_SILK_BAR,2021-03-08,0.2013422818791946,0.0
West|BLISS_SILK_BAR,2021-03-15,0.0,0.0
West|BLISS_SILK_BAR,2021-03-22,0.348993288590604,0.0
West|BLISS_SILK_BAR,2021-03-29,0.0,0.0
West|BLISS_SILK_BAR,2021-04-05,0.0,0.1
West|BLISS_SILK_BAR,2021-04-12,0.0,0.1
West|BLISS_SILK_BAR,2021-04-19,0.0,0.0
West|BLISS_SILK_BAR,2021-04-26,0.0,0.0
West|BLISS_SILK_BAR,2021-05-03,0.0,0.0
West|BLISS_SILK_BAR,2021-05-10,0.0,0.0
West|BLISS_SILK_BAR,2021-05-17,0.0,0.0
West|BLISS_SILK_BAR,2021-05-24,0.2483221476510066,0.0
West|BLISS_SILK_BAR,2021-05-31,0.1476510067114093,0.0
West|BLISS_SILK_BAR,2021-06-07,0.0,0.0
West|BLISS_SILK_BAR,2021-06-14,0.1476510067114093,0.0
West|BLISS_SILK_BAR,2021-06-21,0.1476510067114093,0.0
West|BLISS_SILK_BAR,2021-06-28,0.0,0.0
West|BLISS_SILK_BAR,2021-07-05,0.0,0.0
West|BLISS_SILK_BAR,2021-07-12,0.1476510067114093,0.0
West|BLISS_SILK_BAR,2021-07-19,0.3020134228187919,0.0
West|BLISS_SILK_BAR,2021-07-26,0.2013422818791946,0.0
West|BLISS_SILK_BAR,2021-08-02,0.0,0.0
West|BLISS_SILK_BAR,2021-08-09,0.0,0.0
West|BLISS_SILK_BAR,2021-08-16,0.2013422818791946,0.0
West|BLISS_SILK_BAR,2021-08-23,0.0,0.0
West|BLISS_SILK_BAR,2021-08-30,0.0,0.0
West|BLISS_SILK_BAR,2021-09-06,0.0,0.0
West|BLISS_SILK_BAR,2021-09-13,0.2483221476510066,0.0
West|BLISS_SILK_BAR,2021-09-20,0.348993288590604,0.0
West|BLISS_SILK_BAR,2021-09-27,0.0,0.0
West|BLISS_SILK_BAR,2021-10-04,0.0,0.0
West|BLISS_SILK_BAR,2021-10-11,0.0,0.0
West|BLISS_SILK_BAR,2021-10-18,0.0,0.1
West|BLISS_SILK_BAR,2021-10-25,0.2013422818791946,0.1
West|BLISS_SILK_BAR,2021-11-01,0.1006711409395972,0.0
West|BLISS_SILK_BAR,2021-11-08,0.2483221476510066,0.0
West|BLISS_SILK_BAR,2021-11-15,0.0,0.1
West|BLISS_SILK_BAR,2021-11-22,0.348993288590604,0.1
West|BLISS_SILK_BAR,2021-11-29,0.0,0.1
West|BLISS_SILK_BAR,2021-12-06,0.348993288590604,0.0
West|BLISS_SILK_BAR,2021-12-13,0.2013422818791946,0.1
West|BLISS_SILK_BAR,2021-12-20,0.3020134228187919,0.1
West|BLISS_SILK_BAR,2021-12-27,0.348993288590604,0.1
West|BLISS_SILK_BAR,2022-01-03,0.0,0.1
West|BLISS_SILK_BAR,2022-01-10,0.0,0.1
West|BLISS_SILK_BAR,2022-01-17,0.348993288590604,0.1
West|BLISS_SILK_BAR,2022-01-24,0.0,0.1
West|BLISS_SILK_BAR,2022-01-31,0.0,0.0
West|BLISS_SILK_BAR,2022-02-07,0.0,0.1
West|BLISS_SILK_BAR,2022-02-14,0.3020134228187919,0.1
West|BLISS_SILK_BAR,2022-02-21,0.0,0.0
West|BLISS_SILK_BAR,2022-02-28,0.0,0.0
West|BLISS_SILK_BAR,2022-03-07,0.0,0.0
West|BLISS_SILK_BAR,2022-03-14,0.0,0.0
West|BLISS_SILK_BAR,2022-03-21,0.0,0.0
West|BLISS_SILK_BAR,2022-03-28,0.0,0.0
West|BLISS_SILK_BAR,2022-04-04,0.0,0.1
West|BLISS_SILK_BAR,2022-04-11,0.1476510067114093,0.1
West|BLISS_SILK_BAR,2022-04-18,0.0,0.1
West|BLISS_SILK_BAR,2022-04-25,0.0,0.0
West|BLISS_SILK_BAR,2022-05-02,0.0,0.0
West|BLISS_SILK_BAR,2022-05-09,0.0,0.0
West|BLISS_SILK_BAR,2022-05-16,0.0,0.0
West|BLISS_SILK_BAR,2022-05-23,0.0,0.0
West|BLISS_SILK_BAR,2022-05-30,0.0,0.0
West|BLISS_SILK_BAR,2022-06-06,0.0,0.0
West|BLISS_SILK_BAR,2022-06-13,0.0,0.0
West|BLISS_SILK_BAR,2022-06-20,0.0,0.0
West|BLISS_SILK_BAR,2022-06-27,0.348993288590604,0.0
West|BLISS_SILK_BAR,2022-07-04,0.1006711409395972,0.0
West|BLISS_SILK_BAR,2022-07-11,0.1006711409395972,0.0
West|BLISS_SILK_BAR,2022-07-18,0.0,0.0
West|BLISS_SILK_BAR,2022-07-25,0.2013422818791946,0.0
West|BLISS_SILK_BAR,2022-08-01,0.0,0.0
West|BLISS_SILK_BAR,2022-08-08,0.3020134228187919,0.0
West|BLISS_SILK_BAR,2022-08-15,0.2013422818791946,0.0
West|BLISS_SILK_BAR,2022-08-22,0.0,0.0
West|BLISS_SILK_BAR,2022-08-29,0.348993288590604,0.0
West|BLISS_SILK_BAR,2022-09-05,0.0,0.0
West|BLISS_SILK_BAR,2022-09-12,0.0,0.0
West|BLISS_SILK_BAR,2022-09-19,0.0,0.0
West|BLISS_SILK_BAR,2022-09-26,0.0,0.0
West|BLISS_SILK_BAR,2022-10-03,0.348993288590604,0.0
West|BLISS_SILK_BAR,2022-10-10,0.0,0.0
West|BLISS_SILK_BAR,2022-10-17,0.0,0.0
West|BLISS_SILK_BAR,2022-10-24,0.0,0.1
West|BLISS_SILK_BAR,2022-10-31,0.0,0.1
West|BLISS_SILK_BAR,2022-11-07,0.0,0.1
West|BLISS_SILK_BAR,2022-11-14,0.3020134228187919,0.1
West|BLISS_SILK_BAR,2022-11-21,0.1006711409395972,0.1
West|BLISS_SILK_BAR,2022-11-28,0.348993288590604,0.1
West|BLISS_SILK_BAR,2022-12-05,0.0,0.1
West|BLISS_SILK_BAR,2022-12-12,0.1006711409395972,0.1
West|BLISS_SILK_BAR,2022-12-19,0.1476510067114093,0.1
West|BLISS_SILK_BAR,2022-12-26,0.0,0.1
West|BLISS_SILK_BAR,2023-01-02,0.0,0.1
West|BLISS_SILK_BAR,2023-01-09,0.0,0.1
West|BLISS_SILK_BAR,2023-01-16,0.1006711409395972,0.1
West|BLISS_SILK_BAR,2023-01-23,0.0,0.1
West|BLISS_SILK_BAR,2023-01-30,0.0,0.1
West|BLISS_SILK_BAR,2023-02-06,0.0,0.1
West|BLISS_SILK_BAR,2023-02-13,0.0,0.1
West|BLISS_SILK_BAR,2023-02-20,0.0,0.1
West|BLISS_SILK_BAR,2023-02-27,0.0,0.1
West|BLISS_SILK_BAR,2023-03-06,0.348993288590604,0.1
West|BLISS_SILK_BAR,2023-03-13,0.0,0.0
West|BLISS_SILK_BAR,2023-03-20,0.0,0.0
West|BLISS_SILK_BAR,2023-03-27,0.0,0.0
West|BLISS_SILK_BAR,2023-04-03,0.0,0.1
West|BLISS_SILK_BAR,2023-04-10,0.1476510067114093,0.1
West|BLISS_SILK_BAR,2023-04-17,0.0,0.1
West|BLISS_SILK_BAR,2023-04-24,0.0,0.0
West|BLISS_SILK_BAR,2023-05-01,0.0,0.0
West|BLISS_SILK_BAR,2023-05-08,0.3020134228187919,0.0
West|BLISS_SILK_BAR,2023-05-15,0.0,0.0
West|BLISS_SILK_BAR,2023-05-22,0.0,0.0
West|BLISS_SILK_BAR,2023-05-29,0.0,0.0
West|BLISS_SILK_BAR,2023-06-05,0.348993288590604,0.0
West|BLISS_SILK_BAR,2023-06-12,0.3020134228187919,0.0
West|BLISS_SILK_BAR,2023-06-19,0.0,0.0
West|BLISS_SILK_BAR,2023-06-26,0.0,0.0
West|BLISS_SILK_BAR,2023-07-03,0.2013422818791946,0.0
West|BLISS_SILK_BAR,2023-07-10,0.0,0.0
West|BLISS_SILK_BAR,2023-07-17,0.0,0.0
West|BLISS_SILK_BAR,2023-07-24,0.2013422818791946,0.0
West|BLISS_SILK_BAR,2023-07-31,0.2013422818791946,0.0
West|BLISS_SILK_BAR,2023-08-07,0.0,0.0
West|BLISS_SILK_BAR,2023-08-14,0.0,0.0
West|BLISS_SILK_BAR,2023-08-21,0.0,0.0
West|BLISS_SILK_BAR,2023-08-28,0.0,0.0
West|BLISS_SILK_BAR,2023-09-04,0.0,0.0
West|BLISS_SILK_BAR,2023-09-11,0.0,0.0
West|BLISS_SILK_BAR,2023-09-18,0.0,0.0
West|BLISS_SILK_BAR,2023-09-25,0.3020134228187919,0.0
West|BLISS_SILK_BAR,2023-10-02,0.0,0.0
West|BLISS_SILK_BAR,2023-10-09,0.3020134228187919,0.1
West|BLISS_SILK_BAR,2023-10-16,0.0,0.0
West|BLISS_SILK_BAR,2023-10-23,0.1476510067114093,0.1
West|BLISS_SILK_BAR,2023-10-30,0.0,0.1
West|BLISS_SILK_BAR,2023-11-06,0.1476510067114093,0.1
West|BLISS_SILK_BAR,2023-11-13,0.2013422818791946,0.1
West|BLISS_SILK_BAR,2023-11-20,0.0,0.1
West|BLISS_SILK_BAR,2023-11-27,0.2013422818791946,0.1
West|BLISS_SILK_BAR,2023-12-04,0.2483221476510066,0.1
West|BLISS_SILK_BAR,2023-12-11,0.348993288590604,0.1
West|BLISS_SILK_BAR,2023-12-18,0.1476510067114093,0.1
West|BLISS_SILK_BAR,2023-12-25,0.0,0.1
West|GOLDEN_MALT_POUCH,2021-01-04,0.0,0.0
West|GOLDEN_MALT_POUCH,2021-01-11,0.0,0.0
West|GOLDEN_MALT_POUCH,2021-01-18,0.0,0.0
West|GOLDEN_MALT_POUCH,2021-01-25,0.0,0.0
West|GOLDEN_MALT_POUCH,2021-02-01,0.3495440729483282,0.0
West|GOLDEN_MALT_POUCH,2021-02-08,0.0,0.1
West|GOLDEN_MALT_POUCH,2021-02-15,0.0,0.1
West|GOLDEN_MALT_POUCH,2021-02-22,0.0,0.0
West|GOLDEN_MALT_POUCH,2021-03-01,0.2006079027355623,0.0
West|GOLDEN_MALT_POUCH,2021-03-08,0.0,0.0
West|GOLDEN_MALT_POUCH,2021-03-15,0.0,0.0
West|GOLDEN_MALT_POUCH,2021-03-22,0.0,0.0
West|GOLDEN_MALT_POUCH,2021-03-29,0.0,0.0
West|GOLDEN_MALT_POUCH,2021-04-05,0.0,0.1
West|GOLDEN_MALT_POUCH,2021-04-12,0.2006079027355623,0.1
West|GOLDEN_MALT_POUCH,2021-04-19,0.0,0.0
West|GOLDEN_MALT_POUCH,2021-04-26,0.2006079027355623,0.0
West|GOLDEN_MALT_POUCH,2021-05-03,0.0,0.0
West|GOLDEN_MALT_POUCH,2021-05-10,0.0,0.0
West|GOLDEN_MALT_POUCH,2021-05-17,0.0,0.0
West|GOLDEN_MALT_POUCH,2021-05-24,0.0,0.0
West|GOLDEN_MALT_POUCH,2021-05-31,0.0,0.0
West|GOLDEN_MALT_POUCH,2021-06-07,0.2006079027355623,0.0
West|GOLDEN_MALT_POUCH,2021-06-14,0.0,0.0
West|GOLDEN_MALT_POUCH,2021-06-21,0.3009118541033435,0.0
West|GOLDEN_MALT_POUCH,2021-06-28,0.0,0.0
West|GOLDEN_MALT_POUCH,2021-07-05,0.0,0.0
West|GOLDEN_MALT_POUCH,2021-07-12,0.3495440729483282,0.0
West|GOLDEN_MALT_POUCH,2021-07-19,0.0,0.0
West|GOLDEN_MALT_POUCH,2021-07-26,0.0,0.0
West|GOLDEN_MALT_POUCH,2021-08-02,0.0,0.0
West|GOLDEN_MALT_POUCH,2021-08-09,0.1003039513677811,0.0
West|GOLDEN_MALT_POUCH,2021-08-16,0.0,0.0
West|GOLDEN_MALT_POUCH,2021-08-23,0.0,0.0
West|GOLDEN_MALT_POUCH,2021-08-30,0.0,0.0
West|GOLDEN_MALT_POUCH,2021-09-06,0.0,0.0
West|GOLDEN_MALT_POUCH,2021-09-13,0.249240121580547,0.0
West|GOLDEN_MALT_POUCH,2021-09-20,0.0,0.0
West|GOLDEN_MALT_POUCH,2021-09-27,0.0,0.0
West|GOLDEN_MALT_POUCH,2021-10-04,0.2006079027355623,0.0
West|GOLDEN_MALT_POUCH,2021-10-11,0.0,0.0
West|GOLDEN_MALT_POUCH,2021-10-18,0.3009118541033435,0.1
West|GOLDEN_MALT_POUCH,2021-10-25,0.3009118541033435,0.1
West|GOLDEN_MALT_POUCH,2021-11-01,0.0,0.0
West|GOLDEN_MALT_POUCH,2021-11-08,0.0,0.0
West|GOLDEN_MALT_POUCH,2021-11-15,0.0,0.0
West|GOLDEN_MALT_POUCH,2021-11-22,0.0,0.0
West|GOLDEN_MALT_POUCH,2021-11-29,0.1003039513677811,0.0
West|GOLDEN_MALT_POUCH,2021-12-06,0.0,0.0
West|GOLDEN_MALT_POUCH,2021-12-13,0.0,0.1
West|GOLDEN_MALT_POUCH,2021-12-20,0.0,0.1
West|GOLDEN_MALT_POUCH,2021-12-27,0.2006079027355623,0.1
West|GOLDEN_MALT_POUCH,2022-01-03,0.0,0.0
West|GOLDEN_MALT_POUCH,2022-01-10,0.1003039513677811,0.0
West|GOLDEN_MALT_POUCH,2022-01-17,0.3009118541033435,0.0
West|GOLDEN_MALT_POUCH,2022-01-24,0.3009118541033435,0.0
West|GOLDEN_MALT_POUCH,2022-01-31,0.0,0.0
West|GOLDEN_MALT_POUCH,2022-02-07,0.249240121580547,0.1
West|GOLDEN_MALT_POUCH,2022-02-14,0.0,0.1
West|GOLDEN_MALT_POUCH,2022-02-21,0.0,0.0
West|GOLDEN_MALT_POUCH,2022-02-28,0.0,0.0
West|GOLDEN_MALT_POUCH,2022-03-07,0.0,0.0
West|GOLDEN_MALT_POUCH,2022-03-14,0.0,0.0
West|GOLDEN_MALT_POUCH,2022-03-21,0.0,0.0
West|GOLDEN_MALT_POUCH,2022-03-28,0.0,0.0
West|GOLDEN_MALT_POUCH,2022-04-04,0.0,0.1
West|GOLDEN_MALT_POUCH,2022-04-11,0.3009118541033435,0.1
West|GOLDEN_MALT_POUCH,2022-04-18,0.0,0.1
West|GOLDEN_MALT_POUCH,2022-04-25,0.148936170212766,0.0
West|GOLDEN_MALT_POUCH,2022-05-02,0.0,0.0
West|GOLDEN_MALT_POUCH,2022-05-09,0.0,0.0
West|GOLDEN_MALT_POUCH,2022-05-16,0.2006079027355623,0.0
West|GOLDEN_MALT_POUCH,2022-05-23,0.1003039513677811,0.0
West|GOLDEN_MALT_POUCH,2022-05-30,0.0,0.0
West|GOLDEN_MALT_POUCH,2022-06-06,0.0,0.0
West|GOLDEN_MALT_POUCH,2022-06-13,0.0,0.0
West|GOLDEN_MALT_POUCH,2022-06-20,0.0,0.0
West|GOLDEN_MALT_POUCH,2022-06-27,0.0,0.0
West|GOLDEN_MALT_POUCH,2022-07-04,0.148936170212766,0.0
West|GOLDEN_MALT_POUCH,2022-07-11,0.0,0.0
West|GOLDEN_MALT_POUCH,2022-07-18,0.0,0.0
West|GOLDEN_MALT_POUCH,2022-07-25,0.3009118541033435,0.0
West|GOLDEN_MALT_POUCH,2022-08-01,0.0,0.0
West|GOLDEN_MALT_POUCH,2022-08-08,0.0,0.0
West|GOLDEN_MALT_POUCH,2022-08-15,0.0,0.0
West|GOLDEN_MALT_POUCH,2022-08-22,0.0,0.0
West|GOLDEN_MALT_POUCH,2022-08-29,0.0,0.0
West|GOLDEN_MALT_POUCH,2022-09-05,0.0,0.0
West|GOLDEN_MALT_POUCH,2022-09-12,0.0,0.0
West|GOLDEN_MALT_POUCH,2022-09-19,0.2006079027355623,0.0
West|GOLDEN_MALT_POUCH,2022-09-26,0.249240121580547,0.0
West|GOLDEN_MALT_POUCH,2022-10-03,0.0,0.0
West|GOLDEN_MALT_POUCH,2022-10-10,0.0,0.0
West|GOLDEN_MALT_POUCH,2022-10-17,0.0,0.0
West|GOLDEN_MALT_POUCH,2022-10-24,0.0,0.1
West|GOLDEN_MALT_POUCH,2022-10-31,0.2006079027355623,0.1
West|GOLDEN_MALT_POUCH,2022-11-07,0.249240121580547,0.0
West|GOLDEN_MALT_POUCH,2022-11-14,0.0,0.1
West|GOLDEN_MALT_POUCH,2022-11-21,0.0,0.1
West|GOLDEN_MALT_POUCH,2022-11-28,0.0,0.1
West|GOLDEN_MALT_POUCH,2022-12-05,0.0,0.1
West|GOLDEN_MALT_POUCH,2022-12-12,0.0,0.1
West|GOLDEN_MALT_POUCH,2022-12-19,0.3495440729483282,0.1
West|GOLDEN_MALT_POUCH,2022-12-26,0.0,0.1
West|GOLDEN_MALT_POUCH,2023-01-02,0.0,0.1
West|GOLDEN_MALT_POUCH,2023-01-09,0.0,0.1
West|GOLDEN_MALT_POUCH,2023-01-16,0.0,0.1
West|GOLDEN_MALT_POUCH,2023-01-23,0.0,0.1
West|GOLDEN_MALT_POUCH,2023-01-30,0.1003039513677811,0.1
West|GOLDEN_MALT_POUCH,2023-02-06,0.3009118541033435,0.1
West|GOLDEN_MALT_POUCH,2023-02-13,0.0,0.1
West|GOLDEN_MALT_POUCH,2023-02-20,0.0,0.0
West|GOLDEN_MALT_POUCH,2023-02-27,0.3495440729483282,0.0
West|GOLDEN_MALT_POUCH,2023-03-06,0.3495440729483282,0.0
West|GOLDEN_MALT_POUCH,2023-03-13,0.0,0.0
West|GOLDEN_MALT_POUCH,2023-03-20,0.0,0.0
West|GOLDEN_MALT_POUCH,2023-03-27,0.0,0.0
West|GOLDEN_MALT_POUCH,2023-04-03,0.0,0.1
West|GOLDEN_MALT_POUCH,2023-04-10,0.0,0.1
West|GOLDEN_MALT_POUCH,2023-04-17,0.0,0.1
West|GOLDEN_MALT_POUCH,2023-04-24,0.0,0.0
West|GOLDEN_MALT_POUCH,2023-05-01,0.0,0.0
West|GOLDEN_MALT_POUCH,2023-05-08,0.0,0.0
West|GOLDEN_MALT_POUCH,2023-05-15,0.0,0.0
West|GOLDEN_MALT_POUCH,2023-05-22,0.2006079027355623,0.0
West|GOLDEN_MALT_POUCH,2023-05-29,0.0,0.0
West|GOLDEN_MALT_POUCH,2023-06-05,0.0,0.0
West|GOLDEN_MALT_POUCH,2023-06-12,0.0,0.0
West|GOLDEN_MALT_POUCH,2023-06-19,0.0,0.0
West|GOLDEN_MALT_POUCH,2023-06-26,0.3495440729483282,0.0
West|GOLDEN_MALT_POUCH,2023-07-03,0.0,0.0
West|GOLDEN_MALT_POUCH,2023-07-10,0.148936170212766,0.0
West|GOLDEN_MALT_POUCH,2023-07-17,0.0,0.0
West|GOLDEN_MALT_POUCH,2023-07-24,0.0,0.0
West|GOLDEN_MALT_POUCH,2023-07-31,0.1003039513677811,0.0
West|GOLDEN_MALT_POUCH,2023-08-07,0.3009118541033435,0.0
West|GOLDEN_MALT_POUCH,2023-08-14,0.0,0.0
West|GOLDEN_MALT_POUCH,2023-08-21,0.0,0.0
West|GOLDEN_MALT_POUCH,2023-08-28,0.3495440729483282,0.0
West|GOLDEN_MALT_POUCH,2023-09-04,0.0,0.0
West|GOLDEN_MALT_POUCH,2023-09-11,0.0,0.0
West|GOLDEN_MALT_POUCH,2023-09-18,0.0,0.0
West|GOLDEN_MALT_POUCH,2023-09-25,0.0,0.0
West|GOLDEN_MALT_POUCH,2023-10-02,0.0,0.0
West|GOLDEN_MALT_POUCH,2023-10-09,0.148936170212766,0.0
West|GOLDEN_MALT_POUCH,2023-10-16,0.0,0.0
West|GOLDEN_MALT_POUCH,2023-10-23,0.0,0.1
West|GOLDEN_MALT_POUCH,2023-10-30,0.0,0.1
West|GOLDEN_MALT_POUCH,2023-11-06,0.0,0.1
West|GOLDEN_MALT_POUCH,2023-11-13,0.0,0.1
West|GOLDEN_MALT_POUCH,2023-11-20,0.148936170212766,0.1
West|GOLDEN_MALT_POUCH,2023-11-27,0.1003039513677811,0.1
West|GOLDEN_MALT_POUCH,2023-12-04,0.0,0.1
West|GOLDEN_MALT_POUCH,2023-12-11,0.3009118541033435,0.1
West|GOLDEN_MALT_POUCH,2023-12-18,0.0,0.1
West|GOLDEN_MALT_POUCH,2023-12-25,0.0,0.1
West|HAPPY_BUTTONS_PEG,2021-01-04,0.0,0.0
West|HAPPY_BUTTONS_PEG,2021-01-11,0.0,0.0
West|HAPPY_BUTTONS_PEG,2021-01-18,0.0,0.1
West|HAPPY_BUTTONS_PEG,2021-01-25,0.3008595988538682,0.0
West|HAPPY_BUTTONS_PEG,2021-02-01,0.0,0.0
West|HAPPY_BUTTONS_PEG,2021-02-08,0.0,0.1
West|HAPPY_BUTTONS_PEG,2021-02-15,0.1002865329512894,0.1
West|HAPPY_BUTTONS_PEG,2021-02-22,0.0,0.0
West|HAPPY_BUTTONS_PEG,2021-03-01,0.1489971346704871,0.0
West|HAPPY_BUTTONS_PEG,2021-03-08,0.0,0.0
West|HAPPY_BUTTONS_PEG,2021-03-15,0.0,0.0
West|HAPPY_BUTTONS_PEG,2021-03-22,0.0,0.0
West|HAPPY_BUTTONS_PEG,2021-03-29,0.0,0.0
West|HAPPY_BUTTONS_PEG,2021-04-05,0.0,0.1
West|HAPPY_BUTTONS_PEG,2021-04-12,0.3495702005730659,0.1
West|HAPPY_BUTTONS_PEG,2021-04-19,0.0,0.0
West|HAPPY_BUTTONS_PEG,2021-04-26,0.0,0.0
West|HAPPY_BUTTONS_PEG,2021-05-03,0.0,0.0
West|HAPPY_BUTTONS_PEG,2021-05-10,0.3008595988538682,0.0
West|HAPPY_BUTTONS_PEG,2021-05-17,0.0,0.0
West|HAPPY_BUTTONS_PEG,2021-05-24,0.2492836676217765,0.0
West|HAPPY_BUTTONS_PEG,2021-05-31,0.0,0.0
West|HAPPY_BUTTONS_PEG,2021-06-07,0.0,0.0
West|HAPPY_BUTTONS_PEG,2021-06-14,0.0,0.0
West|HAPPY_BUTTONS_PEG,2021-06-21,0.0,0.0
West|HAPPY_BUTTONS_PEG,2021-06-28,0.0,0.0
West|HAPPY_BUTTONS_PEG,2021-07-05,0.1002865329512894,0.0
West|HAPPY_BUTTONS_PEG,2021-07-12,0.0,0.0
West|HAPPY_BUTTONS_PEG,2021-07-19,0.1002865329512894,0.0
West|HAPPY_BUTTONS_PEG,2021-07-26,0.0,0.0
West|HAPPY_BUTTONS_PEG,2021-08-02,0.0,0.0
West|HAPPY_BUTTONS_PEG,2021-08-09,0.0,0.0
West|HAPPY_BUTTONS_PEG,2021-08-16,0.3495702005730659,0.0
West|HAPPY_BUTTONS_PEG,2021-08-23,0.3008595988538682,0.0
West|HAPPY_BUTTONS_PEG,2021-08-30,0.0,0.0
West|HAPPY_BUTTONS_PEG,2021-09-06,0.0,0.0
West|HAPPY_BUTTONS_PEG,2021-09-13,0.0,0.0
West|HAPPY_BUTTONS_PEG,2021-09-20,0.0,0.0
West|HAPPY_BUTTONS_PEG,2021-09-27,0.0,0.0
West|HAPPY_BUTTONS_PEG,2021-10-04,0.0,0.0
West|HAPPY_BUTTONS_PEG,2021-10-11,0.0,0.0
West|HAPPY_BUTTONS_PEG,2021-10-18,0.2005730659025788,0.1
West|HAPPY_BUTTONS_PEG,2021-10-25,0.2005730659025788,0.1
West|HAPPY_BUTTONS_PEG,2021-11-01,0.2492836676217765,0.0
West|HAPPY_BUTTONS_PEG,2021-11-08,0.0,0.1
West|HAPPY_BUTTONS_PEG,2021-11-15,0.0,0.0
West|HAPPY_BUTTONS_PEG,2021-11-22,0.0,0.1
West|HAPPY_BUTTONS_PEG,2021-11-29,0.2005730659025788,0.0
West|HAPPY_BUTTONS_PEG,2021-12-06,0.0,0.1
West|HAPPY_BUTTONS_PEG,2021-12-13,0.0,0.1
West|HAPPY_BUTTONS_PEG,2021-12-20,0.0,0.1
West|HAPPY_BUTTONS_PEG,2021-12-27,0.3495702005730659,0.0
West|HAPPY_BUTTONS_PEG,2022-01-03,0.0,0.0
West|HAPPY_BUTTONS_PEG,2022-01-10,0.0,0.0
West|HAPPY_BUTTONS_PEG,2022-01-17,0.1489971346704871,0.1
West|HAPPY_BUTTONS_PEG,2022-01-24,0.0,0.0
West|HAPPY_BUTTONS_PEG,2022-01-31,0.3008595988538682,0.1
West|HAPPY_BUTTONS_PEG,2022-02-07,0.0,0.1
West|HAPPY_BUTTONS_PEG,2022-02-14,0.0,0.1
West|HAPPY_BUTTONS_PEG,2022-02-21,0.0,0.0
West|HAPPY_BUTTONS_PEG,2022-02-28,0.0,0.0
West|HAPPY_BUTTONS_PEG,2022-03-07,0.2492836676217765,0.0
West|HAPPY_BUTTONS_PEG,2022-03-14,0.0,0.0
West|HAPPY_BUTTONS_PEG,2022-03-21,0.0,0.0
West|HAPPY_BUTTONS_PEG,2022-03-28,0.0,0.0
West|HAPPY_BUTTONS_PEG,2022-04-04,0.2005730659025788,0.1
West|HAPPY_BUTTONS_PEG,2022-04-11,0.0,0.1
West|HAPPY_BUTTONS_PEG,2022-04-18,0.0,0.1
West|HAPPY_BUTTONS_PEG,2022-04-25,0.2005730659025788,0.0
West|HAPPY_BUTTONS_PEG,2022-05-02,0.0,0.0
West|HAPPY_BUTTONS_PEG,2022-05-09,0.0,0.0
West|HAPPY_BUTTONS_PEG,2022-05-16,0.2492836676217765,0.0
West|HAPPY_BUTTONS_PEG,2022-05-23,0.0,0.0
West|HAPPY_BUTTONS_PEG,2022-05-30,0.2492836676217765,0.0
West|HAPPY_BUTTONS_PEG,2022-06-06,0.0,0.0
West|HAPPY_BUTTONS_PEG,2022-06-13,0.0,0.0
West|HAPPY_BUTTONS_PEG,2022-06-20,0.2005730659025788,0.0
West|HAPPY_BUTTONS_PEG,2022-06-27,0.0,0.0
West|HAPPY_BUTTONS_PEG,2022-07-04,0.0,0.0
West|HAPPY_BUTTONS_PEG,2022-07-11,0.2492836676217765,0.0
West|HAPPY_BUTTONS_PEG,2022-07-18,0.0,0.0
West|HAPPY_BUTTONS_PEG,2022-07-25,0.3008595988538682,0.0
West|HAPPY_BUTTONS_PEG,2022-08-01,0.0,0.0
West|HAPPY_BUTTONS_PEG,2022-08-08,0.2005730659025788,0.0
West|HAPPY_BUTTONS_PEG,2022-08-15,0.3495702005730659,0.0
West|HAPPY_BUTTONS_PEG,2022-08-22,0.0,0.0
West|HAPPY_BUTTONS_PEG,2022-08-29,0.0,0.0
West|HAPPY_BUTTONS_PEG,2022-09-05,0.0,0.0
West|HAPPY_BUTTONS_PEG,2022-09-12,0.3495702005730659,0.0
West|HAPPY_BUTTONS_PEG,2022-09-19,0.3495702005730659,0.0
West|HAPPY_BUTTONS_PEG,2022-09-26,0.3495702005730659,0.0
West|HAPPY_BUTTONS_PEG,2022-10-03,0.0,0.0
West|HAPPY_BUTTONS_PEG,2022-10-10,0.0,0.0
West|HAPPY_BUTTONS_PEG,2022-10-17,0.0,0.0
West|HAPPY_BUTTONS_PEG,2022-10-24,0.0,0.1
West|HAPPY_BUTTONS_PEG,2022-10-31,0.0,0.1
West|HAPPY_BUTTONS_PEG,2022-11-07,0.2492836676217765,0.0
West|HAPPY_BUTTONS_PEG,2022-11-14,0.0,0.1
West|HAPPY_BUTTONS_PEG,2022-11-21,0.0,0.1
West|HAPPY_BUTTONS_PEG,2022-11-28,0.0,0.1
West|HAPPY_BUTTONS_PEG,2022-12-05,0.0,0.0
West|HAPPY_BUTTONS_PEG,2022-12-12,0.0,0.1
West|HAPPY_BUTTONS_PEG,2022-12-19,0.0,0.1
West|HAPPY_BUTTONS_PEG,2022-12-26,0.0,0.1
West|HAPPY_BUTTONS_PEG,2023-01-02,0.3008595988538682,0.0
West|HAPPY_BUTTONS_PEG,2023-01-09,0.1489971346704871,0.1
West|HAPPY_BUTTONS_PEG,2023-01-16,0.0,0.1
West|HAPPY_BUTTONS_PEG,2023-01-23,0.1002865329512894,0.1
West|HAPPY_BUTTONS_PEG,2023-01-30,0.0,0.1
West|HAPPY_BUTTONS_PEG,2023-02-06,0.2005730659025788,0.1
West|HAPPY_BUTTONS_PEG,2023-02-13,0.0,0.1
West|HAPPY_BUTTONS_PEG,2023-02-20,0.0,0.1
West|HAPPY_BUTTONS_PEG,2023-02-27,0.1002865329512894,0.1
West|HAPPY_BUTTONS_PEG,2023-03-06,0.0,0.1
West|HAPPY_BUTTONS_PEG,2023-03-13,0.0,0.0
West|HAPPY_BUTTONS_PEG,2023-03-20,0.0,0.0
West|HAPPY_BUTTONS_PEG,2023-03-27,0.0,0.0
West|HAPPY_BUTTONS_PEG,2023-04-03,0.1489971346704871,0.1
West|HAPPY_BUTTONS_PEG,2023-04-10,0.3008595988538682,0.1
West|HAPPY_BUTTONS_PEG,2023-04-17,0.3008595988538682,0.1
West|HAPPY_BUTTONS_PEG,2023-04-24,0.0,0.0
West|HAPPY_BUTTONS_PEG,2023-05-01,0.2492836676217765,0.0
West|HAPPY_BUTTONS_PEG,2023-05-08,0.0,0.0
West|HAPPY_BUTTONS_PEG,2023-05-15,0.0,0.0
West|HAPPY_BUTTONS_PEG,2023-05-22,0.2005730659025788,0.0
West|HAPPY_BUTTONS_PEG,2023-05-29,0.0,0.0
West|HAPPY_BUTTONS_PEG,2023-06-05,0.0,0.0
West|HAPPY_BUTTONS_PEG,2023-06-12,0.0,0.0
West|HAPPY_BUTTONS_PEG,2023-06-19,0.0,0.0
West|HAPPY_BUTTONS_PEG,2023-06-26,0.2005730659025788,0.0
West|HAPPY_BUTTONS_PEG,2023-07-03,0.0,0.0
West|HAPPY_BUTTONS_PEG,2023-07-10,0.1002865329512894,0.0
West|HAPPY_BUTTONS_PEG,2023-07-17,0.0,0.0
West|HAPPY_BUTTONS_PEG,2023-07-24,0.0,0.0
West|HAPPY_BUTTONS_PEG,2023-07-31,0.0,0.0
West|HAPPY_BUTTONS_PEG,2023-08-07,0.0,0.0
West|HAPPY_BUTTONS_PEG,2023-08-14,0.1489971346704871,0.0
West|HAPPY_BUTTONS_PEG,2023-08-21,0.0,0.0
West|HAPPY_BUTTONS_PEG,2023-08-28,0.0,0.0
West|HAPPY_BUTTONS_PEG,2023-09-04,0.0,0.0
West|HAPPY_BUTTONS_PEG,2023-09-11,0.0,0.0
West|HAPPY_BUTTONS_PEG,2023-09-18,0.1002865329512894,0.0
West|HAPPY_BUTTONS_PEG,2023-09-25,0.3008595988538682,0.0
West|HAPPY_BUTTONS_PEG,2023-10-02,0.0,0.0
West|HAPPY_BUTTONS_PEG,2023-10-09,0.0,0.1
West|HAPPY_BUTTONS_PEG,2023-10-16,0.0,0.1
West|HAPPY_BUTTONS_PEG,2023-10-23,0.0,0.1
West|HAPPY_BUTTONS_PEG,2023-10-30,0.0,0.1
West|HAPPY_BUTTONS_PEG,2023-11-06,0.0,0.0
West|HAPPY_BUTTONS_PEG,2023-11-13,0.2492836676217765,0.1
West|HAPPY_BUTTONS_PEG,2023-11-20,0.0,0.1
West|HAPPY_BUTTONS_PEG,2023-11-27,0.1489971346704871,0.1
West|HAPPY_BUTTONS_PEG,2023-12-04,0.0,0.1
West|HAPPY_BUTTONS_PEG,2023-12-11,0.0,0.1
West|HAPPY_BUTTONS_PEG,2023-12-18,0.2005730659025788,0.1
West|HAPPY_BUTTONS_PEG,2023-12-25,0.1489971346704871,0.1
West|ICE_BREEZE_GUM,2021-01-04,0.0,0.0
West|ICE_BREEZE_GUM,2021-01-11,0.1508379888268156,0.0
West|ICE_BREEZE_GUM,2021-01-18,0.0,0.0
West|ICE_BREEZE_GUM,2021-01-25,0.0,0.0
West|ICE_BREEZE_GUM,2021-02-01,0.3016759776536313,0.0
West|ICE_BREEZE_GUM,2021-02-08,0.3519553072625699,0.1
West|ICE_BREEZE_GUM,2021-02-15,0.0,0.1
West|ICE_BREEZE_GUM,2021-02-22,0.0,0.0
West|ICE_BREEZE_GUM,2021-03-01,0.1508379888268156,0.0
West|ICE_BREEZE_GUM,2021-03-08,0.1508379888268156,0.0
West|ICE_BREEZE_GUM,2021-03-15,0.0,0.0
West|ICE_BREEZE_GUM,2021-03-22,0.0,0.0
West|ICE_BREEZE_GUM,2021-03-29,0.0,0.0
West|ICE_BREEZE_GUM,2021-04-05,0.3016759776536313,0.1
West|ICE_BREEZE_GUM,2021-04-12,0.0,0.1
West|ICE_BREEZE_GUM,2021-04-19,0.2011173184357542,0.0
West|ICE_BREEZE_GUM,2021-04-26,0.1508379888268156,0.0
West|ICE_BREEZE_GUM,2021-05-03,0.3016759776536313,0.0
West|ICE_BREEZE_GUM,2021-05-10,0.0,0.0
West|ICE_BREEZE_GUM,2021-05-17,0.1508379888268156,0.0
West|ICE_BREEZE_GUM,2021-05-24,0.3016759776536313,0.0
West|ICE_BREEZE_GUM,2021-05-31,0.0,0.0
West|ICE_BREEZE_GUM,2021-06-07,0.3016759776536313,0.0
West|ICE_BREEZE_GUM,2021-06-14,0.0,0.0
West|ICE_BREEZE_GUM,2021-06-21,0.0,0.0
West|ICE_BREEZE_GUM,2021-06-28,0.0,0.0
West|ICE_BREEZE_GUM,2021-07-05,0.0,0.0
West|ICE_BREEZE_GUM,2021-07-12,0.3016759776536313,0.0
West|ICE_BREEZE_GUM,2021-07-19,0.1508379888268156,0.0
West|ICE_BREEZE_GUM,2021-07-26,0.0,0.0
West|ICE_BREEZE_GUM,2021-08-02,0.0,0.0
West|ICE_BREEZE_GUM,2021-08-09,0.0,0.0
West|ICE_BREEZE_GUM,2021-08-16,0.2011173184357542,0.0
West|ICE_BREEZE_GUM,2021-08-23,0.0,0.0
West|ICE_BREEZE_GUM,2021-08-30,0.0,0.0
West|ICE_BREEZE_GUM,2021-09-06,0.0,0.0
West|ICE_BREEZE_GUM,2021-09-13,0.0,0.0
West|ICE_BREEZE_GUM,2021-09-20,0.0,0.0
West|ICE_BREEZE_GUM,2021-09-27,0.2011173184357542,0.0
West|ICE_BREEZE_GUM,2021-10-04,0.3519553072625699,0.0
West|ICE_BREEZE_GUM,2021-10-11,0.0,0.0
West|ICE_BREEZE_GUM,2021-10-18,0.100558659217877,0.1
West|ICE_BREEZE_GUM,2021-10-25,0.2513966480446927,0.1
West|ICE_BREEZE_GUM,2021-11-01,0.2513966480446927,0.0
West|ICE_BREEZE_GUM,2021-11-08,0.0,0.0
West|ICE_BREEZE_GUM,2021-11-15,0.0,0.0
West|ICE_BREEZE_GUM,2021-11-22,0.0,0.0
West|ICE_BREEZE_GUM,2021-11-29,0.0,0.0
West|ICE_BREEZE_GUM,2021-12-06,0.0,0.0
West|ICE_BREEZE_GUM,2021-12-13,0.2011173184357542,0.1
West|ICE_BREEZE_GUM,2021-12-20,0.3519553072625699,0.1
West|ICE_BREEZE_GUM,2021-12-27,0.0,0.0
West|ICE_BREEZE_GUM,2022-01-03,0.2513966480446927,0.0
West|ICE_BREEZE_GUM,2022-01-10,0.3519553072625699,0.0
West|ICE_BREEZE_GUM,2022-01-17,0.3016759776536313,0.0
West|ICE_BREEZE_GUM,2022-01-24,0.100558659217877,0.0
West|ICE_BREEZE_GUM,2022-01-31,0.0,0.0
West|ICE_BREEZE_GUM,2022-02-07,0.100558659217877,0.1
West|ICE_BREEZE_GUM,2022-02-14,0.0,0.1
West|ICE_BREEZE_GUM,2022-02-21,0.100558659217877,0.0
West|ICE_BREEZE_GUM,2022-02-28,0.0,0.1
West|ICE_BREEZE_GUM,2022-03-07,0.0,0.1
West|ICE_BREEZE_GUM,2022-03-14,0.0,0.1
West|ICE_BREEZE_GUM,2022-03-21,0.1508379888268156,0.1
West|ICE_BREEZE_GUM,2022-03-28,0.0,0.1
West|ICE_BREEZE_GUM,2022-04-04,0.0,0.1
West|ICE_BREEZE_GUM,2022-04-11,0.0,0.1
West|ICE_BREEZE_GUM,2022-04-18,0.1508379888268156,0.1
West|ICE_BREEZE_GUM,2022-04-25,0.0,0.1
West|ICE_BREEZE_GUM,2022-05-02,0.3519553072625699,0.1
West|ICE_BREEZE_GUM,2022-05-09,0.0,0.1
West|ICE_BREEZE_GUM,2022-05-16,0.100558659217877,0.0
West|ICE_BREEZE_GUM,2022-05-23,0.0,0.0
West|ICE_BREEZE_GUM,2022-05-30,0.2513966480446927,0.0
West|ICE_BREEZE_GUM,2022-06-06,0.2011173184357542,0.0
West|ICE_BREEZE_GUM,2022-06-13,0.0,0.0
West|ICE_BREEZE_GUM,2022-06-20,0.0,0.0
West|ICE_BREEZE_GUM,2022-06-27,0.2011173184357542,0.0
West|ICE_BREEZE_GUM,2022-07-04,0.3519553072625699,0.0
West|ICE_BREEZE_GUM,2022-07-11,0.0,0.0
West|ICE_BREEZE_GUM,2022-07-18,0.0,0.0
West|ICE_BREEZE_GUM,2022-07-25,0.0,0.0
West|ICE_BREEZE_GUM,2022-08-01,0.0,0.0
West|ICE_BREEZE_GUM,2022-08-08,0.3519553072625699,0.0
West|ICE_BREEZE_GUM,2022-08-15,0.0,0.0
West|ICE_BREEZE_GUM,2022-08-22,0.1508379888268156,0.0
West|ICE_BREEZE_GUM,2022-08-29,0.0,0.0
West|ICE_BREEZE_GUM,2022-09-05,0.0,0.0
West|ICE_BREEZE_GUM,2022-09-12,0.3016759776536313,0.0
West|ICE_BREEZE_GUM,2022-09-19,0.0,0.0
West|ICE_BREEZE_GUM,2022-09-26,0.0,0.0
West|ICE_BREEZE_GUM,2022-10-03,0.0,0.0
West|ICE_BREEZE_GUM,2022-10-10,0.0,0.0
West|ICE_BREEZE_GUM,2022-10-17,0.0,0.0
West|ICE_BREEZE_GUM,2022-10-24,0.0,0.1
West|ICE_BREEZE_GUM,2022-10-31,0.100558659217877,0.1
West|ICE_BREEZE_GUM,2022-11-07,0.0,0.0
West|ICE_BREEZE_GUM,2022-11-14,0.2011173184357542,0.0
West|ICE_BREEZE_GUM,2022-11-21,0.2011173184357542,0.0
West|ICE_BREEZE_GUM,2022-11-28,0.3016759776536313,0.0
West|ICE_BREEZE_GUM,2022-12-05,0.0,0.0
West|ICE_BREEZE_GUM,2022-12-12,0.2513966480446927,0.1
West|ICE_BREEZE_GUM,2022-12-19,0.2513966480446927,0.1
West|ICE_BREEZE_GUM,2022-12-26,0.0,0.1
West|ICE_BREEZE_GUM,2023-01-02,0.1508379888268156,0.0
West|ICE_BREEZE_GUM,2023-01-09,0.2513966480446927,0.1
West|ICE_BREEZE_GUM,2023-01-16,0.0,0.1
West|ICE_BREEZE_GUM,2023-01-23,0.0,0.1
West|ICE_BREEZE_GUM,2023-01-30,0.0,0.1
West|ICE_BREEZE_GUM,2023-02-06,0.0,0.1
West|ICE_BREEZE_GUM,2023-02-13,0.0,0.1
West|ICE_BREEZE_GUM,2023-02-20,0.0,0.1
West|ICE_BREEZE_GUM,2023-02-27,0.3016759776536313,0.1
West|ICE_BREEZE_GUM,2023-03-06,0.0,0.1
West|ICE_BREEZE_GUM,2023-03-13,0.0,0.1
West|ICE_BREEZE_GUM,2023-03-20,0.0,0.1
West|ICE_BREEZE_GUM,2023-03-27,0.1508379888268156,0.1
West|ICE_BREEZE_GUM,2023-04-03,0.0,0.1
West|ICE_BREEZE_GUM,2023-04-10,0.3519553072625699,0.1
West|ICE_BREEZE_GUM,2023-04-17,0.100558659217877,0.1
West|ICE_BREEZE_GUM,2023-04-24,0.0,0.1
West|ICE_BREEZE_GUM,2023-05-01,0.3519553072625699,0.1
West|ICE_BREEZE_GUM,2023-05-08,0.0,0.1
West|ICE_BREEZE_GUM,2023-05-15,0.0,0.1
West|ICE_BREEZE_GUM,2023-05-22,0.0,0.1
West|ICE_BREEZE_GUM,2023-05-29,0.0,0.1
West|ICE_BREEZE_GUM,2023-06-05,0.0,0.1
West|ICE_BREEZE_GUM,2023-06-12,0.0,0.1
West|ICE_BREEZE_GUM,2023-06-19,0.0,0.1
West|ICE_BREEZE_GUM,2023-06-26,0.0,0.1
West|ICE_BREEZE_GUM,2023-07-03,0.0,0.0
West|ICE_BREEZE_GUM,2023-07-10,0.0,0.0
West|ICE_BREEZE_GUM,2023-07-17,0.0,0.0
West|ICE_BREEZE_GUM,2023-07-24,0.1508379888268156,0.0
West|ICE_BREEZE_GUM,2023-07-31,0.0,0.0
West|ICE_BREEZE_GUM,2023-08-07,0.0,0.0
West|ICE_BREEZE_GUM,2023-08-14,0.0,0.0
West|ICE_BREEZE_GUM,2023-08-21,0.0,0.0
West|ICE_BREEZE_GUM,2023-08-28,0.0,0.0
West|ICE_BREEZE_GUM,2023-09-04,0.0,0.0
West|ICE_BREEZE_GUM,2023-09-11,0.3519553072625699,0.0
West|ICE_BREEZE_GUM,2023-09-18,0.100558659217877,0.0
West|ICE_BREEZE_GUM,2023-09-25,0.0,0.0
West|ICE_BREEZE_GUM,2023-10-02,0.100558659217877,0.0
West|ICE_BREEZE_GUM,2023-10-09,0.0,0.0
West|ICE_BREEZE_GUM,2023-10-16,0.0,0.0
West|ICE_BREEZE_GUM,2023-10-23,0.0,0.1
West|ICE_BREEZE_GUM,2023-10-30,0.0,0.1
West|ICE_BREEZE_GUM,2023-11-06,0.2011173184357542,0.0
West|ICE_BREEZE_GUM,2023-11-13,0.0,0.0
West|ICE_BREEZE_GUM,2023-11-20,0.0,0.0
West|ICE_BREEZE_GUM,2023-11-27,0.3519553072625699,0.1
West|ICE_BREEZE_GUM,2023-12-04,0.0,0.1
West|ICE_BREEZE_GUM,2023-12-11,0.0,0.1
West|ICE_BREEZE_GUM,2023-12-18,0.0,0.1
West|ICE_BREEZE_GUM,2023-12-25,0.0,0.1
West|JUICY_CHEWS_PEG,2021-01-04,0.0,0.0
West|JUICY_CHEWS_PEG,2021-01-11,0.0,0.0
West|JUICY_CHEWS_PEG,2021-01-18,0.0,0.0
West|JUICY_CHEWS_PEG,2021-01-25,0.3009404388714733,0.0
West|JUICY_CHEWS_PEG,2021-02-01,0.3510971786833856,0.0
West|JUICY_CHEWS_PEG,2021-02-08,0.0,0.1
West|JUICY_CHEWS_PEG,2021-02-15,0.0,0.1
West|JUICY_CHEWS_PEG,2021-02-22,0.0,0.0
West|JUICY_CHEWS_PEG,2021-03-01,0.250783699059561,0.0
West|JUICY_CHEWS_PEG,2021-03-08,0.0,0.0
West|JUICY_CHEWS_PEG,2021-03-15,0.0,0.0
West|JUICY_CHEWS_PEG,2021-03-22,0.0,0.0
West|JUICY_CHEWS_PEG,2021-03-29,0.0,0.0
West|JUICY_CHEWS_PEG,2021-04-05,0.0,0.1
West|JUICY_CHEWS_PEG,2021-04-12,0.3009404388714733,0.1
West|JUICY_CHEWS_PEG,2021-04-19,0.0,0.0
West|JUICY_CHEWS_PEG,2021-04-26,0.250783699059561,0.0
West|JUICY_CHEWS_PEG,2021-05-03,0.0,0.0
West|JUICY_CHEWS_PEG,2021-05-10,0.1003134796238244,0.0
West|JUICY_CHEWS_PEG,2021-05-17,0.0,0.0
West|JUICY_CHEWS_PEG,2021-05-24,0.1504702194357366,0.0
West|JUICY_CHEWS_PEG,2021-05-31,0.0,0.0
West|JUICY_CHEWS_PEG,2021-06-07,0.0,0.0
West|JUICY_CHEWS_PEG,2021-06-14,0.0,0.0
West|JUICY_CHEWS_PEG,2021-06-21,0.0,0.0
West|JUICY_CHEWS_PEG,2021-06-28,0.2006269592476489,0.0
West|JUICY_CHEWS_PEG,2021-07-05,0.1504702194357366,0.0
West|JUICY_CHEWS_PEG,2021-07-12,0.3510971786833856,0.0
West|JUICY_CHEWS_PEG,2021-07-19,0.0,0.0
West|JUICY_CHEWS_PEG,2021-07-26,0.0,0.0
West|JUICY_CHEWS_PEG,2021-08-02,0.3009404388714733,0.0
West|JUICY_CHEWS_PEG,2021-08-09,0.0,0.0
West|JUICY_CHEWS_PEG,2021-08-16,0.0,0.0
West|JUICY_CHEWS_PEG,2021-08-23,0.0,0.0
West|JUICY_CHEWS_PEG,2021-08-30,0.0,0.0
West|JUICY_CHEWS_PEG,2021-09-06,0.2006269592476489,0.0
West|JUICY_CHEWS_PEG,2021-09-13,0.0,0.0
West|JUICY_CHEWS_PEG,2021-09-20,0.2006269592476489,0.0
West|JUICY_CHEWS_PEG,2021-09-27,0.0,0.0
West|JUICY_CHEWS_PEG,2021-10-04,0.2006269592476489,0.0
West|JUICY_CHEWS_PEG,2021-10-11,0.0,0.0
West|JUICY_CHEWS_PEG,2021-10-18,0.0,0.1
West|JUICY_CHEWS_PEG,2021-10-25,0.0,0.1
West|JUICY_CHEWS_PEG,2021-11-01,0.3009404388714733,0.0
West|JUICY_CHEWS_PEG,2021-11-08,0.0,0.0
West|JUICY_CHEWS_PEG,2021-11-15,0.1003134796238244,0.0
West|JUICY_CHEWS_PEG,2021-11-22,0.0,0.0
West|JUICY_CHEWS_PEG,2021-11-29,0.250783699059561,0.0
West|JUICY_CHEWS_PEG,2021-12-06,0.0,0.0
West|JUICY_CHEWS_PEG,2021-12-13,0.0,0.1
West|JUICY_CHEWS_PEG,2021-12-20,0.0,0.1
West|JUICY_CHEWS_PEG,2021-12-27,0.3009404388714733,0.0
West|JUICY_CHEWS_PEG,2022-01-03,0.0,0.0
West|JUICY_CHEWS_PEG,2022-01-10,0.3510971786833856,0.0
West|JUICY_CHEWS_PEG,2022-01-17,0.0,0.0
West|JUICY_CHEWS_PEG,2022-01-24,0.0,0.0
West|JUICY_CHEWS_PEG,2022-01-31,0.0,0.0
West|JUICY_CHEWS_PEG,2022-02-07,0.0,0.1
West|JUICY_CHEWS_PEG,2022-02-14,0.0,0.1
West|JUICY_CHEWS_PEG,2022-02-21,0.1504702194357366,0.0
West|JUICY_CHEWS_PEG,2022-02-28,0.0,0.0
West|JUICY_CHEWS_PEG,2022-03-07,0.0,0.0
West|JUICY_CHEWS_PEG,2022-03-14,0.1504702194357366,0.1
West|JUICY_CHEWS_PEG,2022-03-21,0.0,0.1
West|JUICY_CHEWS_PEG,2022-03-28,0.0,0.1
West|JUICY_CHEWS_PEG,2022-04-04,0.0,0.1
West|JUICY_CHEWS_PEG,2022-04-11,0.0,0.1
West|JUICY_CHEWS_PEG,2022-04-18,0.1504702194357366,0.1
West|JUICY_CHEWS_PEG,2022-04-25,0.0,0.0
West|JUICY_CHEWS_PEG,2022-05-02,0.0,0.0
West|JUICY_CHEWS_PEG,2022-05-09,0.3009404388714733,0.0
West|JUICY_CHEWS_PEG,2022-05-16,0.3510971786833856,0.0
West|JUICY_CHEWS_PEG,2022-05-23,0.1504702194357366,0.0
West|JUICY_CHEWS_PEG,2022-05-30,0.0,0.0
West|JUICY_CHEWS_PEG,2022-06-06,0.0,0.0
West|JUICY_CHEWS_PEG,2022-06-13,0.0,0.0
West|JUICY_CHEWS_PEG,2022-06-20,0.0,0.0
West|JUICY_CHEWS_PEG,2022-06-27,0.1003134796238244,0.0
West|JUICY_CHEWS_PEG,2022-07-04,0.1504702194357366,0.0
West|JUICY_CHEWS_PEG,2022-07-11,0.1504702194357366,0.0
West|JUICY_CHEWS_PEG,2022-07-18,0.0,0.0
West|JUICY_CHEWS_PEG,2022-07-25,0.0,0.0
West|JUICY_CHEWS_PEG,2022-08-01,0.0,0.0
West|JUICY_CHEWS_PEG,2022-08-08,0.1003134796238244,0.0
West|JUICY_CHEWS_PEG,2022-08-15,0.0,0.0
West|JUICY_CHEWS_PEG,2022-08-22,0.0,0.0
West|JUICY_CHEWS_PEG,2022-08-29,0.0,0.0
West|JUICY_CHEWS_PEG,2022-09-05,0.0,0.0
West|JUICY_CHEWS_PEG,2022-09-12,0.3009404388714733,0.0
West|JUICY_CHEWS_PEG,2022-09-19,0.0,0.0
West|JUICY_CHEWS_PEG,2022-09-26,0.0,0.0
West|JUICY_CHEWS_PEG,2022-10-03,0.0,0.0
West|JUICY_CHEWS_PEG,2022-10-10,0.0,0.0
West|JUICY_CHEWS_PEG,2022-10-17,0.0,0.0
West|JUICY_CHEWS_PEG,2022-10-24,0.0,0.1
West|JUICY_CHEWS_PEG,2022-10-31,0.0,0.1
West|JUICY_CHEWS_PEG,2022-11-07,0.3009404388714733,0.0
West|JUICY_CHEWS_PEG,2022-11-14,0.0,0.0
West|JUICY_CHEWS_PEG,2022-11-21,0.0,0.0
West|JUICY_CHEWS_PEG,2022-11-28,0.0,0.0
West|JUICY_CHEWS_PEG,2022-12-05,0.0,0.0
West|JUICY_CHEWS_PEG,2022-12-12,0.0,0.1
West|JUICY_CHEWS_PEG,2022-12-19,0.3009404388714733,0.1
West|JUICY_CHEWS_PEG,2022-12-26,0.0,0.1
West|JUICY_CHEWS_PEG,2023-01-02,0.0,0.0
West|JUICY_CHEWS_PEG,2023-01-09,0.250783699059561,0.1
West|JUICY_CHEWS_PEG,2023-01-16,0.0,0.0
West|JUICY_CHEWS_PEG,2023-01-23,0.0,0.1
West|JUICY_CHEWS_PEG,2023-01-30,0.1504702194357366,0.1
West|JUICY_CHEWS_PEG,2023-02-06,0.3009404388714733,0.1
West|JUICY_CHEWS_PEG,2023-02-13,0.0,0.1
West|JUICY_CHEWS_PEG,2023-02-20,0.0,0.0
West|JUICY_CHEWS_PEG,2023-02-27,0.0,0.1
West|JUICY_CHEWS_PEG,2023-03-06,0.0,0.0
West|JUICY_CHEWS_PEG,2023-03-13,0.1003134796238244,0.1
West|JUICY_CHEWS_PEG,2023-03-20,0.0,0.1
West|JUICY_CHEWS_PEG,2023-03-27,0.3009404388714733,0.1
West|JUICY_CHEWS_PEG,2023-04-03,0.3009404388714733,0.1
West|JUICY_CHEWS_PEG,2023-04-10,0.0,0.1
West|JUICY_CHEWS_PEG,2023-04-17,0.0,0.1
West|JUICY_CHEWS_PEG,2023-04-24,0.1003134796238244,0.1
West|JUICY_CHEWS_PEG,2023-05-01,0.250783699059561,0.1
West|JUICY_CHEWS_PEG,2023-05-08,0.0,0.1
West|JUICY_CHEWS_PEG,2023-05-15,0.3510971786833856,0.1
West|JUICY_CHEWS_PEG,2023-05-22,0.0,0.0
West|JUICY_CHEWS_PEG,2023-05-29,0.1504702194357366,0.1
West|JUICY_CHEWS_PEG,2023-06-05,0.3009404388714733,0.1
West|JUICY_CHEWS_PEG,2023-06-12,0.0,0.0
West|JUICY_CHEWS_PEG,2023-06-19,0.0,0.1
West|JUICY_CHEWS_PEG,2023-06-26,0.0,0.1
West|JUICY_CHEWS_PEG,2023-07-03,0.0,0.0
West|JUICY_CHEWS_PEG,2023-07-10,0.3510971786833856,0.0
West|JUICY_CHEWS_PEG,2023-07-17,0.0,0.0
West|JUICY_CHEWS_PEG,2023-07-24,0.0,0.0
West|JUICY_CHEWS_PEG,2023-07-31,0.0,0.0
West|JUICY_CHEWS_PEG,2023-08-07,0.0,0.0
West|JUICY_CHEWS_PEG,2023-08-14,0.0,0.0
West|JUICY_CHEWS_PEG,2023-08-21,0.0,0.0
West|JUICY_CHEWS_PEG,2023-08-28,0.0,0.0
West|JUICY_CHEWS_PEG,2023-09-04,0.0,0.0
West|JUICY_CHEWS_PEG,2023-09-11,0.0,0.0
West|JUICY_CHEWS_PEG,2023-09-18,0.0,0.0
West|JUICY_CHEWS_PEG,2023-09-25,0.1504702194357366,0.0
West|JUICY_CHEWS_PEG,2023-10-02,0.0,0.0
West|JUICY_CHEWS_PEG,2023-10-09,0.0,0.0
West|JUICY_CHEWS_PEG,2023-10-16,0.0,0.0
West|JUICY_CHEWS_PEG,2023-10-23,0.0,0.1
West|JUICY_CHEWS_PEG,2023-10-30,0.0,0.1
West|JUICY_CHEWS_PEG,2023-11-06,0.0,0.0
West|JUICY_CHEWS_PEG,2023-11-13,0.1504702194357366,0.1
West|JUICY_CHEWS_PEG,2023-11-20,0.0,0.0
West|JUICY_CHEWS_PEG,2023-11-27,0.0,0.0
West|JUICY_CHEWS_PEG,2023-12-04,0.0,0.0
West|JUICY_CHEWS_PEG,2023-12-11,0.0,0.1
West|JUICY_CHEWS_PEG,2023-12-18,0.0,0.1
West|JUICY_CHEWS_PEG,2023-12-25,0.3009404388714733,0.1
West|NUTTY_CARAMEL_SINGLE,2021-01-04,0.0,0.0
West|NUTTY_CARAMEL_SINGLE,2021-01-11,0.3488372093023256,0.0
West|NUTTY_CARAMEL_SINGLE,2021-01-18,0.0,0.0
West|NUTTY_CARAMEL_SINGLE,2021-01-25,0.0,0.0
West|NUTTY_CARAMEL_SINGLE,2021-02-01,0.248062015503876,0.0
West|NUTTY_CARAMEL_SINGLE,2021-02-08,0.0,0.1
West|NUTTY_CARAMEL_SINGLE,2021-02-15,0.0,0.1
West|NUTTY_CARAMEL_SINGLE,2021-02-22,0.3023255813953488,0.0
West|NUTTY_CARAMEL_SINGLE,2021-03-01,0.0,0.0
West|NUTTY_CARAMEL_SINGLE,2021-03-08,0.0,0.0
West|NUTTY_CARAMEL_SINGLE,2021-03-15,0.0,0.0
West|NUTTY_CARAMEL_SINGLE,2021-03-22,0.0,0.0
West|NUTTY_CARAMEL_SINGLE,2021-03-29,0.0,0.0
West|NUTTY_CARAMEL_SINGLE,2021-04-05,0.0,0.1
West|NUTTY_CARAMEL_SINGLE,2021-04-12,0.0,0.1
West|NUTTY_CARAMEL_SINGLE,2021-04-19,0.0,0.0
West|NUTTY_CARAMEL_SINGLE,2021-04-26,0.0,0.0
West|NUTTY_CARAMEL_SINGLE,2021-05-03,0.3023255813953488,0.0
West|NUTTY_CARAMEL_SINGLE,2021-05-10,0.0,0.0
West|NUTTY_CARAMEL_SINGLE,2021-05-17,0.0,0.0
West|NUTTY_CARAMEL_SINGLE,2021-05-24,0.0,0.0
West|NUTTY_CARAMEL_SINGLE,2021-05-31,0.0,0.0
West|NUTTY_CARAMEL_SINGLE,2021-06-07,0.0,0.0
West|NUTTY_CARAMEL_SINGLE,2021-06-14,0.2015503875968992,0.0
West|NUTTY_CARAMEL_SINGLE,2021-06-21,0.2015503875968992,0.0
West|NUTTY_CARAMEL_SINGLE,2021-06-28,0.0,0.0
West|NUTTY_CARAMEL_SINGLE,2021-07-05,0.0,0.0
West|NUTTY_CARAMEL_SINGLE,2021-07-12,0.0,0.0
West|NUTTY_CARAMEL_SINGLE,2021-07-19,0.3023255813953488,0.0
West|NUTTY_CARAMEL_SINGLE,2021-07-26,0.3023255813953488,0.0
West|NUTTY_CARAMEL_SINGLE,2021-08-02,0.0,0.0
West|NUTTY_CARAMEL_SINGLE,2021-08-09,0.0,0.0
West|NUTTY_CARAMEL_SINGLE,2021-08-16,0.0,0.0
West|NUTTY_CARAMEL_SINGLE,2021-08-23,0.3023255813953488,0.0
West|NUTTY_CARAMEL_SINGLE,2021-08-30,0.0,0.0
West|NUTTY_CARAMEL_SINGLE,2021-09-06,0.0,0.0
West|NUTTY_CARAMEL_SINGLE,2021-09-13,0.248062015503876,0.0
West|NUTTY_CARAMEL_SINGLE,2021-09-20,0.3488372093023256,0.0
West|NUTTY_CARAMEL_SINGLE,2021-09-27,0.0,0.0
West|NUTTY_CARAMEL_SINGLE,2021-10-04,0.0,0.0
West|NUTTY_CARAMEL_SINGLE,2021-10-11,0.1007751937984497,0.0
West|NUTTY_CARAMEL_SINGLE,2021-10-18,0.1007751937984497,0.1
West|NUTTY_CARAMEL_SINGLE,2021-10-25,0.0,0.1
West|NUTTY_CARAMEL_SINGLE,2021-11-01,0.0,0.0
West|NUTTY_CARAMEL_SINGLE,2021-11-08,0.0,0.0
West|NUTTY_CARAMEL_SINGLE,2021-11-15,0.0,0.0
West|NUTTY_CARAMEL_SINGLE,2021-11-22,0.0,0.1
West|NUTTY_CARAMEL_SINGLE,2021-11-29,0.0,0.1
West|NUTTY_CARAMEL_SINGLE,2021-12-06,0.248062015503876,0.0
West|NUTTY_CARAMEL_SINGLE,2021-12-13,0.0,0.1
West|NUTTY_CARAMEL_SINGLE,2021-12-20,0.3023255813953488,0.1
West|NUTTY_CARAMEL_SINGLE,2021-12-27,0.0,0.1
West|NUTTY_CARAMEL_SINGLE,2022-01-03,0.1472868217054263,0.0
West|NUTTY_CARAMEL_SINGLE,2022-01-10,0.0,0.0
West|NUTTY_CARAMEL_SINGLE,2022-01-17,0.0,0.1
West|NUTTY_CARAMEL_SINGLE,2022-01-24,0.0,0.0
West|NUTTY_CARAMEL_SINGLE,2022-01-31,0.3488372093023256,0.0
West|NUTTY_CARAMEL_SINGLE,2022-02-07,0.3488372093023256,0.1
West|NUTTY_CARAMEL_SINGLE,2022-02-14,0.0,0.1
West|NUTTY_CARAMEL_SINGLE,2022-02-21,0.0,0.0
West|NUTTY_CARAMEL_SINGLE,2022-02-28,0.0,0.0
West|NUTTY_CARAMEL_SINGLE,2022-03-07,0.3488372093023256,0.0
West|NUTTY_CARAMEL_SINGLE,2022-03-14,0.0,0.0
West|NUTTY_CARAMEL_SINGLE,2022-03-21,0.0,0.0
West|NUTTY_CARAMEL_SINGLE,2022-03-28,0.0,0.0
West|NUTTY_CARAMEL_SINGLE,2022-04-04,0.0,0.1
West|NUTTY_CARAMEL_SINGLE,2022-04-11,0.0,0.1
West|NUTTY_CARAMEL_SINGLE,2022-04-18,0.0,0.1
West|NUTTY_CARAMEL_SINGLE,2022-04-25,0.0,0.0
West|NUTTY_CARAMEL_SINGLE,2022-05-02,0.0,0.0
West|NUTTY_CARAMEL_SINGLE,2022-05-09,0.0,0.0
West|NUTTY_CARAMEL_SINGLE,2022-05-16,0.3023255813953488,0.0
West|NUTTY_CARAMEL_SINGLE,2022-05-23,0.0,0.0
West|NUTTY_CARAMEL_SINGLE,2022-05-30,0.0,0.0
West|NUTTY_CARAMEL_SINGLE,2022-06-06,0.248062015503876,0.0
West|NUTTY_CARAMEL_SINGLE,2022-06-13,0.2015503875968992,0.0
West|NUTTY_CARAMEL_SINGLE,2022-06-20,0.0,0.0
West|NUTTY_CARAMEL_SINGLE,2022-06-27,0.1007751937984497,0.0
West|NUTTY_CARAMEL_SINGLE,2022-07-04,0.0,0.0
West|NUTTY_CARAMEL_SINGLE,2022-07-11,0.0,0.0
West|NUTTY_CARAMEL_SINGLE,2022-07-18,0.0,0.0
West|NUTTY_CARAMEL_SINGLE,2022-07-25,0.0,0.0
West|NUTTY_CARAMEL_SINGLE,2022-08-01,0.0,0.0
West|NUTTY_CARAMEL_SINGLE,2022-08-08,0.0,0.0
West|NUTTY_CARAMEL_SINGLE,2022-08-15,0.0,0.0
West|NUTTY_CARAMEL_SINGLE,2022-08-22,0.1472868217054263,0.0
West|NUTTY_CARAMEL_SINGLE,2022-08-29,0.3023255813953488,0.0
West|NUTTY_CARAMEL_SINGLE,2022-09-05,0.1472868217054263,0.0
West|NUTTY_CARAMEL_SINGLE,2022-09-12,0.2015503875968992,0.0
West|NUTTY_CARAMEL_SINGLE,2022-09-19,0.2015503875968992,0.0
West|NUTTY_CARAMEL_SINGLE,2022-09-26,0.0,0.0
West|NUTTY_CARAMEL_SINGLE,2022-10-03,0.3023255813953488,0.0
West|NUTTY_CARAMEL_SINGLE,2022-10-10,0.0,0.0
West|NUTTY_CARAMEL_SINGLE,2022-10-17,0.0,0.0
West|NUTTY_CARAMEL_SINGLE,2022-10-24,0.1007751937984497,0.1
West|NUTTY_CARAMEL_SINGLE,2022-10-31,0.248062015503876,0.1
West|NUTTY_CARAMEL_SINGLE,2022-11-07,0.0,0.1
West|NUTTY_CARAMEL_SINGLE,2022-11-14,0.0,0.0
West|NUTTY_CARAMEL_SINGLE,2022-11-21,0.248062015503876,0.1
West|NUTTY_CARAMEL_SINGLE,2022-11-28,0.0,0.1
West|NUTTY_CARAMEL_SINGLE,2022-12-05,0.0,0.0
West|NUTTY_CARAMEL_SINGLE,2022-12-12,0.0,0.1
West|NUTTY_CARAMEL_SINGLE,2022-12-19,0.0,0.1
West|NUTTY_CARAMEL_SINGLE,2022-12-26,0.3023255813953488,0.1
West|NUTTY_CARAMEL_SINGLE,2023-01-02,0.1007751937984497,0.1
West|NUTTY_CARAMEL_SINGLE,2023-01-09,0.0,0.1
West|NUTTY_CARAMEL_SINGLE,2023-01-16,0.0,0.1
West|NUTTY_CARAMEL_SINGLE,2023-01-23,0.0,0.0
West|NUTTY_CARAMEL_SINGLE,2023-01-30,0.2015503875968992,0.1
West|NUTTY_CARAMEL_SINGLE,2023-02-06,0.0,0.1
West|NUTTY_CARAMEL_SINGLE,2023-02-13,0.0,0.1
West|NUTTY_CARAMEL_SINGLE,2023-02-20,0.0,0.1
West|NUTTY_CARAMEL_SINGLE,2023-02-27,0.1472868217054263,0.1
West|NUTTY_CARAMEL_SINGLE,2023-03-06,0.0,0.1
West|NUTTY_CARAMEL_SINGLE,2023-03-13,0.3488372093023256,0.0
West|NUTTY_CARAMEL_SINGLE,2023-03-20,0.0,0.0
West|NUTTY_CARAMEL_SINGLE,2023-03-27,0.1007751937984497,0.0
West|NUTTY_CARAMEL_SINGLE,2023-04-03,0.0,0.1
West|NUTTY_CARAMEL_SINGLE,2023-04-10,0.0,0.1
West|NUTTY_CARAMEL_SINGLE,2023-04-17,0.0,0.1
West|NUTTY_CARAMEL_SINGLE,2023-04-24,0.0,0.0
West|NUTTY_CARAMEL_SINGLE,2023-05-01,0.0,0.0
West|NUTTY_CARAMEL_SINGLE,2023-05-08,0.0,0.0
West|NUTTY_CARAMEL_SINGLE,2023-05-15,0.0,0.0
West|NUTTY_CARAMEL_SINGLE,2023-05-22,0.0,0.0
West|NUTTY_CARAMEL_SINGLE,2023-05-29,0.0,0.0
West|NUTTY_CARAMEL_SINGLE,2023-06-05,0.0,0.0
West|NUTTY_CARAMEL_SINGLE,2023-06-12,0.0,0.0
West|NUTTY_CARAMEL_SINGLE,2023-06-19,0.0,0.0
West|NUTTY_CARAMEL_SINGLE,2023-06-26,0.1472868217054263,0.0
West|NUTTY_CARAMEL_SINGLE,2023-07-03,0.1472868217054263,0.0
West|NUTTY_CARAMEL_SINGLE,2023-07-10,0.0,0.0
West|NUTTY_CARAMEL_SINGLE,2023-07-17,0.3488372093023256,0.0
West|NUTTY_CARAMEL_SINGLE,2023-07-24,0.0,0.0
West|NUTTY_CARAMEL_SINGLE,2023-07-31,0.3488372093023256,0.0
West|NUTTY_CARAMEL_SINGLE,2023-08-07,0.0,0.0
West|NUTTY_CARAMEL_SINGLE,2023-08-14,0.0,0.0
West|NUTTY_CARAMEL_SINGLE,2023-08-21,0.2015503875968992,0.0
West|NUTTY_CARAMEL_SINGLE,2023-08-28,0.0,0.0
West|NUTTY_CARAMEL_SINGLE,2023-09-04,0.0,0.0
West|NUTTY_CARAMEL_SINGLE,2023-09-11,0.248062015503876,0.0
West|NUTTY_CARAMEL_SINGLE,2023-09-18,0.0,0.0
West|NUTTY_CARAMEL_SINGLE,2023-09-25,0.0,0.0
West|NUTTY_CARAMEL_SINGLE,2023-10-02,0.0,0.0
West|NUTTY_CARAMEL_SINGLE,2023-10-09,0.1472868217054263,0.1
West|NUTTY_CARAMEL_SINGLE,2023-10-16,0.0,0.0
West|NUTTY_CARAMEL_SINGLE,2023-10-23,0.0,0.1
West|NUTTY_CARAMEL_SINGLE,2023-10-30,0.2015503875968992,0.1
West|NUTTY_CARAMEL_SINGLE,2023-11-06,0.0,0.1
West|NUTTY_CARAMEL_SINGLE,2023-11-13,0.0,0.1
West|NUTTY_CARAMEL_SINGLE,2023-11-20,0.0,0.1
West|NUTTY_CARAMEL_SINGLE,2023-11-27,0.0,0.1
West|NUTTY_CARAMEL_SINGLE,2023-12-04,0.1007751937984497,0.1
West|NUTTY_CARAMEL_SINGLE,2023-12-11,0.0,0.1
West|NUTTY_CARAMEL_SINGLE,2023-12-18,0.1007751937984497,0.1
West|NUTTY_CARAMEL_SINGLE,2023-12-25,0.0,0.1
West|TOFFEE_BISCUIT_SINGLE,2021-01-04,0.0,0.0
West|TOFFEE_BISCUIT_SINGLE,2021-01-11,0.0,0.0
West|TOFFEE_BISCUIT_SINGLE,2021-01-18,0.0,0.0
West|TOFFEE_BISCUIT_SINGLE,2021-01-25,0.0,0.0
West|TOFFEE_BISCUIT_SINGLE,2021-02-01,0.0,0.0
West|TOFFEE_BISCUIT_SINGLE,2021-02-08,0.0,0.1
West|TOFFEE_BISCUIT_SINGLE,2021-02-15,0.2015503875968992,0.1
West|TOFFEE_BISCUIT_SINGLE,2021-02-22,0.0,0.0
West|TOFFEE_BISCUIT_SINGLE,2021-03-01,0.0,0.0
West|TOFFEE_BISCUIT_SINGLE,2021-03-08,0.0,0.0
West|TOFFEE_BISCUIT_SINGLE,2021-03-15,0.1472868217054263,0.0
West|TOFFEE_BISCUIT_SINGLE,2021-03-22,0.0,0.0
West|TOFFEE_BISCUIT_SINGLE,2021-03-29,0.0,0.0
West|TOFFEE_BISCUIT_SINGLE,2021-04-05,0.0,0.0
West|TOFFEE_BISCUIT_SINGLE,2021-04-12,0.1007751937984497,0.1
West|TOFFEE_BISCUIT_SINGLE,2021-04-19,0.0,0.0
West|TOFFEE_BISCUIT_SINGLE,2021-04-26,0.0,0.0
West|TOFFEE_BISCUIT_SINGLE,2021-05-03,0.0,0.0
West|TOFFEE_BISCUIT_SINGLE,2021-05-10,0.0,0.0
West|TOFFEE_BISCUIT_SINGLE,2021-05-17,0.0,0.0
West|TOFFEE_BISCUIT_SINGLE,2021-05-24,0.0,0.0
West|TOFFEE_BISCUIT_SINGLE,2021-05-31,0.0,0.0
West|TOFFEE_BISCUIT_SINGLE,2021-06-07,0.0,0.0
West|TOFFEE_BISCUIT_SINGLE,2021-06-14,0.0,0.0
West|TOFFEE_BISCUIT_SINGLE,2021-06-21,0.0,0.0
West|TOFFEE_BISCUIT_SINGLE,2021-06-28,0.3023255813953488,0.0
West|TOFFEE_BISCUIT_SINGLE,2021-07-05,0.0,0.0
West|TOFFEE_BISCUIT_SINGLE,2021-07-12,0.0,0.0
West|TOFFEE_BISCUIT_SINGLE,2021-07-19,0.0,0.0
West|TOFFEE_BISCUIT_SINGLE,2021-07-26,0.0,0.0
West|TOFFEE_BISCUIT_SINGLE,2021-08-02,0.3023255813953488,0.0
West|TOFFEE_BISCUIT_SINGLE,2021-08-09,0.0,0.0
West|TOFFEE_BISCUIT_SINGLE,2021-08-16,0.0,0.0
West|TOFFEE_BISCUIT_SINGLE,2021-08-23,0.3023255813953488,0.0
West|TOFFEE_BISCUIT_SINGLE,2021-08-30,0.0,0.0
West|TOFFEE_BISCUIT_SINGLE,2021-09-06,0.0,0.0
West|TOFFEE_BISCUIT_SINGLE,2021-09-13,0.0,0.0
West|TOFFEE_BISCUIT_SINGLE,2021-09-20,0.248062015503876,0.0
West|TOFFEE_BISCUIT_SINGLE,2021-09-27,0.0,0.0
West|TOFFEE_BISCUIT_SINGLE,2021-10-04,0.0,0.0
West|TOFFEE_BISCUIT_SINGLE,2021-10-11,0.0,0.0
West|TOFFEE_BISCUIT_SINGLE,2021-10-18,0.0,0.1
West|TOFFEE_BISCUIT_SINGLE,2021-10-25,0.0,0.1
West|TOFFEE_BISCUIT_SINGLE,2021-11-01,0.0,0.0
West|TOFFEE_BISCUIT_SINGLE,2021-11-08,0.1472868217054263,0.0
West|TOFFEE_BISCUIT_SINGLE,2021-11-15,0.0,0.0
West|TOFFEE_BISCUIT_SINGLE,2021-11-22,0.0,0.0
West|TOFFEE_BISCUIT_SINGLE,2021-11-29,0.0,0.0
West|TOFFEE_BISCUIT_SINGLE,2021-12-06,0.0,0.0
West|TOFFEE_BISCUIT_SINGLE,2021-12-13,0.0,0.1
West|TOFFEE_BISCUIT_SINGLE,2021-12-20,0.1007751937984497,0.1
West|TOFFEE_BISCUIT_SINGLE,2021-12-27,0.0,0.1
West|TOFFEE_BISCUIT_SINGLE,2022-01-03,0.2015503875968992,0.0
West|TOFFEE_BISCUIT_SINGLE,2022-01-10,0.248062015503876,0.1
West|TOFFEE_BISCUIT_SINGLE,2022-01-17,0.0,0.1
West|TOFFEE_BISCUIT_SINGLE,2022-01-24,0.248062015503876,0.1
West|TOFFEE_BISCUIT_SINGLE,2022-01-31,0.0,0.0
West|TOFFEE_BISCUIT_SINGLE,2022-02-07,0.0,0.0
West|TOFFEE_BISCUIT_SINGLE,2022-02-14,0.0,0.1
West|TOFFEE_BISCUIT_SINGLE,2022-02-21,0.3488372093023256,0.0
West|TOFFEE_BISCUIT_SINGLE,2022-02-28,0.0,0.0
West|TOFFEE_BISCUIT_SINGLE,2022-03-07,0.2015503875968992,0.0
West|TOFFEE_BISCUIT_SINGLE,2022-03-14,0.3488372093023256,0.0
West|TOFFEE_BISCUIT_SINGLE,2022-03-21,0.3488372093023256,0.0
West|TOFFEE_BISCUIT_SINGLE,2022-03-28,0.0,0.0
West|TOFFEE_BISCUIT_SINGLE,2022-04-04,0.0,0.1
West|TOFFEE_BISCUIT_SINGLE,2022-04-11,0.0,0.1
West|TOFFEE_BISCUIT_SINGLE,2022-04-18,0.0,0.1
West|TOFFEE_BISCUIT_SINGLE,2022-04-25,0.0,0.0
West|TOFFEE_BISCUIT_SINGLE,2022-05-02,0.0,0.0
West|TOFFEE_BISCUIT_SINGLE,2022-05-09,0.3023255813953488,0.0
West|TOFFEE_BISCUIT_SINGLE,2022-05-16,0.0,0.0
West|TOFFEE_BISCUIT_SINGLE,2022-05-23,0.0,0.0
West|TOFFEE_BISCUIT_SINGLE,2022-05-30,0.0,0.0
West|TOFFEE_BISCUIT_SINGLE,2022-06-06,0.0,0.0
West|TOFFEE_BISCUIT_SINGLE,2022-06-13,0.0,0.0
West|TOFFEE_BISCUIT_SINGLE,2022-06-20,0.0,0.0
West|TOFFEE_BISCUIT_SINGLE,2022-06-27,0.1472868217054263,0.0
West|TOFFEE_BISCUIT_SINGLE,2022-07-04,0.248062015503876,0.0
West|TOFFEE_BISCUIT_SINGLE,2022-07-11,0.0,0.0
West|TOFFEE_BISCUIT_SINGLE,2022-07-18,0.0,0.0
West|TOFFEE_BISCUIT_SINGLE,2022-07-25,0.248062015503876,0.0
West|TOFFEE_BISCUIT_SINGLE,2022-08-01,0.3023255813953488,0.0
West|TOFFEE_BISCUIT_SINGLE,2022-08-08,0.0,0.0
West|TOFFEE_BISCUIT_SINGLE,2022-08-15,0.0,0.0
West|TOFFEE_BISCUIT_SINGLE,2022-08-22,0.0,0.0
West|TOFFEE_BISCUIT_SINGLE,2022-08-29,0.0,0.0
West|TOFFEE_BISCUIT_SINGLE,2022-09-05,0.0,0.0
West|TOFFEE_BISCUIT_SINGLE,2022-09-12,0.0,0.0
West|TOFFEE_BISCUIT_SINGLE,2022-09-19,0.0,0.0
West|TOFFEE_BISCUIT_SINGLE,2022-09-26,0.0,0.0
West|TOFFEE_BISCUIT_SINGLE,2022-10-03,0.0,0.0
West|TOFFEE_BISCUIT_SINGLE,2022-10-10,0.0,0.0
West|TOFFEE_BISCUIT_SINGLE,2022-10-17,0.3023255813953488,0.0
West|TOFFEE_BISCUIT_SINGLE,2022-10-24,0.0,0.1
West|TOFFEE_BISCUIT_SINGLE,2022-10-31,0.2015503875968992,0.1
West|TOFFEE_BISCUIT_SINGLE,2022-11-07,0.0,0.0
West|TOFFEE_BISCUIT_SINGLE,2022-11-14,0.1472868217054263,0.1
West|TOFFEE_BISCUIT_SINGLE,2022-11-21,0.0,0.0
West|TOFFEE_BISCUIT_SINGLE,2022-11-28,0.0,0.1
West|TOFFEE_BISCUIT_SINGLE,2022-12-05,0.2015503875968992,0.1
West|TOFFEE_BISCUIT_SINGLE,2022-12-12,0.0,0.1
West|TOFFEE_BISCUIT_SINGLE,2022-12-19,0.1472868217054263,0.1
West|TOFFEE_BISCUIT_SINGLE,2022-12-26,0.0,0.1
West|TOFFEE_BISCUIT_SINGLE,2023-01-02,0.0,0.1
West|TOFFEE_BISCUIT_SINGLE,2023-01-09,0.0,0.1
West|TOFFEE_BISCUIT_SINGLE,2023-01-16,0.0,0.0
West|TOFFEE_BISCUIT_SINGLE,2023-01-23,0.3023255813953488,0.1
West|TOFFEE_BISCUIT_SINGLE,2023-01-30,0.0,0.0
West|TOFFEE_BISCUIT_SINGLE,2023-02-06,0.0,0.1
West|TOFFEE_BISCUIT_SINGLE,2023-02-13,0.0,0.1
West|TOFFEE_BISCUIT_SINGLE,2023-02-20,0.0,0.0
West|TOFFEE_BISCUIT_SINGLE,2023-02-27,0.0,0.0
West|TOFFEE_BISCUIT_SINGLE,2023-03-06,0.0,0.0
West|TOFFEE_BISCUIT_SINGLE,2023-03-13,0.0,0.0
West|TOFFEE_BISCUIT_SINGLE,2023-03-20,0.0,0.0
West|TOFFEE_BISCUIT_SINGLE,2023-03-27,0.3023255813953488,0.0
West|TOFFEE_BISCUIT_SINGLE,2023-04-03,0.0,0.1
West|TOFFEE_BISCUIT_SINGLE,2023-04-10,0.248062015503876,0.1
West|TOFFEE_BISCUIT_SINGLE,2023-04-17,0.0,0.1
West|TOFFEE_BISCUIT_SINGLE,2023-04-24,0.1007751937984497,0.0
West|TOFFEE_BISCUIT_SINGLE,2023-05-01,0.0,0.0
West|TOFFEE_BISCUIT_SINGLE,2023-05-08,0.0,0.0
West|TOFFEE_BISCUIT_SINGLE,2023-05-15,0.3488372093023256,0.0
West|TOFFEE_BISCUIT_SINGLE,2023-05-22,0.0,0.0
West|TOFFEE_BISCUIT_SINGLE,2023-05-29,0.0,0.0
West|TOFFEE_BISCUIT_SINGLE,2023-06-05,0.0,0.0
West|TOFFEE_BISCUIT_SINGLE,2023-06-12,0.3488372093023256,0.0
West|TOFFEE_BISCUIT_SINGLE,2023-06-19,0.0,0.0
West|TOFFEE_BISCUIT_SINGLE,2023-06-26,0.0,0.0
West|TOFFEE_BISCUIT_SINGLE,2023-07-03,0.0,0.0
West|TOFFEE_BISCUIT_SINGLE,2023-07-10,0.0,0.0
West|TOFFEE_BISCUIT_SINGLE,2023-07-17,0.0,0.0
West|TOFFEE_BISCUIT_SINGLE,2023-07-24,0.0,0.0
West|TOFFEE_BISCUIT_SINGLE,2023-07-31,0.248062015503876,0.0
West|TOFFEE_BISCUIT_SINGLE,2023-08-07,0.0,0.0
West|TOFFEE_BISCUIT_SINGLE,2023-08-14,0.0,0.0
West|TOFFEE_BISCUIT_SINGLE,2023-08-21,0.248062015503876,0.0
West|TOFFEE_BISCUIT_SINGLE,2023-08-28,0.0,0.0
West|TOFFEE_BISCUIT_SINGLE,2023-09-04,0.1007751937984497,0.0
West|TOFFEE_BISCUIT_SINGLE,2023-09-11,0.3023255813953488,0.0
West|TOFFEE_BISCUIT_SINGLE,2023-09-18,0.0,0.0
West|TOFFEE_BISCUIT_SINGLE,2023-09-25,0.0,0.0
West|TOFFEE_BISCUIT_SINGLE,2023-10-02,0.0,0.0
West|TOFFEE_BISCUIT_SINGLE,2023-10-09,0.0,0.0
West|TOFFEE_BISCUIT_SINGLE,2023-10-16,0.0,0.0
West|TOFFEE_BISCUIT_SINGLE,2023-10-23,0.0,0.1
West|TOFFEE_BISCUIT_SINGLE,2023-10-30,0.0,0.1
West|TOFFEE_BISCUIT_SINGLE,2023-11-06,0.0,0.0
West|TOFFEE_BISCUIT_SINGLE,2023-11-13,0.0,0.1
West|TOFFEE_BISCUIT_SINGLE,2023-11-20,0.0,0.0
West|TOFFEE_BISCUIT_SINGLE,2023-11-27,0.1472868217054263,0.1
West|TOFFEE_BISCUIT_SINGLE,2023-12-04,0.2015503875968992,0.0
West|TOFFEE_BISCUIT_SINGLE,2023-12-11,0.0,0.1
West|TOFFEE_BISCUIT_SINGLE,2023-12-18,0.0,0.1
West|TOFFEE_BISCUIT_SINGLE,2023-12-25,0.0,0.1
